id_incident,localisation,type_zone,latitude,longitude,saison,temperature_moy,humidite_pct,vitesse_vent_kmh,nb_jours_pluie_mois,type_equipement,age_equipement_mois,nb_interventions_precedentes,derniere_maintenance_jours,type_panne,severite_panne,nb_clients_affectes,duree_panne_heures,nb_tickets_ouverts,nb_tickets_resolus,taux_resolution_pct,debit_obs_mbps,signal_obs_dbm,latence_obs_ms,taux_perte_paquets_pct,disponibilite_reseau_pct,score_satisfaction,nb_plaintes_client,sla_respecte,cout_intervention_fcfa,nb_techniciens_maint,duree_intervention_heures,type_intervention
INC-00001,Moundou,Urbaine_Dense,7.9329,16.3619,Saison_Pluies,29.4,87.7,58.8,12,Antenne_AirPON,107,10,158,Rupture_Cable,Moyenne,452,52.2,27,25,92.6,527.59,-31.32,54.5,10.87,68.33,9.5,44,1,1844951.0,7,2.4,Urgente
INC-00002,Doba,Péri_Urbaine,14.361,22.9699,Intersaison,35.6,36.5,41.4,3,OLT,59,5,256,Corrosion,Faible,127,47.19,17,12,70.6,367.06,-21.79,185.34,24.36,82.93,5.7,6,0,869226.0,4,7.0,Corrective
INC-00003,Moundou,Rurale,9.5966,22.1614,Intersaison,32.6,64.0,43.3,6,Splitter,19,18,201,Perte_Signal,Moyenne,234,0.59,0,0,100.0,561.57,-6.1,100.97,22.63,61.74,6.0,23,0,2333853.0,5,21.3,Urgente
INC-00004,N'Djamena_Nord,Urbaine_Dense,8.8536,13.6655,Saison_Pluies,33.8,76.9,1.0,24,Boitier_Etanche,96,5,142,Rupture_Cable,Élevée,138,39.4,33,25,75.8,188.48,-3.87,20.03,39.97,64.0,2.2,87,1,2345500.0,6,15.6,Urgente
INC-00005,Moundou,Péri_Urbaine,7.7583,15.047,Saison_Seche,36.7,34.6,4.8,2,Cable_Fibre,38,10,262,Defaut_Connecteur,Moyenne,337,0.53,1,0,0.0,990.24,-5.9,33.27,17.59,98.76,5.5,97,1,700324.0,2,18.6,Corrective
INC-00006,Sarh,Urbaine_Moyenne,14.1726,20.5878,Saison_Seche,46.6,16.6,41.3,2,Antenne_AirPON,115,16,244,Perte_Signal,Élevée,402,26.16,4,3,75.0,716.75,-2.01,34.63,14.82,64.07,9.0,75,1,661373.0,5,10.3,Urgente
INC-00007,Sarh,Urbaine_Moyenne,7.9809,16.8328,Saison_Seche,38.8,26.5,6.6,1,Boitier_Etanche,104,0,357,Obstruction_Physique,Critique,174,71.33,6,3,50.0,218.74,-2.51,61.43,26.0,90.3,6.6,23,0,2150492.0,4,14.5,Urgente
INC-00008,Moundou,Urbaine_Dense,15.1354,23.151,Saison_Seche,38.2,13.3,53.7,2,Splitter,21,13,293,Defaut_Connecteur,Moyenne,68,29.49,17,10,58.8,719.97,-28.62,74.96,23.52,87.85,6.9,58,1,781687.0,5,14.4,Corrective
INC-00009,N'Djamena_Sud,Urbaine_Moyenne,12.0187,21.7583,Intersaison,38.3,60.9,37.3,8,Cable_Fibre,114,5,357,Surtension,Moyenne,199,64.29,21,10,47.6,258.23,-33.49,93.41,40.08,90.11,3.3,25,1,2295863.0,6,13.4,Préventive
INC-00010,N'Djamena_Nord,Urbaine_Dense,13.0895,22.6879,Intersaison,29.9,47.8,4.3,5,Boitier_Etanche,37,3,97,Rupture_Cable,Faible,474,1.15,28,24,85.7,611.89,-29.61,116.47,39.78,82.78,3.9,63,1,1661083.0,1,8.8,Corrective
INC-00011,N'Djamena_Nord,Urbaine_Moyenne,13.3025,15.5251,Saison_Seche,39.2,12.3,36.8,1,OLT,87,2,335,Rupture_Cable,Moyenne,177,51.82,46,32,69.6,113.8,-19.34,157.65,29.04,81.91,1.8,71,0,2413371.0,1,3.6,Préventive
INC-00012,Sarh,Rurale,9.8415,15.0824,Intersaison,34.1,51.2,48.2,6,Antenne_AirPON,57,5,93,Corrosion,Faible,233,32.9,27,13,48.1,266.39,-5.22,54.12,49.03,83.04,9.0,43,1,2046391.0,9,18.1,Urgente
INC-00013,N'Djamena_Sud,Péri_Urbaine,13.9517,23.2853,Intersaison,31.1,60.4,48.1,9,ONT,47,3,2,Corrosion,Moyenne,397,39.38,38,35,92.1,212.27,-16.88,67.91,41.9,61.14,8.4,32,0,2107285.0,1,6.5,Urgente
INC-00014,N'Djamena_Sud,Rurale,15.0699,17.744,Intersaison,32.0,45.8,24.1,3,ONT,81,5,160,Degradation_Lente,Faible,258,71.47,20,12,60.0,23.79,-3.51,154.09,12.93,89.52,9.8,1,1,218371.0,1,20.0,Corrective
INC-00015,N'Djamena_Sud,Urbaine_Moyenne,10.4588,17.865,Saison_Seche,38.2,26.7,27.6,2,Connecteur,31,18,203,Defaut_Connecteur,Moyenne,387,21.98,13,7,53.8,947.57,-32.62,114.68,2.96,74.72,6.8,38,1,1259336.0,8,7.1,Corrective
INC-00016,Abéché,Urbaine_Dense,14.1828,20.688,Saison_Seche,42.6,13.1,44.2,0,ONT,107,8,25,Obstruction_Physique,Faible,288,62.06,24,15,62.5,114.25,-2.27,144.38,30.97,90.01,8.8,13,0,1030568.0,6,2.4,Urgente
INC-00017,Doba,Urbaine_Dense,13.6763,17.6732,Saison_Pluies,33.5,87.5,52.4,19,Cable_Fibre,38,9,65,Corrosion,Élevée,423,65.95,0,0,100.0,707.66,-4.11,134.02,10.69,96.78,4.9,46,1,1960405.0,8,8.3,Urgente
INC-00018,Abéché,Urbaine_Dense,12.2168,22.6895,Saison_Seche,42.8,33.2,47.6,2,ONT,3,12,274,Perte_Signal,Faible,36,21.43,20,15,75.0,619.41,-11.29,37.42,32.51,67.4,3.5,95,0,823349.0,2,14.4,Corrective
INC-00019,Moundou,Urbaine_Moyenne,10.4409,23.5703,Saison_Pluies,31.9,94.3,35.8,18,Boitier_Etanche,99,15,323,Panne_OLT,Critique,97,3.42,31,25,80.6,361.84,-27.63,117.41,7.97,70.61,1.2,49,1,1700538.0,2,20.3,Urgente
INC-00020,Doba,Urbaine_Moyenne,10.8215,16.9914,Saison_Seche,37.2,13.2,43.5,0,ONT,9,11,90,Corrosion,Faible,281,56.6,29,26,89.7,528.61,-2.13,168.8,41.92,76.7,2.4,85,0,1738317.0,6,9.7,Urgente
INC-00021,Moundou,Urbaine_Moyenne,9.9609,15.6846,Intersaison,30.5,42.1,39.1,4,ONT,47,17,5,Degradation_Lente,Moyenne,127,67.21,42,23,54.8,379.49,-27.38,197.84,15.49,89.82,5.7,28,0,783336.0,8,3.1,Corrective
INC-00022,Bongor,Urbaine_Moyenne,10.9102,14.2907,Saison_Seche,47.0,24.4,34.6,1,Splitter,61,7,5,Corrosion,Élevée,395,34.39,7,5,71.4,781.64,-1.93,16.43,11.96,72.81,9.4,85,0,1430714.0,6,2.2,Urgente
INC-00023,Doba,Urbaine_Dense,15.417,15.7508,Saison_Pluies,30.6,73.9,55.2,12,Splitter,76,1,140,Degradation_Lente,Faible,435,62.99,45,43,95.6,947.69,-2.27,58.21,16.94,81.72,2.5,85,1,1765496.0,6,11.6,Préventive
INC-00024,Moundou,Urbaine_Dense,10.4073,14.9642,Intersaison,38.3,37.6,38.9,2,Antenne_AirPON,9,0,129,Panne_OLT,Moyenne,73,15.89,37,21,56.8,902.75,-6.62,2.15,37.18,85.37,1.0,14,1,1604049.0,5,17.4,Corrective
INC-00025,Kélo,Urbaine_Moyenne,12.8241,13.8058,Intersaison,33.9,35.5,22.9,2,Splitter,47,4,265,Rupture_Cable,Moyenne,42,54.5,35,31,88.6,404.8,-3.93,36.49,29.99,72.07,8.5,30,1,838760.0,4,13.2,Corrective
INC-00026,Bongor,Urbaine_Moyenne,10.0569,13.9899,Saison_Pluies,28.7,75.9,58.5,19,Cable_Fibre,31,8,59,Corrosion,Élevée,26,50.64,3,2,66.7,638.13,-15.99,133.74,3.06,60.29,8.9,39,0,702226.0,8,2.7,Urgente
INC-00027,Abéché,Rurale,11.2332,18.8483,Saison_Pluies,32.2,75.4,57.0,23,Antenne_AirPON,85,14,132,Rupture_Cable,Élevée,356,37.98,23,12,52.2,283.85,-10.06,90.76,5.46,75.26,1.8,49,1,787938.0,6,5.2,Urgente
INC-00028,N'Djamena_Centre,Urbaine_Dense,8.1702,20.9318,Saison_Seche,43.8,26.7,46.8,2,Antenne_AirPON,40,9,266,Panne_OLT,Élevée,128,22.97,8,5,62.5,505.5,-34.24,113.07,41.47,66.15,8.3,35,1,158170.0,6,0.5,Corrective
INC-00029,Abéché,Péri_Urbaine,13.6059,23.8242,Saison_Seche,39.7,26.6,2.0,1,Cable_Fibre,103,15,181,Perte_Signal,Moyenne,275,18.04,0,0,100.0,340.12,-34.36,17.11,29.22,92.99,7.4,34,1,1606109.0,4,20.1,Préventive
INC-00030,Doba,Péri_Urbaine,12.7882,15.1346,Saison_Seche,40.2,11.5,43.7,1,Boitier_Etanche,49,11,333,Obstruction_Physique,Faible,17,51.75,26,24,92.3,346.39,-2.31,86.01,14.71,90.58,4.9,94,1,1812162.0,6,2.5,Corrective
INC-00031,Bongor,Urbaine_Dense,10.2799,20.8314,Saison_Seche,45.5,19.6,1.8,0,OLT,100,17,359,Obstruction_Physique,Élevée,238,41.11,32,21,65.6,319.66,-25.31,39.77,17.11,90.14,7.8,81,1,138434.0,2,14.3,Urgente
INC-00032,N'Djamena_Centre,Rurale,11.6988,19.317,Intersaison,39.4,55.1,4.4,3,Cable_Fibre,52,13,319,Rupture_Cable,Faible,133,62.15,28,15,53.6,254.64,-6.26,138.04,18.77,87.31,1.9,30,0,2433232.0,6,9.3,Corrective
INC-00033,Sarh,Urbaine_Dense,14.4778,18.5203,Saison_Seche,38.6,29.9,21.2,1,OLT,117,3,107,Obstruction_Physique,Moyenne,198,59.07,35,18,51.4,511.6,-20.96,84.61,3.78,66.25,9.2,74,1,1973295.0,7,6.5,Corrective
INC-00034,Sarh,Rurale,7.8555,21.0793,Saison_Seche,46.2,20.4,19.0,1,Connecteur,42,2,284,Degradation_Lente,Élevée,439,12.66,41,34,82.9,638.42,-6.48,132.3,13.78,90.05,5.1,4,0,1787657.0,1,20.9,Urgente
INC-00035,Doba,Urbaine_Dense,14.9417,16.0059,Saison_Pluies,26.6,78.5,33.8,14,Connecteur,99,1,111,Defaut_Connecteur,Moyenne,325,15.44,46,45,97.8,955.4,-30.55,25.25,15.0,85.18,1.1,70,1,2092386.0,3,14.7,Préventive
INC-00036,Kélo,Urbaine_Moyenne,11.2664,16.7686,Saison_Pluies,32.7,88.2,14.6,12,Boitier_Etanche,86,13,233,Degradation_Lente,Élevée,348,67.96,4,3,75.0,206.45,-29.04,23.81,47.87,95.98,9.6,36,1,2220695.0,4,9.3,Urgente
INC-00037,Sarh,Péri_Urbaine,14.3772,17.5384,Saison_Seche,36.5,26.3,12.0,1,Boitier_Etanche,6,8,54,Panne_OLT,Élevée,260,27.1,28,14,50.0,479.17,-12.3,117.64,7.89,75.73,4.9,19,1,750516.0,3,8.5,Urgente
INC-00038,Abéché,Urbaine_Dense,14.3919,15.4152,Saison_Seche,42.0,33.0,40.0,2,Antenne_AirPON,15,19,35,Defaut_Connecteur,Moyenne,488,39.4,8,5,62.5,695.06,-35.0,178.44,9.07,93.0,4.5,57,1,1219418.0,4,8.4,Corrective
INC-00039,Doba,Urbaine_Dense,7.9697,18.5255,Saison_Pluies,33.4,78.2,26.6,21,Splitter,28,12,264,Corrosion,Faible,363,30.44,34,18,52.9,539.65,-22.56,149.38,43.57,75.94,6.0,5,0,1609730.0,7,12.7,Urgente
INC-00040,Abéché,Urbaine_Dense,13.7528,14.8846,Saison_Pluies,28.7,90.5,3.2,21,ONT,50,0,358,Panne_OLT,Faible,110,40.62,4,2,50.0,744.62,-32.09,161.14,45.86,60.85,10.0,75,1,2210475.0,3,18.6,Préventive
INC-00041,Sarh,Urbaine_Dense,13.3629,16.8405,Saison_Pluies,30.5,82.4,26.5,22,Boitier_Etanche,64,13,110,Surtension,Faible,242,48.62,35,30,85.7,601.74,-25.83,40.69,37.2,93.74,1.8,58,1,1805745.0,6,14.8,Urgente
INC-00042,N'Djamena_Centre,Urbaine_Moyenne,7.8455,14.6882,Saison_Seche,38.1,30.8,45.5,1,Splitter,75,9,117,Surtension,Moyenne,175,26.23,38,26,68.4,469.8,-5.9,102.27,6.7,85.32,8.2,78,1,1628659.0,2,21.9,Corrective
INC-00043,Doba,Péri_Urbaine,15.0243,13.8768,Saison_Seche,44.5,25.3,4.0,2,OLT,10,1,33,Surtension,Élevée,194,23.89,34,21,61.8,517.63,-2.41,177.01,22.55,72.52,4.0,37,1,1362173.0,9,9.1,Corrective
INC-00044,Doba,Urbaine_Dense,12.5764,17.2297,Saison_Seche,46.3,23.7,54.9,0,Cable_Fibre,39,13,249,Defaut_Connecteur,Moyenne,339,60.84,46,31,67.4,248.52,-19.81,187.35,28.0,86.2,2.5,76,1,812880.0,1,17.9,Urgente
INC-00045,Abéché,Urbaine_Dense,8.8403,19.9843,Saison_Pluies,29.7,80.9,28.6,20,Antenne_AirPON,95,19,324,Degradation_Lente,Élevée,324,44.48,13,8,61.5,0.77,-6.27,12.35,27.47,74.7,8.0,55,0,1794281.0,7,5.8,Urgente
INC-00046,Kélo,Urbaine_Dense,8.4848,15.0948,Saison_Seche,36.6,15.1,30.7,0,Cable_Fibre,20,4,91,Defaut_Connecteur,Critique,116,61.45,1,0,0.0,51.99,-34.46,32.74,36.69,68.06,10.0,13,1,1144524.0,5,22.7,Urgente
INC-00047,Kélo,Urbaine_Dense,11.9958,23.9313,Intersaison,29.0,69.6,18.0,6,OLT,4,18,348,Surtension,Faible,116,62.55,6,3,50.0,854.04,-7.98,21.54,25.4,96.3,8.1,84,1,285616.0,6,2.1,Corrective
INC-00048,N'Djamena_Sud,Rurale,7.9707,16.3807,Saison_Pluies,31.2,83.7,38.8,10,Antenne_AirPON,46,1,121,Corrosion,Moyenne,441,11.64,14,12,85.7,138.27,-1.13,34.72,33.07,67.84,7.1,93,0,2019973.0,8,6.5,Urgente
INC-00049,Abéché,Urbaine_Dense,8.8153,13.7383,Saison_Pluies,26.8,77.2,1.3,21,Connecteur,76,3,300,Perte_Signal,Moyenne,7,57.64,11,9,81.8,53.09,-11.23,32.31,48.88,71.82,8.2,5,0,1694638.0,7,22.1,Urgente
INC-00050,Kélo,Urbaine_Moyenne,15.0876,13.7944,Saison_Seche,37.1,17.0,44.3,1,Splitter,27,17,136,Perte_Signal,Faible,378,64.82,37,23,62.2,941.13,-8.51,95.44,12.13,86.11,2.6,99,1,1247545.0,6,22.1,Corrective
INC-00051,Doba,Urbaine_Dense,13.4579,20.499,Saison_Seche,41.2,33.7,5.9,1,OLT,49,15,57,Degradation_Lente,Moyenne,249,31.6,30,15,50.0,890.62,-6.45,67.58,16.17,88.99,5.7,34,1,2215284.0,8,1.8,Corrective
INC-00052,N'Djamena_Sud,Urbaine_Dense,12.4079,20.5336,Saison_Seche,42.5,10.7,26.7,1,Connecteur,6,7,267,Panne_OLT,Critique,192,36.36,46,39,84.8,70.57,-22.29,17.03,10.73,77.3,3.7,97,0,1823180.0,1,18.2,Urgente
INC-00053,Doba,Urbaine_Dense,9.1706,22.9784,Saison_Seche,40.4,22.1,8.8,0,Splitter,53,10,251,Obstruction_Physique,Moyenne,485,27.02,39,23,59.0,14.46,-31.48,65.18,12.83,69.61,6.9,39,0,1474620.0,6,14.6,Urgente
INC-00054,N'Djamena_Sud,Urbaine_Dense,9.2481,14.4538,Saison_Pluies,34.4,88.5,10.2,16,OLT,112,15,49,Panne_OLT,Faible,418,10.85,8,6,75.0,119.41,-19.96,180.23,9.19,67.41,2.2,59,1,1913376.0,3,5.4,Corrective
INC-00055,Bongor,Urbaine_Dense,11.0666,17.4519,Saison_Pluies,33.1,89.4,27.9,13,Cable_Fibre,115,10,190,Corrosion,Faible,131,38.42,21,15,71.4,529.26,-33.7,93.06,11.38,84.36,7.8,99,0,2161232.0,7,9.3,Préventive
INC-00056,N'Djamena_Sud,Péri_Urbaine,13.5324,22.8374,Intersaison,36.6,65.5,3.9,3,ONT,36,13,129,Defaut_Connecteur,Élevée,196,28.64,29,18,62.1,367.29,-11.27,147.32,41.95,61.52,5.4,28,1,1484898.0,1,21.6,Urgente
INC-00057,N'Djamena_Nord,Urbaine_Moyenne,7.5314,21.8756,Saison_Pluies,33.6,94.4,9.0,17,ONT,101,3,149,Obstruction_Physique,Élevée,8,59.24,42,25,59.5,548.7,-4.68,48.8,14.79,76.37,6.5,58,0,2193503.0,4,20.7,Urgente
INC-00058,Doba,Urbaine_Moyenne,7.8542,15.9512,Intersaison,36.8,54.0,32.6,4,Cable_Fibre,119,13,38,Obstruction_Physique,Moyenne,455,34.96,37,22,59.5,387.38,-4.48,93.71,46.64,92.29,5.6,66,0,1684641.0,7,5.9,Urgente
INC-00059,Abéché,Urbaine_Moyenne,14.4609,22.8447,Intersaison,35.2,62.4,41.8,7,Boitier_Etanche,22,11,339,Perte_Signal,Élevée,227,68.87,23,12,52.2,619.74,-5.1,176.83,43.18,97.11,2.6,68,1,1420737.0,3,7.6,Urgente
INC-00060,Bongor,Urbaine_Dense,14.0125,20.6486,Intersaison,30.1,60.8,21.6,8,Boitier_Etanche,119,13,41,Defaut_Connecteur,Moyenne,46,53.04,27,26,96.3,813.78,-22.32,179.4,5.72,70.16,6.9,8,1,1134173.0,8,5.5,Corrective
INC-00061,Doba,Urbaine_Dense,13.0574,16.2753,Saison_Pluies,29.8,89.2,52.0,20,ONT,89,12,314,Panne_OLT,Moyenne,87,16.76,15,9,60.0,764.26,-13.69,30.83,35.07,91.07,6.8,19,0,388374.0,4,9.9,Préventive
INC-00062,Abéché,Urbaine_Dense,11.4963,13.9707,Saison_Seche,40.8,14.4,9.7,2,OLT,118,8,318,Surtension,Faible,406,28.98,16,15,93.8,120.1,-21.49,67.84,15.72,70.01,8.7,35,1,65612.0,5,22.9,Urgente
INC-00063,N'Djamena_Nord,Urbaine_Dense,8.661,18.7232,Saison_Seche,42.9,12.4,33.6,2,Antenne_AirPON,61,5,124,Rupture_Cable,Moyenne,457,44.14,14,9,64.3,498.8,-34.26,68.73,17.09,70.15,4.2,99,1,567074.0,1,15.8,Urgente
INC-00064,N'Djamena_Nord,Rurale,8.3179,20.9873,Intersaison,30.1,39.5,5.4,7,Cable_Fibre,32,7,79,Corrosion,Élevée,81,9.7,11,10,90.9,982.55,-22.78,58.99,24.41,75.65,3.7,35,0,502225.0,2,4.6,Corrective
INC-00065,N'Djamena_Sud,Urbaine_Dense,14.743,16.3208,Saison_Seche,42.4,12.0,10.0,0,Cable_Fibre,52,19,364,Surtension,Critique,372,36.61,32,23,71.9,782.11,-2.78,83.42,6.8,65.73,6.0,14,1,583488.0,9,22.9,Urgente
INC-00066,Doba,Urbaine_Moyenne,10.5602,15.2717,Saison_Seche,45.0,26.6,54.5,1,ONT,77,5,241,Obstruction_Physique,Faible,487,62.54,45,23,51.1,678.67,-17.57,93.78,46.44,68.67,3.2,6,0,900406.0,3,13.5,Urgente
INC-00067,Sarh,Urbaine_Moyenne,13.0658,14.2905,Saison_Seche,43.4,15.0,59.6,1,ONT,52,9,33,Rupture_Cable,Critique,243,12.57,27,18,66.7,501.64,-10.49,106.27,48.21,76.95,4.0,82,0,1168539.0,1,11.9,Urgente
INC-00068,Bongor,Urbaine_Moyenne,11.1496,22.3413,Saison_Pluies,25.5,81.0,59.8,23,Antenne_AirPON,77,5,89,Surtension,Faible,138,6.08,3,2,66.7,772.24,-6.5,9.45,7.18,89.14,2.9,97,1,2082861.0,3,12.7,Corrective
INC-00069,Sarh,Péri_Urbaine,13.3474,14.0747,Intersaison,35.9,41.0,48.0,5,Cable_Fibre,53,4,74,Perte_Signal,Moyenne,84,35.78,20,11,55.0,557.05,-32.55,47.46,10.24,85.35,8.0,74,1,939873.0,4,17.2,Corrective
INC-00070,Sarh,Urbaine_Dense,9.0465,19.8987,Saison_Pluies,32.6,86.7,12.0,17,OLT,110,3,269,Degradation_Lente,Moyenne,202,64.15,45,33,73.3,763.24,-22.38,129.49,1.05,67.24,8.5,18,1,602550.0,5,22.1,Urgente
INC-00071,Doba,Urbaine_Moyenne,11.3765,21.5141,Saison_Seche,39.4,29.1,17.2,0,Connecteur,30,10,349,Corrosion,Élevée,29,50.61,20,18,90.0,770.86,-0.65,133.16,12.58,64.9,6.0,82,1,2472078.0,7,1.4,Urgente
INC-00072,Doba,Péri_Urbaine,10.5149,21.6951,Saison_Pluies,30.4,71.1,5.3,19,Antenne_AirPON,29,15,41,Defaut_Connecteur,Moyenne,477,41.37,4,3,75.0,226.45,-34.25,121.89,33.88,67.62,7.4,25,1,2494778.0,4,21.2,Urgente
INC-00073,N'Djamena_Sud,Urbaine_Moyenne,9.4604,20.3638,Saison_Pluies,28.7,87.6,3.2,19,Antenne_AirPON,97,10,202,Perte_Signal,Moyenne,48,12.59,11,7,63.6,180.38,-0.41,41.95,29.63,71.29,7.7,85,1,1914154.0,9,1.3,Préventive
INC-00074,Doba,Rurale,12.2817,20.3544,Saison_Seche,38.7,18.7,44.0,2,OLT,60,7,354,Obstruction_Physique,Faible,359,53.48,44,22,50.0,489.27,-7.45,84.09,30.38,76.35,8.3,20,1,932305.0,2,13.3,Urgente
INC-00075,Kélo,Urbaine_Moyenne,11.7958,18.478,Intersaison,37.3,54.8,32.4,8,OLT,31,1,169,Panne_OLT,Faible,356,48.55,7,5,71.4,704.5,-31.07,105.49,9.94,95.06,7.1,96,0,1026276.0,8,15.8,Urgente
INC-00076,Abéché,Péri_Urbaine,11.4655,17.8754,Saison_Pluies,29.0,89.9,39.6,14,Connecteur,31,11,37,Obstruction_Physique,Faible,147,68.97,11,9,81.8,730.42,-16.43,35.46,20.58,60.7,8.8,20,1,471019.0,9,23.5,Corrective
INC-00077,N'Djamena_Nord,Urbaine_Moyenne,12.2288,14.9422,Saison_Seche,41.0,18.6,34.8,1,OLT,30,11,71,Surtension,Élevée,18,8.91,10,6,60.0,534.83,-2.07,190.95,40.65,85.62,8.9,59,0,675961.0,4,20.8,Corrective
INC-00078,Sarh,Rurale,8.6402,19.1212,Saison_Seche,44.0,13.9,0.7,2,OLT,78,2,178,Defaut_Connecteur,Moyenne,391,23.78,30,17,56.7,630.63,-7.26,109.21,13.14,64.35,7.2,25,1,1694990.0,1,5.3,Corrective
INC-00079,N'Djamena_Sud,Urbaine_Moyenne,10.4644,14.2458,Saison_Seche,44.8,29.5,19.2,0,Cable_Fibre,23,13,191,Obstruction_Physique,Moyenne,420,34.81,12,8,66.7,792.05,-7.6,13.91,29.63,90.15,9.9,77,1,1472799.0,2,0.9,Urgente
INC-00080,Bongor,Rurale,10.0974,18.4161,Intersaison,33.9,38.3,41.5,4,Connecteur,100,18,39,Degradation_Lente,Moyenne,234,46.11,31,20,64.5,861.22,-9.22,155.59,13.12,97.21,7.2,63,1,1164489.0,3,12.1,Corrective
INC-00081,Sarh,Urbaine_Dense,13.6534,21.1745,Saison_Pluies,26.7,76.4,51.7,20,Connecteur,97,0,137,Rupture_Cable,Moyenne,382,33.83,14,8,57.1,500.36,-33.55,199.65,24.18,61.23,4.9,17,1,1559472.0,4,14.1,Urgente
INC-00082,Doba,Rurale,7.7858,18.1501,Saison_Seche,38.6,19.2,9.3,0,Boitier_Etanche,28,4,310,Defaut_Connecteur,Faible,182,28.01,29,26,89.7,165.91,-13.97,30.4,38.59,95.36,7.4,49,1,1222302.0,5,17.2,Corrective
INC-00083,Sarh,Urbaine_Moyenne,9.7554,18.837,Saison_Seche,39.3,27.4,7.1,2,OLT,40,19,4,Rupture_Cable,Moyenne,264,26.61,5,2,40.0,687.89,-24.34,6.96,20.98,85.63,7.5,5,1,2391430.0,6,13.8,Corrective
INC-00084,Bongor,Péri_Urbaine,14.8464,22.3432,Saison_Pluies,34.8,79.9,57.5,15,Splitter,32,14,9,Obstruction_Physique,Élevée,280,6.9,7,3,42.9,183.32,-28.22,109.99,38.41,81.28,4.3,9,1,2142971.0,7,3.5,Urgente
INC-00085,N'Djamena_Centre,Urbaine_Dense,9.9028,20.2891,Saison_Seche,43.2,11.2,58.0,1,Connecteur,109,16,330,Surtension,Élevée,40,29.45,14,7,50.0,220.53,-21.84,12.46,13.84,82.41,9.2,15,0,1906249.0,9,20.5,Urgente
INC-00086,Abéché,Urbaine_Dense,8.7152,14.8398,Saison_Pluies,27.1,78.1,45.0,20,ONT,105,19,308,Rupture_Cable,Faible,3,18.11,30,22,73.3,783.65,-7.42,17.96,21.54,96.71,3.0,60,0,274828.0,5,11.2,Préventive
INC-00087,Doba,Péri_Urbaine,13.5588,19.2008,Saison_Seche,39.1,23.8,3.6,1,Connecteur,90,3,37,Degradation_Lente,Faible,104,20.98,13,12,92.3,477.0,-30.56,107.67,14.79,67.29,8.2,32,1,1196141.0,1,4.8,Corrective
INC-00088,Kélo,Urbaine_Dense,7.8828,17.328,Intersaison,32.7,40.8,37.8,2,Boitier_Etanche,68,11,321,Panne_OLT,Faible,150,0.24,8,4,50.0,390.29,-23.79,191.44,49.46,61.63,8.3,41,1,1542252.0,7,17.5,Préventive
INC-00089,N'Djamena_Sud,Péri_Urbaine,10.9106,15.6717,Saison_Pluies,34.9,72.0,7.7,19,ONT,23,2,271,Panne_OLT,Moyenne,152,2.6,27,25,92.6,370.88,-22.62,16.8,41.8,94.95,9.7,55,1,243769.0,2,19.5,Corrective
INC-00090,N'Djamena_Sud,Rurale,14.3429,20.3037,Saison_Seche,37.0,12.7,50.7,1,Boitier_Etanche,14,16,90,Corrosion,Critique,205,20.5,18,16,88.9,760.07,-30.6,111.41,12.3,83.43,7.2,1,0,2280594.0,2,23.2,Urgente
INC-00091,N'Djamena_Centre,Urbaine_Dense,15.1328,17.5583,Saison_Seche,42.0,20.7,18.2,0,ONT,97,16,307,Defaut_Connecteur,Moyenne,398,13.76,47,33,70.2,406.68,-30.23,102.23,9.25,66.2,2.7,42,0,558862.0,4,0.8,Urgente
INC-00092,N'Djamena_Centre,Urbaine_Moyenne,9.4922,21.5567,Saison_Pluies,33.2,94.0,28.5,14,ONT,69,8,364,Surtension,Faible,38,40.18,8,7,87.5,453.24,-27.43,123.46,31.15,88.07,9.0,98,1,37716.0,6,3.2,Préventive
INC-00093,N'Djamena_Nord,Urbaine_Dense,9.8696,19.6583,Saison_Pluies,26.7,85.0,11.2,11,Connecteur,74,5,3,Surtension,Élevée,20,36.93,13,9,69.2,275.75,-12.95,176.03,9.98,96.27,2.6,86,1,1049736.0,2,21.7,Corrective
INC-00094,N'Djamena_Nord,Urbaine_Dense,12.038,14.5947,Saison_Pluies,33.1,81.6,43.5,22,Connecteur,73,11,304,Rupture_Cable,Moyenne,349,61.5,34,20,58.8,580.71,-20.22,95.11,7.66,60.51,6.0,89,0,332864.0,7,7.6,Urgente
INC-00095,Doba,Urbaine_Moyenne,9.3124,17.1787,Intersaison,32.7,47.9,30.1,6,Cable_Fibre,8,9,28,Obstruction_Physique,Élevée,89,4.42,27,24,88.9,739.96,-0.06,114.26,3.24,86.0,2.4,83,1,1825544.0,8,3.4,Corrective
INC-00096,Bongor,Urbaine_Dense,8.706,16.3334,Saison_Seche,39.8,11.4,42.4,2,Boitier_Etanche,77,18,63,Perte_Signal,Moyenne,111,49.49,42,32,76.2,318.06,-29.47,115.73,16.95,74.7,8.7,84,1,2116176.0,3,21.7,Corrective
INC-00097,Sarh,Urbaine_Moyenne,10.9079,15.0747,Saison_Seche,42.8,17.8,19.2,2,Cable_Fibre,57,6,306,Panne_OLT,Élevée,22,65.47,34,26,76.5,867.0,-32.47,28.91,14.17,62.92,2.7,63,1,1100878.0,3,15.9,Urgente
INC-00098,N'Djamena_Centre,Rurale,8.078,21.9023,Saison_Pluies,25.6,91.4,22.6,18,ONT,77,12,79,Corrosion,Élevée,303,44.57,41,32,78.0,13.51,-1.2,50.91,7.79,73.74,6.2,49,1,2433320.0,2,9.0,Urgente
INC-00099,N'Djamena_Sud,Urbaine_Dense,14.6538,17.4746,Saison_Pluies,30.0,76.4,53.8,17,Cable_Fibre,48,10,5,Perte_Signal,Faible,99,61.21,20,10,50.0,24.28,-11.07,44.44,39.23,97.33,3.1,42,0,1298192.0,4,12.2,Corrective
INC-00100,Moundou,Rurale,10.1736,19.9392,Saison_Pluies,25.3,77.0,15.3,24,Splitter,2,17,122,Defaut_Connecteur,Élevée,91,41.31,2,1,50.0,268.9,-29.5,65.63,2.12,72.93,5.8,25,1,1328628.0,5,21.3,Urgente
INC-00101,Bongor,Urbaine_Moyenne,10.1903,22.7611,Saison_Seche,35.5,11.8,54.2,2,Cable_Fibre,86,10,119,Degradation_Lente,Faible,421,55.99,16,8,50.0,861.51,-7.13,47.05,45.64,84.29,5.7,88,0,1958910.0,6,17.9,Urgente
INC-00102,Sarh,Urbaine_Dense,13.831,19.2016,Intersaison,30.3,69.3,4.5,2,ONT,34,4,68,Defaut_Connecteur,Faible,471,4.82,0,0,100.0,361.17,-21.08,68.98,35.2,72.15,4.2,70,1,452951.0,1,11.5,Urgente
INC-00103,Bongor,Urbaine_Dense,10.2324,16.2098,Saison_Seche,37.0,25.9,9.5,0,Antenne_AirPON,54,18,109,Surtension,Faible,368,11.97,8,5,62.5,75.19,-9.78,133.63,18.14,73.81,2.5,27,1,506428.0,3,21.9,Corrective
INC-00104,N'Djamena_Centre,Urbaine_Dense,13.5873,21.8022,Saison_Seche,40.2,29.0,39.8,2,OLT,52,1,218,Rupture_Cable,Critique,395,6.47,30,29,96.7,628.89,-21.35,60.2,38.06,79.68,6.1,59,1,2074892.0,6,22.5,Urgente
INC-00105,Bongor,Péri_Urbaine,8.9499,18.0754,Saison_Seche,41.8,19.7,59.7,0,Splitter,101,1,343,Obstruction_Physique,Moyenne,494,65.64,33,28,84.8,317.21,-12.37,98.26,19.6,96.99,7.9,75,0,145260.0,9,17.2,Urgente
INC-00106,Doba,Urbaine_Moyenne,11.7319,19.4203,Saison_Seche,44.6,16.1,56.0,1,Connecteur,101,17,314,Surtension,Moyenne,354,40.97,26,22,84.6,135.64,-10.59,180.9,42.82,74.56,2.6,36,1,676987.0,3,21.0,Urgente
INC-00107,N'Djamena_Centre,Urbaine_Moyenne,13.6481,22.9719,Intersaison,34.9,61.2,30.5,5,Splitter,12,2,267,Corrosion,Faible,498,24.61,47,30,63.8,589.44,-33.44,182.76,13.18,77.22,9.3,42,1,1510519.0,3,15.4,Corrective
INC-00108,Kélo,Urbaine_Dense,11.0992,18.6374,Saison_Seche,41.2,30.4,31.7,2,Antenne_AirPON,55,5,307,Surtension,Faible,202,38.32,30,24,80.0,97.14,-28.36,178.69,17.59,95.46,3.5,22,0,1568482.0,9,17.4,Urgente
INC-00109,Sarh,Péri_Urbaine,8.0745,17.0143,Saison_Pluies,31.6,87.9,34.4,14,OLT,69,17,23,Degradation_Lente,Faible,260,0.66,35,19,54.3,449.72,-14.5,83.83,27.39,78.56,8.6,52,1,1658531.0,8,20.3,Corrective
INC-00110,Doba,Urbaine_Dense,13.3952,21.1376,Saison_Seche,38.6,27.9,47.5,2,OLT,106,16,332,Corrosion,Faible,65,49.9,33,24,72.7,964.03,-33.42,140.72,44.45,91.71,8.2,68,1,2310208.0,6,5.1,Préventive
INC-00111,Moundou,Péri_Urbaine,11.4525,14.9018,Saison_Seche,43.3,13.5,33.0,2,Boitier_Etanche,46,1,48,Obstruction_Physique,Faible,430,18.93,44,37,84.1,542.74,-25.1,60.08,35.83,61.1,1.1,13,1,350339.0,9,2.7,Urgente
INC-00112,N'Djamena_Sud,Urbaine_Dense,10.0313,23.0941,Intersaison,37.4,47.1,7.1,7,ONT,33,9,98,Defaut_Connecteur,Faible,361,17.75,15,13,86.7,469.24,-4.35,148.31,38.04,65.26,3.9,34,1,999862.0,3,1.2,Urgente
INC-00113,N'Djamena_Centre,Urbaine_Moyenne,15.4424,23.1132,Intersaison,33.8,65.4,50.3,7,Boitier_Etanche,86,11,49,Degradation_Lente,Faible,45,17.57,42,37,88.1,33.08,-7.94,191.47,9.6,87.05,7.3,76,1,569710.0,6,6.6,Corrective
INC-00114,Kélo,Urbaine_Moyenne,14.5086,19.5838,Saison_Seche,42.2,22.7,53.1,0,Antenne_AirPON,28,8,363,Corrosion,Moyenne,417,22.32,22,12,54.5,637.01,-7.52,170.51,19.1,91.12,6.3,67,0,2047089.0,1,6.6,Corrective
INC-00115,N'Djamena_Centre,Rurale,7.8026,15.1201,Saison_Pluies,29.8,83.3,55.1,24,OLT,11,17,267,Defaut_Connecteur,Moyenne,212,47.81,21,14,66.7,332.28,-33.9,43.46,37.05,90.91,5.8,76,1,521993.0,4,21.5,Urgente
INC-00116,Bongor,Péri_Urbaine,12.2492,18.247,Intersaison,37.3,63.8,25.2,6,Connecteur,55,15,71,Degradation_Lente,Faible,332,44.83,3,2,66.7,712.76,-19.23,103.6,49.06,81.88,3.4,77,0,1745629.0,6,12.9,Urgente
INC-00117,N'Djamena_Centre,Urbaine_Moyenne,10.3365,17.9447,Saison_Pluies,28.5,84.5,13.3,12,Splitter,37,12,353,Corrosion,Faible,82,42.82,2,1,50.0,959.05,-5.28,170.7,19.22,69.12,9.8,46,1,2491927.0,3,8.8,Corrective
INC-00118,Abéché,Rurale,7.7992,16.6323,Saison_Pluies,33.1,92.1,7.2,21,Splitter,23,0,167,Rupture_Cable,Moyenne,96,21.86,14,9,64.3,313.96,-26.33,162.5,47.23,69.73,5.8,62,1,1013678.0,6,16.1,Corrective
INC-00119,N'Djamena_Sud,Urbaine_Moyenne,7.5904,15.3386,Saison_Pluies,27.6,83.7,31.5,21,Splitter,100,5,245,Obstruction_Physique,Élevée,133,53.95,32,23,71.9,742.98,-2.54,68.41,26.86,67.96,5.7,17,1,1183908.0,2,13.6,Urgente
INC-00120,Abéché,Urbaine_Moyenne,12.1701,16.2688,Saison_Pluies,30.1,87.2,16.6,22,Boitier_Etanche,75,13,104,Surtension,Élevée,108,70.75,7,4,57.1,693.48,-34.27,185.92,37.63,77.88,5.3,31,1,1060463.0,4,15.2,Corrective
INC-00121,Abéché,Péri_Urbaine,10.061,19.333,Saison_Seche,45.4,14.9,25.6,1,Cable_Fibre,39,8,22,Degradation_Lente,Critique,227,45.24,13,8,61.5,734.45,-8.09,167.87,2.54,82.02,4.3,88,1,1370815.0,8,9.3,Urgente
INC-00122,Sarh,Rurale,13.1265,20.6999,Saison_Pluies,33.8,77.4,5.9,15,Splitter,87,5,111,Surtension,Faible,173,38.48,35,20,57.1,792.65,-34.16,11.27,0.69,60.33,5.9,31,0,1132151.0,1,12.1,Urgente
INC-00123,Sarh,Urbaine_Moyenne,11.1354,23.7858,Saison_Pluies,27.8,78.4,12.0,13,OLT,77,2,323,Obstruction_Physique,Faible,254,12.55,37,25,67.6,172.17,-22.72,198.54,47.37,73.1,2.4,25,0,1831741.0,6,7.1,Urgente
INC-00124,Doba,Rurale,13.632,15.7655,Intersaison,33.1,63.5,26.3,8,Boitier_Etanche,87,7,194,Degradation_Lente,Moyenne,150,5.68,13,8,61.5,642.82,-0.21,133.07,5.38,94.15,6.1,18,1,48832.0,5,17.4,Préventive
INC-00125,Kélo,Urbaine_Dense,14.0045,15.6422,Saison_Seche,39.4,17.2,10.7,0,Boitier_Etanche,57,0,310,Perte_Signal,Faible,22,16.25,35,22,62.9,566.55,-14.57,156.13,41.57,76.06,1.6,36,1,1188481.0,1,9.6,Préventive
INC-00126,Sarh,Rurale,12.7579,14.7289,Saison_Seche,38.2,23.0,13.5,1,Cable_Fibre,78,5,91,Obstruction_Physique,Faible,360,35.01,27,18,66.7,229.22,-5.16,44.53,8.43,80.92,3.1,11,0,1448296.0,1,17.5,Urgente
INC-00127,Moundou,Urbaine_Dense,10.8438,23.3594,Saison_Seche,44.7,27.6,1.2,2,Splitter,97,13,154,Obstruction_Physique,Moyenne,491,20.56,45,24,53.3,308.73,-22.29,198.52,31.55,78.39,3.3,35,1,101065.0,5,18.8,Corrective
INC-00128,N'Djamena_Centre,Urbaine_Moyenne,15.4078,17.5094,Saison_Pluies,33.0,82.4,4.4,17,Splitter,116,12,75,Corrosion,Moyenne,387,70.89,30,17,56.7,223.71,-2.77,110.15,25.56,65.81,9.2,85,0,292895.0,7,5.5,Urgente
INC-00129,N'Djamena_Sud,Péri_Urbaine,9.9535,23.2018,Saison_Pluies,30.1,82.2,7.0,23,Cable_Fibre,17,3,276,Corrosion,Élevée,123,44.45,42,25,59.5,542.65,-21.23,135.29,6.15,64.07,2.4,37,0,956500.0,7,2.0,Urgente
INC-00130,Kélo,Péri_Urbaine,11.6166,22.8391,Saison_Seche,46.3,11.7,39.4,2,Boitier_Etanche,15,10,355,Defaut_Connecteur,Faible,385,24.28,0,0,100.0,74.89,-24.3,97.37,10.87,69.1,4.4,70,1,870481.0,1,7.4,Urgente
INC-00131,N'Djamena_Centre,Urbaine_Dense,11.6632,13.9617,Saison_Pluies,34.6,79.9,9.0,20,ONT,71,3,207,Degradation_Lente,Moyenne,40,53.08,47,33,70.2,115.48,-6.45,169.97,31.68,86.37,9.6,83,1,2303169.0,2,12.5,Préventive
INC-00132,Bongor,Rurale,10.9267,16.4376,Saison_Pluies,29.0,86.9,52.8,24,Splitter,38,10,229,Corrosion,Moyenne,364,15.86,30,15,50.0,771.09,-10.22,51.46,43.86,94.91,3.8,81,0,54716.0,2,23.1,Urgente
INC-00133,Abéché,Urbaine_Dense,8.4713,16.6765,Saison_Seche,36.2,24.8,47.1,0,Boitier_Etanche,113,2,3,Surtension,Moyenne,281,65.54,29,28,96.6,275.19,-1.71,23.21,8.69,70.48,9.1,74,1,2046945.0,9,19.4,Urgente
INC-00134,Sarh,Urbaine_Dense,10.3315,16.4121,Saison_Seche,36.5,15.1,49.0,1,ONT,94,16,239,Rupture_Cable,Élevée,436,35.09,11,7,63.6,976.42,-21.61,125.11,26.35,73.29,9.3,0,1,158821.0,3,6.0,Urgente
INC-00135,Abéché,Péri_Urbaine,9.2215,17.966,Intersaison,32.6,35.8,21.1,5,Connecteur,113,16,354,Panne_OLT,Faible,28,36.87,13,9,69.2,853.53,-0.32,6.66,49.72,74.16,1.6,14,1,2102608.0,9,20.0,Préventive
INC-00136,N'Djamena_Centre,Péri_Urbaine,14.6989,18.7427,Saison_Pluies,25.5,86.9,3.5,13,Splitter,28,17,176,Perte_Signal,Moyenne,408,16.27,36,22,61.1,886.01,-28.14,8.91,22.8,89.75,8.8,84,1,1105319.0,9,5.7,Corrective
INC-00137,N'Djamena_Sud,Péri_Urbaine,12.743,21.4611,Saison_Pluies,34.1,82.4,4.6,23,Cable_Fibre,86,16,248,Corrosion,Moyenne,118,1.21,5,3,60.0,124.54,-14.43,43.19,7.65,75.75,5.7,74,1,1613225.0,6,5.2,Préventive
INC-00138,Kélo,Rurale,9.8025,16.3109,Intersaison,34.1,38.0,41.4,7,Cable_Fibre,67,0,200,Panne_OLT,Faible,197,71.37,29,20,69.0,522.97,-21.64,2.25,45.57,80.77,9.1,2,0,467683.0,9,7.0,Préventive
INC-00139,Abéché,Urbaine_Dense,12.0259,16.6368,Saison_Seche,41.9,21.1,55.4,2,Connecteur,65,4,281,Panne_OLT,Critique,129,54.04,16,11,68.8,2.36,-30.47,15.44,44.61,87.28,1.7,55,1,2000780.0,4,8.8,Urgente
INC-00140,Kélo,Urbaine_Dense,14.3257,19.7854,Saison_Seche,40.9,17.6,10.5,1,Boitier_Etanche,3,4,282,Degradation_Lente,Élevée,34,56.57,12,6,50.0,432.13,-31.17,82.2,1.74,96.26,1.5,50,1,1229949.0,2,9.4,Corrective
INC-00141,Abéché,Rurale,14.9755,15.3823,Saison_Seche,40.2,17.2,51.9,2,Boitier_Etanche,100,10,236,Perte_Signal,Moyenne,11,23.78,47,43,91.5,856.29,-23.68,79.38,19.57,63.85,4.7,25,0,141291.0,7,1.6,Préventive
INC-00142,Kélo,Urbaine_Moyenne,8.1003,18.4685,Saison_Seche,45.5,28.1,39.2,0,Cable_Fibre,96,10,51,Degradation_Lente,Élevée,474,42.99,37,18,48.6,154.05,-24.4,114.72,48.16,97.5,8.4,10,1,2001921.0,4,13.8,Urgente
INC-00143,Kélo,Rurale,13.7953,16.1353,Intersaison,34.2,61.3,40.6,5,OLT,78,0,40,Perte_Signal,Faible,83,27.68,15,12,80.0,285.83,-23.71,52.38,23.5,80.2,1.6,97,1,1858314.0,5,23.3,Préventive
INC-00144,Abéché,Rurale,15.2305,15.5789,Saison_Seche,45.7,26.3,41.9,2,ONT,99,2,237,Rupture_Cable,Faible,254,1.11,47,27,57.4,573.08,-5.5,74.18,30.67,64.13,5.3,60,1,1920882.0,2,20.4,Urgente
INC-00145,Doba,Péri_Urbaine,11.238,21.8544,Saison_Seche,38.3,11.5,3.7,2,OLT,22,12,113,Rupture_Cable,Moyenne,111,57.45,27,26,96.3,436.09,-19.8,145.56,11.44,80.91,7.0,40,1,1195275.0,4,14.6,Corrective
INC-00146,Kélo,Urbaine_Moyenne,15.4643,20.9248,Saison_Seche,36.9,33.0,36.2,1,Boitier_Etanche,22,5,306,Surtension,Critique,435,0.57,11,7,63.6,300.63,-21.84,48.33,34.92,78.37,5.3,66,1,68960.0,3,19.3,Urgente
INC-00147,Bongor,Urbaine_Moyenne,15.1566,16.123,Intersaison,31.2,57.8,29.0,9,Splitter,92,7,114,Defaut_Connecteur,Élevée,318,38.82,35,23,65.7,275.48,-9.67,5.53,28.21,67.29,2.4,93,0,2191245.0,7,18.5,Urgente
INC-00148,Sarh,Urbaine_Dense,12.7551,17.8593,Saison_Pluies,34.7,74.7,50.2,19,OLT,5,4,193,Obstruction_Physique,Faible,102,37.51,15,11,73.3,366.58,-21.11,41.03,28.69,72.35,3.9,66,1,1595415.0,2,6.7,Corrective
INC-00149,Doba,Péri_Urbaine,14.2809,15.1194,Saison_Pluies,34.2,93.4,25.7,21,Boitier_Etanche,85,9,218,Defaut_Connecteur,Élevée,106,25.57,11,8,72.7,703.4,-6.89,80.99,29.83,73.51,3.6,89,1,2225422.0,4,7.5,Urgente
INC-00150,Doba,Péri_Urbaine,9.8725,14.0583,Saison_Seche,37.1,31.7,30.6,1,Boitier_Etanche,69,17,336,Rupture_Cable,Moyenne,279,1.19,0,0,100.0,987.56,-8.97,172.32,0.58,77.52,1.4,17,1,559509.0,9,18.2,Préventive
INC-00151,Doba,Urbaine_Moyenne,14.8397,19.6448,Saison_Seche,42.0,13.0,34.8,1,ONT,49,3,244,Degradation_Lente,Moyenne,124,45.29,18,10,55.6,868.86,-17.67,147.17,3.45,92.84,3.2,13,1,1746317.0,5,2.4,Corrective
INC-00152,Moundou,Urbaine_Dense,12.2351,17.3174,Intersaison,32.1,62.1,35.2,4,Boitier_Etanche,5,18,320,Defaut_Connecteur,Moyenne,454,50.91,5,3,60.0,945.4,-1.27,127.65,42.26,76.93,7.8,77,1,2367944.0,6,21.7,Urgente
INC-00153,Bongor,Urbaine_Dense,11.5773,15.6761,Saison_Pluies,31.9,71.8,24.0,17,Connecteur,87,17,143,Corrosion,Élevée,373,0.69,5,3,60.0,576.61,-3.25,69.13,30.87,93.66,6.1,78,0,2490896.0,9,21.5,Urgente
INC-00154,Moundou,Urbaine_Dense,14.1853,14.7034,Saison_Seche,40.6,21.5,10.0,1,Connecteur,67,19,287,Obstruction_Physique,Critique,89,23.39,17,9,52.9,594.37,-32.09,138.85,40.05,76.58,6.2,47,1,822077.0,8,11.7,Préventive
INC-00155,Abéché,Péri_Urbaine,14.616,20.6403,Saison_Pluies,28.4,86.9,15.1,12,Antenne_AirPON,3,8,98,Perte_Signal,Moyenne,11,38.51,47,29,61.7,87.78,-19.09,116.01,30.42,70.2,3.2,85,0,1649396.0,4,16.9,Urgente
INC-00156,Abéché,Urbaine_Moyenne,13.11,16.3503,Saison_Pluies,27.2,76.4,24.7,10,Connecteur,9,5,34,Panne_OLT,Moyenne,245,70.14,27,21,77.8,652.97,-34.35,139.38,5.76,75.7,4.0,52,1,1044780.0,6,3.1,Corrective
INC-00157,N'Djamena_Sud,Urbaine_Moyenne,7.7003,23.0276,Saison_Seche,39.0,17.7,37.2,1,Connecteur,9,16,188,Surtension,Élevée,369,39.74,11,7,63.6,623.2,-13.08,199.71,30.52,61.46,6.9,68,0,2420359.0,2,13.2,Urgente
INC-00158,Kélo,Urbaine_Moyenne,12.2776,15.5245,Saison_Pluies,25.5,82.8,27.3,13,Antenne_AirPON,26,4,265,Obstruction_Physique,Élevée,471,59.61,30,28,93.3,24.81,-28.92,160.12,10.63,81.14,3.1,95,1,931642.0,7,23.3,Urgente
INC-00159,Kélo,Urbaine_Dense,14.0732,16.0596,Saison_Seche,40.6,20.3,47.5,0,Splitter,11,6,150,Degradation_Lente,Élevée,480,31.6,26,21,80.8,609.12,-32.36,91.91,31.12,60.46,9.1,93,1,874441.0,3,22.5,Urgente
INC-00160,N'Djamena_Centre,Péri_Urbaine,11.8622,22.4432,Intersaison,33.3,48.7,34.5,4,Cable_Fibre,58,6,13,Panne_OLT,Moyenne,457,2.28,45,30,66.7,236.28,-15.99,192.54,32.47,92.52,7.8,6,0,82601.0,7,5.6,Urgente
INC-00161,Sarh,Urbaine_Dense,14.9789,19.5105,Saison_Pluies,27.1,91.9,20.6,16,Boitier_Etanche,41,17,282,Panne_OLT,Critique,223,23.41,48,46,95.8,772.65,-30.28,41.06,26.26,81.87,1.2,71,0,900764.0,5,16.6,Urgente
INC-00162,Bongor,Urbaine_Moyenne,14.6785,14.638,Intersaison,37.6,55.7,29.8,2,Antenne_AirPON,32,15,123,Degradation_Lente,Faible,103,31.28,7,6,85.7,774.03,-1.64,127.14,1.55,91.24,7.3,40,1,785778.0,9,8.3,Corrective
INC-00163,Sarh,Urbaine_Moyenne,11.7374,19.2693,Saison_Seche,39.0,11.4,21.6,2,Connecteur,119,8,151,Rupture_Cable,Faible,23,36.44,10,7,70.0,700.92,-5.69,66.46,5.42,86.76,1.5,95,0,343916.0,2,10.3,Corrective
INC-00164,Kélo,Urbaine_Dense,10.7306,16.7353,Saison_Pluies,32.7,85.2,1.8,12,Boitier_Etanche,19,16,240,Panne_OLT,Faible,344,18.7,6,5,83.3,472.82,-4.43,21.17,28.04,76.64,1.2,1,1,110083.0,1,18.7,Corrective
INC-00165,Bongor,Urbaine_Dense,7.9406,21.2379,Saison_Pluies,29.3,71.6,16.9,15,Boitier_Etanche,93,16,48,Perte_Signal,Moyenne,251,31.56,21,17,81.0,897.6,-15.38,195.24,8.07,66.02,7.6,69,1,63749.0,4,22.1,Urgente
INC-00166,N'Djamena_Centre,Rurale,12.5608,14.3168,Saison_Pluies,27.1,94.4,27.1,24,OLT,86,14,166,Panne_OLT,Élevée,367,28.13,19,14,73.7,744.75,-8.3,99.63,5.27,75.49,4.8,41,1,962382.0,9,6.5,Urgente
INC-00167,Bongor,Urbaine_Dense,9.6277,23.1378,Saison_Pluies,25.4,77.6,15.3,11,OLT,55,2,346,Degradation_Lente,Moyenne,84,10.88,18,14,77.8,447.83,-4.56,84.15,6.79,95.71,5.9,98,1,956503.0,1,20.4,Corrective
INC-00168,Moundou,Urbaine_Dense,12.8476,18.5211,Saison_Pluies,31.7,87.9,43.2,11,Cable_Fibre,71,14,326,Degradation_Lente,Critique,276,51.68,1,0,0.0,908.87,-25.38,30.29,38.41,60.98,4.7,50,1,747930.0,1,22.5,Urgente
INC-00169,N'Djamena_Centre,Urbaine_Dense,13.8901,21.21,Saison_Pluies,32.8,85.8,51.7,15,ONT,93,9,154,Obstruction_Physique,Faible,237,23.87,48,29,60.4,490.98,-33.8,156.78,22.77,94.78,4.7,3,1,1173759.0,2,17.2,Corrective
INC-00170,Doba,Rurale,10.7695,20.8989,Intersaison,33.6,43.8,17.8,4,ONT,14,0,10,Degradation_Lente,Élevée,380,22.63,44,26,59.1,68.03,-22.21,44.93,10.49,90.72,3.5,83,1,2309963.0,5,9.3,Corrective
INC-00171,N'Djamena_Nord,Urbaine_Dense,7.6247,15.3716,Saison_Pluies,25.0,91.6,1.5,24,Connecteur,17,5,89,Rupture_Cable,Élevée,341,5.5,26,21,80.8,401.68,-25.87,87.87,23.84,72.49,9.6,90,1,759874.0,4,17.4,Urgente
INC-00172,Doba,Urbaine_Moyenne,14.422,22.741,Intersaison,33.2,38.7,52.5,7,Boitier_Etanche,103,5,137,Perte_Signal,Moyenne,40,66.5,24,16,66.7,719.57,-4.63,94.53,38.34,79.98,1.5,66,0,1951260.0,8,16.7,Corrective
INC-00173,Abéché,Urbaine_Dense,11.8921,15.9434,Intersaison,30.8,36.8,34.6,7,Boitier_Etanche,12,1,168,Rupture_Cable,Moyenne,183,48.1,45,23,51.1,132.79,-28.53,35.0,47.88,72.24,6.8,63,0,125735.0,3,16.1,Urgente
INC-00174,Abéché,Rurale,10.0183,15.501,Saison_Pluies,34.2,71.5,0.3,21,OLT,57,15,175,Perte_Signal,Élevée,129,53.46,10,8,80.0,527.64,-21.41,156.48,42.63,97.62,5.1,19,1,2328436.0,2,23.8,Corrective
INC-00175,Doba,Rurale,12.5704,18.9667,Intersaison,35.1,59.2,30.0,6,Cable_Fibre,91,2,157,Corrosion,Élevée,107,50.46,8,5,62.5,829.63,-4.15,163.36,14.69,71.22,5.8,92,0,815389.0,7,10.6,Urgente
INC-00176,Bongor,Urbaine_Moyenne,12.8952,23.8377,Saison_Pluies,31.9,85.5,5.8,16,Antenne_AirPON,9,6,337,Panne_OLT,Élevée,484,11.46,25,23,92.0,39.27,-3.15,192.02,18.24,82.16,2.1,26,0,898441.0,8,3.5,Urgente
INC-00177,Doba,Péri_Urbaine,8.6797,16.7906,Intersaison,34.0,48.8,40.4,5,ONT,113,6,102,Corrosion,Critique,283,9.3,30,15,50.0,315.44,-31.43,100.76,36.18,83.77,2.0,46,1,1126290.0,7,5.2,Urgente
INC-00178,Kélo,Urbaine_Dense,12.6712,23.6267,Saison_Seche,42.3,20.4,32.0,1,Connecteur,13,3,351,Surtension,Moyenne,227,68.08,40,30,75.0,942.64,-4.69,79.89,37.45,95.4,1.8,64,0,713704.0,2,19.0,Urgente
INC-00179,N'Djamena_Nord,Urbaine_Moyenne,9.7935,18.0685,Saison_Seche,36.4,29.6,54.8,2,Connecteur,67,13,28,Perte_Signal,Moyenne,51,1.13,48,28,58.3,999.73,-29.91,72.48,3.61,94.87,2.3,30,1,2249705.0,7,11.7,Corrective
INC-00180,Moundou,Péri_Urbaine,13.929,22.2641,Saison_Pluies,26.2,93.9,23.7,17,Cable_Fibre,80,16,339,Panne_OLT,Moyenne,192,63.67,48,34,70.8,613.94,-14.56,188.52,9.49,82.61,8.6,45,0,144005.0,9,3.1,Préventive
INC-00181,Bongor,Urbaine_Dense,15.0321,19.0648,Saison_Seche,46.4,32.4,55.4,0,OLT,118,5,178,Surtension,Moyenne,409,66.07,10,6,60.0,497.23,-3.62,152.02,6.79,99.44,1.8,2,0,198510.0,5,1.2,Urgente
INC-00182,Moundou,Urbaine_Dense,8.3213,15.6552,Saison_Pluies,34.6,74.9,50.2,13,ONT,33,3,161,Rupture_Cable,Moyenne,326,39.87,11,8,72.7,458.46,-28.42,103.51,38.55,89.56,3.2,16,1,982967.0,7,10.5,Urgente
INC-00183,Doba,Rurale,14.8389,22.7399,Saison_Seche,44.6,26.7,45.1,2,Boitier_Etanche,69,16,194,Degradation_Lente,Moyenne,324,26.87,42,33,78.6,684.16,-13.81,145.13,29.75,74.2,7.7,84,1,432351.0,6,18.2,Urgente
INC-00184,Abéché,Urbaine_Dense,14.7276,14.2556,Intersaison,38.4,43.5,26.3,9,Antenne_AirPON,87,8,125,Panne_OLT,Élevée,345,42.76,9,6,66.7,703.06,-5.9,88.79,39.88,63.07,8.9,85,1,1888508.0,8,4.9,Urgente
INC-00185,Sarh,Urbaine_Dense,10.2433,20.6689,Saison_Pluies,29.7,91.8,24.9,10,ONT,39,16,227,Surtension,Élevée,268,39.1,25,20,80.0,149.34,-8.04,154.35,44.73,62.99,1.4,41,1,606827.0,9,1.1,Urgente
INC-00186,Kélo,Péri_Urbaine,7.7307,22.223,Saison_Seche,42.8,26.3,23.7,1,OLT,35,3,275,Panne_OLT,Critique,40,70.29,8,4,50.0,103.88,-27.01,185.92,38.9,78.7,8.4,21,0,728410.0,7,23.2,Urgente
INC-00187,N'Djamena_Centre,Urbaine_Dense,12.8058,22.2363,Saison_Pluies,31.5,82.3,3.1,18,OLT,15,18,269,Degradation_Lente,Moyenne,218,25.26,17,12,70.6,97.63,-6.33,43.85,3.0,62.47,7.1,40,1,663370.0,7,3.5,Urgente
INC-00188,N'Djamena_Nord,Urbaine_Moyenne,10.2577,20.3806,Saison_Pluies,28.3,76.5,36.4,21,Connecteur,37,18,347,Obstruction_Physique,Élevée,400,42.85,24,12,50.0,97.67,-15.34,74.39,28.6,68.97,2.9,77,1,2250982.0,4,5.1,Urgente
INC-00189,Sarh,Urbaine_Dense,9.0332,16.1355,Intersaison,34.8,44.7,47.9,3,OLT,16,10,267,Degradation_Lente,Élevée,393,37.77,17,12,70.6,645.85,-34.44,130.16,19.27,66.57,2.8,42,1,2062210.0,7,16.0,Urgente
INC-00190,Moundou,Urbaine_Dense,8.3685,19.0825,Saison_Pluies,33.1,78.0,44.6,24,Splitter,48,10,157,Degradation_Lente,Élevée,12,12.29,42,29,69.0,926.88,-20.71,104.62,15.11,80.27,7.7,58,0,1360453.0,1,10.1,Corrective
INC-00191,N'Djamena_Nord,Urbaine_Moyenne,9.0682,20.1101,Saison_Seche,42.3,19.3,35.0,1,Cable_Fibre,5,1,106,Rupture_Cable,Moyenne,377,62.99,48,39,81.2,945.28,-32.06,97.66,30.37,91.53,5.5,94,0,30269.0,3,22.2,Urgente
INC-00192,N'Djamena_Nord,Urbaine_Dense,9.3997,22.8418,Intersaison,35.9,40.2,21.4,5,Cable_Fibre,104,15,56,Surtension,Élevée,150,14.91,43,25,58.1,575.52,-14.91,167.79,14.68,64.23,5.3,11,0,837680.0,5,22.6,Urgente
INC-00193,Bongor,Urbaine_Moyenne,13.8666,15.1765,Intersaison,39.3,69.1,41.7,7,Antenne_AirPON,16,5,261,Degradation_Lente,Critique,277,43.57,13,8,61.5,770.14,-6.52,150.21,22.76,69.38,8.9,68,1,1205781.0,3,16.3,Urgente
INC-00194,Sarh,Rurale,13.7706,18.3817,Saison_Seche,36.9,26.3,31.7,0,OLT,49,7,68,Degradation_Lente,Moyenne,225,25.6,26,21,80.8,191.5,-29.21,105.39,11.99,66.03,7.8,22,1,1313743.0,2,10.7,Urgente
INC-00195,N'Djamena_Nord,Urbaine_Moyenne,11.4553,16.9979,Saison_Seche,39.6,27.1,50.4,0,Cable_Fibre,4,14,130,Degradation_Lente,Élevée,136,60.99,21,14,66.7,862.15,-32.1,49.91,47.68,71.2,2.2,87,1,635769.0,5,4.3,Urgente
INC-00196,Sarh,Urbaine_Moyenne,11.9266,17.991,Saison_Pluies,26.7,78.9,16.4,16,Connecteur,9,7,291,Obstruction_Physique,Faible,457,61.09,35,33,94.3,148.45,-9.63,155.38,15.74,92.23,5.3,8,0,1592673.0,7,2.6,Urgente
INC-00197,Bongor,Urbaine_Dense,14.8425,15.422,Saison_Pluies,29.7,87.4,6.1,15,ONT,13,10,26,Rupture_Cable,Élevée,55,10.23,16,9,56.2,87.9,-18.07,88.22,39.16,96.38,1.5,6,0,497817.0,4,16.6,Corrective
INC-00198,N'Djamena_Nord,Rurale,14.7643,15.783,Saison_Pluies,33.4,79.7,0.2,10,ONT,87,0,72,Perte_Signal,Faible,184,68.6,11,9,81.8,317.8,-7.71,184.25,41.86,84.98,8.8,51,1,1199567.0,8,0.9,Préventive
INC-00199,Sarh,Péri_Urbaine,14.1294,21.5834,Saison_Seche,35.2,16.0,44.6,0,Cable_Fibre,68,4,313,Surtension,Élevée,273,10.47,13,7,53.8,609.42,-23.72,1.59,4.12,94.66,5.5,6,0,975818.0,5,15.1,Urgente
INC-00200,N'Djamena_Sud,Urbaine_Moyenne,10.4942,18.523,Saison_Seche,44.2,29.5,36.0,2,OLT,115,7,305,Rupture_Cable,Faible,34,32.73,5,3,60.0,9.18,-0.78,114.05,6.92,77.03,2.1,17,0,894931.0,6,13.3,Préventive
INC-00201,Doba,Urbaine_Dense,10.4324,18.8985,Saison_Pluies,34.1,71.3,3.6,18,Boitier_Etanche,88,16,225,Surtension,Faible,245,50.28,9,5,55.6,884.37,-29.43,123.55,18.98,73.66,7.1,63,1,955381.0,7,9.2,Urgente
INC-00202,Abéché,Urbaine_Moyenne,14.6031,22.9235,Saison_Seche,41.2,13.3,50.4,1,Cable_Fibre,47,19,11,Perte_Signal,Faible,309,29.24,42,30,71.4,172.55,-15.96,28.39,14.47,77.29,4.7,84,1,1130259.0,1,2.1,Corrective
INC-00203,Doba,Urbaine_Dense,14.9121,16.0198,Saison_Seche,41.9,14.9,28.6,1,Antenne_AirPON,50,10,212,Perte_Signal,Moyenne,419,39.93,44,37,84.1,476.09,-33.5,101.77,48.97,64.77,4.4,0,0,632769.0,4,24.0,Urgente
INC-00204,N'Djamena_Centre,Rurale,13.8876,16.9574,Saison_Pluies,25.9,71.7,27.7,15,Boitier_Etanche,93,4,9,Rupture_Cable,Faible,458,71.73,13,7,53.8,333.05,-26.68,24.04,3.7,99.24,1.3,45,0,638017.0,7,17.5,Urgente
INC-00205,N'Djamena_Sud,Urbaine_Moyenne,13.5571,16.7405,Saison_Seche,45.9,25.8,41.1,2,Boitier_Etanche,95,17,34,Corrosion,Faible,4,18.58,21,20,95.2,444.38,-8.27,80.56,47.92,96.35,2.6,1,1,534185.0,1,17.2,Corrective
INC-00206,Kélo,Urbaine_Moyenne,11.9653,20.422,Saison_Pluies,28.1,86.9,38.1,22,Splitter,75,2,253,Defaut_Connecteur,Moyenne,494,54.88,44,28,63.6,528.57,-3.34,135.7,17.96,68.3,9.0,87,0,1671802.0,5,17.8,Urgente
INC-00207,Kélo,Urbaine_Dense,10.2067,19.4057,Saison_Pluies,27.1,91.3,14.3,23,Antenne_AirPON,2,4,179,Defaut_Connecteur,Moyenne,168,47.44,2,1,50.0,323.03,-4.32,136.83,24.02,94.12,1.7,13,1,657494.0,7,18.5,Corrective
INC-00208,Bongor,Urbaine_Dense,9.4251,18.4512,Saison_Seche,36.3,30.2,38.7,0,Connecteur,95,17,208,Defaut_Connecteur,Moyenne,187,68.2,7,4,57.1,788.57,-17.12,96.46,31.3,71.11,9.1,63,1,88782.0,8,2.0,Préventive
INC-00209,Abéché,Péri_Urbaine,8.6227,20.5138,Saison_Pluies,34.2,85.7,51.5,13,Antenne_AirPON,52,8,271,Defaut_Connecteur,Faible,265,7.23,37,23,62.2,544.6,-19.58,165.78,30.92,75.76,6.5,48,1,1104597.0,5,3.3,Corrective
INC-00210,Kélo,Urbaine_Moyenne,13.3256,18.5811,Saison_Pluies,34.9,89.6,23.5,20,Cable_Fibre,77,4,140,Perte_Signal,Moyenne,141,19.31,35,21,60.0,923.14,-27.1,115.97,17.0,74.16,2.3,2,1,1249577.0,3,13.7,Corrective
INC-00211,Moundou,Urbaine_Moyenne,13.7158,22.0676,Saison_Seche,42.3,33.7,17.4,1,Boitier_Etanche,95,17,196,Rupture_Cable,Critique,336,55.16,4,2,50.0,119.21,-14.72,120.67,23.23,87.2,7.3,20,1,2394320.0,3,6.9,Urgente
INC-00212,N'Djamena_Sud,Urbaine_Dense,10.3692,17.8076,Saison_Pluies,34.6,92.7,3.6,11,Boitier_Etanche,24,0,199,Corrosion,Moyenne,292,58.91,33,31,93.9,324.11,-9.64,35.83,13.82,64.77,2.7,33,1,1586881.0,1,21.0,Urgente
INC-00213,Bongor,Urbaine_Dense,7.5483,22.8514,Saison_Seche,36.3,18.1,36.3,1,Antenne_AirPON,11,19,107,Defaut_Connecteur,Moyenne,50,51.55,0,0,100.0,591.29,-0.7,94.24,12.76,85.53,2.6,51,1,286866.0,8,23.2,Corrective
INC-00214,N'Djamena_Centre,Urbaine_Dense,15.0088,14.7561,Saison_Seche,36.9,14.2,45.3,0,Connecteur,47,19,176,Degradation_Lente,Moyenne,213,10.93,4,3,75.0,710.73,-6.06,10.72,4.06,90.5,6.8,98,1,1140037.0,4,18.6,Corrective
INC-00215,Abéché,Rurale,10.9967,14.4865,Saison_Seche,43.0,20.7,58.1,0,Boitier_Etanche,76,19,63,Perte_Signal,Faible,385,23.79,12,8,66.7,705.5,-3.2,52.23,21.16,79.43,9.8,54,0,1878748.0,8,2.1,Corrective
INC-00216,Bongor,Péri_Urbaine,15.2967,20.3849,Saison_Pluies,28.0,90.8,36.7,21,Boitier_Etanche,78,13,284,Obstruction_Physique,Élevée,340,16.18,25,20,80.0,548.23,-6.9,41.88,17.58,84.3,4.5,19,1,2073553.0,6,11.6,Préventive
INC-00217,N'Djamena_Sud,Rurale,12.9189,17.5919,Saison_Pluies,32.8,75.6,26.9,24,OLT,64,5,113,Corrosion,Faible,302,55.08,45,28,62.2,489.05,-24.33,75.43,11.66,87.45,2.1,37,1,1571052.0,9,11.4,Corrective
INC-00218,N'Djamena_Sud,Urbaine_Moyenne,8.4921,18.285,Saison_Seche,39.7,16.0,56.1,0,OLT,60,15,74,Obstruction_Physique,Faible,340,64.35,41,39,95.1,371.3,-17.76,95.0,6.48,93.41,9.4,72,0,2243426.0,5,12.5,Urgente
INC-00219,Bongor,Rurale,10.1156,20.8082,Intersaison,29.5,62.9,10.7,9,Connecteur,88,6,317,Surtension,Faible,403,44.12,33,32,97.0,919.79,-26.16,46.29,5.07,99.52,2.7,47,1,1344662.0,9,16.3,Préventive
INC-00220,Bongor,Urbaine_Dense,12.7564,15.7527,Saison_Seche,43.4,10.5,42.5,0,Cable_Fibre,42,14,47,Surtension,Élevée,19,11.25,42,34,81.0,706.25,-13.6,12.89,17.97,96.82,9.9,14,1,967197.0,9,3.4,Corrective
INC-00221,Moundou,Urbaine_Moyenne,12.694,13.9612,Saison_Seche,36.3,22.9,19.6,2,OLT,35,4,232,Degradation_Lente,Moyenne,473,62.52,30,16,53.3,594.77,-21.46,70.2,24.61,68.7,5.7,55,0,1228205.0,4,16.6,Urgente
INC-00222,Doba,Urbaine_Dense,9.3559,18.1083,Saison_Seche,39.1,22.8,51.7,2,Antenne_AirPON,71,8,273,Obstruction_Physique,Moyenne,492,31.38,37,21,56.8,914.05,-25.47,21.11,35.26,64.55,9.0,94,0,141815.0,8,19.2,Urgente
INC-00223,Doba,Péri_Urbaine,8.9149,22.8946,Saison_Seche,43.1,10.9,44.7,0,Splitter,82,15,307,Corrosion,Faible,41,12.57,21,17,81.0,753.19,-18.79,28.27,34.54,93.97,3.2,8,1,49119.0,2,5.6,Préventive
INC-00224,N'Djamena_Sud,Urbaine_Moyenne,9.7143,18.2327,Intersaison,31.8,63.4,20.0,8,Splitter,91,5,26,Panne_OLT,Élevée,216,44.68,27,13,48.1,826.67,-11.63,161.69,3.86,88.6,8.1,12,0,1518699.0,2,11.1,Urgente
INC-00225,Moundou,Urbaine_Moyenne,13.7951,19.5056,Saison_Pluies,34.1,93.2,46.5,11,Connecteur,62,15,64,Rupture_Cable,Moyenne,124,6.03,9,5,55.6,938.18,-14.71,83.74,2.94,65.98,8.6,31,1,591126.0,1,1.4,Corrective
INC-00226,Abéché,Rurale,9.435,15.6879,Saison_Pluies,33.7,79.2,53.4,19,Splitter,90,0,90,Corrosion,Faible,136,43.14,19,14,73.7,589.97,-20.25,70.0,37.84,67.56,2.4,19,1,1048042.0,2,2.2,Préventive
INC-00227,Moundou,Péri_Urbaine,13.1142,18.3728,Saison_Seche,35.8,19.9,15.1,2,Connecteur,15,5,360,Corrosion,Élevée,168,69.95,46,42,91.3,127.25,-14.29,13.91,40.01,73.48,3.4,20,1,1725494.0,3,12.0,Urgente
INC-00228,Kélo,Rurale,14.46,18.5469,Saison_Seche,41.9,32.1,34.3,2,Cable_Fibre,35,4,263,Defaut_Connecteur,Faible,485,42.74,11,6,54.5,730.26,-31.21,79.78,21.66,80.99,2.7,82,1,967575.0,6,19.7,Corrective
INC-00229,Sarh,Urbaine_Moyenne,10.633,15.969,Intersaison,34.6,62.4,25.2,9,ONT,83,9,222,Obstruction_Physique,Moyenne,462,61.7,17,13,76.5,979.55,-2.29,112.22,15.16,99.42,8.6,26,1,1668765.0,4,6.4,Préventive
INC-00230,Moundou,Urbaine_Moyenne,7.556,15.2199,Saison_Seche,37.2,30.6,55.6,0,OLT,118,15,263,Degradation_Lente,Moyenne,174,62.3,36,23,63.9,598.13,-27.95,66.59,7.66,72.94,8.5,59,1,1079169.0,6,13.3,Préventive
INC-00231,Abéché,Urbaine_Moyenne,8.6357,17.1777,Saison_Seche,42.8,35.0,58.3,2,OLT,56,2,344,Obstruction_Physique,Élevée,204,12.01,36,26,72.2,880.28,-0.94,113.18,10.55,67.11,5.0,74,0,98383.0,2,2.8,Urgente
INC-00232,Abéché,Urbaine_Moyenne,9.9952,13.9081,Saison_Seche,36.9,14.4,6.2,0,Cable_Fibre,59,3,3,Panne_OLT,Moyenne,224,48.25,8,4,50.0,403.22,-18.11,199.78,19.7,70.39,8.4,14,1,2111911.0,7,18.7,Urgente
INC-00233,Sarh,Urbaine_Moyenne,9.0196,15.2477,Saison_Seche,39.2,11.6,32.9,1,Cable_Fibre,70,9,92,Corrosion,Élevée,179,38.45,26,23,88.5,37.48,-18.31,83.08,48.3,87.59,9.4,7,1,1969330.0,6,22.9,Corrective
INC-00234,Abéché,Urbaine_Dense,9.8161,21.1792,Saison_Pluies,28.6,90.9,31.9,11,Antenne_AirPON,107,8,161,Degradation_Lente,Élevée,457,3.31,43,42,97.7,747.49,-1.31,113.04,29.55,73.49,7.7,59,1,1537605.0,2,8.2,Urgente
INC-00235,Sarh,Péri_Urbaine,11.8523,20.3159,Saison_Seche,43.2,25.8,52.1,2,Boitier_Etanche,38,8,303,Panne_OLT,Moyenne,193,13.35,43,28,65.1,42.1,-19.12,37.65,25.85,96.74,2.2,72,0,1250298.0,7,21.1,Corrective
INC-00236,Kélo,Urbaine_Moyenne,7.6686,16.7842,Intersaison,36.8,58.1,46.7,6,Boitier_Etanche,106,10,140,Degradation_Lente,Faible,9,12.25,16,14,87.5,948.82,-33.63,138.08,22.26,78.63,8.4,36,1,265451.0,4,2.2,Corrective
INC-00237,Sarh,Urbaine_Moyenne,8.0143,19.2872,Saison_Seche,46.2,17.9,17.2,2,Cable_Fibre,92,5,150,Perte_Signal,Moyenne,89,44.64,1,0,0.0,532.08,-24.8,3.22,0.24,66.12,1.1,19,1,1690480.0,8,7.0,Corrective
INC-00238,Moundou,Urbaine_Dense,14.3459,22.2085,Saison_Seche,36.5,12.6,31.3,2,Antenne_AirPON,111,15,141,Corrosion,Faible,422,11.35,0,0,100.0,941.2,-14.88,37.54,8.99,63.31,3.0,51,0,25016.0,3,12.6,Urgente
INC-00239,Bongor,Urbaine_Dense,11.6786,22.311,Intersaison,36.0,59.8,22.7,6,OLT,4,7,229,Panne_OLT,Faible,423,21.92,41,40,97.6,219.55,-21.75,73.73,31.3,80.36,4.3,9,0,894387.0,2,10.9,Urgente
INC-00240,Sarh,Urbaine_Dense,14.9842,20.371,Saison_Pluies,28.3,85.6,21.2,12,Connecteur,52,1,307,Obstruction_Physique,Faible,267,7.78,44,22,50.0,795.99,-24.02,150.46,30.09,94.35,1.4,18,0,1329794.0,5,5.1,Urgente
INC-00241,Abéché,Urbaine_Moyenne,7.5262,14.8026,Saison_Pluies,25.3,78.8,43.9,20,Splitter,36,14,44,Defaut_Connecteur,Moyenne,412,4.41,14,7,50.0,344.69,-31.35,146.04,29.16,83.61,1.4,9,0,1814007.0,9,19.5,Urgente
INC-00242,N'Djamena_Sud,Urbaine_Dense,7.5012,15.2105,Saison_Seche,41.1,28.4,36.0,1,OLT,41,9,130,Degradation_Lente,Moyenne,367,71.8,11,8,72.7,231.25,-4.92,176.66,11.62,82.83,1.5,21,0,929712.0,8,4.8,Urgente
INC-00243,N'Djamena_Centre,Rurale,13.4168,16.5626,Saison_Seche,35.3,34.7,11.9,0,ONT,79,4,161,Corrosion,Élevée,460,28.52,17,13,76.5,40.66,-14.84,193.42,14.77,85.48,8.1,47,0,1521763.0,2,7.1,Urgente
INC-00244,N'Djamena_Nord,Rurale,11.31,20.5425,Intersaison,34.9,42.7,37.2,8,Connecteur,69,15,186,Degradation_Lente,Élevée,471,36.12,23,18,78.3,125.61,-2.08,39.62,27.84,97.95,1.9,24,1,182969.0,7,5.7,Urgente
INC-00245,Kélo,Péri_Urbaine,14.8104,16.209,Saison_Pluies,29.5,77.4,27.8,12,Boitier_Etanche,9,5,132,Defaut_Connecteur,Critique,184,2.62,32,17,53.1,395.52,-14.79,190.11,8.13,93.77,5.2,23,1,1787322.0,1,2.5,Corrective
INC-00246,N'Djamena_Centre,Urbaine_Dense,13.7927,18.3765,Saison_Seche,42.2,20.0,20.5,2,Cable_Fibre,88,2,196,Degradation_Lente,Moyenne,360,11.54,42,38,90.5,439.58,-14.86,49.11,12.6,88.32,7.8,25,0,516905.0,4,5.6,Préventive
INC-00247,N'Djamena_Centre,Urbaine_Moyenne,11.5317,22.168,Saison_Seche,38.7,32.5,4.0,1,ONT,53,16,225,Obstruction_Physique,Moyenne,286,43.12,47,43,91.5,428.82,-24.66,124.26,40.23,95.67,9.3,14,1,37711.0,4,6.6,Urgente
INC-00248,Doba,Péri_Urbaine,11.3282,22.8636,Saison_Seche,36.0,28.2,55.7,0,Boitier_Etanche,118,12,56,Defaut_Connecteur,Moyenne,19,28.82,35,31,88.6,224.24,-17.81,33.18,12.59,84.74,7.7,94,0,1626151.0,3,5.4,Corrective
INC-00249,N'Djamena_Nord,Urbaine_Dense,13.9894,22.3047,Intersaison,34.7,57.7,51.7,9,Boitier_Etanche,10,15,323,Degradation_Lente,Élevée,394,44.08,30,25,83.3,800.46,-33.19,5.31,30.77,81.71,6.4,34,1,178585.0,1,0.6,Urgente
INC-00250,N'Djamena_Sud,Urbaine_Moyenne,13.9297,14.7226,Saison_Pluies,34.2,70.3,18.2,14,Boitier_Etanche,116,5,336,Perte_Signal,Élevée,476,22.33,19,9,47.4,680.45,-23.12,63.79,30.16,60.78,3.4,63,1,1141938.0,8,17.3,Urgente
INC-00251,Doba,Rurale,9.7156,23.0629,Saison_Pluies,28.7,93.9,33.4,15,Splitter,98,15,92,Obstruction_Physique,Faible,488,35.39,37,33,89.2,71.25,-25.75,45.19,47.61,79.12,7.6,6,0,2148778.0,1,12.7,Urgente
INC-00252,N'Djamena_Sud,Urbaine_Moyenne,12.8971,20.6835,Saison_Pluies,28.0,91.3,51.9,10,Splitter,38,12,74,Obstruction_Physique,Faible,79,65.56,27,13,48.1,421.31,-18.85,69.0,27.05,61.69,1.3,90,1,928237.0,6,13.0,Corrective
INC-00253,Kélo,Urbaine_Moyenne,12.6456,19.9973,Intersaison,30.9,35.0,31.2,6,OLT,74,15,308,Degradation_Lente,Faible,291,44.41,10,5,50.0,407.68,-22.64,56.51,23.18,91.43,8.3,53,1,1646841.0,7,12.7,Préventive
INC-00254,Kélo,Rurale,14.3487,16.0992,Saison_Pluies,30.3,82.9,8.5,12,Boitier_Etanche,30,3,116,Defaut_Connecteur,Faible,149,51.27,26,14,53.8,881.62,-3.83,23.98,16.78,60.77,2.3,59,0,2228997.0,5,14.2,Urgente
INC-00255,Abéché,Urbaine_Dense,14.4486,23.2464,Saison_Seche,43.0,31.8,28.5,1,Connecteur,47,4,17,Obstruction_Physique,Faible,45,66.62,7,6,85.7,745.4,-33.62,42.52,10.19,61.62,6.3,4,1,1839114.0,4,8.4,Corrective
INC-00256,N'Djamena_Centre,Péri_Urbaine,9.6462,13.6823,Saison_Seche,45.8,10.4,18.8,0,ONT,49,3,213,Degradation_Lente,Moyenne,444,51.52,12,7,58.3,948.13,-26.95,18.47,14.19,61.48,8.6,76,0,1319421.0,6,15.9,Urgente
INC-00257,N'Djamena_Centre,Péri_Urbaine,14.5379,14.363,Saison_Pluies,28.6,77.7,27.5,17,Cable_Fibre,48,0,192,Panne_OLT,Moyenne,71,46.6,20,16,80.0,585.32,-32.39,106.53,48.03,76.27,9.0,3,0,982084.0,9,21.3,Préventive
INC-00258,N'Djamena_Nord,Rurale,14.8966,15.1136,Saison_Seche,36.0,21.7,50.9,2,Boitier_Etanche,81,14,275,Panne_OLT,Élevée,147,61.45,2,1,50.0,696.65,-14.18,165.72,48.09,85.13,5.8,92,1,2255467.0,8,4.1,Préventive
INC-00259,Moundou,Rurale,8.3771,20.7885,Saison_Pluies,32.9,74.5,24.5,21,Cable_Fibre,117,13,211,Degradation_Lente,Faible,294,49.88,36,30,83.3,617.12,-5.11,114.91,9.29,96.5,4.2,10,1,648657.0,4,19.5,Préventive
INC-00260,Bongor,Péri_Urbaine,12.09,20.04,Saison_Seche,35.5,32.9,48.0,0,Boitier_Etanche,114,19,221,Panne_OLT,Faible,148,43.36,48,45,93.8,186.21,-14.95,65.61,3.08,78.24,7.5,28,1,1425160.0,4,23.0,Préventive
INC-00261,Kélo,Urbaine_Moyenne,10.9917,23.4191,Saison_Seche,36.4,33.1,14.0,0,Antenne_AirPON,66,3,346,Perte_Signal,Moyenne,55,17.28,42,37,88.1,49.22,-32.77,169.44,14.8,92.7,9.2,7,0,2104933.0,8,7.1,Préventive
INC-00262,N'Djamena_Centre,Urbaine_Dense,10.7159,17.1643,Saison_Seche,40.8,31.2,35.6,0,Antenne_AirPON,46,9,300,Degradation_Lente,Élevée,235,1.88,6,3,50.0,137.36,-29.37,31.53,38.37,80.76,1.4,48,1,585920.0,2,9.7,Urgente
INC-00263,Moundou,Péri_Urbaine,13.1386,17.15,Saison_Seche,37.6,25.5,25.6,0,ONT,61,5,1,Obstruction_Physique,Élevée,422,30.3,14,12,85.7,624.68,-27.77,165.4,19.2,67.9,4.6,42,0,1141312.0,8,5.7,Urgente
INC-00264,Abéché,Urbaine_Dense,8.5365,20.5301,Saison_Seche,42.8,15.9,58.4,2,OLT,118,18,74,Defaut_Connecteur,Moyenne,489,59.01,4,3,75.0,119.51,-21.77,123.76,14.95,95.67,4.1,97,1,1994664.0,4,23.1,Corrective
INC-00265,Abéché,Urbaine_Moyenne,14.0596,15.3287,Saison_Seche,35.4,16.0,0.0,2,ONT,89,18,313,Obstruction_Physique,Moyenne,157,37.66,33,27,81.8,326.31,-10.24,40.9,18.61,90.74,5.9,17,0,1221661.0,9,5.4,Préventive
INC-00266,Kélo,Péri_Urbaine,7.7128,18.3724,Saison_Seche,45.3,34.1,21.8,0,Connecteur,32,4,279,Obstruction_Physique,Élevée,266,6.04,18,10,55.6,213.81,-3.91,42.39,10.8,84.55,4.7,56,1,1290967.0,4,13.6,Corrective
INC-00267,Bongor,Péri_Urbaine,12.1264,13.662,Saison_Seche,43.1,17.0,48.8,1,Cable_Fibre,31,2,79,Defaut_Connecteur,Faible,87,31.72,32,24,75.0,614.26,-1.38,12.71,31.4,96.23,1.6,89,0,1186964.0,5,20.7,Corrective
INC-00268,Abéché,Urbaine_Moyenne,9.3029,19.7164,Intersaison,28.7,41.8,23.5,6,Cable_Fibre,4,13,321,Surtension,Faible,247,43.54,2,1,50.0,600.74,-30.72,177.24,29.25,90.4,2.1,48,1,1162947.0,8,4.6,Urgente
INC-00269,N'Djamena_Centre,Urbaine_Dense,12.8398,21.7319,Saison_Seche,46.4,28.8,13.1,0,Antenne_AirPON,112,15,110,Perte_Signal,Moyenne,343,17.07,45,26,57.8,368.86,-20.65,150.54,17.61,66.27,1.0,17,1,2377861.0,9,20.5,Corrective
INC-00270,N'Djamena_Nord,Urbaine_Moyenne,11.7035,15.6394,Saison_Seche,43.3,30.6,51.2,1,Antenne_AirPON,6,2,148,Defaut_Connecteur,Critique,358,6.05,4,2,50.0,150.47,-30.17,186.55,24.04,65.35,8.8,23,1,1984631.0,1,4.6,Urgente
INC-00271,N'Djamena_Centre,Urbaine_Dense,15.498,16.7253,Saison_Pluies,29.0,72.9,35.5,19,ONT,49,12,340,Degradation_Lente,Moyenne,362,40.17,18,16,88.9,884.97,-19.74,46.06,0.17,76.22,8.5,34,1,1642810.0,6,11.9,Corrective
INC-00272,Abéché,Urbaine_Dense,14.3986,14.8843,Intersaison,37.4,49.8,33.4,9,OLT,102,3,151,Defaut_Connecteur,Faible,252,6.33,41,23,56.1,365.2,-31.1,9.98,26.43,67.18,6.4,61,1,1499662.0,1,1.1,Urgente
INC-00273,Kélo,Urbaine_Dense,10.1931,19.9646,Saison_Seche,38.3,18.9,24.0,1,Boitier_Etanche,94,13,351,Panne_OLT,Élevée,83,0.85,1,0,0.0,387.14,-6.76,99.45,41.76,74.87,3.7,96,0,109472.0,4,14.0,Urgente
INC-00274,N'Djamena_Nord,Péri_Urbaine,11.7279,19.4222,Saison_Seche,40.1,19.7,9.5,1,OLT,111,1,81,Defaut_Connecteur,Critique,461,53.31,5,4,80.0,248.82,-7.17,63.72,6.91,67.03,5.2,81,0,1944386.0,2,12.6,Urgente
INC-00275,Bongor,Urbaine_Moyenne,10.0425,22.1772,Saison_Pluies,26.4,71.2,34.5,12,Splitter,97,16,219,Panne_OLT,Élevée,470,33.0,38,35,92.1,713.01,-1.54,83.52,46.93,96.48,7.0,94,0,1265746.0,3,17.3,Urgente
INC-00276,N'Djamena_Centre,Urbaine_Moyenne,13.3303,23.6886,Saison_Seche,43.2,11.5,30.3,0,Splitter,34,2,102,Surtension,Moyenne,412,2.99,13,7,53.8,83.81,-33.52,93.31,26.13,72.25,7.9,44,0,2492491.0,3,19.7,Urgente
INC-00277,N'Djamena_Centre,Rurale,10.8793,23.8283,Intersaison,32.9,64.9,24.1,7,ONT,73,3,302,Defaut_Connecteur,Élevée,206,42.99,3,2,66.7,699.96,-28.6,158.77,42.14,94.59,3.9,28,0,1309248.0,9,23.4,Urgente
INC-00278,Kélo,Péri_Urbaine,8.4235,14.6253,Saison_Pluies,29.4,88.7,4.6,20,ONT,4,8,261,Panne_OLT,Moyenne,467,0.95,19,14,73.7,833.66,-3.59,143.68,14.58,73.23,4.1,64,1,1705061.0,1,17.2,Corrective
INC-00279,Sarh,Urbaine_Moyenne,12.7864,19.3079,Saison_Pluies,29.4,73.6,39.1,19,Antenne_AirPON,88,4,44,Panne_OLT,Faible,217,23.5,0,0,100.0,100.36,-13.42,156.09,31.55,62.21,9.3,16,1,2081310.0,9,14.1,Urgente
INC-00280,Sarh,Urbaine_Moyenne,7.5885,21.7914,Saison_Pluies,32.7,74.9,37.9,17,Cable_Fibre,79,7,228,Panne_OLT,Critique,380,12.33,33,21,63.6,827.99,-19.42,46.12,13.98,89.72,3.1,63,1,484632.0,2,19.8,Urgente
INC-00281,Sarh,Péri_Urbaine,9.8783,20.4193,Saison_Seche,35.5,15.9,33.5,1,Cable_Fibre,116,4,307,Rupture_Cable,Élevée,11,28.47,28,15,53.6,71.62,-11.23,9.25,40.76,85.72,6.9,54,1,1390771.0,3,19.7,Préventive
INC-00282,Sarh,Urbaine_Dense,14.7571,22.9184,Saison_Seche,39.7,30.8,7.9,0,Boitier_Etanche,33,17,87,Degradation_Lente,Faible,179,1.04,38,30,78.9,989.14,-26.41,175.7,45.93,93.79,9.3,98,1,2446571.0,2,21.3,Corrective
INC-00283,N'Djamena_Sud,Péri_Urbaine,8.2534,18.1381,Saison_Seche,40.0,23.4,18.2,1,ONT,84,16,114,Surtension,Moyenne,214,69.95,44,34,77.3,497.7,-9.63,75.31,46.08,95.07,6.9,87,1,648396.0,6,21.1,Urgente
INC-00284,N'Djamena_Centre,Urbaine_Dense,11.5354,17.9845,Saison_Pluies,25.8,85.5,28.2,17,Boitier_Etanche,79,13,150,Perte_Signal,Élevée,402,10.66,29,21,72.4,641.55,-17.86,67.6,39.41,91.42,3.7,66,1,2425009.0,4,17.2,Urgente
INC-00285,Sarh,Urbaine_Dense,13.8607,13.7742,Intersaison,35.1,48.4,44.1,4,Boitier_Etanche,104,15,91,Rupture_Cable,Élevée,32,68.98,10,5,50.0,207.78,-12.11,147.95,47.75,93.87,3.6,36,1,2130927.0,6,17.1,Corrective
INC-00286,Bongor,Rurale,14.736,13.6643,Saison_Seche,46.2,29.2,13.4,1,Splitter,116,6,51,Panne_OLT,Critique,408,36.45,47,36,76.6,421.1,-24.45,25.13,40.31,74.66,6.9,55,1,2005500.0,4,6.3,Urgente
INC-00287,Doba,Urbaine_Moyenne,11.9787,20.7728,Saison_Seche,39.6,22.6,48.1,0,Antenne_AirPON,20,8,206,Degradation_Lente,Faible,382,4.87,19,11,57.9,743.76,-16.41,74.58,44.48,72.4,3.8,21,1,390986.0,9,1.6,Urgente
INC-00288,Bongor,Urbaine_Dense,8.7255,18.4504,Saison_Pluies,34.9,80.8,19.1,19,OLT,79,6,203,Degradation_Lente,Élevée,144,63.35,36,25,69.4,137.07,-31.7,92.29,16.24,77.23,7.8,84,0,358525.0,2,13.1,Urgente
INC-00289,N'Djamena_Nord,Péri_Urbaine,15.0269,20.4324,Saison_Seche,37.9,19.4,39.9,1,Boitier_Etanche,53,12,241,Perte_Signal,Faible,159,29.81,20,13,65.0,595.33,-28.53,197.48,32.71,96.04,9.7,56,1,2091562.0,3,8.9,Corrective
INC-00290,N'Djamena_Sud,Rurale,13.4941,16.0013,Saison_Seche,44.4,21.1,56.2,0,Cable_Fibre,52,0,74,Panne_OLT,Élevée,85,10.58,24,18,75.0,606.07,-34.93,154.23,9.64,90.83,8.0,79,1,1587599.0,1,8.2,Corrective
INC-00291,Sarh,Urbaine_Dense,10.6654,22.5625,Intersaison,28.8,57.9,42.9,6,Boitier_Etanche,15,8,357,Perte_Signal,Faible,33,19.48,35,23,65.7,980.97,-24.48,172.81,15.7,84.57,7.9,80,1,1366534.0,7,11.7,Corrective
INC-00292,Kélo,Urbaine_Dense,9.7158,22.9801,Intersaison,36.9,53.1,4.2,4,Cable_Fibre,70,17,234,Corrosion,Moyenne,357,21.13,3,2,66.7,960.81,-34.64,164.35,28.45,73.58,3.4,61,0,2360648.0,4,19.7,Urgente
INC-00293,Moundou,Rurale,7.8817,20.4541,Intersaison,31.5,63.6,22.6,4,Splitter,32,7,75,Panne_OLT,Moyenne,459,43.81,22,20,90.9,791.91,-17.59,57.92,22.85,90.15,7.3,1,1,392673.0,4,17.1,Corrective
INC-00294,N'Djamena_Sud,Urbaine_Moyenne,9.0314,16.4169,Saison_Seche,46.6,28.5,34.7,2,Splitter,57,6,82,Panne_OLT,Élevée,384,69.98,5,4,80.0,916.72,-33.8,35.45,44.63,66.82,7.7,32,1,2364987.0,6,5.4,Urgente
INC-00295,Bongor,Rurale,13.7214,15.7696,Saison_Seche,35.4,33.8,40.4,1,Boitier_Etanche,80,5,230,Defaut_Connecteur,Moyenne,334,13.39,25,23,92.0,771.27,-28.33,188.18,9.79,83.58,8.6,44,0,1388323.0,8,4.5,Préventive
INC-00296,Abéché,Péri_Urbaine,8.369,20.0677,Saison_Pluies,34.2,82.1,20.7,17,OLT,115,6,117,Obstruction_Physique,Élevée,188,15.32,27,24,88.9,217.02,-19.08,13.28,32.05,87.86,8.0,30,1,382717.0,9,23.8,Corrective
INC-00297,N'Djamena_Nord,Urbaine_Moyenne,8.5353,23.3782,Saison_Seche,43.6,25.7,25.7,1,Antenne_AirPON,1,7,56,Perte_Signal,Élevée,209,69.79,23,16,69.6,16.94,-23.95,114.29,19.27,61.39,4.4,58,1,1105827.0,2,15.8,Urgente
INC-00298,N'Djamena_Centre,Urbaine_Dense,9.0675,19.5702,Saison_Seche,43.8,11.8,22.6,2,OLT,16,4,234,Degradation_Lente,Faible,108,15.83,39,31,79.5,848.57,-28.2,67.88,15.04,82.64,4.9,11,1,1906949.0,8,16.5,Corrective
INC-00299,N'Djamena_Centre,Urbaine_Moyenne,10.6627,22.3127,Saison_Pluies,32.1,80.6,41.9,11,Cable_Fibre,56,13,123,Obstruction_Physique,Faible,377,16.56,48,39,81.2,297.8,-21.03,144.9,5.26,99.35,9.4,16,0,252846.0,9,19.1,Corrective
INC-00300,Doba,Péri_Urbaine,9.0126,19.4368,Saison_Pluies,28.1,83.5,54.8,19,ONT,36,10,103,Degradation_Lente,Faible,189,71.39,32,25,78.1,896.37,-32.32,51.71,35.46,75.72,4.5,97,1,2304290.0,7,13.3,Corrective
INC-00301,Moundou,Urbaine_Dense,14.7344,20.5833,Saison_Pluies,33.5,76.0,46.7,20,Connecteur,73,7,1,Panne_OLT,Moyenne,36,47.15,25,20,80.0,339.48,-10.54,153.08,21.21,91.38,5.0,65,1,601762.0,6,9.0,Corrective
INC-00302,Bongor,Péri_Urbaine,9.5612,19.4617,Saison_Seche,40.4,20.9,15.8,1,Splitter,53,8,206,Surtension,Moyenne,320,22.13,25,20,80.0,896.44,-15.97,89.1,41.89,88.44,1.5,87,1,31174.0,6,13.5,Corrective
INC-00303,Sarh,Urbaine_Dense,14.8559,19.5413,Saison_Pluies,33.0,92.8,32.4,19,ONT,81,0,225,Panne_OLT,Faible,129,17.43,24,20,83.3,815.52,-27.54,103.04,38.68,62.74,7.7,32,1,1743720.0,6,15.5,Préventive
INC-00304,Sarh,Urbaine_Moyenne,15.3795,21.2621,Saison_Pluies,33.7,81.6,28.7,12,Boitier_Etanche,38,9,202,Surtension,Faible,99,34.42,29,24,82.8,44.06,-5.44,154.23,21.8,60.52,4.0,14,0,1117717.0,9,12.2,Urgente
INC-00305,Doba,Urbaine_Dense,13.5384,17.6606,Saison_Seche,39.6,14.8,0.9,1,Boitier_Etanche,95,2,245,Corrosion,Faible,15,23.07,37,29,78.4,322.04,-32.18,127.35,12.82,91.06,2.2,72,1,724677.0,4,14.7,Préventive
INC-00306,Kélo,Urbaine_Moyenne,7.5595,22.992,Saison_Seche,36.2,27.2,56.3,0,Connecteur,44,18,106,Corrosion,Faible,489,0.66,35,22,62.9,141.36,-7.86,141.78,39.67,67.46,9.4,11,1,1379733.0,6,22.8,Urgente
INC-00307,Doba,Urbaine_Moyenne,9.4202,22.5667,Saison_Pluies,33.9,76.7,28.0,17,Connecteur,56,14,177,Obstruction_Physique,Moyenne,182,5.03,19,14,73.7,703.14,-33.96,121.36,4.6,73.19,5.2,43,1,641130.0,8,10.0,Corrective
INC-00308,Moundou,Urbaine_Moyenne,9.6387,21.1158,Saison_Seche,46.5,29.2,56.6,2,Boitier_Etanche,104,14,159,Obstruction_Physique,Élevée,88,38.84,35,25,71.4,182.32,-14.62,180.38,20.83,82.18,3.3,51,0,40985.0,2,15.6,Urgente
INC-00309,N'Djamena_Sud,Urbaine_Moyenne,11.842,21.306,Saison_Seche,40.1,15.8,39.9,2,Cable_Fibre,10,6,49,Surtension,Critique,42,18.92,4,3,75.0,556.68,-14.37,50.28,39.1,81.09,3.6,4,1,1152699.0,7,16.8,Corrective
INC-00310,Abéché,Urbaine_Moyenne,8.7671,17.839,Saison_Seche,38.8,13.6,42.5,0,Splitter,105,13,188,Surtension,Faible,83,67.83,31,28,90.3,120.49,-29.99,56.19,8.31,66.2,9.2,65,0,1190649.0,1,13.0,Urgente
INC-00311,Kélo,Urbaine_Dense,8.1177,22.2415,Intersaison,38.7,38.3,25.6,3,Boitier_Etanche,72,7,269,Corrosion,Élevée,365,50.06,41,38,92.7,585.49,-9.75,161.25,25.69,62.7,6.0,44,0,571648.0,2,0.9,Urgente
INC-00312,Abéché,Péri_Urbaine,8.9109,23.2924,Saison_Pluies,34.8,87.4,51.5,24,Connecteur,113,15,55,Perte_Signal,Moyenne,255,70.4,29,17,58.6,600.63,-16.07,12.28,39.16,86.49,6.0,52,0,1025190.0,1,23.6,Urgente
INC-00313,N'Djamena_Nord,Péri_Urbaine,10.1188,21.8491,Saison_Seche,42.6,24.3,11.1,2,ONT,27,11,200,Perte_Signal,Élevée,176,57.97,41,30,73.2,569.15,-26.05,63.52,1.19,94.25,1.9,27,0,1894589.0,8,9.0,Urgente
INC-00314,N'Djamena_Nord,Urbaine_Moyenne,7.8937,14.8967,Saison_Seche,43.7,16.1,57.5,2,Splitter,94,13,99,Degradation_Lente,Moyenne,145,22.58,26,24,92.3,930.73,-9.66,183.88,37.22,99.4,3.8,20,1,2339919.0,5,15.6,Corrective
INC-00315,Sarh,Urbaine_Moyenne,9.0629,21.7595,Intersaison,35.4,41.8,37.0,7,Connecteur,82,14,161,Rupture_Cable,Moyenne,160,53.61,23,18,78.3,15.68,-18.48,68.21,13.21,82.1,6.4,13,0,1840896.0,7,21.0,Corrective
INC-00316,Kélo,Urbaine_Moyenne,8.8402,18.378,Intersaison,34.2,65.5,19.9,4,Connecteur,21,16,87,Corrosion,Moyenne,473,33.46,20,17,85.0,471.85,-19.94,186.26,38.01,82.73,2.3,0,1,987137.0,2,19.7,Urgente
INC-00317,N'Djamena_Sud,Urbaine_Moyenne,13.6789,19.8913,Saison_Seche,43.9,23.3,44.4,2,ONT,8,12,201,Obstruction_Physique,Critique,251,36.98,0,0,100.0,0.19,-34.81,168.34,20.95,90.0,6.3,21,1,982530.0,6,14.4,Urgente
INC-00318,Moundou,Péri_Urbaine,8.8566,23.9072,Intersaison,39.4,50.0,44.7,3,Boitier_Etanche,62,8,197,Corrosion,Moyenne,398,38.14,15,8,53.3,34.02,-17.68,165.67,1.14,69.86,2.4,3,1,264066.0,2,17.3,Urgente
INC-00319,Doba,Urbaine_Dense,13.8323,17.2732,Saison_Pluies,33.1,91.3,46.5,15,Cable_Fibre,17,13,48,Perte_Signal,Faible,486,49.27,13,9,69.2,663.06,-13.15,22.29,28.22,90.64,5.5,7,1,318932.0,8,6.3,Urgente
INC-00320,N'Djamena_Nord,Péri_Urbaine,11.5655,17.1595,Saison_Pluies,28.6,73.7,17.6,12,OLT,59,10,210,Perte_Signal,Élevée,489,26.01,9,6,66.7,873.84,-6.39,6.11,31.95,66.0,4.9,65,1,2288423.0,1,9.2,Urgente
INC-00321,Kélo,Urbaine_Dense,13.5628,16.2629,Saison_Seche,41.3,26.9,1.5,2,Antenne_AirPON,42,18,196,Defaut_Connecteur,Élevée,218,56.46,27,26,96.3,818.02,-1.55,171.33,8.57,83.64,3.3,15,1,2348383.0,3,23.6,Urgente
INC-00322,N'Djamena_Nord,Urbaine_Moyenne,11.1029,14.8348,Saison_Seche,39.8,13.7,53.4,1,Boitier_Etanche,119,4,240,Panne_OLT,Élevée,320,12.51,35,32,91.4,360.9,-26.93,142.26,25.47,99.16,4.7,15,1,1450822.0,9,18.8,Urgente
INC-00323,Doba,Urbaine_Dense,14.7084,15.2658,Saison_Pluies,29.2,78.1,47.9,22,Cable_Fibre,16,0,2,Surtension,Élevée,232,25.73,18,17,94.4,380.33,-5.62,75.76,38.28,75.27,7.7,43,1,568965.0,9,5.1,Urgente
INC-00324,Kélo,Rurale,9.7121,18.8998,Saison_Seche,39.9,26.0,24.1,2,Boitier_Etanche,103,5,269,Perte_Signal,Faible,214,48.67,11,9,81.8,377.33,-31.17,67.93,3.26,76.43,3.8,35,1,1586071.0,6,22.0,Préventive
INC-00325,N'Djamena_Centre,Urbaine_Moyenne,13.6345,23.0529,Intersaison,34.5,67.1,10.0,2,Cable_Fibre,93,3,42,Corrosion,Faible,185,60.9,17,12,70.6,390.06,-10.23,15.88,42.81,92.42,4.6,94,0,1490055.0,7,12.9,Corrective
INC-00326,Moundou,Urbaine_Dense,8.8074,22.0039,Intersaison,28.3,54.9,28.1,6,OLT,26,9,333,Panne_OLT,Élevée,409,61.65,14,13,92.9,360.72,-10.91,108.85,17.59,81.91,6.5,48,0,2168220.0,6,21.0,Urgente
INC-00327,Kélo,Rurale,14.5612,15.4162,Saison_Pluies,26.0,85.8,18.3,22,Splitter,14,3,270,Surtension,Moyenne,291,24.21,18,14,77.8,228.59,-34.49,103.62,48.36,95.73,8.3,58,1,1147804.0,2,16.4,Urgente
INC-00328,Sarh,Péri_Urbaine,7.7275,19.3977,Saison_Seche,44.1,18.1,11.6,0,Connecteur,33,16,211,Degradation_Lente,Moyenne,499,30.34,39,30,76.9,882.35,-19.39,127.05,41.13,69.32,3.9,11,1,479156.0,3,16.3,Urgente
INC-00329,N'Djamena_Nord,Urbaine_Moyenne,11.1595,22.3927,Saison_Pluies,28.7,83.6,29.2,14,Splitter,103,0,297,Degradation_Lente,Moyenne,129,18.87,17,16,94.1,757.53,-13.16,151.78,37.9,90.1,2.7,63,1,1003336.0,1,1.0,Préventive
INC-00330,N'Djamena_Sud,Rurale,10.8701,19.1647,Saison_Seche,46.5,25.7,49.8,0,OLT,22,16,13,Defaut_Connecteur,Faible,103,44.68,27,20,74.1,272.32,-6.16,68.44,7.91,96.99,9.8,93,1,824664.0,6,20.9,Corrective
INC-00331,Bongor,Urbaine_Dense,12.4903,23.07,Intersaison,36.1,60.0,34.9,9,OLT,4,4,202,Degradation_Lente,Critique,236,26.94,16,9,56.2,523.69,-5.41,101.45,25.07,78.85,1.2,43,0,386659.0,3,11.5,Urgente
INC-00332,Abéché,Urbaine_Dense,11.0275,23.0328,Saison_Pluies,29.1,71.1,29.2,20,Cable_Fibre,89,14,110,Surtension,Élevée,85,66.78,20,14,70.0,167.52,-25.41,80.77,17.12,86.14,6.4,91,1,161458.0,2,1.1,Corrective
INC-00333,N'Djamena_Centre,Péri_Urbaine,12.2118,17.1566,Saison_Seche,39.2,16.7,59.6,2,Splitter,96,7,192,Defaut_Connecteur,Moyenne,113,25.23,27,20,74.1,673.32,-14.69,8.86,39.82,82.35,4.6,25,1,702150.0,1,12.2,Préventive
INC-00334,Sarh,Péri_Urbaine,14.3936,22.6763,Saison_Pluies,26.1,70.3,45.6,20,Connecteur,31,0,349,Surtension,Moyenne,469,48.76,15,13,86.7,191.98,-8.26,46.54,16.55,83.91,1.1,79,1,925198.0,6,23.3,Préventive
INC-00335,Kélo,Urbaine_Dense,8.6362,19.6437,Saison_Seche,43.6,17.6,7.9,1,Boitier_Etanche,94,6,212,Defaut_Connecteur,Moyenne,229,47.99,25,18,72.0,802.01,-6.3,169.81,34.07,86.1,5.2,58,0,2325671.0,3,17.0,Urgente
INC-00336,Doba,Péri_Urbaine,9.4532,18.5384,Saison_Seche,42.6,16.6,25.0,0,Boitier_Etanche,61,16,299,Degradation_Lente,Moyenne,174,35.57,18,14,77.8,767.13,-21.1,103.67,22.43,69.58,6.5,6,1,753788.0,3,20.4,Préventive
INC-00337,Sarh,Péri_Urbaine,13.9226,21.6298,Saison_Seche,45.7,18.4,27.9,1,Boitier_Etanche,84,9,299,Rupture_Cable,Critique,407,1.52,0,0,100.0,809.32,-20.15,123.61,38.37,70.87,8.3,59,1,1998524.0,5,1.8,Urgente
INC-00338,N'Djamena_Centre,Rurale,9.3245,21.791,Intersaison,28.6,44.9,36.6,9,ONT,98,9,23,Obstruction_Physique,Moyenne,90,21.1,28,24,85.7,605.85,-13.42,134.15,8.17,73.47,4.0,76,0,1848289.0,5,21.6,Corrective
INC-00339,N'Djamena_Sud,Urbaine_Dense,14.7452,20.5919,Saison_Pluies,33.5,84.3,40.9,15,Cable_Fibre,68,15,57,Panne_OLT,Moyenne,312,50.88,21,15,71.4,64.05,-27.58,179.03,15.31,67.45,9.3,71,1,1117290.0,8,3.8,Urgente
INC-00340,Moundou,Urbaine_Moyenne,11.8265,22.0144,Saison_Seche,43.2,12.6,19.5,2,Splitter,100,14,355,Rupture_Cable,Faible,327,29.56,31,21,67.7,388.12,-15.21,89.15,6.98,94.21,9.9,90,0,1336821.0,1,23.2,Urgente
INC-00341,N'Djamena_Centre,Urbaine_Dense,8.1549,23.49,Saison_Seche,45.5,28.2,22.0,0,Cable_Fibre,9,9,314,Defaut_Connecteur,Moyenne,332,5.0,43,35,81.4,106.77,-11.68,182.76,28.64,72.33,6.5,30,0,1199645.0,2,13.6,Urgente
INC-00342,Moundou,Urbaine_Moyenne,7.6653,22.6674,Saison_Pluies,28.6,73.7,6.2,11,OLT,39,5,248,Obstruction_Physique,Moyenne,191,64.65,17,16,94.1,415.86,-32.84,198.5,18.11,83.02,7.7,71,0,1375789.0,5,8.8,Corrective
INC-00343,Abéché,Urbaine_Dense,13.6032,14.2797,Saison_Pluies,30.1,94.8,5.4,18,Antenne_AirPON,32,2,347,Degradation_Lente,Critique,356,42.16,35,28,80.0,891.37,-14.07,146.4,39.25,65.16,5.3,78,1,1281160.0,4,18.9,Urgente
INC-00344,Abéché,Urbaine_Moyenne,14.3508,22.4253,Saison_Seche,38.5,25.9,45.5,1,ONT,27,11,65,Defaut_Connecteur,Critique,204,5.95,6,3,50.0,332.31,-3.78,156.63,13.94,81.82,7.0,92,1,1142898.0,2,13.8,Urgente
INC-00345,N'Djamena_Sud,Urbaine_Dense,9.4189,21.706,Saison_Pluies,26.5,92.0,55.6,24,OLT,5,13,108,Defaut_Connecteur,Élevée,328,3.33,7,4,57.1,414.34,-18.16,191.51,30.24,81.07,5.9,93,1,2020940.0,7,14.9,Urgente
INC-00346,N'Djamena_Centre,Urbaine_Dense,9.4262,23.2308,Saison_Seche,41.2,13.3,11.8,0,Cable_Fibre,119,10,298,Obstruction_Physique,Élevée,163,6.88,48,26,54.2,755.79,-10.86,108.64,27.03,79.95,4.5,74,1,1613061.0,4,2.7,Préventive
INC-00347,Doba,Urbaine_Dense,15.1328,21.2655,Intersaison,38.8,64.3,55.4,4,Connecteur,96,7,355,Defaut_Connecteur,Faible,476,71.92,43,25,58.1,236.73,-10.58,102.0,35.69,83.42,6.3,36,0,975957.0,9,1.2,Urgente
INC-00348,Bongor,Urbaine_Moyenne,12.7495,22.7175,Saison_Seche,35.9,22.3,20.6,0,Splitter,28,10,89,Corrosion,Critique,21,20.32,12,11,91.7,827.93,-7.32,2.41,36.51,63.44,4.5,61,1,1426323.0,7,1.7,Urgente
INC-00349,Bongor,Urbaine_Dense,8.8409,13.6073,Intersaison,32.0,67.6,52.8,5,Splitter,44,18,87,Defaut_Connecteur,Critique,242,50.6,5,3,60.0,971.28,-19.39,51.02,45.61,99.41,2.8,45,0,694087.0,9,2.3,Urgente
INC-00350,Kélo,Urbaine_Moyenne,11.0887,23.767,Saison_Pluies,28.1,82.1,1.6,13,Antenne_AirPON,84,9,272,Obstruction_Physique,Faible,393,12.04,13,6,46.2,961.39,-10.61,112.69,29.52,96.18,9.2,65,1,30849.0,7,10.0,Préventive
INC-00351,Moundou,Urbaine_Moyenne,14.7835,15.5045,Intersaison,36.2,52.7,5.4,9,Boitier_Etanche,54,6,260,Corrosion,Moyenne,40,18.75,39,33,84.6,39.35,-32.14,193.78,35.37,67.78,4.7,91,1,2145209.0,8,1.7,Corrective
INC-00352,N'Djamena_Sud,Urbaine_Dense,12.4694,22.5744,Saison_Pluies,32.7,76.5,26.1,24,Connecteur,46,15,113,Defaut_Connecteur,Moyenne,40,0.51,0,0,100.0,476.85,-17.69,79.1,48.22,86.03,1.5,68,0,1887398.0,2,20.7,Corrective
INC-00353,Kélo,Urbaine_Dense,10.7598,23.2609,Intersaison,38.3,67.1,50.9,9,Antenne_AirPON,49,7,107,Panne_OLT,Élevée,366,61.66,19,9,47.4,228.17,-5.09,179.31,35.69,87.21,9.5,97,1,98391.0,6,19.8,Urgente
INC-00354,Abéché,Péri_Urbaine,8.7083,13.5233,Saison_Seche,44.1,15.6,27.0,1,Antenne_AirPON,100,13,358,Surtension,Faible,101,71.41,48,31,64.6,11.88,-5.42,38.5,49.39,64.19,2.3,88,1,268615.0,8,23.0,Préventive
INC-00355,Kélo,Urbaine_Moyenne,13.308,23.0936,Saison_Seche,43.3,18.9,50.4,2,Splitter,86,16,334,Corrosion,Élevée,442,27.2,18,9,50.0,425.08,-17.99,97.88,29.28,63.67,3.6,2,1,2002494.0,5,7.6,Urgente
INC-00356,N'Djamena_Centre,Urbaine_Dense,9.7109,22.2067,Saison_Seche,40.8,34.7,20.4,0,Boitier_Etanche,36,19,49,Perte_Signal,Élevée,486,15.31,22,16,72.7,683.29,-4.12,66.84,49.34,80.27,7.7,46,0,1824187.0,5,7.8,Urgente
INC-00357,Moundou,Rurale,12.0273,23.1853,Saison_Seche,35.6,26.3,7.9,1,ONT,38,17,356,Panne_OLT,Faible,140,11.76,6,5,83.3,25.49,-29.76,139.39,9.06,95.23,8.1,29,1,713862.0,5,13.6,Corrective
INC-00358,N'Djamena_Centre,Urbaine_Moyenne,12.3011,15.3573,Intersaison,28.2,46.8,55.5,3,Connecteur,90,3,120,Rupture_Cable,Faible,375,18.8,22,13,59.1,567.38,-5.51,166.22,30.99,61.18,9.8,48,0,369024.0,2,17.8,Urgente
INC-00359,Kélo,Urbaine_Dense,11.9436,21.6631,Saison_Seche,45.0,15.0,4.6,1,Cable_Fibre,69,18,313,Corrosion,Faible,35,27.59,24,19,79.2,69.18,-33.58,1.72,17.81,71.83,3.5,63,1,392847.0,1,11.1,Préventive
INC-00360,Abéché,Péri_Urbaine,9.4719,18.6186,Intersaison,33.8,39.8,42.4,6,Cable_Fibre,84,11,167,Obstruction_Physique,Élevée,224,52.02,48,34,70.8,635.23,-30.9,8.69,30.14,95.68,10.0,44,0,2018075.0,5,17.0,Urgente
INC-00361,Doba,Rurale,13.1662,16.2057,Saison_Pluies,31.3,88.3,53.0,19,ONT,68,13,31,Defaut_Connecteur,Faible,191,51.12,38,35,92.1,490.07,-32.3,114.66,2.7,72.94,8.6,47,1,2328962.0,5,9.5,Corrective
INC-00362,N'Djamena_Sud,Urbaine_Moyenne,12.0284,21.4398,Intersaison,39.5,56.7,7.2,6,Boitier_Etanche,20,6,291,Defaut_Connecteur,Élevée,296,37.0,6,4,66.7,672.27,-8.59,106.53,15.83,66.17,1.1,89,1,1504960.0,6,14.9,Urgente
INC-00363,Doba,Rurale,10.7295,18.4692,Saison_Seche,41.3,34.6,31.1,1,Splitter,25,18,177,Corrosion,Moyenne,290,28.48,32,21,65.6,108.66,-9.29,115.77,0.99,74.53,7.7,31,0,758788.0,9,2.7,Urgente
INC-00364,Doba,Urbaine_Dense,7.917,22.9488,Saison_Seche,42.9,10.3,3.2,2,OLT,112,6,217,Panne_OLT,Faible,189,36.76,11,8,72.7,680.57,-14.63,19.7,24.36,96.39,5.9,87,1,2446462.0,6,3.1,Préventive
INC-00365,N'Djamena_Sud,Rurale,10.1501,20.9627,Saison_Seche,43.9,16.8,27.5,0,Cable_Fibre,31,9,348,Corrosion,Faible,148,40.55,17,10,58.8,252.15,-3.94,72.18,25.81,72.0,7.5,16,0,803061.0,6,2.4,Urgente
INC-00366,Kélo,Urbaine_Dense,10.3196,14.961,Saison_Pluies,30.1,84.7,47.2,15,Connecteur,41,15,363,Surtension,Faible,2,44.26,32,22,68.8,2.54,-4.64,3.77,24.76,75.79,3.3,34,1,1747352.0,6,3.0,Corrective
INC-00367,N'Djamena_Nord,Urbaine_Moyenne,13.8293,16.133,Intersaison,29.8,57.7,18.2,3,Splitter,75,10,151,Degradation_Lente,Faible,195,46.92,46,35,76.1,882.07,-25.07,188.1,45.6,70.25,1.4,15,0,2304590.0,2,1.1,Urgente
INC-00368,Sarh,Urbaine_Dense,11.6076,16.2776,Saison_Seche,38.2,32.5,14.0,2,Connecteur,76,14,311,Defaut_Connecteur,Faible,488,46.47,42,35,83.3,370.78,-21.76,61.82,21.45,70.02,8.6,68,0,1833431.0,2,11.0,Urgente
INC-00369,Doba,Urbaine_Dense,14.957,17.1125,Saison_Pluies,26.5,88.6,15.1,24,Splitter,74,9,360,Panne_OLT,Élevée,201,15.14,44,25,56.8,919.95,-0.13,22.64,10.53,75.83,7.0,52,0,2293729.0,5,8.1,Urgente
INC-00370,N'Djamena_Centre,Rurale,13.5058,20.4977,Saison_Seche,38.7,27.1,47.5,0,Cable_Fibre,49,15,288,Rupture_Cable,Faible,433,34.66,3,2,66.7,523.59,-12.53,135.75,42.19,68.07,6.6,31,1,634911.0,9,21.4,Urgente
INC-00371,N'Djamena_Centre,Urbaine_Dense,11.804,22.8905,Intersaison,37.6,35.2,58.4,3,Connecteur,59,17,319,Surtension,Faible,401,24.17,39,21,53.8,144.77,-23.78,28.86,46.56,84.73,5.9,91,1,874986.0,4,17.7,Urgente
INC-00372,Doba,Rurale,8.8511,19.7339,Intersaison,28.3,69.1,13.7,3,Antenne_AirPON,56,6,162,Rupture_Cable,Élevée,322,42.85,45,22,48.9,736.04,-1.53,9.19,10.44,72.28,6.3,66,0,1700783.0,6,9.1,Urgente
INC-00373,Abéché,Urbaine_Dense,9.2683,21.3939,Saison_Seche,37.9,16.0,4.1,0,Antenne_AirPON,20,19,299,Rupture_Cable,Moyenne,243,35.88,25,23,92.0,964.44,-20.68,60.03,11.66,84.71,5.1,25,1,1235556.0,2,10.8,Corrective
INC-00374,N'Djamena_Nord,Péri_Urbaine,8.7806,16.8257,Saison_Pluies,31.1,76.0,7.6,20,Connecteur,36,12,307,Obstruction_Physique,Faible,257,14.41,34,18,52.9,697.82,-28.14,183.44,7.07,84.86,6.6,58,1,478550.0,7,13.6,Corrective
INC-00375,Doba,Urbaine_Dense,11.0428,18.9859,Saison_Pluies,25.8,93.7,37.7,17,ONT,113,15,166,Defaut_Connecteur,Faible,472,48.96,41,38,92.7,884.08,-24.1,135.64,38.63,95.84,3.8,20,0,1887600.0,2,19.0,Urgente
INC-00376,Doba,Urbaine_Moyenne,13.2802,18.7933,Saison_Pluies,25.9,75.6,40.6,24,Splitter,25,17,16,Surtension,Moyenne,68,1.4,22,21,95.5,144.59,-17.61,2.08,44.63,82.71,9.0,10,1,872695.0,2,8.0,Corrective
INC-00377,Bongor,Péri_Urbaine,13.5746,20.8611,Saison_Seche,36.9,30.8,27.0,1,Cable_Fibre,92,12,140,Corrosion,Critique,498,22.57,27,22,81.5,139.14,-14.59,188.74,40.3,93.65,8.9,65,0,2250115.0,5,13.9,Urgente
INC-00378,Abéché,Urbaine_Moyenne,8.2692,18.9386,Intersaison,29.0,44.2,4.8,8,Boitier_Etanche,97,9,315,Perte_Signal,Moyenne,99,56.49,34,25,73.5,48.27,-29.71,178.18,19.86,88.68,2.5,65,1,1843129.0,2,10.8,Préventive
INC-00379,Kélo,Urbaine_Dense,11.4673,17.0097,Saison_Seche,42.2,18.2,55.7,1,Antenne_AirPON,31,13,123,Perte_Signal,Élevée,251,55.21,21,16,76.2,457.39,-13.94,37.04,8.44,66.53,3.5,3,1,854522.0,6,2.7,Urgente
INC-00380,Abéché,Urbaine_Dense,11.3515,16.061,Saison_Pluies,28.1,94.6,55.8,17,ONT,9,17,301,Defaut_Connecteur,Élevée,497,68.37,35,25,71.4,240.79,-18.88,102.13,47.52,64.37,7.2,26,1,1229388.0,5,19.8,Urgente
INC-00381,N'Djamena_Nord,Urbaine_Dense,11.0111,16.1744,Saison_Seche,41.0,11.8,23.6,2,ONT,117,6,210,Obstruction_Physique,Moyenne,377,42.26,7,4,57.1,806.14,-9.52,186.47,14.83,95.13,3.5,87,1,2350521.0,8,4.2,Préventive
INC-00382,Bongor,Péri_Urbaine,9.9097,23.7993,Saison_Pluies,26.9,90.4,49.3,10,OLT,17,8,307,Obstruction_Physique,Faible,336,34.51,5,3,60.0,139.28,-33.55,132.11,45.79,62.28,1.7,60,0,1473384.0,1,14.0,Urgente
INC-00383,N'Djamena_Centre,Urbaine_Moyenne,11.3065,17.2535,Intersaison,34.8,57.3,53.9,3,Cable_Fibre,12,1,39,Obstruction_Physique,Critique,59,48.01,39,24,61.5,984.77,-0.52,2.48,35.89,69.89,4.7,66,0,1894136.0,6,14.4,Urgente
INC-00384,Sarh,Urbaine_Moyenne,11.6329,21.9693,Saison_Seche,35.0,11.3,30.5,1,Antenne_AirPON,99,18,145,Degradation_Lente,Moyenne,468,60.84,1,0,0.0,654.84,-30.4,31.94,45.97,86.82,1.4,79,1,2394812.0,3,5.2,Urgente
INC-00385,Abéché,Urbaine_Dense,12.2976,14.2493,Intersaison,29.9,67.5,36.1,8,OLT,31,5,243,Obstruction_Physique,Faible,459,43.18,11,7,63.6,308.21,-5.99,2.64,33.81,85.35,9.0,92,1,1946396.0,7,18.5,Urgente
INC-00386,Abéché,Urbaine_Moyenne,10.5189,14.4414,Saison_Seche,40.8,15.6,44.0,0,Splitter,19,2,189,Surtension,Élevée,94,53.57,28,14,50.0,958.68,-8.27,146.72,8.74,95.92,8.1,35,1,127705.0,9,3.4,Corrective
INC-00387,N'Djamena_Centre,Urbaine_Moyenne,15.0608,20.7046,Saison_Seche,36.3,32.2,53.5,0,Antenne_AirPON,65,9,285,Rupture_Cable,Élevée,250,22.58,10,7,70.0,750.81,-5.81,140.62,22.89,70.4,6.4,24,0,659513.0,7,3.1,Urgente
INC-00388,Doba,Urbaine_Dense,10.2107,18.3007,Saison_Seche,36.1,26.3,5.3,2,ONT,47,3,82,Corrosion,Élevée,330,23.54,18,9,50.0,88.22,-26.49,71.48,7.27,70.56,4.4,49,1,715698.0,7,3.2,Urgente
INC-00389,N'Djamena_Centre,Urbaine_Moyenne,14.6604,22.7452,Saison_Pluies,27.7,88.1,3.2,22,Cable_Fibre,76,2,136,Corrosion,Moyenne,315,5.08,44,25,56.8,894.74,-6.24,37.79,11.03,74.4,2.1,40,1,1331277.0,3,21.8,Corrective
INC-00390,N'Djamena_Nord,Urbaine_Dense,13.91,22.5533,Saison_Seche,41.6,32.7,40.5,0,Antenne_AirPON,28,10,114,Degradation_Lente,Critique,465,19.39,2,1,50.0,643.55,-27.18,199.85,17.46,99.61,2.1,60,1,919449.0,2,11.0,Urgente
INC-00391,Doba,Urbaine_Moyenne,11.2222,21.4344,Intersaison,36.4,64.7,2.9,8,Connecteur,44,16,353,Surtension,Faible,255,35.36,48,40,83.3,214.33,-19.43,112.24,7.42,62.74,6.1,32,0,1547832.0,2,6.4,Urgente
INC-00392,Doba,Urbaine_Moyenne,11.4705,22.0608,Saison_Seche,45.3,26.6,6.3,2,ONT,108,5,315,Defaut_Connecteur,Faible,393,47.81,45,34,75.6,19.84,-4.12,94.89,15.27,73.99,9.1,68,1,2305419.0,1,4.9,Urgente
INC-00393,N'Djamena_Centre,Urbaine_Dense,14.4589,22.6403,Saison_Pluies,25.6,87.1,25.3,20,Boitier_Etanche,13,3,84,Corrosion,Faible,97,39.43,20,13,65.0,800.27,-1.82,160.41,4.77,64.32,2.3,76,1,1855026.0,9,20.0,Corrective
INC-00394,N'Djamena_Centre,Urbaine_Dense,11.4418,21.7275,Saison_Pluies,27.8,80.9,10.9,11,Cable_Fibre,3,5,358,Degradation_Lente,Faible,485,51.81,25,13,52.0,465.25,-20.21,118.55,2.41,91.23,9.3,49,0,37607.0,5,16.1,Urgente
INC-00395,Doba,Urbaine_Dense,12.935,19.0324,Saison_Seche,45.3,28.8,53.9,0,ONT,79,8,92,Perte_Signal,Moyenne,297,32.67,26,18,69.2,118.28,-14.66,32.07,7.55,70.06,9.2,3,1,2369956.0,8,6.4,Urgente
INC-00396,N'Djamena_Sud,Urbaine_Dense,13.9744,16.2798,Intersaison,30.7,59.8,19.9,7,Splitter,70,10,202,Degradation_Lente,Moyenne,393,36.94,28,26,92.9,592.85,-22.47,47.38,10.65,62.03,9.0,35,1,481162.0,4,2.5,Urgente
INC-00397,Sarh,Urbaine_Moyenne,14.763,21.7675,Saison_Seche,39.4,19.0,34.7,2,Cable_Fibre,91,19,362,Corrosion,Moyenne,261,33.67,13,7,53.8,804.77,-24.18,165.55,13.83,79.68,3.0,80,0,898963.0,7,15.5,Urgente
INC-00398,Doba,Urbaine_Dense,9.2453,16.8359,Intersaison,29.9,59.7,0.6,2,Boitier_Etanche,57,8,117,Defaut_Connecteur,Faible,80,43.32,0,0,100.0,653.89,-15.38,98.56,30.51,85.57,9.2,38,1,190473.0,2,11.3,Corrective
INC-00399,Sarh,Urbaine_Moyenne,15.3029,16.0706,Saison_Seche,39.7,30.1,30.8,2,Splitter,3,3,222,Degradation_Lente,Moyenne,326,24.42,49,43,87.8,829.12,-32.94,35.96,10.47,93.38,5.3,23,1,456619.0,3,19.4,Corrective
INC-00400,Kélo,Urbaine_Moyenne,15.2227,15.3025,Saison_Seche,39.8,14.0,48.6,0,Cable_Fibre,72,18,128,Degradation_Lente,Moyenne,460,44.16,18,14,77.8,650.54,-13.66,191.2,44.04,60.56,4.9,28,0,2358176.0,3,11.2,Urgente
INC-00401,Abéché,Rurale,9.8788,20.0855,Intersaison,29.3,55.1,58.1,5,Splitter,114,18,360,Panne_OLT,Élevée,171,29.28,35,25,71.4,999.77,-7.73,159.66,3.9,90.2,6.6,19,1,1494628.0,8,9.4,Préventive
INC-00402,Sarh,Urbaine_Dense,12.4098,16.046,Saison_Pluies,34.3,93.7,40.7,23,OLT,73,10,223,Rupture_Cable,Faible,346,43.14,5,4,80.0,399.54,-29.17,164.13,38.91,65.64,9.4,42,1,603557.0,7,21.7,Urgente
INC-00403,N'Djamena_Nord,Urbaine_Dense,7.8753,17.4357,Saison_Pluies,27.1,91.8,12.2,14,Cable_Fibre,101,0,221,Defaut_Connecteur,Moyenne,194,24.67,12,10,83.3,172.72,-29.05,180.02,39.81,90.7,5.2,10,1,488498.0,9,16.7,Préventive
INC-00404,Abéché,Urbaine_Dense,8.8426,20.9452,Saison_Seche,37.1,12.8,21.8,0,Splitter,57,19,318,Panne_OLT,Faible,429,11.72,18,16,88.9,833.41,-19.1,65.75,18.25,66.17,10.0,34,1,2144445.0,4,8.2,Corrective
INC-00405,Bongor,Urbaine_Moyenne,12.1705,21.8352,Saison_Seche,36.7,23.0,9.4,1,Boitier_Etanche,23,4,200,Corrosion,Faible,132,14.03,42,35,83.3,418.72,-15.54,43.92,31.42,72.06,1.7,84,1,335267.0,3,3.9,Corrective
INC-00406,Kélo,Urbaine_Moyenne,12.7008,16.805,Saison_Pluies,25.1,92.9,20.3,19,Cable_Fibre,50,1,285,Panne_OLT,Moyenne,71,10.42,3,2,66.7,523.41,-22.21,38.74,29.72,62.1,6.5,73,1,886678.0,1,13.8,Préventive
INC-00407,N'Djamena_Centre,Péri_Urbaine,11.7768,22.3494,Saison_Pluies,33.9,73.5,33.7,20,Connecteur,82,11,159,Rupture_Cable,Élevée,373,11.43,49,25,51.0,697.1,-25.63,139.69,45.16,74.98,9.6,90,1,1000461.0,7,22.1,Urgente
INC-00408,Sarh,Urbaine_Dense,13.1378,14.1085,Saison_Seche,38.6,14.4,29.2,0,Connecteur,83,15,319,Degradation_Lente,Faible,375,44.61,23,17,73.9,96.1,-14.16,48.07,48.8,69.81,8.2,10,1,209401.0,8,5.0,Urgente
INC-00409,Kélo,Urbaine_Dense,13.8431,23.8517,Saison_Seche,43.5,24.7,52.4,0,Antenne_AirPON,16,10,256,Degradation_Lente,Critique,91,63.25,36,20,55.6,165.15,-29.0,109.43,16.02,65.0,3.3,5,1,1045941.0,8,14.3,Urgente
INC-00410,Kélo,Urbaine_Moyenne,8.8477,17.8772,Intersaison,37.4,47.6,12.2,8,Antenne_AirPON,40,16,278,Obstruction_Physique,Élevée,112,63.48,40,29,72.5,210.46,-3.58,178.22,25.64,71.62,4.9,38,1,1967018.0,7,16.0,Urgente
INC-00411,Kélo,Urbaine_Dense,12.7769,16.9113,Intersaison,39.2,55.5,26.0,4,Antenne_AirPON,119,8,180,Surtension,Faible,458,52.48,31,22,71.0,254.3,-10.21,6.38,6.68,60.32,1.7,33,0,1958108.0,8,9.2,Urgente
INC-00412,Abéché,Péri_Urbaine,12.0008,23.1986,Saison_Seche,37.6,12.0,37.9,1,Splitter,71,15,337,Perte_Signal,Faible,183,39.14,21,15,71.4,585.0,-26.02,25.73,37.65,95.15,9.8,10,1,498041.0,1,1.5,Préventive
INC-00413,N'Djamena_Sud,Urbaine_Dense,8.4407,14.8901,Saison_Pluies,32.8,75.1,58.9,21,Antenne_AirPON,75,6,135,Defaut_Connecteur,Faible,450,33.32,31,30,96.8,785.58,-9.38,85.56,46.54,77.94,6.9,22,1,1901726.0,8,18.8,Urgente
INC-00414,N'Djamena_Sud,Péri_Urbaine,9.3288,17.2569,Saison_Seche,43.1,16.1,12.8,2,Connecteur,104,9,97,Degradation_Lente,Faible,471,9.14,16,13,81.2,731.55,-15.21,186.56,5.72,77.77,5.3,68,0,705134.0,2,12.0,Corrective
INC-00415,Abéché,Urbaine_Dense,10.8574,17.2685,Intersaison,32.9,47.5,50.0,7,Antenne_AirPON,69,0,235,Panne_OLT,Élevée,8,14.31,37,19,51.4,135.19,-1.4,95.18,37.67,86.34,1.3,96,0,1815852.0,5,22.2,Préventive
INC-00416,N'Djamena_Centre,Péri_Urbaine,14.4101,17.9558,Saison_Seche,46.9,15.2,37.1,2,Splitter,111,16,10,Corrosion,Faible,462,67.74,13,11,84.6,420.0,-29.62,100.36,25.03,66.68,7.0,5,1,1770148.0,3,19.3,Urgente
INC-00417,Abéché,Urbaine_Moyenne,9.2362,22.4076,Saison_Pluies,34.5,89.0,8.0,22,Connecteur,13,7,339,Perte_Signal,Faible,412,23.08,12,10,83.3,762.05,-10.32,10.8,48.38,94.16,2.4,68,1,2103590.0,6,3.1,Corrective
INC-00418,Sarh,Urbaine_Dense,8.9634,22.4185,Saison_Pluies,34.8,76.9,47.0,13,ONT,32,15,178,Panne_OLT,Élevée,242,42.39,22,19,86.4,348.82,-19.12,113.64,4.32,63.8,1.7,86,1,2470087.0,5,22.0,Urgente
INC-00419,N'Djamena_Centre,Urbaine_Moyenne,13.2676,19.7122,Saison_Seche,41.0,20.9,10.5,1,ONT,106,8,200,Corrosion,Moyenne,403,44.41,20,13,65.0,255.75,-30.07,199.81,43.94,76.5,1.2,38,1,263518.0,6,7.7,Urgente
INC-00420,Sarh,Péri_Urbaine,15.3063,23.9135,Saison_Pluies,26.4,91.4,42.0,14,Cable_Fibre,83,9,328,Degradation_Lente,Élevée,179,15.65,26,24,92.3,84.48,-29.0,130.61,28.77,89.85,9.3,48,0,657321.0,5,20.4,Préventive
INC-00421,Moundou,Urbaine_Dense,11.0786,22.3637,Saison_Seche,38.0,31.4,14.4,0,Boitier_Etanche,65,11,266,Obstruction_Physique,Moyenne,314,54.66,5,4,80.0,583.7,-26.32,192.38,29.5,76.73,7.1,79,0,1560184.0,8,15.2,Urgente
INC-00422,Bongor,Rurale,10.3011,20.6512,Saison_Seche,44.1,13.5,28.1,1,Splitter,72,9,103,Rupture_Cable,Moyenne,33,6.93,11,6,54.5,236.25,-14.1,185.31,5.01,74.23,3.8,56,1,1372916.0,9,12.9,Corrective
INC-00423,N'Djamena_Centre,Urbaine_Moyenne,9.5315,15.5943,Saison_Seche,38.8,14.3,47.0,1,Connecteur,17,11,187,Defaut_Connecteur,Faible,312,19.36,48,40,83.3,379.48,-13.57,167.06,14.29,84.59,1.6,15,1,2088643.0,3,20.1,Corrective
INC-00424,N'Djamena_Nord,Péri_Urbaine,7.8979,19.2722,Intersaison,31.7,65.9,38.1,3,Boitier_Etanche,69,5,51,Degradation_Lente,Faible,75,40.12,9,6,66.7,446.8,-18.26,43.76,15.09,94.01,8.7,98,0,276143.0,1,23.9,Corrective
INC-00425,N'Djamena_Sud,Urbaine_Moyenne,8.9273,15.746,Intersaison,39.7,64.7,44.4,2,Cable_Fibre,58,18,105,Surtension,Élevée,40,34.98,18,12,66.7,297.99,-15.55,94.17,9.04,87.36,7.5,25,1,1233144.0,3,19.4,Corrective
INC-00426,N'Djamena_Centre,Urbaine_Moyenne,8.2473,16.6674,Intersaison,30.1,52.4,48.2,9,ONT,12,5,353,Surtension,Faible,380,52.78,11,5,45.5,963.83,-1.02,118.34,14.87,66.45,6.7,48,1,889507.0,5,17.3,Urgente
INC-00427,N'Djamena_Sud,Urbaine_Moyenne,11.4528,20.7016,Intersaison,30.2,55.3,2.1,3,ONT,105,10,275,Perte_Signal,Moyenne,250,69.02,36,30,83.3,817.08,-13.78,136.98,10.43,84.86,7.8,37,1,205970.0,7,21.8,Préventive
INC-00428,Kélo,Urbaine_Moyenne,15.3256,15.4364,Saison_Pluies,32.4,84.6,28.8,20,Splitter,40,4,229,Rupture_Cable,Élevée,474,17.78,40,26,65.0,149.55,-22.69,112.44,27.21,98.71,9.6,82,1,1870672.0,2,6.2,Urgente
INC-00429,Sarh,Péri_Urbaine,13.7992,14.4538,Saison_Seche,44.2,27.7,59.1,2,Boitier_Etanche,27,17,105,Surtension,Faible,233,2.54,10,7,70.0,110.73,-5.76,115.7,17.24,80.8,2.2,31,1,1187929.0,3,2.6,Corrective
INC-00430,N'Djamena_Sud,Péri_Urbaine,12.3135,19.0812,Intersaison,35.9,42.9,47.7,3,ONT,69,7,306,Panne_OLT,Faible,246,23.76,11,10,90.9,442.07,-25.91,49.15,22.72,73.6,4.3,12,1,193648.0,5,16.8,Préventive
INC-00431,Moundou,Rurale,11.3931,13.51,Saison_Seche,45.5,20.3,21.9,1,Cable_Fibre,82,6,57,Perte_Signal,Faible,45,59.31,48,32,66.7,537.64,-1.21,37.3,20.07,84.78,1.4,64,1,44737.0,2,20.3,Corrective
INC-00432,Abéché,Urbaine_Dense,12.4375,19.8936,Intersaison,33.1,52.3,17.1,4,Cable_Fibre,51,11,16,Rupture_Cable,Critique,62,53.1,47,28,59.6,182.73,-19.8,42.07,18.66,62.54,3.3,59,0,83551.0,3,9.8,Urgente
INC-00433,Doba,Péri_Urbaine,10.5082,22.9641,Saison_Pluies,28.2,94.8,42.3,11,Cable_Fibre,46,15,96,Obstruction_Physique,Élevée,313,36.96,49,37,75.5,600.81,-22.29,57.81,0.99,90.11,3.6,59,1,999641.0,1,5.2,Urgente
INC-00434,Abéché,Urbaine_Dense,8.9271,15.4975,Saison_Pluies,34.6,73.2,8.2,13,Antenne_AirPON,6,14,194,Panne_OLT,Faible,215,32.51,5,4,80.0,528.31,-19.46,44.13,31.68,72.61,8.6,55,1,2267880.0,5,2.2,Urgente
INC-00435,Abéché,Urbaine_Dense,12.2182,17.5191,Saison_Seche,35.2,20.0,53.0,0,OLT,105,9,14,Obstruction_Physique,Élevée,434,27.36,25,18,72.0,427.74,-7.43,69.8,33.32,62.45,6.5,14,1,651166.0,5,15.2,Urgente
INC-00436,Abéché,Urbaine_Dense,11.7248,23.1218,Saison_Seche,39.2,11.4,4.9,1,Antenne_AirPON,59,17,244,Degradation_Lente,Critique,49,15.33,11,8,72.7,246.93,-34.07,126.31,35.19,87.87,2.0,9,0,354565.0,8,5.8,Urgente
INC-00437,Sarh,Urbaine_Dense,15.0563,20.8906,Saison_Pluies,33.8,78.7,33.5,21,Splitter,71,6,38,Perte_Signal,Moyenne,252,24.55,2,1,50.0,412.17,-1.84,143.97,37.53,66.14,5.0,81,1,1462425.0,7,15.9,Urgente
INC-00438,Sarh,Péri_Urbaine,12.6987,14.9208,Saison_Seche,35.6,25.0,50.8,2,ONT,103,7,68,Defaut_Connecteur,Élevée,13,13.89,24,16,66.7,939.91,-22.89,95.78,34.73,65.54,5.3,90,1,1196185.0,4,19.2,Corrective
INC-00439,Abéché,Péri_Urbaine,13.6874,17.5109,Saison_Seche,41.6,15.1,43.2,0,OLT,46,0,124,Obstruction_Physique,Faible,163,4.71,40,39,97.5,409.99,-5.95,38.94,22.13,70.78,3.5,63,1,1778198.0,3,1.4,Corrective
INC-00440,Abéché,Urbaine_Dense,8.2416,21.4379,Saison_Seche,46.9,19.1,29.1,1,Cable_Fibre,82,7,240,Defaut_Connecteur,Moyenne,64,63.93,3,2,66.7,755.8,-9.41,127.43,12.75,72.33,9.4,94,1,943867.0,7,19.6,Préventive
INC-00441,N'Djamena_Centre,Urbaine_Dense,13.5875,20.4802,Saison_Pluies,27.0,70.4,13.8,23,Splitter,98,15,98,Corrosion,Moyenne,326,17.54,22,11,50.0,16.9,-34.1,177.23,26.13,78.23,6.3,96,1,614378.0,1,16.5,Corrective
INC-00442,Kélo,Urbaine_Dense,15.3628,15.1344,Saison_Pluies,26.6,92.7,36.0,24,OLT,23,6,190,Corrosion,Moyenne,135,6.99,0,0,100.0,148.28,-9.47,146.12,49.66,92.7,4.1,1,0,1879564.0,3,19.2,Corrective
INC-00443,Abéché,Urbaine_Moyenne,12.76,14.1561,Saison_Seche,37.6,13.9,58.0,1,Antenne_AirPON,27,10,194,Rupture_Cable,Élevée,284,36.07,3,2,66.7,246.73,-20.74,19.15,13.32,96.83,9.8,69,1,1246820.0,9,8.9,Urgente
INC-00444,Abéché,Urbaine_Moyenne,13.4367,20.6575,Saison_Seche,37.5,10.7,5.7,2,ONT,3,13,323,Obstruction_Physique,Élevée,149,18.03,16,13,81.2,660.76,-6.84,31.25,25.23,60.94,7.6,90,1,2079307.0,3,22.5,Corrective
INC-00445,N'Djamena_Centre,Péri_Urbaine,15.3362,19.8947,Saison_Pluies,33.4,80.8,1.9,17,ONT,9,0,289,Surtension,Critique,492,29.06,8,5,62.5,537.43,-19.87,113.88,15.41,72.5,8.9,44,1,113606.0,6,20.9,Urgente
INC-00446,Kélo,Rurale,10.6302,14.1231,Saison_Seche,45.0,32.7,25.2,0,Antenne_AirPON,115,15,57,Panne_OLT,Faible,123,69.37,17,11,64.7,594.54,-13.41,136.41,18.74,82.58,8.0,59,0,285147.0,5,11.9,Corrective
INC-00447,Abéché,Urbaine_Moyenne,14.0934,23.7355,Saison_Seche,46.5,23.1,35.5,1,Connecteur,100,18,80,Degradation_Lente,Faible,11,13.47,16,13,81.2,439.57,-17.83,56.4,24.14,75.93,4.9,14,1,978265.0,1,14.5,Corrective
INC-00448,N'Djamena_Sud,Péri_Urbaine,10.6975,16.1506,Saison_Pluies,31.9,90.0,21.5,12,Splitter,98,14,9,Perte_Signal,Faible,474,22.21,16,13,81.2,765.3,-8.44,41.6,36.04,93.95,1.8,71,1,838317.0,7,14.2,Corrective
INC-00449,Doba,Rurale,10.9073,17.5532,Saison_Pluies,31.3,88.4,43.1,13,Connecteur,90,1,232,Panne_OLT,Moyenne,348,36.98,18,15,83.3,113.39,-15.09,78.93,38.96,64.36,5.7,57,0,143371.0,6,23.8,Urgente
INC-00450,Doba,Urbaine_Moyenne,12.7659,15.3648,Saison_Pluies,28.4,82.8,31.4,24,Cable_Fibre,108,14,10,Surtension,Moyenne,57,30.62,39,36,92.3,452.78,-33.46,38.1,8.2,90.95,3.9,58,1,695878.0,3,21.5,Corrective
INC-00451,Kélo,Urbaine_Dense,9.5514,22.1995,Saison_Pluies,28.2,74.6,20.8,16,ONT,34,19,280,Panne_OLT,Moyenne,368,7.11,20,16,80.0,726.55,-3.4,101.88,37.56,83.66,1.4,35,1,1214571.0,7,16.0,Corrective
INC-00452,Kélo,Urbaine_Moyenne,15.4423,23.607,Saison_Pluies,32.6,93.2,47.6,14,Cable_Fibre,40,4,311,Corrosion,Critique,262,53.63,33,26,78.8,399.39,-8.21,15.77,33.92,77.82,3.7,33,1,1777172.0,5,10.9,Urgente
INC-00453,Kélo,Péri_Urbaine,10.1339,15.7397,Saison_Seche,43.9,11.5,6.0,2,Connecteur,15,5,322,Obstruction_Physique,Élevée,473,33.87,30,21,70.0,362.47,-31.04,158.24,35.08,84.22,9.4,69,0,629245.0,7,16.0,Urgente
INC-00454,Moundou,Péri_Urbaine,8.4828,16.4733,Saison_Seche,43.6,21.1,2.4,0,ONT,62,6,357,Panne_OLT,Faible,157,18.64,27,25,92.6,481.58,-3.21,149.28,27.77,98.92,2.1,24,1,2021566.0,1,5.0,Préventive
INC-00455,N'Djamena_Centre,Péri_Urbaine,10.0804,20.9184,Saison_Seche,41.8,12.8,3.4,0,Boitier_Etanche,33,3,215,Degradation_Lente,Moyenne,17,55.44,21,14,66.7,26.87,-26.57,38.79,13.06,63.03,5.7,54,1,2132952.0,9,12.3,Corrective
INC-00456,Bongor,Péri_Urbaine,14.3477,19.0428,Intersaison,37.9,54.2,48.9,5,Splitter,68,4,350,Surtension,Élevée,498,27.53,47,30,63.8,760.36,-4.19,144.84,17.85,72.64,2.2,59,1,664709.0,6,1.9,Urgente
INC-00457,N'Djamena_Centre,Rurale,10.0114,14.6032,Saison_Seche,43.4,28.4,47.9,1,Boitier_Etanche,30,9,201,Perte_Signal,Faible,255,22.92,35,32,91.4,742.77,-0.63,80.34,36.42,83.34,2.7,98,1,1023356.0,8,4.9,Corrective
INC-00458,Sarh,Péri_Urbaine,12.3908,23.2505,Intersaison,36.0,40.1,49.8,6,OLT,16,12,149,Rupture_Cable,Moyenne,74,54.22,33,22,66.7,836.25,-15.3,96.06,3.15,85.83,5.1,95,1,2414690.0,1,14.0,Corrective
INC-00459,Bongor,Rurale,14.9826,19.9171,Saison_Pluies,30.4,87.5,17.0,11,Cable_Fibre,119,6,343,Degradation_Lente,Élevée,180,7.97,10,9,90.0,138.29,-1.53,75.9,3.27,63.75,8.1,23,1,1529204.0,2,16.8,Préventive
INC-00460,N'Djamena_Sud,Urbaine_Moyenne,9.5797,16.6632,Saison_Pluies,29.6,92.9,29.5,14,Cable_Fibre,70,12,23,Rupture_Cable,Faible,101,65.43,6,5,83.3,793.98,-17.11,182.19,37.95,67.17,10.0,89,1,1075742.0,3,12.9,Corrective
INC-00461,Sarh,Urbaine_Moyenne,8.5509,18.6429,Saison_Seche,46.3,14.6,19.2,1,ONT,27,17,2,Perte_Signal,Élevée,73,3.38,21,20,95.2,756.14,-4.59,132.09,28.57,63.5,1.9,3,0,1673152.0,1,1.4,Urgente
INC-00462,N'Djamena_Centre,Rurale,8.2748,18.7526,Saison_Pluies,30.1,87.3,35.2,19,Antenne_AirPON,12,4,304,Panne_OLT,Faible,377,10.07,20,11,55.0,892.7,-31.46,63.06,6.86,82.83,2.6,20,0,1002304.0,3,8.7,Corrective
INC-00463,N'Djamena_Sud,Rurale,11.0229,19.0169,Saison_Seche,41.3,33.8,50.7,1,ONT,94,15,340,Defaut_Connecteur,Moyenne,474,16.71,42,24,57.1,109.36,-4.23,154.04,3.19,95.52,5.4,87,1,2479240.0,1,12.7,Préventive
INC-00464,N'Djamena_Centre,Péri_Urbaine,8.3343,18.7217,Saison_Seche,45.3,28.8,1.2,1,Connecteur,96,0,141,Corrosion,Critique,287,48.63,38,37,97.4,814.78,-32.11,73.49,25.87,97.74,4.3,20,0,101798.0,1,20.7,Urgente
INC-00465,N'Djamena_Nord,Péri_Urbaine,11.1305,19.3988,Saison_Seche,44.9,12.6,34.2,1,Cable_Fibre,41,6,29,Defaut_Connecteur,Moyenne,277,49.47,10,8,80.0,384.25,-30.64,14.89,47.43,74.12,6.3,15,0,365518.0,8,19.9,Urgente
INC-00466,Moundou,Urbaine_Moyenne,14.4017,17.6302,Intersaison,31.8,67.9,12.1,9,Cable_Fibre,111,9,31,Panne_OLT,Critique,76,71.65,6,4,66.7,82.82,-1.54,68.51,37.88,71.07,6.5,4,0,1938446.0,2,4.8,Urgente
INC-00467,N'Djamena_Centre,Urbaine_Moyenne,13.7199,15.0347,Saison_Pluies,31.0,94.3,52.2,20,Cable_Fibre,24,10,70,Panne_OLT,Critique,246,39.38,2,1,50.0,808.38,-0.72,7.68,29.72,61.52,3.9,18,1,2038460.0,1,20.1,Urgente
INC-00468,N'Djamena_Centre,Urbaine_Dense,12.1536,20.4781,Saison_Pluies,33.6,79.8,57.4,13,OLT,28,2,9,Perte_Signal,Moyenne,229,59.65,38,32,84.2,774.29,-0.86,25.09,42.45,76.56,9.1,42,0,1348556.0,5,11.6,Urgente
INC-00469,N'Djamena_Sud,Urbaine_Moyenne,14.3034,21.8211,Intersaison,30.1,39.1,49.7,5,Cable_Fibre,98,12,133,Perte_Signal,Critique,364,32.53,46,34,73.9,620.57,-12.68,10.27,16.2,60.38,3.8,43,1,754268.0,7,20.2,Urgente
INC-00470,Moundou,Urbaine_Dense,8.3022,22.3307,Saison_Pluies,31.0,75.5,2.0,24,Connecteur,106,0,77,Obstruction_Physique,Faible,119,46.25,35,29,82.9,479.04,-24.95,78.14,28.55,93.91,1.9,29,1,1780670.0,8,15.3,Préventive
INC-00471,N'Djamena_Sud,Péri_Urbaine,12.3753,13.7305,Saison_Seche,36.5,21.5,18.2,1,Cable_Fibre,42,12,245,Degradation_Lente,Moyenne,40,4.38,17,12,70.6,277.4,-26.09,195.66,46.63,79.42,3.9,47,0,471394.0,1,9.4,Corrective
INC-00472,N'Djamena_Sud,Rurale,8.4251,17.7486,Intersaison,28.1,64.3,13.8,6,Connecteur,86,9,209,Surtension,Élevée,269,59.18,6,5,83.3,935.05,-12.06,174.06,15.19,98.95,4.3,34,1,615648.0,6,4.1,Urgente
INC-00473,Doba,Urbaine_Dense,11.3571,23.7736,Saison_Seche,39.4,21.5,49.6,1,ONT,81,1,152,Perte_Signal,Moyenne,139,46.9,29,21,72.4,714.76,-26.58,167.17,7.78,69.78,5.3,56,0,1981253.0,9,2.5,Urgente
INC-00474,Doba,Urbaine_Dense,11.2077,14.1569,Saison_Seche,43.2,22.2,1.1,2,Antenne_AirPON,14,0,57,Defaut_Connecteur,Élevée,54,45.28,47,26,55.3,438.82,-26.84,1.89,33.57,79.92,8.2,73,1,1745990.0,6,10.8,Corrective
INC-00475,Kélo,Rurale,9.6212,21.7483,Saison_Seche,39.5,21.4,55.4,0,Connecteur,115,4,80,Perte_Signal,Faible,218,15.87,26,17,65.4,391.86,-11.96,56.61,34.45,92.52,9.8,2,0,1368073.0,4,5.3,Urgente
INC-00476,Moundou,Urbaine_Moyenne,14.1388,14.8242,Saison_Pluies,31.6,73.8,35.2,16,Cable_Fibre,111,9,123,Rupture_Cable,Élevée,150,29.14,40,32,80.0,672.19,-11.81,42.07,17.91,68.81,1.3,80,1,450236.0,9,7.2,Urgente
INC-00477,Kélo,Urbaine_Moyenne,9.3258,22.1587,Intersaison,31.5,66.5,44.6,7,Splitter,79,11,305,Surtension,Élevée,434,16.5,1,0,0.0,388.78,-2.53,160.07,2.97,76.64,7.3,72,0,2109905.0,3,22.7,Urgente
INC-00478,Abéché,Urbaine_Moyenne,11.9152,20.5583,Saison_Pluies,25.6,82.6,27.3,15,Antenne_AirPON,64,12,249,Rupture_Cable,Élevée,129,50.72,17,16,94.1,226.1,-3.81,8.76,30.02,94.62,2.2,52,1,202573.0,6,12.4,Préventive
INC-00479,Kélo,Urbaine_Dense,11.3581,21.1128,Saison_Seche,44.4,18.1,42.4,1,Antenne_AirPON,79,3,315,Corrosion,Critique,379,71.67,20,19,95.0,522.1,-34.69,149.45,2.27,87.4,9.5,43,1,1653235.0,6,5.0,Urgente
INC-00480,N'Djamena_Centre,Urbaine_Dense,10.9532,23.7619,Saison_Pluies,26.2,78.4,20.1,24,ONT,72,7,236,Panne_OLT,Élevée,102,13.9,29,23,79.3,748.22,-2.09,120.01,12.76,85.98,9.7,97,0,1878651.0,5,2.1,Préventive
INC-00481,Sarh,Rurale,7.7683,23.3646,Saison_Pluies,26.8,87.2,39.6,17,Boitier_Etanche,58,15,14,Rupture_Cable,Moyenne,271,8.92,42,21,50.0,948.55,-9.08,36.74,6.25,82.94,4.5,10,1,743333.0,9,19.0,Corrective
INC-00482,Sarh,Péri_Urbaine,13.0739,16.6959,Saison_Pluies,33.4,72.2,25.8,15,OLT,78,9,349,Defaut_Connecteur,Faible,22,24.29,9,6,66.7,267.99,-18.39,129.61,5.54,81.05,2.8,60,1,1936176.0,5,14.2,Préventive
INC-00483,Kélo,Urbaine_Dense,7.6015,17.4398,Saison_Seche,44.1,12.0,55.9,2,OLT,65,4,62,Defaut_Connecteur,Moyenne,154,36.36,24,19,79.2,354.35,-28.94,57.46,2.09,79.04,2.3,81,1,90555.0,9,14.2,Corrective
INC-00484,Moundou,Urbaine_Dense,14.0644,17.7754,Saison_Seche,42.8,27.5,55.8,2,Splitter,65,19,43,Panne_OLT,Faible,179,50.57,39,37,94.9,112.06,-12.28,31.16,36.76,64.3,6.1,51,0,2336826.0,2,10.5,Urgente
INC-00485,N'Djamena_Centre,Urbaine_Moyenne,9.6312,15.396,Saison_Seche,40.5,21.3,34.2,2,Splitter,17,2,142,Degradation_Lente,Moyenne,70,35.72,37,22,59.5,850.25,-30.18,71.59,47.52,74.68,3.7,53,1,966491.0,5,4.4,Corrective
INC-00486,N'Djamena_Nord,Urbaine_Dense,8.46,17.5019,Saison_Pluies,27.5,94.4,46.4,23,ONT,37,13,307,Corrosion,Moyenne,463,70.95,41,22,53.7,643.66,-28.37,184.81,25.23,79.8,3.7,2,1,2100659.0,3,16.4,Urgente
INC-00487,Moundou,Urbaine_Dense,10.8363,23.7798,Saison_Pluies,31.5,90.8,44.5,16,Cable_Fibre,77,4,252,Defaut_Connecteur,Moyenne,486,53.32,18,15,83.3,804.38,-8.25,123.91,38.94,98.73,6.7,41,0,814001.0,6,16.6,Urgente
INC-00488,Sarh,Urbaine_Dense,11.9749,18.6404,Saison_Pluies,26.1,76.8,42.4,12,ONT,55,8,193,Corrosion,Faible,138,13.45,12,7,58.3,67.86,-6.7,112.58,22.31,73.28,6.8,99,1,1774578.0,9,4.0,Corrective
INC-00489,Doba,Urbaine_Dense,9.9829,23.5023,Saison_Seche,43.8,32.8,58.4,2,OLT,78,6,27,Surtension,Critique,141,21.15,36,33,91.7,434.99,-29.98,146.41,22.71,68.56,9.6,38,1,1430839.0,2,6.2,Urgente
INC-00490,Doba,Urbaine_Moyenne,8.4743,14.2503,Saison_Seche,41.4,11.1,52.7,1,ONT,116,5,134,Corrosion,Critique,198,57.82,24,22,91.7,818.11,-9.0,84.49,38.22,61.0,3.0,34,1,1135377.0,5,1.8,Urgente
INC-00491,N'Djamena_Sud,Rurale,7.6466,13.9125,Saison_Pluies,33.5,87.2,44.7,14,Cable_Fibre,16,5,217,Perte_Signal,Moyenne,88,63.23,4,3,75.0,138.79,-28.25,115.52,35.3,78.69,1.1,16,1,2479323.0,1,14.6,Corrective
INC-00492,Moundou,Urbaine_Moyenne,13.1305,19.541,Saison_Seche,46.4,12.2,4.7,0,Cable_Fibre,47,13,132,Perte_Signal,Élevée,138,38.24,3,2,66.7,559.99,-16.11,51.27,6.92,68.67,2.2,97,0,1999183.0,3,13.9,Urgente
INC-00493,N'Djamena_Sud,Urbaine_Dense,14.5915,21.2307,Saison_Pluies,28.0,94.4,21.3,19,Boitier_Etanche,105,8,20,Rupture_Cable,Moyenne,300,32.44,17,8,47.1,511.39,-3.14,96.14,46.02,85.43,4.6,8,1,345373.0,2,16.7,Urgente
INC-00494,Sarh,Urbaine_Dense,8.3042,15.7833,Intersaison,34.9,35.2,20.6,8,OLT,86,15,99,Panne_OLT,Faible,32,10.99,45,44,97.8,0.72,-28.86,155.09,49.04,82.39,6.8,59,1,2440672.0,7,8.2,Corrective
INC-00495,Moundou,Rurale,9.3451,18.7853,Saison_Seche,41.1,25.3,30.7,1,Antenne_AirPON,53,17,330,Rupture_Cable,Faible,223,17.73,35,21,60.0,310.86,-22.32,145.37,3.44,82.5,7.6,71,0,1186297.0,7,11.0,Corrective
INC-00496,N'Djamena_Sud,Urbaine_Moyenne,7.6618,22.6659,Saison_Seche,44.0,14.9,51.4,0,Antenne_AirPON,85,13,199,Surtension,Moyenne,360,50.67,49,34,69.4,451.93,-9.5,160.86,7.12,78.14,1.1,15,0,1601379.0,5,19.3,Urgente
INC-00497,N'Djamena_Nord,Urbaine_Moyenne,14.5805,21.4981,Intersaison,33.8,48.2,40.3,9,Antenne_AirPON,102,8,331,Corrosion,Critique,115,3.53,11,8,72.7,861.73,-17.0,117.83,47.26,87.94,1.5,31,0,317669.0,9,0.5,Urgente
INC-00498,N'Djamena_Nord,Rurale,11.0579,15.934,Saison_Seche,39.6,30.1,46.3,1,Boitier_Etanche,60,13,289,Perte_Signal,Moyenne,19,43.59,16,11,68.8,561.58,-28.97,168.97,28.07,84.67,7.2,85,0,2468859.0,4,7.6,Corrective
INC-00499,Kélo,Urbaine_Moyenne,14.9016,17.0119,Intersaison,31.7,41.3,2.5,4,Antenne_AirPON,50,11,113,Degradation_Lente,Faible,323,16.31,46,41,89.1,239.89,-29.29,23.76,35.51,91.01,1.9,66,1,1203984.0,7,9.2,Corrective
INC-00500,Moundou,Urbaine_Moyenne,11.2448,16.7108,Intersaison,35.4,36.7,3.2,2,Connecteur,99,10,62,Rupture_Cable,Moyenne,36,15.98,37,19,51.4,238.98,-31.65,184.54,18.83,89.18,3.8,93,1,1164616.0,7,14.0,Corrective
INC-00501,N'Djamena_Centre,Rurale,14.3975,21.0548,Saison_Seche,35.5,29.6,55.7,2,OLT,83,13,330,Obstruction_Physique,Faible,61,30.31,20,17,85.0,870.52,-19.25,26.13,17.57,64.61,1.0,17,1,766219.0,8,12.5,Préventive
INC-00502,Sarh,Urbaine_Moyenne,15.1141,23.6659,Saison_Pluies,32.7,85.4,12.6,10,Antenne_AirPON,14,0,95,Defaut_Connecteur,Élevée,379,32.57,14,8,57.1,494.15,-27.71,131.31,32.76,98.95,1.5,71,0,982178.0,5,4.6,Urgente
INC-00503,Abéché,Urbaine_Moyenne,10.1812,16.4408,Saison_Seche,39.0,29.9,47.7,2,Connecteur,89,7,211,Surtension,Moyenne,416,46.73,16,13,81.2,880.72,-2.31,125.37,35.16,68.87,8.0,97,1,1918156.0,6,4.1,Urgente
INC-00504,Abéché,Urbaine_Moyenne,12.6257,19.6772,Saison_Seche,44.8,16.7,32.9,2,Antenne_AirPON,116,6,64,Corrosion,Moyenne,499,10.77,16,14,87.5,683.28,-14.7,145.38,3.22,90.02,8.1,84,1,255728.0,2,17.6,Corrective
INC-00505,N'Djamena_Sud,Rurale,12.8314,23.8799,Saison_Pluies,28.7,86.3,21.0,23,Cable_Fibre,14,16,113,Surtension,Élevée,107,24.75,47,42,89.4,454.59,-26.76,57.77,49.35,91.24,9.7,79,1,713993.0,2,11.0,Corrective
INC-00506,Sarh,Rurale,7.6713,15.1546,Saison_Seche,37.0,25.8,45.8,0,Boitier_Etanche,111,19,264,Degradation_Lente,Élevée,85,11.63,13,10,76.9,927.92,-25.75,131.9,33.99,82.27,2.6,78,1,873614.0,6,12.0,Préventive
INC-00507,Moundou,Péri_Urbaine,11.0058,20.4204,Intersaison,35.3,40.5,57.9,2,Cable_Fibre,54,7,52,Panne_OLT,Moyenne,291,38.18,28,24,85.7,95.62,-16.68,11.46,3.15,64.39,9.0,76,1,646502.0,5,3.5,Urgente
INC-00508,Sarh,Urbaine_Moyenne,14.3426,16.9859,Saison_Pluies,34.2,80.4,15.5,10,Boitier_Etanche,109,14,177,Corrosion,Faible,116,13.85,32,27,84.4,639.96,-25.36,70.44,3.07,66.45,3.0,58,1,553903.0,3,5.7,Corrective
INC-00509,Kélo,Rurale,15.0703,23.9125,Saison_Pluies,32.4,76.8,21.1,22,Cable_Fibre,65,10,239,Corrosion,Élevée,384,63.36,34,17,50.0,985.11,-26.84,136.71,47.56,97.79,5.1,97,1,2497142.0,2,4.4,Urgente
INC-00510,N'Djamena_Nord,Urbaine_Moyenne,14.6938,14.6421,Saison_Seche,41.5,31.7,17.6,1,Splitter,55,14,323,Surtension,Faible,425,4.06,14,11,78.6,932.94,-19.58,91.45,14.31,78.81,7.2,1,0,2045040.0,8,9.2,Corrective
INC-00511,Doba,Urbaine_Moyenne,15.2832,18.2382,Saison_Pluies,28.3,85.5,38.7,22,Antenne_AirPON,38,4,114,Rupture_Cable,Élevée,184,40.83,16,10,62.5,421.55,-16.05,199.36,15.69,74.58,4.5,66,1,564753.0,2,8.5,Urgente
INC-00512,Bongor,Urbaine_Dense,12.7243,16.1772,Saison_Seche,37.9,11.1,43.5,2,ONT,119,7,225,Panne_OLT,Élevée,390,50.91,11,8,72.7,227.53,-31.16,97.5,24.24,92.15,2.7,14,0,2242364.0,4,10.2,Urgente
INC-00513,N'Djamena_Centre,Péri_Urbaine,9.3624,13.8327,Saison_Pluies,33.9,84.2,28.7,18,Connecteur,115,8,213,Rupture_Cable,Élevée,71,64.59,48,39,81.2,204.26,-10.97,135.01,9.77,68.74,4.6,38,0,1000550.0,2,14.6,Urgente
INC-00514,N'Djamena_Centre,Urbaine_Dense,12.1031,23.6178,Intersaison,36.6,65.4,12.9,6,ONT,17,5,97,Corrosion,Élevée,199,17.7,42,40,95.2,71.78,-25.56,159.64,2.22,81.57,2.9,73,1,222163.0,4,4.6,Corrective
INC-00515,Bongor,Péri_Urbaine,10.8692,19.4658,Saison_Pluies,28.6,90.8,19.3,21,ONT,53,15,195,Panne_OLT,Faible,89,48.81,4,3,75.0,967.08,-20.76,175.42,15.9,80.95,2.3,55,1,1497967.0,5,17.8,Corrective
INC-00516,N'Djamena_Centre,Urbaine_Moyenne,9.5692,20.8583,Saison_Seche,44.1,33.9,44.8,1,OLT,86,5,284,Degradation_Lente,Moyenne,471,51.1,14,9,64.3,718.87,-25.36,115.52,7.42,61.31,9.7,77,1,1338867.0,9,6.3,Urgente
INC-00517,N'Djamena_Sud,Urbaine_Moyenne,13.6823,20.0129,Saison_Seche,35.1,24.6,53.0,1,OLT,90,3,85,Perte_Signal,Faible,410,41.41,44,30,68.2,387.13,-17.57,151.33,30.71,81.59,7.9,68,1,1158264.0,9,18.8,Urgente
INC-00518,N'Djamena_Nord,Péri_Urbaine,12.5336,15.059,Intersaison,38.8,66.7,30.5,3,Boitier_Etanche,68,9,40,Corrosion,Moyenne,467,61.29,40,26,65.0,526.47,-0.19,170.02,6.19,79.62,2.0,81,0,475141.0,2,12.1,Urgente
INC-00519,Kélo,Urbaine_Moyenne,13.8208,15.2909,Saison_Pluies,32.4,88.0,14.9,12,Connecteur,40,19,111,Obstruction_Physique,Faible,231,32.92,49,39,79.6,480.37,-7.71,31.09,48.18,87.45,1.5,71,1,1907927.0,9,9.3,Urgente
INC-00520,N'Djamena_Nord,Péri_Urbaine,9.6559,20.0777,Saison_Pluies,26.3,86.1,39.9,22,Boitier_Etanche,43,17,288,Rupture_Cable,Moyenne,322,51.46,44,36,81.8,304.53,-9.77,51.22,38.52,92.18,5.9,64,1,1308955.0,6,10.6,Urgente
INC-00521,Bongor,Rurale,14.7311,21.688,Saison_Pluies,34.3,70.8,38.4,15,OLT,115,15,301,Surtension,Moyenne,187,13.25,34,32,94.1,356.2,-12.03,5.56,43.24,95.22,7.5,97,0,2057423.0,5,15.5,Préventive
INC-00522,N'Djamena_Sud,Urbaine_Dense,9.4097,19.9162,Intersaison,36.2,60.9,54.6,5,OLT,104,12,193,Corrosion,Moyenne,198,69.83,33,18,54.5,671.44,-22.25,127.61,33.51,66.31,4.8,11,0,500228.0,2,10.4,Urgente
INC-00523,N'Djamena_Nord,Urbaine_Moyenne,12.3154,19.4889,Saison_Seche,39.5,19.8,17.1,0,Boitier_Etanche,47,14,158,Rupture_Cable,Faible,458,44.29,19,18,94.7,246.04,-15.74,116.16,46.18,66.7,5.9,75,1,2440085.0,5,3.9,Urgente
INC-00524,Bongor,Rurale,7.9552,21.3326,Intersaison,30.7,39.2,49.0,8,Boitier_Etanche,53,2,208,Rupture_Cable,Faible,94,52.9,1,0,0.0,1.65,-4.66,166.71,20.62,95.72,8.0,91,1,1692059.0,5,17.0,Corrective
INC-00525,Abéché,Péri_Urbaine,11.8277,16.0579,Intersaison,39.7,60.1,40.2,6,Connecteur,9,9,205,Corrosion,Moyenne,358,21.66,25,20,80.0,942.26,-9.49,93.56,5.81,62.47,8.2,38,1,1235897.0,1,23.1,Corrective
INC-00526,Bongor,Rurale,8.2898,21.1823,Saison_Pluies,34.4,89.2,50.4,20,ONT,63,11,320,Corrosion,Faible,421,30.59,0,0,100.0,39.69,-2.4,118.72,30.54,87.47,8.4,88,1,1895448.0,9,4.3,Urgente
INC-00527,Sarh,Rurale,10.1577,17.8178,Saison_Seche,45.4,17.7,6.2,1,Splitter,27,19,313,Rupture_Cable,Moyenne,17,12.74,4,2,50.0,514.26,-4.58,165.87,41.21,83.91,9.1,38,0,1503163.0,6,7.2,Corrective
INC-00528,Moundou,Urbaine_Dense,14.3855,20.5775,Intersaison,34.7,36.7,49.6,5,ONT,25,15,127,Obstruction_Physique,Élevée,146,68.46,31,26,83.9,603.07,-6.66,8.83,45.08,86.66,6.0,6,1,1073260.0,9,19.5,Corrective
INC-00529,N'Djamena_Sud,Urbaine_Dense,14.6482,16.3845,Intersaison,29.3,57.3,28.6,4,Connecteur,101,1,37,Surtension,Élevée,22,65.21,1,0,0.0,148.17,-27.4,22.39,15.25,99.12,9.9,90,1,1948837.0,4,18.9,Corrective
INC-00530,N'Djamena_Centre,Urbaine_Dense,13.6384,14.9434,Intersaison,28.5,56.6,46.5,2,ONT,59,7,130,Corrosion,Faible,298,10.9,25,16,64.0,271.64,-16.5,61.46,4.32,73.06,5.7,54,1,857851.0,7,2.1,Corrective
INC-00531,Sarh,Urbaine_Dense,10.4416,13.8062,Saison_Pluies,25.9,72.5,14.6,14,Antenne_AirPON,11,14,32,Corrosion,Faible,217,17.66,9,8,88.9,424.61,-10.29,47.3,18.68,87.74,6.2,5,0,88317.0,7,9.5,Corrective
INC-00532,N'Djamena_Centre,Urbaine_Dense,12.1298,21.9365,Saison_Seche,45.6,12.9,20.9,2,OLT,68,6,298,Defaut_Connecteur,Moyenne,7,38.31,44,40,90.9,100.94,-20.74,35.59,21.19,95.57,4.0,10,0,1984959.0,6,21.8,Préventive
INC-00533,Abéché,Rurale,9.2918,15.5682,Saison_Seche,40.6,17.5,24.9,0,Splitter,13,2,240,Perte_Signal,Moyenne,442,8.59,15,12,80.0,390.81,-25.58,6.66,5.19,93.65,5.1,6,1,766083.0,1,12.2,Corrective
INC-00534,Abéché,Urbaine_Moyenne,12.9268,17.3164,Intersaison,34.0,67.4,33.0,7,Cable_Fibre,32,4,109,Corrosion,Moyenne,462,42.08,26,15,57.7,996.82,-9.85,196.79,21.17,82.63,3.0,91,1,1533565.0,9,4.2,Corrective
INC-00535,Kélo,Urbaine_Dense,10.2792,21.573,Saison_Pluies,28.5,94.4,30.6,20,OLT,20,17,339,Panne_OLT,Élevée,59,19.13,12,7,58.3,948.33,-22.6,134.66,23.28,91.86,9.0,99,0,2235634.0,4,10.1,Corrective
INC-00536,Bongor,Péri_Urbaine,9.268,18.2269,Saison_Seche,42.4,13.3,14.2,1,Boitier_Etanche,17,12,145,Obstruction_Physique,Moyenne,155,46.16,23,19,82.6,397.35,-22.92,134.71,33.39,79.15,4.8,9,1,667351.0,1,23.6,Corrective
INC-00537,Abéché,Urbaine_Dense,12.1798,15.7843,Saison_Seche,43.3,25.9,54.2,0,Antenne_AirPON,23,9,211,Obstruction_Physique,Moyenne,429,5.66,20,12,60.0,882.83,-14.7,145.68,7.09,68.0,7.3,35,1,2237340.0,6,7.6,Corrective
INC-00538,N'Djamena_Nord,Urbaine_Dense,8.3944,15.545,Saison_Seche,38.5,33.1,56.7,1,Connecteur,4,14,41,Corrosion,Moyenne,140,11.76,4,2,50.0,550.6,-25.5,190.14,21.31,65.67,7.0,70,1,470458.0,5,3.0,Corrective
INC-00539,Doba,Urbaine_Dense,12.9936,17.7833,Saison_Seche,45.8,32.5,14.2,1,Connecteur,86,12,307,Surtension,Faible,182,37.98,13,7,53.8,981.78,-7.71,95.33,49.99,71.92,5.7,7,1,642257.0,7,8.8,Préventive
INC-00540,Sarh,Péri_Urbaine,8.996,19.4344,Intersaison,32.7,63.1,23.5,6,ONT,103,4,190,Degradation_Lente,Critique,423,50.04,17,11,64.7,585.09,-14.05,133.49,15.44,62.51,9.2,30,0,1410535.0,2,1.0,Urgente
INC-00541,Doba,Péri_Urbaine,11.9276,17.6197,Intersaison,31.7,46.4,48.3,5,Antenne_AirPON,96,19,33,Surtension,Élevée,386,42.03,42,23,54.8,83.0,-10.56,176.91,11.0,70.96,7.2,34,1,1345422.0,6,12.2,Urgente
INC-00542,Doba,Urbaine_Dense,10.6401,22.998,Intersaison,30.6,69.7,47.0,6,Boitier_Etanche,86,16,1,Corrosion,Moyenne,22,22.53,38,32,84.2,627.47,-17.01,92.3,2.87,71.53,6.2,89,1,2208059.0,4,18.8,Corrective
INC-00543,N'Djamena_Nord,Urbaine_Moyenne,12.03,13.5403,Saison_Seche,45.0,25.8,58.4,2,Cable_Fibre,11,7,190,Corrosion,Critique,331,41.91,28,14,50.0,373.81,-29.61,114.31,4.42,84.0,9.3,41,0,612461.0,1,14.8,Urgente
INC-00544,Kélo,Urbaine_Dense,9.4677,17.7211,Saison_Seche,43.4,24.9,56.8,0,Cable_Fibre,66,1,159,Panne_OLT,Faible,21,19.75,40,20,50.0,719.02,-33.16,43.14,26.21,93.87,9.3,17,1,2400539.0,5,9.8,Préventive
INC-00545,Moundou,Urbaine_Dense,9.9831,21.2998,Saison_Seche,40.1,29.6,52.5,0,ONT,89,17,155,Obstruction_Physique,Moyenne,290,69.05,17,15,88.2,364.49,-16.51,111.51,16.54,84.83,4.4,78,1,1465774.0,2,6.7,Corrective
INC-00546,Bongor,Urbaine_Dense,8.6226,22.8544,Saison_Seche,39.0,15.7,35.2,1,Boitier_Etanche,16,3,42,Panne_OLT,Critique,130,11.6,8,4,50.0,332.95,-4.94,129.84,40.55,94.72,6.1,61,1,1581835.0,6,3.4,Corrective
INC-00547,Kélo,Urbaine_Dense,13.7157,17.2632,Saison_Seche,43.8,25.7,20.3,1,OLT,94,12,56,Perte_Signal,Élevée,307,43.94,14,12,85.7,664.64,-30.4,24.31,0.98,74.97,8.4,20,1,58684.0,7,8.7,Urgente
INC-00548,N'Djamena_Sud,Urbaine_Moyenne,8.0609,20.5727,Intersaison,38.6,58.9,31.3,8,Splitter,37,9,188,Panne_OLT,Moyenne,42,33.13,40,20,50.0,99.08,-34.19,107.98,39.12,61.22,7.8,20,0,2490810.0,6,7.7,Urgente
INC-00549,N'Djamena_Centre,Urbaine_Moyenne,10.5115,19.5937,Intersaison,33.8,36.0,46.3,2,Boitier_Etanche,76,9,154,Corrosion,Élevée,96,24.8,0,0,100.0,180.51,-29.79,39.63,40.35,62.08,5.6,26,0,884520.0,6,12.5,Urgente
INC-00550,Abéché,Urbaine_Dense,11.0928,15.6161,Saison_Seche,38.0,18.3,6.3,2,Cable_Fibre,45,4,150,Surtension,Moyenne,303,35.63,15,11,73.3,409.32,-1.28,150.46,8.25,97.73,9.4,9,1,1224139.0,3,5.1,Corrective
INC-00551,Abéché,Urbaine_Dense,9.0616,20.6499,Saison_Seche,44.1,15.2,42.2,0,Boitier_Etanche,32,10,96,Panne_OLT,Moyenne,90,8.59,34,23,67.6,12.06,-8.27,178.65,42.72,67.77,4.6,34,1,133081.0,2,11.1,Corrective
INC-00552,Sarh,Rurale,10.5786,16.1204,Saison_Seche,44.5,35.0,53.8,2,ONT,66,9,252,Corrosion,Moyenne,252,30.93,14,10,71.4,192.69,-7.51,198.89,5.72,71.47,1.1,77,1,1196781.0,5,15.3,Urgente
INC-00553,N'Djamena_Sud,Urbaine_Dense,10.8447,21.731,Saison_Pluies,33.5,82.0,12.6,11,Splitter,33,17,139,Rupture_Cable,Moyenne,25,64.73,17,16,94.1,558.66,-2.82,7.81,27.55,62.93,9.5,28,0,248374.0,3,21.5,Urgente
INC-00554,Bongor,Péri_Urbaine,9.2946,22.592,Saison_Pluies,27.6,80.4,48.7,13,ONT,43,13,59,Obstruction_Physique,Élevée,323,11.0,35,28,80.0,728.28,-19.32,110.66,30.06,98.68,1.8,64,0,2416451.0,4,5.8,Urgente
INC-00555,Abéché,Péri_Urbaine,12.614,18.5234,Saison_Pluies,32.7,91.7,53.4,20,Splitter,52,8,292,Obstruction_Physique,Moyenne,457,40.4,37,21,56.8,363.63,-9.71,115.5,30.44,97.41,8.4,36,1,2107068.0,9,8.9,Urgente
INC-00556,Moundou,Urbaine_Dense,7.7468,14.0683,Intersaison,29.5,60.9,4.0,6,Splitter,68,17,82,Degradation_Lente,Faible,441,56.23,19,11,57.9,443.56,-27.52,175.93,25.26,80.58,8.3,1,0,1795714.0,5,11.5,Urgente
INC-00557,Kélo,Urbaine_Dense,9.0805,21.2422,Saison_Seche,42.3,33.4,57.5,0,OLT,114,19,74,Perte_Signal,Faible,235,59.01,11,9,81.8,347.55,-11.88,114.29,32.5,77.24,5.9,21,1,1358787.0,4,15.8,Urgente
INC-00558,Bongor,Urbaine_Dense,12.4926,18.4058,Saison_Seche,38.4,13.2,30.1,1,Connecteur,113,10,54,Panne_OLT,Critique,433,12.46,41,27,65.9,83.66,-26.02,23.42,20.69,65.89,9.9,96,1,1983343.0,8,12.3,Urgente
INC-00559,Doba,Urbaine_Moyenne,12.5202,14.4925,Saison_Seche,36.5,26.7,27.5,1,Connecteur,72,6,150,Surtension,Élevée,120,53.27,34,27,79.4,940.78,-6.99,136.28,49.82,93.2,5.8,92,1,454361.0,8,3.3,Corrective
INC-00560,N'Djamena_Centre,Urbaine_Moyenne,9.6221,16.9769,Saison_Seche,36.9,15.1,36.2,2,Antenne_AirPON,92,6,23,Corrosion,Élevée,349,54.86,10,7,70.0,489.0,-4.84,76.18,28.63,78.69,6.1,82,0,315423.0,6,12.8,Urgente
INC-00561,N'Djamena_Nord,Urbaine_Moyenne,12.9644,16.5517,Saison_Pluies,29.8,84.1,12.8,12,Antenne_AirPON,75,12,114,Perte_Signal,Critique,372,39.37,20,10,50.0,122.14,-12.81,2.51,7.72,95.99,2.5,64,0,71075.0,1,20.3,Urgente
INC-00562,N'Djamena_Sud,Péri_Urbaine,11.2583,21.1268,Saison_Seche,37.0,31.8,39.8,1,Cable_Fibre,84,13,267,Defaut_Connecteur,Faible,179,30.48,15,14,93.3,884.63,-10.8,182.06,23.93,80.22,2.1,42,0,1264135.0,8,6.1,Préventive
INC-00563,N'Djamena_Nord,Urbaine_Moyenne,11.718,17.9527,Saison_Pluies,34.3,88.1,48.5,11,Connecteur,98,6,299,Surtension,Faible,349,4.43,2,1,50.0,462.91,-19.24,97.93,43.93,61.42,4.2,17,1,1726305.0,2,1.2,Urgente
INC-00564,Sarh,Rurale,10.1609,19.664,Saison_Pluies,26.1,93.7,19.3,11,Cable_Fibre,56,17,251,Defaut_Connecteur,Moyenne,298,0.61,33,18,54.5,511.8,-32.4,153.79,8.07,64.28,8.2,79,1,825197.0,7,21.2,Corrective
INC-00565,Abéché,Péri_Urbaine,15.3742,18.7615,Saison_Pluies,26.2,94.8,15.3,15,Boitier_Etanche,13,19,169,Obstruction_Physique,Faible,371,41.96,23,21,91.3,763.2,-15.91,159.9,28.57,96.02,5.4,39,1,83625.0,8,6.2,Urgente
INC-00566,N'Djamena_Nord,Urbaine_Dense,13.3991,21.1047,Saison_Seche,40.1,14.4,54.9,2,Cable_Fibre,63,0,75,Degradation_Lente,Faible,283,26.01,15,11,73.3,475.18,-8.74,108.95,42.66,82.94,8.4,75,0,190547.0,8,19.1,Urgente
INC-00567,N'Djamena_Sud,Urbaine_Moyenne,9.4874,21.0395,Saison_Seche,38.2,15.9,28.1,0,Splitter,45,16,22,Rupture_Cable,Critique,303,20.18,36,20,55.6,505.6,-29.73,112.84,32.78,94.93,3.5,38,1,411358.0,4,16.3,Urgente
INC-00568,Sarh,Péri_Urbaine,9.3925,18.2123,Saison_Seche,43.2,23.0,37.7,1,Cable_Fibre,16,18,151,Corrosion,Élevée,179,8.23,35,27,77.1,68.14,-3.95,40.87,10.51,61.88,2.8,13,0,1135915.0,8,4.1,Urgente
INC-00569,Moundou,Urbaine_Dense,13.6934,14.9178,Intersaison,36.3,57.9,51.3,7,ONT,56,14,89,Degradation_Lente,Faible,334,67.16,0,0,100.0,487.36,-20.43,124.8,26.68,96.55,4.1,72,1,1090447.0,5,12.5,Urgente
INC-00570,Sarh,Péri_Urbaine,10.6041,17.7827,Saison_Seche,39.8,26.9,43.0,2,Boitier_Etanche,65,15,50,Surtension,Moyenne,380,13.14,23,15,65.2,244.36,-25.03,3.06,32.97,79.68,8.5,23,1,362749.0,6,8.2,Corrective
INC-00571,Moundou,Urbaine_Dense,8.2321,15.1814,Saison_Seche,40.1,10.7,19.3,2,ONT,116,0,298,Surtension,Critique,420,47.64,23,17,73.9,383.75,-9.67,11.43,1.74,73.21,7.3,85,0,2036955.0,8,21.7,Urgente
INC-00572,Moundou,Rurale,7.7848,23.5712,Saison_Pluies,28.8,79.9,1.2,22,Splitter,74,2,248,Corrosion,Moyenne,402,2.8,38,35,92.1,582.31,-34.78,156.96,30.89,61.81,7.3,53,1,1626567.0,8,16.2,Urgente
INC-00573,Doba,Péri_Urbaine,10.8116,23.4765,Saison_Seche,40.4,32.1,28.1,2,OLT,13,13,115,Obstruction_Physique,Moyenne,150,47.36,48,33,68.8,61.56,-6.89,55.87,37.5,93.04,6.8,48,1,1173495.0,5,15.2,Corrective
INC-00574,Abéché,Urbaine_Dense,10.8177,18.2952,Saison_Seche,35.4,26.3,14.9,2,Splitter,53,4,124,Panne_OLT,Moyenne,181,47.04,49,47,95.9,88.79,-31.57,77.22,27.66,80.59,3.4,34,0,1825954.0,9,4.5,Corrective
INC-00575,N'Djamena_Sud,Rurale,13.1549,13.7901,Saison_Seche,42.1,10.5,25.2,2,Splitter,97,2,94,Perte_Signal,Faible,464,65.24,13,8,61.5,399.34,-33.71,165.62,22.04,78.43,8.9,59,0,2420884.0,6,23.3,Urgente
INC-00576,N'Djamena_Nord,Urbaine_Dense,12.0982,17.4338,Saison_Seche,46.4,24.9,27.5,1,Connecteur,111,10,152,Corrosion,Faible,67,42.65,33,24,72.7,653.72,-0.12,115.13,27.37,86.22,5.1,81,1,169299.0,2,3.6,Corrective
INC-00577,Doba,Urbaine_Moyenne,13.661,22.8985,Intersaison,38.9,42.2,51.9,7,Connecteur,118,16,257,Surtension,Élevée,255,1.82,41,36,87.8,703.89,-33.09,139.86,1.83,70.66,3.3,24,1,2486536.0,1,17.9,Urgente
INC-00578,N'Djamena_Centre,Péri_Urbaine,10.042,16.5242,Saison_Pluies,28.5,75.6,46.0,24,Antenne_AirPON,17,0,224,Defaut_Connecteur,Faible,116,69.02,36,23,63.9,947.47,-13.01,76.23,21.47,97.93,1.9,16,1,2458997.0,6,22.8,Préventive
INC-00579,Abéché,Rurale,12.494,20.0308,Saison_Seche,37.7,13.1,11.8,1,Splitter,50,15,20,Obstruction_Physique,Faible,338,7.09,10,6,60.0,32.8,-2.86,197.87,7.29,67.78,9.9,22,0,360618.0,2,11.0,Urgente
INC-00580,N'Djamena_Nord,Urbaine_Dense,14.5856,15.4313,Saison_Pluies,32.1,89.6,19.0,20,ONT,40,5,104,Corrosion,Faible,64,17.25,2,1,50.0,252.71,-10.85,86.38,36.62,99.0,4.6,52,1,2252499.0,1,7.1,Corrective
INC-00581,Bongor,Péri_Urbaine,8.0543,22.1642,Saison_Pluies,25.4,83.0,35.0,13,Splitter,43,17,101,Perte_Signal,Moyenne,291,53.52,26,19,73.1,863.35,-28.12,167.47,43.26,86.51,7.3,97,1,1833050.0,9,15.1,Urgente
INC-00582,N'Djamena_Centre,Urbaine_Dense,13.1676,22.8649,Saison_Seche,35.8,29.8,33.9,2,ONT,52,12,33,Degradation_Lente,Moyenne,170,50.57,43,28,65.1,248.0,-27.79,64.47,34.45,95.72,9.4,95,0,539230.0,6,15.2,Corrective
INC-00583,N'Djamena_Sud,Urbaine_Dense,13.2271,19.9588,Saison_Pluies,26.2,85.9,32.7,14,OLT,16,7,170,Obstruction_Physique,Moyenne,494,51.96,49,36,73.5,446.23,-16.14,154.54,23.46,91.15,1.3,49,0,2019792.0,9,15.8,Urgente
INC-00584,Abéché,Urbaine_Dense,13.8522,20.0495,Saison_Pluies,27.9,82.1,57.1,23,Antenne_AirPON,43,13,217,Defaut_Connecteur,Faible,378,30.21,43,27,62.8,640.99,-32.86,20.13,3.63,71.46,9.1,37,0,367179.0,7,15.4,Urgente
INC-00585,Moundou,Péri_Urbaine,9.6524,17.4749,Saison_Seche,46.8,18.9,41.6,0,Connecteur,80,15,178,Defaut_Connecteur,Moyenne,53,27.47,28,18,64.3,944.18,-15.58,199.19,21.83,91.97,9.2,54,1,390199.0,5,1.6,Corrective
INC-00586,N'Djamena_Centre,Urbaine_Dense,10.8322,20.9245,Saison_Pluies,31.4,93.8,5.8,11,Cable_Fibre,51,19,128,Panne_OLT,Moyenne,490,42.38,22,20,90.9,902.1,-19.31,164.46,45.18,63.24,3.0,65,1,413597.0,7,3.7,Urgente
INC-00587,Moundou,Urbaine_Dense,9.4177,18.5238,Intersaison,39.6,43.4,56.4,3,ONT,65,13,192,Defaut_Connecteur,Faible,84,19.62,20,15,75.0,610.12,-21.34,49.83,10.42,64.04,4.0,5,1,1763798.0,1,12.0,Préventive
INC-00588,N'Djamena_Sud,Rurale,9.9687,21.3276,Saison_Seche,35.7,12.2,27.8,0,Boitier_Etanche,85,10,161,Degradation_Lente,Moyenne,6,14.24,7,5,71.4,677.58,-18.6,58.74,39.29,81.95,9.0,43,1,71577.0,6,11.9,Corrective
INC-00589,Bongor,Urbaine_Dense,15.2481,23.6694,Saison_Pluies,31.7,75.3,34.8,17,ONT,60,10,110,Rupture_Cable,Critique,473,11.45,35,22,62.9,886.13,-18.25,67.26,15.88,99.48,5.5,91,1,1287660.0,9,10.0,Urgente
INC-00590,Kélo,Urbaine_Moyenne,11.0652,22.1349,Intersaison,37.6,46.1,49.2,7,OLT,24,13,33,Panne_OLT,Élevée,211,27.73,20,17,85.0,607.32,-16.6,79.67,46.35,86.63,8.4,71,1,1091856.0,9,18.6,Urgente
INC-00591,Abéché,Urbaine_Moyenne,14.2884,18.932,Intersaison,38.2,50.0,12.8,4,Connecteur,54,14,57,Rupture_Cable,Faible,385,64.6,23,21,91.3,229.46,-9.19,68.78,35.66,65.77,1.1,3,1,456691.0,3,3.2,Urgente
INC-00592,Bongor,Urbaine_Dense,13.859,23.7783,Saison_Pluies,27.5,76.2,30.7,14,Boitier_Etanche,46,8,259,Degradation_Lente,Élevée,344,66.58,11,6,54.5,56.21,-12.47,33.97,20.79,95.73,5.3,92,1,226320.0,5,12.4,Urgente
INC-00593,Doba,Urbaine_Moyenne,11.0562,19.8744,Saison_Pluies,33.3,88.0,51.6,23,Connecteur,20,0,40,Perte_Signal,Faible,237,64.26,47,46,97.9,588.31,-26.33,179.27,1.83,87.2,5.8,65,1,902527.0,8,6.3,Corrective
INC-00594,N'Djamena_Sud,Urbaine_Moyenne,15.4374,14.1812,Saison_Pluies,34.2,77.4,44.2,17,Boitier_Etanche,106,8,149,Panne_OLT,Moyenne,197,14.7,18,14,77.8,768.45,-12.34,64.88,5.55,96.05,6.7,82,0,844513.0,1,13.2,Corrective
INC-00595,N'Djamena_Nord,Urbaine_Moyenne,14.2262,21.1689,Intersaison,37.2,54.3,21.0,8,Boitier_Etanche,49,5,66,Panne_OLT,Critique,29,42.76,38,35,92.1,702.07,-34.75,73.79,37.43,89.45,4.6,63,1,2434230.0,4,13.1,Urgente
INC-00596,Kélo,Péri_Urbaine,11.3616,22.1107,Saison_Seche,46.5,32.0,35.4,1,Antenne_AirPON,14,11,178,Corrosion,Critique,356,46.85,18,13,72.2,586.9,-17.88,70.88,43.56,62.48,1.1,47,1,510060.0,5,0.6,Urgente
INC-00597,Moundou,Urbaine_Moyenne,9.9776,14.9158,Saison_Pluies,33.7,91.7,0.5,19,Connecteur,1,12,76,Obstruction_Physique,Élevée,352,33.23,48,41,85.4,487.33,-32.28,141.11,44.4,76.8,5.5,2,1,1245800.0,2,12.1,Urgente
INC-00598,Abéché,Rurale,8.1024,20.6325,Saison_Seche,47.0,12.8,2.8,1,ONT,86,9,146,Panne_OLT,Moyenne,420,41.08,34,33,97.1,684.92,-6.82,27.0,46.35,69.8,6.0,31,1,1238726.0,3,7.4,Urgente
INC-00599,Bongor,Péri_Urbaine,11.2184,23.1696,Saison_Seche,35.2,12.4,6.8,1,Connecteur,117,10,99,Surtension,Élevée,155,9.02,35,34,97.1,76.27,-31.09,48.26,31.38,74.07,4.2,26,1,1237643.0,4,14.6,Corrective
INC-00600,Kélo,Urbaine_Moyenne,10.3801,16.14,Saison_Pluies,33.3,83.1,41.7,11,Connecteur,53,4,313,Perte_Signal,Faible,349,64.73,4,2,50.0,528.25,-3.3,57.58,6.25,72.79,9.2,43,1,2372377.0,7,2.4,Urgente
INC-00601,N'Djamena_Nord,Urbaine_Dense,13.191,19.6426,Saison_Pluies,33.1,91.1,37.2,11,Cable_Fibre,71,5,86,Degradation_Lente,Critique,126,9.71,10,8,80.0,203.39,-19.12,132.33,2.93,97.94,3.7,57,1,931979.0,5,23.1,Corrective
INC-00602,Abéché,Urbaine_Moyenne,7.6574,16.3832,Saison_Seche,43.9,24.2,55.0,1,ONT,101,16,350,Surtension,Moyenne,183,60.1,5,3,60.0,622.35,-28.81,98.88,10.77,66.06,1.4,62,0,242265.0,8,19.3,Urgente
INC-00603,Kélo,Urbaine_Moyenne,14.1516,21.6313,Saison_Seche,36.0,33.2,42.5,1,ONT,32,17,79,Rupture_Cable,Moyenne,492,3.75,24,23,95.8,20.5,-15.62,13.49,12.81,75.04,8.7,25,0,225915.0,4,18.3,Corrective
INC-00604,N'Djamena_Centre,Péri_Urbaine,10.833,19.5969,Saison_Seche,38.5,25.7,25.2,0,Boitier_Etanche,4,15,160,Panne_OLT,Moyenne,447,28.94,11,9,81.8,851.76,-12.33,193.67,46.07,96.94,9.9,1,1,2130907.0,7,14.0,Urgente
INC-00605,Kélo,Péri_Urbaine,11.2579,17.9948,Intersaison,36.1,60.5,52.0,7,Boitier_Etanche,16,18,48,Corrosion,Moyenne,329,14.04,15,13,86.7,516.82,-11.83,22.19,39.08,65.01,8.4,53,1,1440098.0,2,8.4,Urgente
INC-00606,Sarh,Urbaine_Moyenne,8.9623,13.8044,Saison_Pluies,25.1,77.9,2.6,10,Connecteur,116,19,108,Degradation_Lente,Moyenne,78,11.45,14,13,92.9,474.39,-6.13,103.45,20.59,67.66,2.9,98,1,537402.0,4,15.9,Corrective
INC-00607,Kélo,Urbaine_Moyenne,14.9999,23.4204,Saison_Seche,36.6,15.4,0.6,0,Antenne_AirPON,81,8,361,Perte_Signal,Moyenne,210,48.53,41,35,85.4,917.86,-14.17,39.08,20.27,90.63,2.7,42,0,2139968.0,2,22.1,Urgente
INC-00608,Kélo,Péri_Urbaine,10.6871,18.7263,Intersaison,35.2,57.0,15.0,2,Splitter,30,14,157,Surtension,Élevée,436,63.95,45,29,64.4,250.53,-27.8,115.45,1.69,78.52,1.8,54,1,1938888.0,8,22.2,Urgente
INC-00609,Abéché,Urbaine_Moyenne,14.2418,21.9432,Saison_Pluies,28.0,92.1,7.7,18,Connecteur,98,7,289,Rupture_Cable,Élevée,459,56.9,42,34,81.0,225.32,-19.59,113.21,47.0,60.49,8.9,1,1,953649.0,7,13.4,Urgente
INC-00610,N'Djamena_Nord,Urbaine_Dense,9.3996,17.6149,Intersaison,34.6,51.1,16.2,3,ONT,104,4,156,Perte_Signal,Moyenne,226,20.95,0,0,100.0,13.81,-7.19,120.36,15.53,79.61,7.7,40,1,1302889.0,9,22.0,Corrective
INC-00611,Bongor,Rurale,8.2733,22.4156,Intersaison,31.5,45.8,18.3,9,Antenne_AirPON,71,18,194,Surtension,Faible,94,43.74,33,28,84.8,70.27,-19.74,193.3,1.78,77.17,9.4,25,0,1601585.0,6,16.0,Préventive
INC-00612,Sarh,Rurale,12.5861,15.1804,Saison_Seche,46.9,11.9,27.3,1,Antenne_AirPON,20,10,41,Degradation_Lente,Moyenne,11,21.21,33,20,60.6,164.17,-31.66,114.33,10.4,89.68,6.9,65,0,597111.0,9,11.9,Corrective
INC-00613,Bongor,Urbaine_Moyenne,15.3753,15.9307,Saison_Pluies,26.6,78.7,36.6,13,ONT,60,18,109,Corrosion,Faible,57,6.52,44,34,77.3,456.23,-5.41,61.82,11.46,71.66,1.4,96,1,1626059.0,6,23.3,Corrective
INC-00614,N'Djamena_Nord,Rurale,12.6755,17.0006,Saison_Pluies,25.2,78.5,21.1,18,Cable_Fibre,33,16,124,Perte_Signal,Élevée,103,8.39,39,24,61.5,788.77,-1.0,8.27,48.7,62.18,3.9,14,0,1522507.0,5,11.2,Urgente
INC-00615,Kélo,Urbaine_Dense,12.3697,14.4303,Saison_Pluies,31.4,74.0,58.0,11,Antenne_AirPON,100,17,14,Rupture_Cable,Faible,11,12.47,30,25,83.3,155.8,-5.13,86.89,15.92,70.53,6.5,64,0,960103.0,5,22.6,Corrective
INC-00616,Sarh,Urbaine_Dense,11.0378,18.1603,Saison_Pluies,31.0,80.9,32.5,13,OLT,76,9,115,Perte_Signal,Faible,341,47.58,9,8,88.9,200.72,-34.79,165.95,43.82,99.29,5.5,31,1,1520477.0,5,5.8,Urgente
INC-00617,Kélo,Urbaine_Moyenne,9.7704,18.6022,Saison_Seche,41.5,13.5,52.6,1,Connecteur,15,9,56,Perte_Signal,Faible,217,9.65,8,4,50.0,435.67,-0.1,44.96,32.63,74.0,1.8,49,1,750821.0,6,8.9,Urgente
INC-00618,Doba,Rurale,10.9467,14.7054,Intersaison,32.9,46.6,48.1,4,OLT,57,2,11,Corrosion,Élevée,493,41.45,43,42,97.7,961.27,-19.13,177.01,19.81,87.86,1.3,18,1,1428148.0,4,17.4,Urgente
INC-00619,Doba,Urbaine_Moyenne,8.6917,17.9845,Saison_Seche,41.0,32.7,2.9,1,Boitier_Etanche,15,5,326,Defaut_Connecteur,Critique,262,0.09,5,3,60.0,984.0,-23.08,81.04,16.68,70.36,3.6,13,0,1457677.0,8,9.8,Urgente
INC-00620,Sarh,Urbaine_Dense,9.5953,15.5716,Saison_Seche,44.4,30.5,28.3,0,Connecteur,20,3,122,Perte_Signal,Faible,426,52.67,29,27,93.1,861.29,-29.55,99.19,18.12,65.94,7.2,60,1,2459639.0,6,7.3,Urgente
INC-00621,Sarh,Urbaine_Dense,11.3991,22.6897,Saison_Seche,36.6,33.8,48.4,0,Cable_Fibre,81,3,360,Degradation_Lente,Moyenne,66,18.6,20,12,60.0,6.29,-12.41,105.08,17.92,89.41,9.5,62,0,302442.0,6,7.5,Préventive
INC-00622,Doba,Péri_Urbaine,8.6584,18.8476,Saison_Pluies,25.8,73.5,54.4,24,Boitier_Etanche,42,4,314,Rupture_Cable,Élevée,242,40.97,28,16,57.1,588.23,-23.0,134.65,33.58,93.31,6.9,53,1,210319.0,5,4.0,Urgente
INC-00623,Abéché,Péri_Urbaine,13.8323,23.4956,Intersaison,32.8,54.7,38.0,5,OLT,110,6,248,Perte_Signal,Moyenne,419,24.98,25,24,96.0,171.36,-3.85,72.87,23.39,98.82,1.3,47,0,739447.0,4,2.0,Urgente
INC-00624,Abéché,Urbaine_Dense,7.5925,17.085,Saison_Seche,38.2,16.5,55.9,2,Splitter,93,16,127,Obstruction_Physique,Faible,442,38.46,34,33,97.1,870.82,-19.19,130.33,40.41,74.14,8.6,71,0,779988.0,8,21.6,Urgente
INC-00625,N'Djamena_Sud,Urbaine_Moyenne,10.0727,17.0846,Saison_Pluies,26.2,81.1,39.8,18,Connecteur,88,11,205,Defaut_Connecteur,Faible,104,13.96,22,13,59.1,521.6,-24.83,5.71,41.67,78.56,1.6,11,1,2416082.0,4,14.9,Préventive
INC-00626,Kélo,Rurale,11.6332,17.0565,Saison_Seche,42.1,30.7,12.5,0,Connecteur,41,6,39,Degradation_Lente,Moyenne,235,44.57,47,36,76.6,576.4,-31.42,23.01,47.34,84.51,7.5,14,0,2497022.0,5,12.3,Urgente
INC-00627,Kélo,Urbaine_Moyenne,14.9316,16.317,Saison_Pluies,33.6,77.2,33.5,22,Cable_Fibre,15,15,315,Surtension,Faible,287,63.51,24,20,83.3,392.97,-14.71,182.1,4.47,92.43,5.0,49,1,1807418.0,7,16.9,Corrective
INC-00628,Abéché,Urbaine_Dense,12.0876,21.7345,Intersaison,37.2,67.7,45.4,3,Connecteur,12,12,232,Surtension,Faible,430,41.67,33,22,66.7,204.87,-11.36,80.96,35.52,96.17,3.3,59,0,373799.0,5,21.4,Urgente
INC-00629,N'Djamena_Sud,Rurale,9.8592,16.4688,Intersaison,32.2,65.7,40.0,6,Cable_Fibre,19,18,18,Panne_OLT,Critique,134,31.84,8,5,62.5,735.47,-34.3,10.98,17.64,92.27,6.9,43,0,1435670.0,7,8.2,Urgente
INC-00630,Sarh,Urbaine_Moyenne,10.3175,16.5241,Saison_Pluies,30.7,91.5,5.0,20,Connecteur,13,10,180,Obstruction_Physique,Critique,499,34.1,44,32,72.7,522.75,-3.77,22.92,18.02,63.41,7.3,33,0,2190878.0,6,12.2,Urgente
INC-00631,Abéché,Urbaine_Dense,10.2133,13.9924,Saison_Pluies,33.7,81.6,14.2,10,Connecteur,114,3,364,Perte_Signal,Élevée,46,29.12,7,3,42.9,898.55,-34.78,50.63,25.31,72.42,5.6,5,0,1172034.0,6,1.6,Urgente
INC-00632,Moundou,Urbaine_Dense,8.943,23.6363,Saison_Seche,37.8,28.8,41.3,0,Boitier_Etanche,117,17,214,Corrosion,Élevée,169,16.96,32,25,78.1,248.82,-17.38,8.38,48.86,81.79,8.2,26,1,1376821.0,2,18.8,Préventive
INC-00633,Abéché,Urbaine_Moyenne,8.6588,22.8061,Saison_Pluies,32.0,90.0,31.7,17,Boitier_Etanche,33,11,4,Obstruction_Physique,Élevée,188,27.36,19,13,68.4,188.29,-26.34,128.22,26.62,74.02,3.1,56,1,1482916.0,8,2.2,Urgente
INC-00634,Sarh,Péri_Urbaine,11.3451,16.5714,Saison_Pluies,33.3,84.0,1.9,22,Splitter,116,13,290,Obstruction_Physique,Élevée,79,30.36,49,42,85.7,517.99,-1.24,99.14,14.83,96.31,4.0,26,0,1668625.0,3,10.4,Urgente
INC-00635,Bongor,Péri_Urbaine,9.6621,18.9681,Saison_Seche,42.0,27.9,44.3,0,ONT,118,15,77,Defaut_Connecteur,Élevée,434,49.6,16,9,56.2,722.02,-18.7,175.2,5.18,81.25,6.8,90,0,1581225.0,1,17.4,Urgente
INC-00636,Abéché,Urbaine_Moyenne,8.2347,18.5688,Intersaison,33.5,69.3,4.8,5,Connecteur,94,19,2,Surtension,Faible,439,22.93,15,13,86.7,23.93,-3.39,141.24,27.56,66.02,5.3,60,1,1279742.0,6,10.8,Urgente
INC-00637,N'Djamena_Centre,Péri_Urbaine,9.2318,14.4209,Saison_Pluies,27.1,88.1,11.1,16,Boitier_Etanche,7,1,258,Surtension,Élevée,249,27.12,14,7,50.0,296.35,-2.06,40.4,25.4,86.43,1.7,37,1,896079.0,2,11.6,Urgente
INC-00638,N'Djamena_Centre,Urbaine_Moyenne,11.6658,19.0776,Saison_Pluies,26.9,90.5,54.3,19,Connecteur,44,7,240,Degradation_Lente,Élevée,35,44.86,12,7,58.3,515.29,-21.32,37.41,22.61,76.31,2.1,73,1,956934.0,2,20.9,Corrective
INC-00639,N'Djamena_Sud,Péri_Urbaine,9.5551,14.6899,Saison_Seche,45.7,18.2,18.9,0,OLT,18,1,18,Surtension,Moyenne,426,56.85,4,3,75.0,204.15,-12.38,147.67,23.94,93.07,8.0,51,0,837784.0,3,9.6,Urgente
INC-00640,N'Djamena_Sud,Urbaine_Dense,9.4019,18.0579,Saison_Seche,42.0,23.0,2.1,2,Cable_Fibre,61,15,345,Panne_OLT,Élevée,150,60.61,37,21,56.8,456.87,-16.97,84.84,10.82,94.25,7.6,47,1,1952139.0,2,23.5,Préventive
INC-00641,Moundou,Urbaine_Dense,12.4653,14.4219,Saison_Pluies,29.1,74.6,1.0,19,Connecteur,106,0,126,Degradation_Lente,Faible,370,43.06,13,7,53.8,683.81,-24.25,109.93,17.86,91.71,8.3,36,0,1185251.0,2,17.3,Urgente
INC-00642,N'Djamena_Sud,Rurale,13.0153,19.6836,Saison_Pluies,30.2,88.7,56.1,20,Splitter,110,17,25,Perte_Signal,Moyenne,140,32.98,48,27,56.2,846.34,-14.36,187.22,24.16,61.64,2.1,90,1,285169.0,4,18.8,Corrective
INC-00643,Doba,Urbaine_Dense,9.43,14.0146,Saison_Pluies,34.8,71.5,22.4,23,Boitier_Etanche,48,8,234,Degradation_Lente,Moyenne,44,47.61,17,15,88.2,76.62,-18.13,7.69,2.39,66.68,4.0,56,1,728673.0,3,4.3,Corrective
INC-00644,Doba,Urbaine_Dense,11.2771,20.0985,Saison_Seche,36.4,13.8,37.3,0,Connecteur,25,11,195,Defaut_Connecteur,Faible,199,2.22,33,23,69.7,95.67,-19.28,155.17,11.04,90.13,8.0,44,1,491442.0,3,15.4,Corrective
INC-00645,N'Djamena_Sud,Urbaine_Dense,13.6165,20.9258,Saison_Seche,42.5,20.2,24.8,1,Boitier_Etanche,61,14,187,Surtension,Faible,433,40.38,10,8,80.0,978.66,-23.18,41.56,29.41,79.4,3.5,91,0,234895.0,8,5.9,Urgente
INC-00646,Bongor,Urbaine_Moyenne,13.0192,19.4941,Saison_Pluies,30.5,94.2,12.8,10,Cable_Fibre,76,9,28,Obstruction_Physique,Critique,99,22.16,33,26,78.8,945.33,-34.79,160.17,40.04,90.43,1.2,8,1,797868.0,6,5.5,Corrective
INC-00647,Bongor,Urbaine_Dense,8.0543,18.4296,Saison_Pluies,31.1,80.5,52.7,15,Connecteur,34,17,75,Defaut_Connecteur,Élevée,213,37.37,40,32,80.0,711.39,-3.43,110.26,46.89,77.34,8.1,91,1,120979.0,9,21.9,Urgente
INC-00648,Bongor,Urbaine_Moyenne,10.3806,14.1383,Saison_Pluies,32.9,72.9,57.0,12,OLT,85,8,360,Rupture_Cable,Faible,414,20.89,15,14,93.3,565.23,-25.89,70.47,44.88,71.21,4.1,30,0,897966.0,7,5.7,Urgente
INC-00649,Bongor,Rurale,13.2862,13.6192,Saison_Pluies,33.7,78.4,59.3,11,Cable_Fibre,71,13,124,Corrosion,Faible,421,13.04,39,26,66.7,897.45,-28.81,104.47,17.59,66.13,5.6,59,0,49821.0,2,16.3,Urgente
INC-00650,Kélo,Péri_Urbaine,8.9355,17.0955,Intersaison,35.9,48.7,2.5,6,ONT,30,4,265,Perte_Signal,Moyenne,110,17.48,21,13,61.9,749.9,-34.52,69.85,6.64,84.32,1.6,3,1,1555096.0,1,4.3,Corrective
INC-00651,Bongor,Urbaine_Dense,9.0674,21.5982,Intersaison,31.5,54.2,3.0,5,OLT,80,11,206,Perte_Signal,Critique,371,53.51,34,24,70.6,608.87,-19.19,7.89,11.53,82.03,3.6,49,1,891288.0,6,23.9,Urgente
INC-00652,Doba,Urbaine_Dense,12.5414,20.2964,Saison_Pluies,27.3,74.7,51.5,21,Splitter,59,4,253,Surtension,Critique,205,27.02,23,16,69.6,812.04,-12.87,115.63,38.66,70.47,8.5,85,1,32024.0,9,2.0,Urgente
INC-00653,Doba,Urbaine_Dense,9.77,14.8154,Saison_Seche,36.7,25.0,10.6,2,Boitier_Etanche,57,7,33,Perte_Signal,Moyenne,452,52.19,17,16,94.1,343.86,-26.04,123.87,9.2,70.47,2.0,32,1,2040134.0,5,6.9,Urgente
INC-00654,Kélo,Urbaine_Dense,10.09,20.7234,Saison_Seche,41.0,10.0,33.7,0,Cable_Fibre,63,14,21,Panne_OLT,Moyenne,414,54.11,46,42,91.3,33.16,-29.36,69.78,46.16,85.68,7.3,88,1,251965.0,4,19.7,Urgente
INC-00655,N'Djamena_Sud,Urbaine_Dense,11.6825,19.5366,Saison_Pluies,33.1,75.8,34.8,10,Splitter,47,10,119,Rupture_Cable,Moyenne,309,1.42,1,0,0.0,247.45,-17.09,6.99,33.66,63.95,4.3,83,1,1046796.0,7,17.3,Urgente
INC-00656,N'Djamena_Sud,Rurale,13.5046,15.2506,Saison_Seche,46.1,34.7,39.7,0,Connecteur,39,7,43,Obstruction_Physique,Élevée,200,67.63,16,14,87.5,899.6,-0.04,57.17,21.52,97.79,4.3,0,1,60930.0,5,21.1,Corrective
INC-00657,Doba,Urbaine_Dense,11.4863,21.4307,Saison_Pluies,33.7,74.0,2.3,22,OLT,86,0,146,Obstruction_Physique,Faible,7,7.21,33,24,72.7,850.25,-7.87,183.11,28.06,84.26,2.5,15,1,2140997.0,7,15.4,Préventive
INC-00658,N'Djamena_Sud,Urbaine_Moyenne,14.6474,22.2182,Saison_Pluies,34.4,80.3,18.5,12,Antenne_AirPON,118,5,123,Perte_Signal,Faible,267,33.95,0,0,100.0,323.24,-17.69,20.13,20.8,82.19,1.1,1,1,672007.0,3,15.3,Corrective
INC-00659,N'Djamena_Sud,Urbaine_Moyenne,8.3531,15.9419,Saison_Pluies,34.3,80.1,30.8,21,Connecteur,16,6,69,Surtension,Élevée,442,68.43,23,13,56.5,688.54,-24.67,32.6,35.35,64.3,5.2,72,0,1797430.0,2,13.0,Urgente
INC-00660,Kélo,Péri_Urbaine,13.5332,20.1768,Saison_Seche,36.9,17.3,10.5,0,ONT,69,8,41,Defaut_Connecteur,Moyenne,452,11.39,26,25,96.2,978.41,-29.12,174.61,2.18,63.09,9.9,51,1,478050.0,8,11.3,Corrective
INC-00661,Kélo,Péri_Urbaine,11.8491,17.4704,Saison_Seche,40.5,23.3,56.6,0,Boitier_Etanche,73,3,300,Perte_Signal,Faible,438,13.83,13,8,61.5,886.43,-19.54,56.11,0.41,71.62,8.5,76,1,2389183.0,5,9.8,Préventive
INC-00662,N'Djamena_Centre,Rurale,14.0335,14.1138,Intersaison,36.0,57.6,49.7,3,Antenne_AirPON,92,5,354,Perte_Signal,Élevée,31,16.85,39,25,64.1,643.06,-18.91,48.11,7.75,94.25,5.2,5,1,2048655.0,1,17.0,Préventive
INC-00663,Kélo,Urbaine_Dense,10.0312,22.5442,Saison_Seche,43.5,13.2,8.4,2,ONT,106,14,37,Corrosion,Élevée,481,59.78,1,0,0.0,447.73,-29.95,57.19,9.64,91.74,6.5,48,1,167073.0,9,7.4,Urgente
INC-00664,Sarh,Urbaine_Dense,11.3568,22.1178,Intersaison,28.8,66.4,40.3,7,OLT,95,6,59,Panne_OLT,Élevée,409,60.57,10,6,60.0,614.87,-0.8,177.33,39.0,82.62,6.8,11,1,266834.0,2,9.7,Urgente
INC-00665,Sarh,Urbaine_Dense,14.0888,16.8384,Saison_Pluies,34.3,77.9,24.6,11,ONT,20,10,297,Panne_OLT,Élevée,381,64.84,31,27,87.1,983.37,-22.98,34.53,23.5,89.16,8.9,76,1,362715.0,3,11.9,Urgente
INC-00666,N'Djamena_Sud,Urbaine_Moyenne,14.1543,19.0808,Saison_Seche,35.0,14.0,18.7,2,Splitter,18,18,154,Corrosion,Moyenne,395,36.38,4,3,75.0,311.35,-17.98,139.24,43.65,99.7,6.3,71,1,1294642.0,1,5.6,Urgente
INC-00667,Abéché,Péri_Urbaine,10.5079,18.8799,Saison_Seche,45.7,27.8,17.5,1,Antenne_AirPON,81,19,289,Defaut_Connecteur,Élevée,96,64.96,25,24,96.0,83.72,-29.09,173.77,15.4,67.5,9.3,54,1,2356131.0,9,14.7,Urgente
INC-00668,Moundou,Urbaine_Dense,14.0776,15.3633,Saison_Pluies,34.8,79.8,39.8,23,Connecteur,30,7,102,Obstruction_Physique,Moyenne,392,19.38,37,33,89.2,979.16,-21.86,197.3,19.61,89.8,7.2,40,1,1492951.0,8,16.2,Corrective
INC-00669,Kélo,Péri_Urbaine,12.9592,15.0296,Saison_Seche,41.5,25.5,54.2,2,Antenne_AirPON,36,9,185,Surtension,Faible,249,43.93,6,3,50.0,363.01,-30.45,195.17,45.47,85.34,2.6,0,1,658146.0,5,0.9,Urgente
INC-00670,N'Djamena_Sud,Urbaine_Dense,10.7754,22.3648,Intersaison,36.7,46.6,50.2,3,Boitier_Etanche,78,1,269,Obstruction_Physique,Moyenne,128,30.84,34,31,91.2,447.59,-6.32,178.52,16.08,98.85,5.7,73,1,1191713.0,5,4.9,Préventive
INC-00671,Doba,Péri_Urbaine,15.2576,22.6073,Saison_Pluies,29.8,72.7,20.9,13,Connecteur,113,5,41,Degradation_Lente,Moyenne,142,20.72,27,20,74.1,323.48,-22.12,70.1,25.96,60.96,3.5,0,0,567984.0,6,10.6,Corrective
INC-00672,Sarh,Péri_Urbaine,7.7472,21.1144,Saison_Pluies,32.7,70.1,42.5,10,Cable_Fibre,25,7,107,Perte_Signal,Faible,481,54.9,11,8,72.7,325.77,-34.56,143.49,44.78,66.3,6.8,80,0,2367377.0,4,15.4,Urgente
INC-00673,Doba,Rurale,10.5613,14.264,Intersaison,34.2,52.1,31.6,9,ONT,45,12,23,Defaut_Connecteur,Faible,290,52.96,24,23,95.8,252.76,-10.67,29.45,45.96,65.1,4.2,84,1,2258409.0,5,14.7,Urgente
INC-00674,Kélo,Urbaine_Moyenne,9.9556,23.046,Saison_Seche,40.6,20.9,26.4,0,OLT,40,6,129,Obstruction_Physique,Moyenne,90,53.93,34,17,50.0,365.46,-22.56,138.02,49.04,66.85,8.9,63,1,2388061.0,6,2.5,Corrective
INC-00675,N'Djamena_Nord,Urbaine_Dense,14.9861,23.7979,Intersaison,33.7,43.7,17.8,2,OLT,4,10,54,Corrosion,Élevée,7,43.09,30,19,63.3,765.69,-21.19,112.99,12.68,88.62,5.5,42,1,2434602.0,5,5.2,Corrective
INC-00676,Bongor,Péri_Urbaine,8.2956,21.6439,Intersaison,38.4,40.9,4.9,7,OLT,66,15,226,Rupture_Cable,Moyenne,5,24.27,13,6,46.2,420.93,-23.07,194.51,15.56,67.5,4.4,75,1,292060.0,8,10.2,Préventive
INC-00677,Bongor,Urbaine_Dense,12.5242,17.2108,Saison_Pluies,27.2,91.0,11.5,12,Connecteur,94,7,104,Defaut_Connecteur,Critique,405,48.37,41,23,56.1,684.0,-22.29,46.19,12.82,85.24,6.8,5,1,2390473.0,3,21.3,Urgente
INC-00678,N'Djamena_Sud,Urbaine_Dense,13.233,17.7606,Saison_Seche,43.3,30.7,34.0,2,Boitier_Etanche,106,10,247,Rupture_Cable,Élevée,246,14.48,29,27,93.1,656.7,-23.86,46.29,47.71,80.94,7.2,1,1,1555008.0,7,19.1,Urgente
INC-00679,N'Djamena_Nord,Péri_Urbaine,8.9734,22.6312,Saison_Pluies,26.0,84.6,43.7,15,Connecteur,26,17,359,Degradation_Lente,Élevée,488,17.89,38,27,71.1,655.21,-7.84,177.4,11.99,77.26,9.3,99,1,714995.0,4,10.6,Corrective
INC-00680,N'Djamena_Centre,Urbaine_Moyenne,8.6996,16.442,Intersaison,28.3,63.6,2.2,9,Connecteur,75,4,221,Degradation_Lente,Élevée,363,68.94,21,19,90.5,778.16,-13.69,118.7,13.17,78.0,2.2,2,0,1253266.0,3,21.9,Urgente
INC-00681,N'Djamena_Centre,Urbaine_Moyenne,7.8827,14.9895,Saison_Seche,35.6,28.1,22.7,1,Connecteur,70,7,84,Perte_Signal,Faible,115,39.17,32,16,50.0,735.11,-27.55,133.22,20.46,76.76,1.3,43,1,237927.0,4,18.5,Corrective
INC-00682,N'Djamena_Nord,Rurale,8.771,22.1394,Saison_Seche,35.1,27.5,9.9,2,Cable_Fibre,38,7,273,Perte_Signal,Élevée,423,51.56,29,17,58.6,428.62,-8.95,70.08,33.37,99.43,6.1,17,1,694310.0,9,13.5,Urgente
INC-00683,N'Djamena_Nord,Urbaine_Dense,13.9657,15.53,Saison_Pluies,34.3,79.7,36.1,10,Boitier_Etanche,83,17,297,Perte_Signal,Faible,419,32.79,43,39,90.7,272.03,-25.35,25.06,42.47,99.53,9.5,93,0,1654412.0,5,2.9,Urgente
INC-00684,Sarh,Urbaine_Moyenne,15.0516,23.0266,Saison_Pluies,28.1,76.2,51.9,19,Cable_Fibre,83,8,325,Panne_OLT,Moyenne,174,0.12,23,21,91.3,537.29,-28.05,108.87,35.08,72.64,7.4,62,1,717358.0,2,11.2,Préventive
INC-00685,Abéché,Urbaine_Moyenne,14.7114,19.7547,Saison_Seche,39.6,33.4,55.8,0,Splitter,119,4,298,Panne_OLT,Moyenne,76,36.76,22,17,77.3,344.92,-19.21,110.75,49.0,68.93,5.4,57,1,851665.0,1,18.7,Préventive
INC-00686,Moundou,Rurale,10.4224,19.3314,Intersaison,29.1,56.8,53.1,7,Antenne_AirPON,75,16,274,Obstruction_Physique,Moyenne,330,38.85,7,3,42.9,292.69,-8.87,165.67,47.11,67.92,1.6,83,1,1732594.0,2,2.9,Urgente
INC-00687,Kélo,Urbaine_Dense,13.307,21.6454,Intersaison,36.6,64.4,52.3,8,Antenne_AirPON,55,6,251,Defaut_Connecteur,Faible,460,6.98,0,0,100.0,440.61,-16.91,176.14,32.82,80.45,9.6,95,0,816572.0,9,3.3,Urgente
INC-00688,N'Djamena_Nord,Urbaine_Moyenne,14.1163,13.6729,Saison_Seche,46.1,28.0,36.1,1,Connecteur,106,2,21,Defaut_Connecteur,Critique,428,15.25,47,43,91.5,494.64,-20.1,97.78,37.18,92.02,5.9,20,1,99409.0,1,20.8,Urgente
INC-00689,Moundou,Urbaine_Moyenne,13.9999,20.9922,Intersaison,33.4,36.2,14.6,6,Splitter,57,9,226,Obstruction_Physique,Élevée,243,9.02,47,32,68.1,223.67,-15.79,47.47,19.84,79.8,2.4,23,1,1472196.0,7,7.9,Corrective
INC-00690,Sarh,Urbaine_Dense,8.0015,19.7842,Saison_Seche,36.7,16.7,44.8,2,Connecteur,62,16,57,Panne_OLT,Faible,198,63.53,4,2,50.0,787.51,-3.06,137.82,40.3,99.43,9.6,83,0,2248574.0,5,18.9,Corrective
INC-00691,Doba,Urbaine_Moyenne,9.2186,18.9997,Saison_Seche,42.8,28.0,43.5,2,Connecteur,70,9,291,Corrosion,Faible,364,2.17,12,8,66.7,143.32,-8.78,130.96,15.55,97.59,1.1,73,0,2057610.0,3,5.8,Préventive
INC-00692,Bongor,Urbaine_Moyenne,15.0116,15.7819,Saison_Seche,35.9,26.3,10.0,1,OLT,93,14,76,Obstruction_Physique,Faible,382,54.7,31,24,77.4,805.9,-15.97,111.65,27.85,91.18,9.2,61,1,931428.0,2,13.8,Urgente
INC-00693,N'Djamena_Nord,Urbaine_Dense,13.4192,22.2091,Saison_Pluies,28.8,90.4,11.7,11,ONT,14,5,317,Degradation_Lente,Élevée,222,31.04,24,21,87.5,179.9,-16.61,99.2,33.87,93.24,4.8,69,0,469848.0,7,19.4,Urgente
INC-00694,N'Djamena_Centre,Péri_Urbaine,14.1748,16.1318,Intersaison,39.5,63.8,6.6,8,Boitier_Etanche,74,9,353,Degradation_Lente,Moyenne,323,0.19,39,36,92.3,550.63,-31.93,38.49,37.79,91.27,9.3,16,0,360438.0,8,2.7,Urgente
INC-00695,N'Djamena_Sud,Urbaine_Moyenne,11.613,18.6426,Saison_Seche,38.0,20.7,29.9,1,Splitter,101,19,100,Panne_OLT,Élevée,239,32.33,24,19,79.2,143.7,-33.71,80.02,3.95,93.71,2.3,63,1,850899.0,7,13.7,Urgente
INC-00696,N'Djamena_Sud,Urbaine_Dense,10.6444,15.1598,Saison_Pluies,28.3,79.4,19.3,16,Antenne_AirPON,90,5,131,Corrosion,Faible,54,70.38,42,22,52.4,737.87,-3.64,158.57,42.49,70.12,6.6,36,0,360781.0,7,11.4,Urgente
INC-00697,N'Djamena_Nord,Urbaine_Dense,12.7098,23.724,Saison_Seche,44.7,19.2,54.0,1,Antenne_AirPON,41,7,119,Panne_OLT,Moyenne,355,32.4,45,42,93.3,675.68,-3.29,105.19,5.85,78.25,6.1,65,0,1629763.0,3,11.0,Urgente
INC-00698,N'Djamena_Sud,Urbaine_Dense,11.2829,15.5426,Saison_Seche,38.3,32.6,2.2,0,ONT,114,5,257,Rupture_Cable,Moyenne,198,19.65,5,4,80.0,458.42,-13.92,83.03,8.82,68.03,3.9,83,0,2439346.0,9,9.6,Préventive
INC-00699,N'Djamena_Centre,Rurale,10.4901,21.9338,Intersaison,29.0,40.8,19.4,2,Boitier_Etanche,95,16,184,Obstruction_Physique,Critique,293,66.24,11,7,63.6,798.58,-1.03,91.3,37.92,83.53,3.7,59,1,185255.0,5,15.1,Urgente
INC-00700,Abéché,Rurale,10.283,16.2623,Saison_Pluies,30.0,83.5,52.6,16,ONT,45,18,165,Panne_OLT,Élevée,310,5.79,15,8,53.3,358.98,-13.96,181.13,35.56,72.71,3.3,14,0,929776.0,3,16.2,Urgente
INC-00701,Kélo,Rurale,8.7633,16.1885,Saison_Pluies,27.5,83.7,59.9,11,Boitier_Etanche,50,18,236,Corrosion,Moyenne,352,54.49,41,28,68.3,291.89,-6.0,128.23,48.09,89.34,5.0,92,1,2471394.0,3,15.8,Urgente
INC-00702,N'Djamena_Centre,Urbaine_Moyenne,11.7353,17.928,Saison_Pluies,32.9,81.8,43.4,22,Boitier_Etanche,59,1,264,Perte_Signal,Moyenne,458,17.79,25,18,72.0,292.03,-31.49,63.32,38.67,89.51,5.6,70,0,76795.0,1,3.3,Urgente
INC-00703,Bongor,Péri_Urbaine,11.6588,22.3814,Saison_Seche,42.8,11.4,54.0,1,Antenne_AirPON,52,11,167,Degradation_Lente,Élevée,347,50.98,42,34,81.0,435.33,-3.15,37.06,31.62,97.23,2.8,35,0,154423.0,6,8.3,Urgente
INC-00704,Kélo,Péri_Urbaine,12.2262,20.7194,Saison_Seche,37.9,12.0,1.0,1,Splitter,36,10,10,Rupture_Cable,Critique,271,9.99,25,16,64.0,422.63,-18.46,154.25,19.35,96.87,6.6,46,1,929645.0,7,11.5,Urgente
INC-00705,Moundou,Urbaine_Dense,8.4298,22.6522,Saison_Seche,46.1,11.4,46.3,2,Cable_Fibre,74,11,154,Degradation_Lente,Faible,428,3.47,21,17,81.0,269.72,-2.41,139.93,16.96,66.05,1.2,47,1,882920.0,4,23.1,Corrective
INC-00706,N'Djamena_Nord,Urbaine_Moyenne,14.8194,13.9957,Intersaison,37.6,64.5,27.7,2,OLT,26,12,244,Corrosion,Faible,279,49.0,26,18,69.2,848.29,-13.08,99.42,47.52,67.73,6.8,91,0,1955054.0,4,16.5,Urgente
INC-00707,Abéché,Rurale,13.4364,23.5348,Saison_Pluies,32.1,85.7,41.4,23,Cable_Fibre,10,0,297,Defaut_Connecteur,Faible,48,27.18,15,11,73.3,876.02,-19.34,117.22,32.99,87.92,9.7,88,0,1005537.0,3,11.8,Préventive
INC-00708,N'Djamena_Nord,Urbaine_Dense,8.5477,14.3099,Saison_Seche,44.2,18.0,25.8,0,Splitter,84,2,75,Defaut_Connecteur,Moyenne,435,71.24,8,7,87.5,739.07,-32.52,65.54,39.52,98.57,9.1,55,0,961566.0,8,15.6,Urgente
INC-00709,Moundou,Péri_Urbaine,8.1348,21.0712,Saison_Pluies,28.5,80.7,34.2,22,Cable_Fibre,85,18,105,Degradation_Lente,Moyenne,280,40.42,11,8,72.7,346.77,-18.49,45.34,13.98,63.68,8.1,68,1,1554473.0,7,18.1,Urgente
INC-00710,Bongor,Péri_Urbaine,12.6434,15.6753,Intersaison,28.0,46.2,15.6,5,Boitier_Etanche,59,19,162,Degradation_Lente,Faible,345,3.92,2,1,50.0,599.61,-33.28,25.59,1.94,79.61,2.7,49,0,1786432.0,8,13.7,Corrective
INC-00711,Sarh,Urbaine_Moyenne,10.232,22.3289,Saison_Seche,43.5,31.8,34.4,1,Splitter,64,5,346,Corrosion,Moyenne,277,10.16,13,9,69.2,179.96,-7.4,59.43,1.98,99.17,4.1,45,1,2496260.0,9,21.5,Préventive
INC-00712,Sarh,Urbaine_Moyenne,10.0524,22.5548,Saison_Seche,36.0,24.1,17.4,1,Cable_Fibre,115,4,146,Corrosion,Élevée,335,64.71,13,12,92.3,529.55,-31.79,35.5,47.33,79.63,5.1,29,1,1004443.0,9,9.6,Urgente
INC-00713,Bongor,Urbaine_Moyenne,14.2199,19.2881,Saison_Seche,44.3,17.8,16.8,2,Connecteur,82,1,238,Rupture_Cable,Faible,427,5.09,18,11,61.1,120.38,-25.14,96.47,43.2,63.94,2.8,29,0,1152995.0,4,18.3,Urgente
INC-00714,N'Djamena_Sud,Urbaine_Moyenne,10.2611,17.7301,Intersaison,28.2,63.6,19.6,3,Boitier_Etanche,12,5,290,Panne_OLT,Moyenne,210,38.82,22,17,77.3,192.45,-19.68,195.78,10.9,91.55,5.9,97,1,220948.0,5,1.7,Corrective
INC-00715,Kélo,Urbaine_Dense,12.5575,21.8304,Saison_Pluies,31.6,93.3,12.0,10,Connecteur,77,15,64,Surtension,Critique,304,1.25,24,12,50.0,613.2,-13.09,92.43,7.27,91.07,5.4,6,0,975734.0,6,6.1,Urgente
INC-00716,Kélo,Péri_Urbaine,11.7966,22.6773,Saison_Pluies,33.0,75.2,13.4,20,Splitter,4,15,133,Obstruction_Physique,Faible,309,51.7,19,13,68.4,487.77,-12.5,1.51,2.6,71.84,6.3,49,1,316578.0,5,12.1,Urgente
INC-00717,Abéché,Péri_Urbaine,9.6037,21.2517,Saison_Seche,39.6,20.7,55.9,0,Antenne_AirPON,91,6,237,Rupture_Cable,Faible,202,10.1,9,6,66.7,831.17,-31.87,183.26,42.77,91.93,7.7,50,1,1527728.0,1,23.4,Préventive
INC-00718,Moundou,Rurale,10.1531,23.0226,Saison_Seche,36.1,18.4,27.3,0,ONT,107,2,280,Defaut_Connecteur,Moyenne,63,12.95,20,18,90.0,856.0,-30.55,80.76,23.16,77.43,4.9,16,1,1643810.0,8,17.7,Préventive
INC-00719,Kélo,Urbaine_Dense,15.0455,20.0786,Saison_Seche,42.7,16.5,36.8,2,Boitier_Etanche,9,18,83,Degradation_Lente,Faible,45,20.35,6,5,83.3,76.67,-0.31,23.52,16.85,69.96,4.1,4,0,2155113.0,3,1.0,Corrective
INC-00720,N'Djamena_Nord,Urbaine_Dense,10.151,20.54,Intersaison,32.4,51.1,34.3,6,OLT,28,7,197,Perte_Signal,Moyenne,0,0.21,13,11,84.6,87.58,-5.58,89.16,30.47,63.89,5.6,77,1,276971.0,8,17.8,Corrective
INC-00721,Bongor,Urbaine_Dense,13.772,19.5046,Intersaison,36.3,57.5,15.9,3,ONT,52,2,248,Rupture_Cable,Élevée,158,37.75,8,4,50.0,914.88,-23.67,143.69,37.86,74.24,9.4,63,1,1024369.0,7,5.1,Urgente
INC-00722,N'Djamena_Centre,Urbaine_Moyenne,14.3902,18.6257,Saison_Seche,42.0,19.2,0.0,2,Antenne_AirPON,75,13,222,Defaut_Connecteur,Moyenne,226,69.9,32,25,78.1,524.42,-15.41,67.06,45.78,89.65,5.5,8,1,1260730.0,4,18.8,Urgente
INC-00723,Abéché,Urbaine_Dense,8.0683,20.376,Saison_Seche,46.9,15.7,6.3,1,Cable_Fibre,42,3,146,Defaut_Connecteur,Faible,205,50.04,0,0,100.0,6.76,-10.88,120.36,35.2,89.22,9.0,58,0,1626793.0,7,21.2,Urgente
INC-00724,N'Djamena_Centre,Urbaine_Moyenne,12.8048,19.3921,Intersaison,35.4,46.2,49.8,9,Connecteur,74,5,118,Degradation_Lente,Moyenne,108,68.58,15,7,46.7,797.67,-29.16,27.48,2.77,90.8,2.1,64,1,2437426.0,3,19.3,Corrective
INC-00725,Abéché,Urbaine_Moyenne,13.4941,21.178,Saison_Seche,39.1,30.2,6.6,1,Boitier_Etanche,113,4,275,Perte_Signal,Élevée,247,9.39,35,27,77.1,781.02,-30.28,198.24,15.24,97.34,8.0,18,1,126293.0,5,5.7,Préventive
INC-00726,Sarh,Urbaine_Dense,10.9722,23.3095,Saison_Seche,43.5,10.5,12.4,0,OLT,27,1,137,Rupture_Cable,Élevée,116,17.36,42,31,73.8,470.81,-17.58,106.65,46.48,79.34,3.5,32,1,1967471.0,3,15.9,Corrective
INC-00727,Sarh,Péri_Urbaine,12.0546,17.417,Saison_Seche,41.3,25.8,54.8,0,OLT,28,12,167,Panne_OLT,Élevée,380,25.02,10,9,90.0,915.86,-23.9,2.98,27.56,81.69,3.4,49,0,299141.0,8,23.7,Urgente
INC-00728,Abéché,Rurale,8.7944,17.8173,Saison_Pluies,29.0,78.8,48.5,10,Connecteur,10,2,59,Degradation_Lente,Élevée,179,53.46,23,15,65.2,567.96,-18.29,141.14,48.29,84.89,10.0,58,0,1122955.0,9,22.9,Urgente
INC-00729,Doba,Urbaine_Dense,10.048,13.6579,Intersaison,31.3,59.6,3.2,6,Boitier_Etanche,28,18,86,Perte_Signal,Moyenne,73,71.71,4,3,75.0,435.51,-29.16,119.35,48.98,82.31,2.0,17,0,866455.0,9,24.0,Corrective
INC-00730,Bongor,Péri_Urbaine,13.1613,19.0339,Saison_Seche,46.4,32.5,38.6,1,Antenne_AirPON,104,4,338,Corrosion,Moyenne,386,61.66,4,2,50.0,425.43,-31.56,7.72,27.53,98.52,3.5,71,1,1984107.0,3,13.2,Urgente
INC-00731,N'Djamena_Nord,Urbaine_Moyenne,12.3206,14.8797,Saison_Seche,35.0,12.9,30.9,2,Connecteur,3,0,95,Surtension,Moyenne,61,42.2,25,13,52.0,531.87,-1.13,14.37,31.91,66.45,3.4,1,1,1845405.0,7,8.6,Corrective
INC-00732,Sarh,Péri_Urbaine,8.5911,21.018,Saison_Seche,39.0,34.9,21.9,0,Antenne_AirPON,15,17,170,Defaut_Connecteur,Faible,411,42.1,9,6,66.7,203.27,-31.51,39.6,14.49,91.52,1.2,69,1,2153753.0,2,10.5,Corrective
INC-00733,Abéché,Péri_Urbaine,15.4044,21.6857,Saison_Seche,42.5,22.8,29.9,1,OLT,47,4,242,Obstruction_Physique,Faible,265,55.46,15,9,60.0,276.53,-4.89,30.0,33.96,64.01,5.5,37,1,2159591.0,2,2.6,Urgente
INC-00734,N'Djamena_Centre,Urbaine_Dense,15.0023,21.0888,Intersaison,39.0,43.0,9.1,5,Connecteur,97,7,234,Surtension,Moyenne,169,13.57,29,25,86.2,370.0,-18.86,116.06,41.29,70.77,3.1,28,1,915914.0,9,16.4,Préventive
INC-00735,N'Djamena_Centre,Péri_Urbaine,9.2929,19.2398,Saison_Seche,42.9,11.6,57.3,0,OLT,81,8,297,Rupture_Cable,Moyenne,281,59.24,41,39,95.1,145.09,-19.36,81.44,14.3,60.61,8.8,3,1,1343261.0,8,5.9,Urgente
INC-00736,N'Djamena_Centre,Urbaine_Dense,14.501,19.1093,Saison_Seche,43.6,12.6,10.3,0,Connecteur,117,11,226,Degradation_Lente,Faible,277,53.17,5,3,60.0,150.59,-19.68,23.38,45.24,72.1,1.4,45,1,272841.0,9,19.4,Urgente
INC-00737,N'Djamena_Sud,Rurale,9.6374,20.2888,Saison_Pluies,34.5,75.2,11.2,16,Antenne_AirPON,27,18,8,Obstruction_Physique,Critique,30,4.92,21,11,52.4,83.82,-33.4,1.27,12.84,70.53,4.6,59,1,1051198.0,9,22.9,Urgente
INC-00738,Moundou,Urbaine_Dense,12.0099,19.3244,Saison_Seche,40.5,34.7,22.1,1,Cable_Fibre,100,10,245,Surtension,Moyenne,159,2.99,0,0,100.0,917.2,-33.04,89.27,32.62,76.79,6.9,6,1,1609440.0,8,9.1,Préventive
INC-00739,Abéché,Urbaine_Dense,13.7564,21.3781,Saison_Seche,43.4,16.9,12.8,0,Connecteur,87,1,272,Obstruction_Physique,Élevée,163,11.12,17,12,70.6,907.24,-30.81,192.03,47.19,63.85,7.5,85,0,2377138.0,4,16.0,Urgente
INC-00740,N'Djamena_Nord,Urbaine_Dense,10.2526,22.8925,Saison_Pluies,25.9,86.6,18.8,10,ONT,55,15,201,Corrosion,Faible,198,47.04,16,9,56.2,914.2,-8.76,55.86,18.86,65.4,7.9,43,1,823545.0,9,19.9,Corrective
INC-00741,Bongor,Péri_Urbaine,11.9412,19.1294,Saison_Pluies,31.7,81.9,2.4,17,Connecteur,105,17,357,Panne_OLT,Moyenne,71,68.68,17,8,47.1,931.5,-25.72,38.74,30.88,60.86,9.1,64,1,2184747.0,3,6.0,Préventive
INC-00742,N'Djamena_Nord,Urbaine_Moyenne,11.1028,14.6586,Saison_Seche,44.7,33.9,36.9,2,ONT,28,1,28,Surtension,Faible,494,8.04,34,23,67.6,253.09,-12.2,139.17,1.38,94.97,9.5,54,1,1996475.0,9,5.8,Corrective
INC-00743,Moundou,Rurale,13.5816,14.8758,Intersaison,31.9,59.3,14.5,4,Splitter,27,11,242,Obstruction_Physique,Moyenne,284,43.84,18,17,94.4,762.77,-22.52,152.39,40.37,73.9,7.2,16,0,1304274.0,9,2.4,Urgente
INC-00744,Moundou,Urbaine_Moyenne,11.3294,17.4471,Saison_Pluies,31.6,86.4,58.3,24,ONT,83,11,113,Obstruction_Physique,Élevée,199,42.82,8,7,87.5,483.85,-9.0,22.74,21.88,90.1,7.0,41,1,276618.0,5,7.4,Corrective
INC-00745,Sarh,Urbaine_Dense,12.0353,18.7111,Intersaison,37.7,49.1,6.9,6,OLT,74,8,212,Obstruction_Physique,Élevée,453,12.24,13,12,92.3,0.02,-4.54,33.38,37.37,90.61,5.8,58,0,2211284.0,6,21.4,Urgente
INC-00746,Sarh,Péri_Urbaine,14.2645,15.863,Saison_Pluies,25.4,70.4,4.6,22,Splitter,78,13,238,Obstruction_Physique,Faible,244,18.94,38,22,57.9,829.03,-18.4,122.83,41.64,97.19,4.9,39,1,281246.0,7,3.0,Préventive
INC-00747,N'Djamena_Sud,Urbaine_Dense,13.0892,18.2539,Saison_Pluies,32.1,75.5,10.5,10,Boitier_Etanche,106,4,263,Perte_Signal,Faible,445,38.83,8,7,87.5,692.79,-33.27,72.38,22.53,79.11,9.8,87,1,2492395.0,5,7.2,Préventive
INC-00748,Abéché,Urbaine_Dense,11.72,14.9252,Intersaison,34.2,63.3,32.5,8,Antenne_AirPON,107,10,364,Perte_Signal,Moyenne,118,24.17,6,4,66.7,705.27,-10.62,21.02,35.53,70.98,6.9,58,0,1550876.0,9,20.6,Urgente
INC-00749,Bongor,Urbaine_Dense,11.1903,16.0287,Saison_Pluies,25.3,80.0,44.8,16,Connecteur,18,10,227,Perte_Signal,Moyenne,88,11.39,16,15,93.8,752.95,-20.27,120.53,23.73,65.1,6.5,60,0,1712021.0,3,20.1,Corrective
INC-00750,Sarh,Urbaine_Dense,8.5141,21.2066,Saison_Seche,36.0,11.7,33.5,0,ONT,1,11,174,Corrosion,Faible,169,30.93,3,1,33.3,290.39,-6.82,133.74,47.17,82.5,3.7,43,1,1126894.0,7,3.1,Corrective
INC-00751,N'Djamena_Centre,Urbaine_Dense,7.9509,23.8485,Saison_Pluies,32.9,87.1,51.6,16,Boitier_Etanche,66,19,17,Panne_OLT,Élevée,183,6.46,3,2,66.7,519.41,-2.91,133.63,46.59,82.38,4.4,92,0,741733.0,6,17.5,Corrective
INC-00752,Bongor,Urbaine_Dense,15.1222,15.4551,Saison_Seche,45.7,27.7,35.6,0,Connecteur,18,18,52,Corrosion,Moyenne,36,41.78,24,15,62.5,391.39,-3.11,89.55,31.67,63.4,3.3,7,1,1237594.0,7,9.2,Corrective
INC-00753,Kélo,Urbaine_Moyenne,8.9922,17.0605,Saison_Seche,39.9,13.4,8.3,2,Cable_Fibre,102,15,248,Surtension,Élevée,347,10.39,38,20,52.6,661.81,-5.21,182.3,43.0,66.35,5.4,80,0,2062396.0,4,1.6,Urgente
INC-00754,Kélo,Urbaine_Moyenne,9.715,17.1822,Intersaison,30.7,64.3,11.1,7,ONT,49,9,221,Perte_Signal,Moyenne,159,52.48,12,8,66.7,563.68,-31.19,81.94,30.51,84.39,4.3,52,1,1498026.0,6,1.7,Corrective
INC-00755,Abéché,Urbaine_Dense,12.3876,15.8449,Saison_Pluies,28.2,87.3,21.5,17,Boitier_Etanche,88,3,239,Surtension,Critique,162,39.39,42,21,50.0,120.12,-8.15,65.08,41.74,93.27,8.9,80,1,199907.0,8,8.2,Urgente
INC-00756,N'Djamena_Centre,Urbaine_Moyenne,14.1234,15.6426,Saison_Seche,45.9,26.4,55.2,2,Boitier_Etanche,85,6,343,Obstruction_Physique,Moyenne,460,5.66,39,33,84.6,327.29,-11.69,79.9,10.56,69.97,5.5,37,1,1532127.0,8,19.9,Préventive
INC-00757,Kélo,Urbaine_Dense,14.1651,14.8828,Saison_Seche,38.2,32.0,27.6,2,Connecteur,78,10,226,Panne_OLT,Élevée,394,16.04,13,9,69.2,439.92,-25.03,148.02,24.54,96.68,9.9,42,0,179668.0,4,20.6,Urgente
INC-00758,Moundou,Rurale,14.1372,23.0289,Saison_Pluies,25.6,72.8,52.4,10,Boitier_Etanche,97,13,351,Rupture_Cable,Moyenne,134,30.9,37,32,86.5,393.66,-27.16,119.32,11.86,71.53,7.9,19,0,173534.0,3,21.0,Urgente
INC-00759,Sarh,Urbaine_Dense,15.3247,20.3184,Saison_Seche,39.0,11.1,4.5,0,OLT,44,14,14,Defaut_Connecteur,Faible,111,28.4,26,21,80.8,542.54,-3.19,66.61,45.78,66.05,2.2,31,1,1567224.0,3,4.8,Corrective
INC-00760,Kélo,Rurale,7.9456,16.5499,Saison_Seche,41.4,10.5,41.2,1,ONT,55,13,185,Obstruction_Physique,Faible,238,59.44,10,8,80.0,32.22,-0.3,103.49,33.92,82.54,2.8,16,1,200294.0,6,14.1,Urgente
INC-00761,N'Djamena_Nord,Urbaine_Moyenne,10.6988,16.21,Saison_Seche,35.2,29.6,28.0,2,OLT,104,1,202,Defaut_Connecteur,Faible,374,45.2,6,5,83.3,465.29,-7.55,80.91,42.84,86.66,9.3,89,1,1733858.0,4,2.5,Urgente
INC-00762,N'Djamena_Sud,Péri_Urbaine,14.8087,19.6921,Saison_Pluies,29.3,72.2,10.4,11,ONT,12,16,252,Defaut_Connecteur,Moyenne,119,63.85,27,15,55.6,157.62,-29.96,194.44,0.04,72.0,9.7,50,1,1848377.0,7,20.3,Corrective
INC-00763,N'Djamena_Centre,Urbaine_Dense,11.2387,20.8208,Saison_Seche,46.7,30.0,4.9,2,ONT,81,4,182,Degradation_Lente,Élevée,251,39.7,15,13,86.7,113.26,-15.49,104.92,25.75,81.77,1.0,29,1,289403.0,2,22.1,Urgente
INC-00764,Doba,Urbaine_Dense,14.4704,16.1566,Saison_Seche,42.2,19.4,18.9,1,Boitier_Etanche,34,16,98,Surtension,Faible,393,22.65,27,23,85.2,200.69,-25.59,30.13,14.09,83.85,5.1,50,0,1343601.0,7,17.8,Corrective
INC-00765,Doba,Rurale,7.6413,17.1452,Intersaison,38.6,53.6,49.2,6,Splitter,25,2,181,Rupture_Cable,Critique,346,2.29,30,22,73.3,913.31,-25.53,89.8,40.83,79.76,3.3,47,1,2390507.0,6,2.7,Urgente
INC-00766,Kélo,Urbaine_Moyenne,11.5349,16.5514,Intersaison,39.4,65.2,38.4,6,Connecteur,58,15,144,Defaut_Connecteur,Moyenne,69,15.21,21,12,57.1,24.42,-30.37,49.37,34.91,63.91,3.5,20,1,775783.0,1,7.0,Corrective
INC-00767,Bongor,Urbaine_Moyenne,14.8796,14.4209,Saison_Pluies,27.4,71.7,27.7,13,Antenne_AirPON,114,7,309,Corrosion,Moyenne,442,18.53,8,4,50.0,904.02,-28.9,84.48,22.05,81.41,5.5,22,1,707336.0,2,19.0,Préventive
INC-00768,N'Djamena_Centre,Rurale,9.5903,17.5585,Saison_Seche,42.2,16.2,50.7,0,Boitier_Etanche,60,10,250,Rupture_Cable,Faible,134,6.56,36,19,52.8,570.94,-19.55,40.23,33.79,96.18,6.1,25,1,1123258.0,1,13.5,Corrective
INC-00769,N'Djamena_Nord,Urbaine_Dense,14.9373,19.1029,Saison_Pluies,26.6,81.5,10.9,24,Connecteur,45,16,110,Defaut_Connecteur,Critique,299,38.16,30,22,73.3,850.39,-31.23,70.75,29.53,64.27,1.6,12,0,2054619.0,9,3.8,Urgente
INC-00770,Sarh,Urbaine_Dense,7.5678,20.3813,Saison_Pluies,26.8,78.9,16.7,11,Splitter,119,0,200,Panne_OLT,Faible,401,45.93,30,26,86.7,675.73,-29.78,174.59,6.4,98.51,6.9,66,1,1655982.0,6,23.9,Préventive
INC-00771,N'Djamena_Sud,Urbaine_Moyenne,8.1314,17.8757,Saison_Seche,37.0,18.5,33.2,1,Cable_Fibre,95,5,271,Obstruction_Physique,Faible,76,3.63,20,19,95.0,109.35,-30.68,48.59,39.83,85.21,4.6,64,1,1127259.0,7,13.7,Préventive
INC-00772,Kélo,Urbaine_Moyenne,11.3146,23.8254,Saison_Pluies,31.6,84.1,35.4,13,Boitier_Etanche,4,18,267,Surtension,Moyenne,396,24.86,4,3,75.0,433.96,-24.57,130.92,21.48,91.15,1.5,85,1,1642592.0,2,3.1,Corrective
INC-00773,Abéché,Péri_Urbaine,8.351,20.0713,Saison_Pluies,31.1,83.1,19.3,23,Boitier_Etanche,56,17,91,Panne_OLT,Moyenne,269,1.97,45,39,86.7,924.79,-1.37,93.68,0.25,74.4,2.1,84,0,1727560.0,6,7.8,Urgente
INC-00774,N'Djamena_Sud,Rurale,9.3048,22.8091,Intersaison,31.7,60.9,30.3,9,Boitier_Etanche,25,18,313,Perte_Signal,Moyenne,377,52.47,18,17,94.4,892.52,-33.39,195.28,12.0,90.84,1.5,49,1,42076.0,9,22.5,Corrective
INC-00775,Doba,Urbaine_Dense,9.8802,23.1179,Saison_Seche,45.9,11.3,7.2,0,Splitter,56,2,345,Degradation_Lente,Élevée,399,35.94,20,19,95.0,883.58,-26.32,5.68,10.13,71.59,4.1,19,1,1305379.0,8,9.9,Urgente
INC-00776,N'Djamena_Nord,Péri_Urbaine,11.352,22.1247,Saison_Seche,40.3,27.4,0.7,1,Connecteur,36,3,66,Obstruction_Physique,Moyenne,17,49.83,29,28,96.6,668.33,-3.57,81.62,32.75,87.14,6.9,88,1,277287.0,8,10.2,Corrective
INC-00777,Moundou,Urbaine_Moyenne,10.6241,16.3348,Saison_Seche,36.6,33.6,54.3,0,Boitier_Etanche,34,9,269,Surtension,Faible,189,44.57,36,26,72.2,274.41,-31.84,108.1,25.39,67.9,6.5,81,0,590890.0,6,17.1,Urgente
INC-00778,Sarh,Péri_Urbaine,14.8772,18.0284,Intersaison,39.1,43.1,26.5,4,Cable_Fibre,98,3,179,Obstruction_Physique,Faible,175,61.5,12,7,58.3,882.23,-6.9,61.32,37.03,88.88,5.6,76,1,2132399.0,5,13.5,Corrective
INC-00779,Abéché,Urbaine_Dense,14.5881,13.504,Saison_Seche,40.7,16.2,13.9,0,Connecteur,59,14,213,Defaut_Connecteur,Faible,107,63.21,0,0,100.0,971.02,-32.9,191.8,25.09,79.78,6.9,18,0,1712356.0,7,7.0,Corrective
INC-00780,Bongor,Urbaine_Moyenne,13.4846,18.2398,Saison_Pluies,30.7,76.8,19.8,17,Cable_Fibre,97,19,338,Rupture_Cable,Critique,444,40.28,5,2,40.0,149.86,-26.79,178.65,18.76,75.58,8.9,64,1,1201491.0,9,14.2,Urgente
INC-00781,Bongor,Urbaine_Dense,12.7745,16.5844,Intersaison,31.0,54.5,31.1,4,ONT,37,0,190,Corrosion,Moyenne,93,33.28,43,25,58.1,397.05,-4.4,55.93,14.02,98.68,3.3,38,1,1089915.0,3,2.5,Préventive
INC-00782,Bongor,Urbaine_Moyenne,9.1347,14.6749,Intersaison,28.8,37.6,56.8,6,OLT,38,0,8,Defaut_Connecteur,Élevée,12,71.36,18,12,66.7,154.43,-34.79,42.29,39.13,76.24,9.6,81,1,746726.0,2,4.3,Corrective
INC-00783,Doba,Urbaine_Dense,12.3146,22.3052,Saison_Seche,38.0,15.9,43.3,1,Boitier_Etanche,119,7,148,Defaut_Connecteur,Critique,37,13.9,22,13,59.1,966.14,-18.61,8.89,8.94,64.59,9.7,22,1,1073376.0,9,21.1,Urgente
INC-00784,Sarh,Rurale,8.6765,20.5712,Intersaison,34.9,45.3,56.9,7,Antenne_AirPON,45,4,119,Rupture_Cable,Élevée,304,46.04,29,20,69.0,164.98,-9.37,33.99,22.69,61.93,5.7,24,0,413921.0,8,4.1,Urgente
INC-00785,Sarh,Urbaine_Moyenne,11.1218,23.9906,Saison_Pluies,27.1,85.1,6.7,22,Boitier_Etanche,22,16,128,Defaut_Connecteur,Moyenne,150,44.64,18,11,61.1,550.08,-23.02,163.07,49.99,76.76,7.4,44,1,1409046.0,3,16.8,Corrective
INC-00786,Moundou,Urbaine_Moyenne,11.1922,18.7331,Intersaison,39.2,44.7,10.7,9,Splitter,76,8,101,Perte_Signal,Faible,245,68.9,13,12,92.3,817.05,-28.63,178.11,29.48,65.82,7.3,39,0,1153989.0,8,8.6,Urgente
INC-00787,Kélo,Rurale,13.0177,16.9724,Saison_Seche,37.4,24.8,21.8,0,Boitier_Etanche,67,18,224,Defaut_Connecteur,Élevée,274,6.79,6,5,83.3,210.61,-32.81,46.79,9.17,88.4,7.0,80,1,2122265.0,1,16.8,Préventive
INC-00788,Moundou,Urbaine_Moyenne,14.181,16.27,Saison_Pluies,32.4,83.9,14.7,18,Cable_Fibre,62,12,201,Surtension,Faible,71,68.23,48,30,62.5,385.75,-4.27,130.45,11.12,65.06,1.2,41,1,682520.0,3,11.0,Préventive
INC-00789,Sarh,Péri_Urbaine,10.064,18.0713,Saison_Pluies,25.8,89.7,57.4,19,Connecteur,4,7,286,Panne_OLT,Faible,464,55.02,44,22,50.0,199.25,-8.19,93.04,35.3,84.24,7.6,85,0,2479835.0,6,0.7,Urgente
INC-00790,Bongor,Urbaine_Dense,7.8295,16.7537,Saison_Pluies,26.0,84.7,10.3,20,Boitier_Etanche,48,13,307,Rupture_Cable,Élevée,291,9.3,9,6,66.7,829.52,-11.3,9.98,13.53,81.35,7.5,35,0,2309224.0,4,8.1,Urgente
INC-00791,Kélo,Péri_Urbaine,7.8758,23.903,Saison_Pluies,25.7,92.7,10.2,10,ONT,8,14,148,Surtension,Élevée,391,14.06,31,20,64.5,220.89,-6.96,28.45,2.23,68.91,6.3,36,1,1397758.0,8,16.8,Urgente
INC-00792,Bongor,Urbaine_Dense,14.4986,15.4193,Saison_Seche,46.9,12.8,29.3,1,Cable_Fibre,32,14,294,Degradation_Lente,Critique,312,19.83,13,7,53.8,469.88,-15.97,50.47,42.56,80.14,1.0,15,1,1663672.0,8,4.3,Urgente
INC-00793,Doba,Péri_Urbaine,11.3906,13.7009,Saison_Seche,45.1,34.7,41.8,2,Connecteur,108,15,251,Defaut_Connecteur,Critique,353,48.75,39,35,89.7,716.24,-4.77,196.61,10.68,76.45,3.2,89,0,2398708.0,9,16.5,Urgente
INC-00794,N'Djamena_Nord,Rurale,9.4841,14.865,Saison_Pluies,25.1,81.2,22.8,14,ONT,69,1,215,Panne_OLT,Moyenne,157,53.89,16,11,68.8,944.75,-17.34,105.44,27.89,68.25,1.8,95,1,793955.0,5,20.4,Préventive
INC-00795,N'Djamena_Nord,Urbaine_Dense,7.7583,22.8611,Saison_Seche,35.3,10.3,2.6,0,Connecteur,23,11,8,Panne_OLT,Élevée,5,53.07,38,34,89.5,339.49,-21.26,120.52,10.44,69.28,5.3,81,1,114287.0,7,3.7,Urgente
INC-00796,N'Djamena_Sud,Rurale,11.7301,20.7862,Saison_Seche,38.2,28.1,46.0,2,Splitter,58,9,120,Obstruction_Physique,Élevée,487,46.98,13,10,76.9,48.66,-16.62,132.25,4.26,64.12,1.8,93,0,691067.0,2,6.0,Urgente
INC-00797,N'Djamena_Nord,Urbaine_Moyenne,8.5968,21.7317,Intersaison,32.0,44.1,56.7,3,Boitier_Etanche,39,0,134,Defaut_Connecteur,Faible,381,9.65,1,0,0.0,748.22,-1.01,96.66,48.32,83.31,4.7,84,0,226529.0,6,12.3,Urgente
INC-00798,N'Djamena_Nord,Urbaine_Moyenne,10.8362,16.865,Saison_Seche,43.5,17.3,48.6,1,Connecteur,78,11,172,Rupture_Cable,Moyenne,234,3.09,44,29,65.9,826.13,-11.45,159.9,1.43,94.12,3.1,88,0,1963441.0,4,3.1,Corrective
INC-00799,N'Djamena_Nord,Urbaine_Moyenne,11.6286,20.0384,Saison_Seche,43.0,18.7,50.4,2,OLT,19,6,129,Defaut_Connecteur,Faible,493,19.97,12,8,66.7,735.46,-28.99,162.98,41.77,98.78,4.9,60,0,725808.0,8,22.4,Urgente
INC-00800,Abéché,Urbaine_Moyenne,9.3336,20.9329,Saison_Seche,37.2,17.7,50.9,0,Splitter,87,13,45,Degradation_Lente,Élevée,2,43.24,12,7,58.3,485.08,-19.79,5.08,46.83,86.82,5.0,79,1,353653.0,9,23.6,Corrective
INC-00801,Bongor,Rurale,9.0907,16.9274,Saison_Pluies,28.0,75.5,45.6,10,Antenne_AirPON,59,13,78,Rupture_Cable,Critique,151,25.43,40,27,67.5,239.07,-9.87,160.95,25.2,90.69,4.9,72,0,2444621.0,2,13.9,Urgente
INC-00802,Kélo,Rurale,7.6585,21.1075,Intersaison,29.7,69.4,48.3,7,ONT,57,14,299,Defaut_Connecteur,Moyenne,91,61.19,20,11,55.0,415.41,-20.33,25.64,8.53,70.57,4.8,34,0,83365.0,6,7.5,Urgente
INC-00803,Kélo,Urbaine_Moyenne,12.1842,20.1114,Saison_Seche,46.1,23.2,4.6,1,OLT,101,3,25,Panne_OLT,Élevée,279,59.12,26,21,80.8,152.72,-11.46,175.92,8.07,97.17,4.2,31,1,2463992.0,6,8.0,Urgente
INC-00804,Kélo,Urbaine_Moyenne,9.1035,16.6105,Saison_Pluies,28.1,83.1,3.3,17,ONT,21,4,346,Perte_Signal,Élevée,11,15.69,29,17,58.6,618.41,-33.63,5.49,8.81,96.15,8.3,56,1,1657505.0,7,10.4,Corrective
INC-00805,N'Djamena_Centre,Urbaine_Dense,14.5258,14.055,Saison_Seche,39.7,17.8,4.5,1,Boitier_Etanche,11,4,268,Rupture_Cable,Faible,162,47.45,30,28,93.3,46.04,-20.98,145.95,7.82,78.86,3.5,56,0,1360005.0,2,20.7,Corrective
INC-00806,Moundou,Urbaine_Dense,12.3302,15.9976,Saison_Pluies,25.9,79.9,35.5,17,Antenne_AirPON,36,0,210,Corrosion,Faible,35,59.78,23,16,69.6,152.51,-24.29,194.33,43.89,76.44,4.8,73,1,1613004.0,3,19.6,Préventive
INC-00807,Bongor,Urbaine_Moyenne,11.9513,20.0051,Saison_Pluies,25.6,73.7,14.5,16,OLT,41,7,294,Surtension,Élevée,466,64.8,46,40,87.0,600.98,-13.77,34.76,35.51,72.71,9.7,1,1,2356280.0,8,21.6,Urgente
INC-00808,Moundou,Urbaine_Dense,11.5375,19.7898,Saison_Pluies,30.9,82.7,1.7,17,Splitter,40,8,107,Obstruction_Physique,Faible,47,30.78,27,23,85.2,645.52,-31.23,161.61,15.65,75.17,7.1,23,1,261273.0,9,22.2,Corrective
INC-00809,Kélo,Urbaine_Moyenne,9.2225,18.8303,Intersaison,33.5,36.0,4.6,8,Cable_Fibre,11,15,312,Defaut_Connecteur,Élevée,498,65.33,9,5,55.6,461.14,-19.15,62.53,3.61,83.1,7.1,33,1,1659226.0,3,8.3,Urgente
INC-00810,N'Djamena_Sud,Péri_Urbaine,15.2553,16.1405,Intersaison,34.3,58.3,4.1,3,Connecteur,89,11,258,Corrosion,Moyenne,292,53.33,45,36,80.0,177.74,-13.98,80.76,41.51,96.62,2.5,28,1,1149392.0,3,17.3,Urgente
INC-00811,Abéché,Urbaine_Moyenne,15.2364,18.1676,Intersaison,35.9,65.8,37.7,5,Boitier_Etanche,56,0,12,Corrosion,Élevée,166,21.35,28,22,78.6,279.6,-31.83,127.17,19.16,79.67,2.4,93,0,2111998.0,4,5.4,Corrective
INC-00812,Sarh,Urbaine_Moyenne,10.0702,15.0125,Saison_Pluies,27.9,82.9,8.6,17,Connecteur,80,9,193,Rupture_Cable,Faible,319,24.58,33,29,87.9,266.23,-16.72,165.0,43.57,72.15,1.1,61,1,1117559.0,5,16.3,Urgente
INC-00813,N'Djamena_Sud,Péri_Urbaine,13.7097,20.455,Saison_Pluies,30.1,90.5,50.7,11,Antenne_AirPON,88,12,339,Corrosion,Élevée,337,10.0,18,15,83.3,293.0,-8.93,107.19,15.7,63.07,8.3,30,0,1043455.0,4,13.7,Urgente
INC-00814,N'Djamena_Nord,Urbaine_Dense,8.454,22.6262,Saison_Seche,42.2,14.7,59.6,0,Splitter,24,4,241,Panne_OLT,Moyenne,386,27.3,16,13,81.2,59.79,-14.98,153.92,24.1,71.87,7.7,61,0,2329783.0,7,8.0,Urgente
INC-00815,N'Djamena_Nord,Urbaine_Moyenne,13.7442,18.3687,Saison_Seche,40.5,26.0,26.5,0,Connecteur,75,11,250,Obstruction_Physique,Critique,328,26.22,33,32,97.0,7.33,-33.51,169.23,9.25,92.72,9.9,79,1,2000075.0,4,2.4,Urgente
INC-00816,N'Djamena_Nord,Urbaine_Dense,9.7907,15.7365,Saison_Pluies,28.6,77.5,32.3,17,OLT,44,10,107,Defaut_Connecteur,Moyenne,237,44.95,13,10,76.9,7.29,-16.81,183.45,16.4,69.1,6.3,93,1,573131.0,9,8.9,Urgente
INC-00817,Sarh,Urbaine_Moyenne,9.8131,22.1928,Saison_Pluies,25.6,94.5,15.6,10,Connecteur,110,5,313,Corrosion,Moyenne,434,22.09,27,21,77.8,204.53,-26.02,112.39,34.7,67.01,9.6,98,1,1184055.0,1,9.8,Urgente
INC-00818,Bongor,Urbaine_Moyenne,11.5579,16.7873,Saison_Seche,44.4,28.1,39.3,1,Connecteur,88,17,167,Corrosion,Faible,421,30.31,10,5,50.0,219.17,-4.49,73.54,29.2,97.38,4.5,37,0,1782165.0,6,21.1,Urgente
INC-00819,Kélo,Urbaine_Dense,10.6386,19.7367,Saison_Seche,39.4,23.1,54.9,0,Boitier_Etanche,17,2,197,Rupture_Cable,Faible,149,9.47,37,21,56.8,399.61,-14.11,141.29,39.62,66.08,3.0,57,1,613376.0,7,22.1,Corrective
INC-00820,Abéché,Urbaine_Dense,8.4426,14.2919,Saison_Pluies,30.0,86.4,10.8,17,Boitier_Etanche,106,9,116,Surtension,Élevée,212,52.65,39,33,84.6,531.05,-29.84,182.59,4.67,87.23,8.0,74,1,1818405.0,7,22.8,Urgente
INC-00821,Moundou,Urbaine_Dense,12.2446,21.0383,Saison_Seche,35.2,11.7,57.2,2,Boitier_Etanche,60,4,325,Surtension,Faible,270,2.93,48,44,91.7,954.92,-12.86,47.36,49.5,94.7,4.0,42,1,2015500.0,7,7.1,Corrective
INC-00822,Sarh,Rurale,9.2107,18.3371,Saison_Pluies,25.1,85.1,13.3,22,ONT,37,11,341,Perte_Signal,Élevée,111,53.89,6,5,83.3,199.18,-14.41,117.48,36.1,90.12,9.9,5,1,1981964.0,2,20.8,Corrective
INC-00823,Abéché,Urbaine_Moyenne,11.0558,17.9452,Saison_Pluies,26.7,90.5,16.0,14,Antenne_AirPON,104,2,245,Surtension,Moyenne,446,12.82,17,16,94.1,746.59,-33.33,63.27,1.6,93.27,2.4,17,1,241612.0,3,18.9,Préventive
INC-00824,Doba,Péri_Urbaine,9.3481,23.3158,Intersaison,33.4,39.6,54.7,4,OLT,105,16,194,Degradation_Lente,Élevée,74,70.63,32,18,56.2,102.37,-19.37,125.02,15.01,90.77,1.1,44,1,888922.0,6,22.4,Préventive
INC-00825,Bongor,Rurale,14.3607,18.6606,Saison_Seche,43.4,16.9,35.6,2,OLT,18,6,167,Corrosion,Élevée,90,71.2,10,9,90.0,732.64,-9.64,131.23,10.25,83.14,6.8,6,1,2474551.0,9,14.5,Corrective
INC-00826,N'Djamena_Sud,Urbaine_Dense,10.2042,13.6759,Saison_Seche,36.9,15.8,1.9,0,Boitier_Etanche,89,11,184,Perte_Signal,Moyenne,124,71.56,40,31,77.5,429.25,-21.39,184.08,18.61,72.24,4.0,55,1,1872403.0,9,1.6,Préventive
INC-00827,Doba,Rurale,14.5999,23.5781,Saison_Seche,42.0,31.2,48.2,1,Splitter,52,14,171,Degradation_Lente,Moyenne,289,0.94,48,41,85.4,648.25,-20.22,93.11,49.44,74.84,4.1,78,1,2001397.0,2,15.3,Urgente
INC-00828,Doba,Urbaine_Moyenne,10.1088,13.6282,Saison_Seche,46.6,30.7,38.5,1,Antenne_AirPON,8,10,31,Perte_Signal,Élevée,221,15.62,19,12,63.2,903.85,-33.28,92.12,6.9,62.5,7.2,28,1,1732474.0,8,16.4,Urgente
INC-00829,Kélo,Rurale,8.936,19.1266,Saison_Seche,37.5,18.2,44.6,1,Splitter,64,0,258,Rupture_Cable,Moyenne,438,39.86,41,20,48.8,716.99,-24.66,195.69,42.6,83.87,7.9,3,1,2186947.0,1,12.8,Urgente
INC-00830,Moundou,Urbaine_Dense,12.1131,20.1528,Saison_Pluies,34.8,75.7,9.7,17,OLT,39,4,56,Perte_Signal,Faible,35,52.85,38,19,50.0,666.56,-1.41,150.86,46.18,63.69,4.7,28,1,1810818.0,1,1.8,Corrective
INC-00831,Bongor,Urbaine_Dense,11.9411,22.8921,Saison_Pluies,32.7,73.9,52.4,17,OLT,80,13,48,Degradation_Lente,Moyenne,244,58.73,17,10,58.8,842.63,-6.09,62.67,22.21,85.03,2.3,15,0,1457469.0,7,22.6,Urgente
INC-00832,Kélo,Urbaine_Dense,12.4513,20.6317,Saison_Pluies,34.4,70.4,47.0,20,Boitier_Etanche,29,19,263,Rupture_Cable,Faible,261,9.75,41,26,63.4,398.07,-32.29,105.55,25.6,82.81,4.6,59,1,1592989.0,8,2.9,Corrective
INC-00833,Sarh,Péri_Urbaine,9.9171,22.0169,Saison_Pluies,30.8,77.9,57.4,24,Splitter,73,18,40,Panne_OLT,Moyenne,11,61.61,49,38,77.6,419.65,-24.42,64.37,21.48,68.89,3.8,62,1,1228098.0,7,0.7,Corrective
INC-00834,Moundou,Urbaine_Dense,10.0598,21.5842,Saison_Pluies,32.4,78.1,24.5,12,Antenne_AirPON,7,7,31,Panne_OLT,Moyenne,269,50.33,14,12,85.7,474.86,-15.12,115.46,21.37,93.2,7.9,15,0,359996.0,9,10.5,Urgente
INC-00835,Abéché,Péri_Urbaine,9.3994,15.7421,Intersaison,29.3,42.0,31.1,3,ONT,78,12,122,Obstruction_Physique,Moyenne,99,20.87,34,22,64.7,788.54,-32.11,157.02,48.12,94.7,4.1,49,0,580335.0,6,7.8,Corrective
INC-00836,Abéché,Urbaine_Dense,14.9272,20.8549,Intersaison,37.1,66.3,42.1,6,Connecteur,25,13,71,Perte_Signal,Moyenne,184,0.6,3,2,66.7,881.63,-10.64,46.23,10.06,61.38,3.5,4,0,336052.0,4,18.2,Corrective
INC-00837,Bongor,Urbaine_Dense,12.9636,20.1946,Saison_Seche,42.7,26.7,6.3,1,OLT,37,9,59,Rupture_Cable,Moyenne,405,65.75,37,22,59.5,458.96,-10.37,56.35,48.84,74.52,7.8,17,1,1958195.0,1,8.0,Urgente
INC-00838,Kélo,Urbaine_Dense,13.55,16.0617,Saison_Seche,37.9,22.0,12.6,0,Boitier_Etanche,83,12,160,Obstruction_Physique,Moyenne,334,14.27,34,24,70.6,648.54,-15.2,43.76,42.08,85.24,9.9,84,1,1145422.0,3,8.7,Corrective
INC-00839,N'Djamena_Centre,Péri_Urbaine,9.0533,14.8475,Saison_Seche,41.6,18.0,17.3,1,Splitter,66,10,29,Panne_OLT,Moyenne,351,26.25,45,24,53.3,758.67,-10.42,30.7,34.93,81.34,3.5,88,1,977919.0,1,23.0,Urgente
INC-00840,Moundou,Rurale,12.7926,21.3922,Saison_Pluies,32.7,73.0,56.7,21,Cable_Fibre,19,10,190,Obstruction_Physique,Moyenne,446,61.21,38,27,71.1,476.73,-33.15,28.31,0.59,80.54,6.1,64,1,654430.0,1,5.4,Corrective
INC-00841,Moundou,Rurale,13.6013,23.6968,Saison_Seche,43.3,29.8,0.1,0,Boitier_Etanche,66,2,279,Degradation_Lente,Moyenne,426,47.76,43,36,83.7,442.23,-26.15,119.11,34.42,99.61,9.0,99,0,359843.0,6,18.2,Urgente
INC-00842,Sarh,Urbaine_Dense,10.2396,21.2537,Saison_Pluies,34.5,94.6,59.6,11,Splitter,88,6,102,Rupture_Cable,Moyenne,349,9.54,42,38,90.5,656.78,-23.05,20.07,9.84,75.81,9.6,41,0,1075482.0,4,4.8,Corrective
INC-00843,Sarh,Urbaine_Dense,8.7615,21.3692,Saison_Seche,46.5,28.3,23.7,1,Splitter,74,18,200,Degradation_Lente,Moyenne,243,70.51,27,19,70.4,34.41,-2.86,124.62,0.79,92.62,9.2,42,0,803527.0,5,10.3,Urgente
INC-00844,Moundou,Péri_Urbaine,13.076,15.2504,Saison_Seche,45.2,16.8,38.9,1,ONT,50,12,209,Degradation_Lente,Moyenne,342,23.0,37,22,59.5,772.81,-2.56,146.09,49.31,82.26,9.4,69,1,516849.0,7,16.7,Corrective
INC-00845,N'Djamena_Nord,Urbaine_Moyenne,12.3891,16.0941,Saison_Seche,46.3,30.4,24.6,1,Boitier_Etanche,56,14,105,Perte_Signal,Critique,15,42.82,23,11,47.8,172.72,-3.68,113.36,45.71,90.28,2.5,67,0,625418.0,7,17.4,Urgente
INC-00846,Abéché,Urbaine_Moyenne,12.1049,19.6505,Intersaison,39.3,65.5,47.0,7,Antenne_AirPON,13,5,231,Degradation_Lente,Faible,294,45.23,5,4,80.0,320.67,-22.98,30.49,21.51,72.74,4.5,3,0,2182251.0,7,19.0,Urgente
INC-00847,N'Djamena_Sud,Rurale,8.9605,13.83,Saison_Seche,42.5,27.1,57.0,2,Splitter,101,14,220,Obstruction_Physique,Faible,267,40.87,29,19,65.5,209.6,-0.64,142.28,36.34,72.48,4.6,0,1,854135.0,2,3.2,Urgente
INC-00848,Bongor,Urbaine_Dense,9.5999,20.5132,Intersaison,30.6,64.1,26.9,4,Cable_Fibre,1,4,84,Panne_OLT,Élevée,467,41.72,33,27,81.8,313.48,-31.43,193.45,45.94,91.86,7.2,96,0,2186212.0,6,8.0,Urgente
INC-00849,Abéché,Urbaine_Moyenne,12.4991,15.0205,Intersaison,39.7,50.3,10.8,6,ONT,15,9,210,Surtension,Faible,109,17.47,4,3,75.0,899.89,-18.01,124.74,11.94,61.22,1.6,2,1,2217125.0,4,11.7,Corrective
INC-00850,Sarh,Urbaine_Dense,12.4087,17.8407,Saison_Seche,44.8,24.0,13.3,2,Antenne_AirPON,53,1,143,Surtension,Faible,480,69.12,10,5,50.0,984.07,-22.12,91.27,46.52,61.87,3.2,59,1,1528311.0,6,5.4,Urgente
INC-00851,N'Djamena_Nord,Urbaine_Moyenne,11.9378,16.862,Saison_Seche,35.6,26.5,15.9,1,Splitter,7,19,295,Perte_Signal,Moyenne,141,35.11,8,7,87.5,32.21,-10.86,57.28,17.67,93.75,9.0,57,0,2215975.0,1,17.6,Corrective
INC-00852,Moundou,Urbaine_Moyenne,13.6451,14.6178,Intersaison,31.9,44.5,13.3,4,Splitter,104,4,40,Obstruction_Physique,Faible,222,10.1,12,7,58.3,130.16,-14.09,137.09,36.66,94.32,8.3,51,1,2308982.0,1,22.1,Corrective
INC-00853,Abéché,Rurale,14.0173,19.5771,Saison_Pluies,30.4,75.5,0.8,16,ONT,80,10,165,Panne_OLT,Élevée,420,61.17,16,13,81.2,406.51,-9.05,145.83,2.9,74.07,4.4,6,1,578801.0,2,17.4,Urgente
INC-00854,N'Djamena_Nord,Urbaine_Moyenne,9.7121,17.2931,Saison_Seche,42.0,13.9,51.7,1,Antenne_AirPON,7,13,273,Defaut_Connecteur,Faible,435,10.59,45,34,75.6,33.97,-3.56,112.31,19.47,70.71,5.1,79,0,2117810.0,7,10.2,Urgente
INC-00855,Kélo,Rurale,8.7609,13.9618,Intersaison,32.5,54.3,40.9,9,Splitter,82,1,228,Rupture_Cable,Élevée,177,62.1,42,33,78.6,463.47,-10.73,54.55,23.58,79.18,5.2,22,1,2417545.0,5,11.1,Préventive
INC-00856,Sarh,Urbaine_Dense,9.1093,18.1664,Saison_Seche,35.9,29.4,30.9,0,Connecteur,92,10,363,Perte_Signal,Faible,349,40.33,7,5,71.4,314.29,-10.2,193.39,1.1,66.46,7.4,79,1,1311148.0,4,20.3,Urgente
INC-00857,N'Djamena_Centre,Péri_Urbaine,9.7505,19.6977,Saison_Seche,43.8,23.5,8.8,2,Cable_Fibre,63,8,72,Surtension,Élevée,440,3.16,26,19,73.1,515.24,-32.28,32.34,40.66,87.86,6.5,64,1,2200690.0,9,10.2,Urgente
INC-00858,Bongor,Péri_Urbaine,15.082,14.8694,Saison_Seche,35.9,18.9,2.4,1,ONT,14,9,217,Defaut_Connecteur,Élevée,25,8.83,1,0,0.0,143.6,-31.04,192.51,10.81,89.38,4.9,56,1,1545471.0,2,14.6,Corrective
INC-00859,Bongor,Péri_Urbaine,8.5973,19.6424,Saison_Pluies,25.1,81.0,23.1,20,Boitier_Etanche,81,4,178,Defaut_Connecteur,Faible,292,67.93,18,12,66.7,427.93,-22.03,9.0,44.53,67.85,4.0,65,0,2081888.0,1,9.9,Urgente
INC-00860,N'Djamena_Centre,Péri_Urbaine,14.5301,16.6713,Saison_Seche,46.0,12.3,0.3,2,Splitter,23,4,161,Obstruction_Physique,Moyenne,401,9.21,38,33,86.8,755.37,-20.21,48.97,40.56,61.05,7.5,74,1,575373.0,7,14.7,Urgente
INC-00861,Moundou,Péri_Urbaine,9.127,16.2263,Intersaison,32.6,44.4,3.4,9,Connecteur,57,16,251,Surtension,Élevée,418,42.24,30,16,53.3,380.11,-29.49,123.93,38.38,88.2,2.0,0,1,534954.0,8,19.6,Urgente
INC-00862,Moundou,Péri_Urbaine,10.2876,21.8526,Saison_Seche,44.2,20.1,4.4,0,Boitier_Etanche,23,19,285,Corrosion,Faible,239,22.6,42,33,78.6,868.8,-30.26,115.53,34.43,85.92,3.6,77,1,2059890.0,2,22.5,Corrective
INC-00863,Doba,Rurale,8.507,18.4113,Saison_Seche,44.6,12.4,48.9,1,Splitter,24,9,276,Corrosion,Moyenne,393,57.4,21,15,71.4,176.7,-20.38,124.56,21.53,72.44,2.4,1,1,1849253.0,2,23.6,Urgente
INC-00864,N'Djamena_Sud,Urbaine_Dense,8.3269,17.4682,Intersaison,28.7,38.2,43.6,2,Splitter,85,5,144,Degradation_Lente,Critique,113,57.19,10,8,80.0,380.04,-20.0,144.22,2.56,91.03,2.3,95,1,2215815.0,2,2.2,Urgente
INC-00865,Kélo,Urbaine_Dense,8.2611,22.0367,Intersaison,39.8,41.8,18.6,3,Antenne_AirPON,86,15,237,Rupture_Cable,Moyenne,145,57.41,13,9,69.2,58.24,-6.59,16.25,47.37,97.25,3.5,93,1,91914.0,9,10.8,Préventive
INC-00866,Doba,Péri_Urbaine,10.2421,23.0586,Saison_Seche,37.3,20.6,18.2,1,Connecteur,90,11,259,Rupture_Cable,Élevée,128,14.94,15,12,80.0,67.95,-24.68,130.34,26.67,60.78,9.4,31,1,1564953.0,5,10.0,Préventive
INC-00867,N'Djamena_Nord,Urbaine_Dense,11.6895,16.8084,Saison_Pluies,34.9,86.2,20.7,22,OLT,36,7,25,Rupture_Cable,Élevée,428,51.21,29,26,89.7,560.84,-9.82,145.88,38.36,67.85,1.7,15,1,1113619.0,3,22.4,Urgente
INC-00868,N'Djamena_Nord,Péri_Urbaine,9.1065,14.0292,Saison_Pluies,34.5,84.3,33.9,22,Connecteur,55,17,130,Defaut_Connecteur,Élevée,258,6.58,33,21,63.6,757.04,-8.15,164.77,31.9,68.38,5.5,42,0,863721.0,4,1.5,Urgente
INC-00869,Bongor,Urbaine_Dense,14.9614,19.1775,Saison_Pluies,26.4,91.3,51.6,20,Boitier_Etanche,29,3,259,Panne_OLT,Critique,300,5.52,13,9,69.2,924.2,-20.86,135.48,42.35,99.12,9.3,90,1,2143104.0,6,9.3,Urgente
INC-00870,Doba,Urbaine_Dense,12.1914,21.0091,Saison_Pluies,34.2,83.0,28.6,23,ONT,71,1,364,Degradation_Lente,Élevée,33,29.44,31,20,64.5,356.3,-11.9,74.55,36.2,72.3,6.0,36,1,818815.0,4,21.4,Urgente
INC-00871,N'Djamena_Centre,Péri_Urbaine,14.5805,19.6718,Intersaison,37.4,43.3,8.9,8,ONT,56,0,326,Obstruction_Physique,Critique,233,43.0,34,20,58.8,741.8,-19.02,151.16,18.17,90.35,3.7,29,1,964156.0,6,21.0,Urgente
INC-00872,N'Djamena_Sud,Urbaine_Dense,8.6906,20.7246,Intersaison,36.6,42.9,9.5,7,OLT,81,10,336,Rupture_Cable,Faible,69,22.55,35,27,77.1,40.26,-21.13,46.08,43.93,73.97,3.0,0,0,622163.0,7,22.2,Préventive
INC-00873,Moundou,Urbaine_Dense,8.648,20.2906,Intersaison,28.5,47.9,3.4,8,ONT,118,1,191,Defaut_Connecteur,Moyenne,473,21.98,25,24,96.0,205.94,-23.82,24.36,10.05,73.23,3.9,74,0,2432908.0,8,7.4,Urgente
INC-00874,Abéché,Urbaine_Dense,14.274,23.5379,Saison_Seche,36.3,12.7,44.4,1,OLT,11,7,352,Surtension,Moyenne,149,5.39,11,5,45.5,452.59,-9.13,97.68,19.86,63.55,2.3,96,1,1589668.0,7,4.8,Corrective
INC-00875,N'Djamena_Nord,Urbaine_Dense,12.0439,22.5921,Saison_Seche,45.2,17.0,24.0,1,Connecteur,101,13,315,Perte_Signal,Élevée,467,14.11,7,4,57.1,795.78,-21.18,86.46,23.7,64.89,3.5,28,0,1822136.0,6,14.9,Urgente
INC-00876,Moundou,Rurale,15.0087,14.8844,Saison_Seche,38.9,30.8,55.1,2,Splitter,55,12,59,Corrosion,Faible,92,43.93,24,23,95.8,331.56,-17.4,129.05,47.83,89.42,8.3,91,0,2455029.0,7,12.9,Corrective
INC-00877,Moundou,Urbaine_Moyenne,8.6752,18.2523,Intersaison,31.5,58.6,18.6,7,Antenne_AirPON,25,9,286,Rupture_Cable,Faible,359,49.04,22,14,63.6,924.49,-13.52,123.14,17.83,67.59,6.9,92,1,1387698.0,8,16.4,Urgente
INC-00878,Kélo,Rurale,7.7081,18.2751,Saison_Seche,42.6,11.3,47.9,2,Antenne_AirPON,41,12,96,Defaut_Connecteur,Faible,346,65.34,4,2,50.0,695.17,-9.93,13.89,25.13,99.09,2.1,45,0,1194045.0,2,4.8,Urgente
INC-00879,Kélo,Péri_Urbaine,14.8325,18.2915,Saison_Seche,38.9,27.2,29.7,1,Splitter,48,7,160,Rupture_Cable,Faible,470,26.98,12,11,91.7,497.82,-31.17,127.67,21.17,95.57,3.7,17,0,1196199.0,9,23.3,Urgente
INC-00880,Kélo,Rurale,13.0907,23.2724,Intersaison,39.5,64.2,50.9,3,OLT,51,1,218,Degradation_Lente,Faible,65,17.02,15,13,86.7,573.07,-14.29,59.69,39.63,81.85,6.1,37,0,1810487.0,7,6.2,Préventive
INC-00881,Moundou,Urbaine_Moyenne,13.9573,16.9355,Saison_Seche,36.8,29.3,33.7,0,Antenne_AirPON,8,13,361,Degradation_Lente,Élevée,266,51.79,30,17,56.7,571.76,-17.03,147.72,2.27,94.52,2.6,10,1,2272672.0,9,10.9,Urgente
INC-00882,Sarh,Urbaine_Dense,9.8681,19.9499,Saison_Seche,41.8,33.3,11.5,2,Splitter,4,16,229,Perte_Signal,Moyenne,272,48.49,49,27,55.1,620.52,-7.04,95.78,27.01,71.69,3.1,17,0,1944642.0,1,17.9,Urgente
INC-00883,Moundou,Urbaine_Dense,7.5245,22.9113,Intersaison,32.8,52.5,48.1,2,OLT,37,17,333,Degradation_Lente,Moyenne,107,19.82,6,4,66.7,776.66,-24.59,121.62,23.69,68.94,6.5,25,0,1324863.0,6,22.9,Corrective
INC-00884,Bongor,Urbaine_Moyenne,11.363,14.0307,Saison_Seche,46.1,10.9,0.3,1,ONT,115,7,9,Perte_Signal,Faible,36,55.36,38,19,50.0,766.59,-6.97,122.46,22.68,89.7,8.1,52,1,676726.0,9,12.6,Corrective
INC-00885,Moundou,Urbaine_Dense,15.4201,22.7248,Intersaison,28.4,63.4,30.3,9,ONT,73,4,313,Rupture_Cable,Élevée,229,14.46,31,27,87.1,460.92,-8.69,77.55,26.8,79.24,8.3,60,0,2100951.0,6,5.0,Urgente
INC-00886,N'Djamena_Centre,Urbaine_Dense,14.7603,21.5321,Saison_Seche,45.5,34.1,11.7,0,Cable_Fibre,101,14,325,Panne_OLT,Élevée,402,25.05,46,30,65.2,463.39,-5.7,102.59,41.5,75.87,6.0,22,1,2079627.0,7,15.1,Urgente
INC-00887,Doba,Urbaine_Dense,8.0762,15.6827,Saison_Seche,37.8,23.6,20.3,1,Cable_Fibre,78,15,192,Perte_Signal,Élevée,415,17.66,38,37,97.4,543.41,-28.74,102.27,17.11,85.59,3.7,34,1,573389.0,5,3.4,Préventive
INC-00888,Abéché,Urbaine_Moyenne,9.0023,16.9179,Saison_Seche,45.9,19.4,24.5,0,ONT,48,15,49,Rupture_Cable,Critique,465,46.76,32,16,50.0,186.39,-4.26,147.84,23.64,89.66,8.9,99,0,1724278.0,7,11.0,Urgente
INC-00889,N'Djamena_Sud,Urbaine_Moyenne,9.9898,16.7612,Intersaison,31.2,65.5,33.6,4,Boitier_Etanche,14,0,347,Defaut_Connecteur,Élevée,483,35.4,29,27,93.1,607.4,-19.46,80.44,44.45,73.49,8.0,9,1,1398164.0,6,4.3,Urgente
INC-00890,N'Djamena_Centre,Rurale,14.1432,15.8237,Saison_Pluies,27.4,88.9,21.3,21,ONT,23,16,169,Corrosion,Moyenne,394,52.85,15,10,66.7,819.74,-17.66,111.87,45.77,73.84,8.8,57,0,566210.0,8,6.1,Urgente
INC-00891,Kélo,Urbaine_Dense,14.0977,20.2045,Saison_Seche,40.3,28.8,38.7,1,ONT,33,7,302,Surtension,Moyenne,343,7.74,37,30,81.1,366.81,-27.36,107.75,42.04,74.18,9.0,88,1,746443.0,3,21.2,Urgente
INC-00892,Doba,Urbaine_Moyenne,8.98,23.8197,Saison_Pluies,27.6,95.0,11.2,18,Cable_Fibre,115,9,196,Panne_OLT,Faible,333,18.49,24,23,95.8,392.22,-5.12,60.68,35.63,97.82,6.5,22,1,1828327.0,1,16.2,Préventive
INC-00893,Bongor,Urbaine_Moyenne,11.7646,15.2494,Saison_Seche,43.8,28.1,47.4,1,Connecteur,82,18,177,Degradation_Lente,Faible,240,34.93,44,39,88.6,602.29,-27.45,196.78,48.23,88.66,6.3,77,1,2376643.0,9,17.6,Urgente
INC-00894,Moundou,Urbaine_Dense,11.5144,15.938,Saison_Pluies,28.9,91.6,36.1,14,Splitter,42,18,17,Obstruction_Physique,Élevée,138,4.09,31,25,80.6,425.41,-15.8,20.3,42.59,96.11,8.9,45,1,1630369.0,3,4.6,Corrective
INC-00895,Kélo,Péri_Urbaine,10.8142,16.5489,Saison_Seche,46.7,30.3,21.1,2,Splitter,74,19,120,Perte_Signal,Moyenne,230,52.65,24,16,66.7,181.76,-27.65,72.46,44.22,63.57,3.4,56,1,2435157.0,3,22.7,Urgente
INC-00896,Sarh,Urbaine_Moyenne,11.7874,23.3445,Intersaison,31.5,38.9,31.9,8,Boitier_Etanche,77,10,258,Defaut_Connecteur,Élevée,29,20.31,35,26,74.3,109.36,-21.01,192.75,4.45,79.7,2.5,57,0,1375245.0,4,2.0,Préventive
INC-00897,N'Djamena_Sud,Urbaine_Moyenne,9.8423,20.0711,Saison_Pluies,34.1,80.3,24.2,10,Antenne_AirPON,110,18,66,Corrosion,Moyenne,127,43.47,46,35,76.1,601.03,-4.74,127.22,4.36,94.64,4.7,17,0,2140236.0,5,22.7,Corrective
INC-00898,N'Djamena_Nord,Péri_Urbaine,11.7524,15.733,Intersaison,38.9,37.5,52.5,9,Cable_Fibre,24,11,84,Defaut_Connecteur,Moyenne,385,64.9,35,29,82.9,403.79,-34.05,32.38,32.13,79.5,1.8,31,1,2436130.0,8,6.4,Urgente
INC-00899,Doba,Urbaine_Dense,12.9849,21.9419,Saison_Pluies,30.7,94.9,32.8,12,Boitier_Etanche,64,12,138,Corrosion,Faible,34,18.23,39,35,89.7,787.58,-14.82,17.59,43.95,92.95,5.4,6,0,97199.0,8,2.0,Corrective
INC-00900,Sarh,Urbaine_Dense,8.0,23.1902,Saison_Pluies,33.1,75.0,47.3,11,Splitter,114,19,76,Perte_Signal,Moyenne,412,53.77,2,1,50.0,726.5,-7.01,74.95,8.12,65.96,3.0,78,1,130048.0,8,11.5,Urgente
INC-00901,N'Djamena_Nord,Urbaine_Dense,15.2384,17.7361,Saison_Pluies,34.7,85.6,47.7,10,OLT,110,14,353,Corrosion,Moyenne,465,45.61,44,36,81.8,908.84,-23.35,30.89,17.02,86.5,4.7,43,0,647297.0,1,12.2,Urgente
INC-00902,Doba,Urbaine_Moyenne,8.8224,15.3146,Saison_Pluies,27.8,95.0,44.0,16,Cable_Fibre,24,17,328,Rupture_Cable,Élevée,226,12.94,35,24,68.6,543.28,-12.18,122.69,48.21,68.64,3.3,32,1,724395.0,8,19.2,Urgente
INC-00903,Kélo,Urbaine_Moyenne,10.3824,16.7541,Saison_Seche,43.7,29.8,45.0,2,ONT,48,18,136,Obstruction_Physique,Élevée,346,52.82,42,39,92.9,155.58,-25.6,141.4,32.63,83.14,1.0,13,0,1401670.0,5,15.6,Urgente
INC-00904,Kélo,Urbaine_Dense,11.265,15.7797,Saison_Pluies,32.3,75.5,13.5,11,Connecteur,48,12,297,Rupture_Cable,Moyenne,306,4.41,45,37,82.2,274.44,-3.68,185.95,31.97,97.36,9.3,1,1,1262724.0,3,9.3,Corrective
INC-00905,Kélo,Urbaine_Dense,7.8279,15.615,Saison_Pluies,31.4,72.5,52.3,24,Antenne_AirPON,118,3,219,Perte_Signal,Critique,260,37.36,8,4,50.0,925.52,-25.75,29.21,30.67,92.86,8.1,77,0,2092047.0,5,14.9,Urgente
INC-00906,Sarh,Urbaine_Dense,11.8869,15.2933,Saison_Seche,45.7,18.7,42.5,2,OLT,106,4,340,Rupture_Cable,Moyenne,68,8.56,17,8,47.1,302.64,-13.36,17.47,33.95,94.54,6.3,52,1,1393300.0,5,14.7,Préventive
INC-00907,Moundou,Urbaine_Dense,14.4598,22.6985,Saison_Seche,45.3,30.8,3.2,2,OLT,117,3,353,Degradation_Lente,Moyenne,498,49.43,38,21,55.3,480.39,-29.46,125.51,7.59,75.01,1.1,99,0,707997.0,1,22.5,Urgente
INC-00908,Abéché,Urbaine_Dense,14.7081,14.4018,Saison_Seche,46.6,18.8,38.9,0,Cable_Fibre,67,19,38,Perte_Signal,Moyenne,214,21.9,32,28,87.5,418.18,-29.35,49.97,35.79,73.82,8.7,26,1,568234.0,9,1.3,Urgente
INC-00909,Abéché,Urbaine_Moyenne,10.1095,17.8402,Saison_Pluies,30.9,85.2,28.9,12,ONT,84,3,346,Defaut_Connecteur,Élevée,277,58.02,47,46,97.9,897.39,-2.99,69.22,3.65,70.23,7.7,70,0,746484.0,5,15.9,Urgente
INC-00910,Abéché,Urbaine_Dense,11.9704,13.6547,Saison_Seche,40.9,15.7,8.5,0,ONT,3,12,245,Defaut_Connecteur,Élevée,283,35.24,12,10,83.3,774.31,-32.82,34.99,12.08,71.87,4.6,91,0,373639.0,2,18.3,Urgente
INC-00911,Doba,Péri_Urbaine,13.7144,16.5807,Saison_Seche,36.0,17.4,28.4,2,OLT,101,2,68,Panne_OLT,Moyenne,408,5.8,11,5,45.5,35.59,-29.02,72.28,37.96,87.41,5.5,73,1,1526979.0,2,14.2,Corrective
INC-00912,Abéché,Urbaine_Moyenne,9.5228,20.9228,Saison_Seche,42.1,23.9,55.3,0,Antenne_AirPON,10,8,289,Panne_OLT,Élevée,387,43.06,2,1,50.0,466.16,-6.29,57.16,26.27,97.43,8.1,69,1,623102.0,7,21.0,Urgente
INC-00913,Moundou,Urbaine_Moyenne,11.7278,15.6298,Saison_Seche,43.8,20.6,52.6,1,Antenne_AirPON,90,13,151,Degradation_Lente,Élevée,45,0.94,15,8,53.3,495.7,-23.75,166.72,19.53,91.51,6.9,91,1,2168312.0,9,23.1,Corrective
INC-00914,Moundou,Urbaine_Dense,10.4338,23.9867,Saison_Seche,37.9,15.0,5.2,2,Antenne_AirPON,101,3,186,Perte_Signal,Élevée,160,21.15,31,22,71.0,67.86,-10.77,30.36,32.78,68.19,9.1,2,1,2413579.0,5,6.3,Préventive
INC-00915,Sarh,Urbaine_Moyenne,10.5254,14.0071,Intersaison,28.0,68.1,26.4,8,ONT,60,7,338,Corrosion,Faible,346,19.36,19,11,57.9,355.23,-19.99,85.14,48.66,68.55,6.1,45,1,989629.0,4,20.9,Urgente
INC-00916,Kélo,Urbaine_Moyenne,8.2531,14.9331,Saison_Seche,42.7,14.1,30.6,0,Boitier_Etanche,80,2,342,Perte_Signal,Faible,121,70.6,34,27,79.4,417.15,-20.27,72.85,5.93,76.27,6.2,93,0,2326662.0,2,12.6,Préventive
INC-00917,N'Djamena_Centre,Urbaine_Dense,10.7551,21.7623,Saison_Pluies,31.7,93.5,41.5,12,Boitier_Etanche,106,3,114,Defaut_Connecteur,Élevée,150,17.56,19,15,78.9,847.89,-24.31,39.14,6.42,99.57,8.2,33,1,2177232.0,4,16.9,Corrective
INC-00918,N'Djamena_Centre,Urbaine_Dense,8.787,23.748,Intersaison,38.5,36.4,46.0,7,ONT,4,7,245,Surtension,Critique,37,48.72,29,27,93.1,959.83,-10.98,64.14,16.77,63.32,2.9,39,0,1304253.0,4,6.5,Urgente
INC-00919,Sarh,Péri_Urbaine,9.9102,23.5171,Intersaison,36.5,37.6,49.7,9,ONT,50,9,113,Surtension,Moyenne,180,18.51,15,9,60.0,339.46,-29.94,148.47,42.37,73.92,2.9,89,1,474350.0,9,19.9,Corrective
INC-00920,Sarh,Péri_Urbaine,10.1422,21.8815,Saison_Pluies,25.6,72.4,35.8,11,Splitter,101,6,320,Corrosion,Moyenne,190,5.72,39,37,94.9,531.38,-20.38,161.67,32.9,66.96,2.3,53,0,1466004.0,7,11.6,Préventive
INC-00921,N'Djamena_Centre,Urbaine_Moyenne,10.9448,23.7164,Intersaison,39.4,35.8,52.9,4,Connecteur,64,3,40,Perte_Signal,Moyenne,259,4.53,44,39,88.6,934.83,-11.92,71.17,36.46,66.02,2.4,58,0,1939908.0,8,17.1,Urgente
INC-00922,Kélo,Rurale,14.8353,22.3283,Saison_Seche,41.9,17.8,33.4,0,Boitier_Etanche,105,16,223,Panne_OLT,Moyenne,420,66.68,36,19,52.8,470.58,-2.2,77.25,38.57,93.05,7.7,51,1,333044.0,1,20.9,Urgente
INC-00923,Kélo,Péri_Urbaine,12.548,14.1093,Saison_Pluies,25.9,83.7,1.4,11,Cable_Fibre,33,9,173,Obstruction_Physique,Faible,373,6.95,32,21,65.6,319.87,-30.38,130.74,21.77,98.23,4.8,49,0,2341214.0,7,15.3,Corrective
INC-00924,Moundou,Urbaine_Dense,15.2957,22.3792,Intersaison,39.2,47.5,27.5,6,Cable_Fibre,36,5,361,Obstruction_Physique,Faible,372,59.86,25,23,92.0,112.21,-30.8,109.81,14.88,78.43,5.2,35,1,1901034.0,2,14.7,Corrective
INC-00925,N'Djamena_Sud,Urbaine_Moyenne,12.2252,18.5797,Saison_Seche,43.5,32.1,9.7,2,Splitter,117,0,208,Defaut_Connecteur,Faible,92,39.14,46,25,54.3,597.07,-9.56,99.51,35.12,70.11,5.0,2,1,2085778.0,8,2.0,Préventive
INC-00926,N'Djamena_Sud,Péri_Urbaine,13.9439,18.2959,Saison_Seche,43.8,11.3,34.4,0,Splitter,57,12,172,Obstruction_Physique,Moyenne,384,31.11,47,27,57.4,626.79,-30.54,158.88,23.58,75.82,3.2,43,1,1430747.0,5,16.6,Corrective
INC-00927,Moundou,Urbaine_Moyenne,14.1732,13.5265,Saison_Pluies,33.3,75.9,40.8,13,Cable_Fibre,34,19,192,Rupture_Cable,Élevée,361,71.78,15,13,86.7,460.82,-11.04,180.83,49.07,79.48,9.7,66,1,628209.0,4,8.9,Urgente
INC-00928,N'Djamena_Sud,Péri_Urbaine,13.412,20.0127,Saison_Seche,37.2,30.3,40.9,1,Antenne_AirPON,74,9,53,Panne_OLT,Faible,450,64.15,28,21,75.0,708.09,-32.85,69.0,14.19,94.05,5.5,66,0,99852.0,9,20.7,Urgente
INC-00929,N'Djamena_Centre,Urbaine_Dense,12.8593,20.5519,Saison_Seche,35.6,16.7,29.4,0,Cable_Fibre,87,12,145,Obstruction_Physique,Moyenne,131,17.18,34,28,82.4,494.89,-24.69,7.24,22.68,76.46,4.5,43,1,1181152.0,5,11.0,Corrective
INC-00930,N'Djamena_Centre,Urbaine_Dense,10.8433,21.8025,Intersaison,33.5,47.0,43.0,4,ONT,45,6,237,Perte_Signal,Moyenne,401,43.12,30,24,80.0,734.04,-13.2,76.2,5.83,68.89,7.8,27,1,223503.0,1,20.4,Urgente
INC-00931,Doba,Urbaine_Moyenne,12.0382,16.9225,Saison_Seche,41.1,11.0,6.9,0,Splitter,62,12,69,Panne_OLT,Critique,173,11.38,26,15,57.7,133.56,-10.97,63.0,14.05,77.3,7.9,27,1,480150.0,5,20.8,Corrective
INC-00932,N'Djamena_Sud,Péri_Urbaine,9.0497,14.8454,Saison_Seche,45.8,31.0,56.9,2,Antenne_AirPON,17,10,75,Defaut_Connecteur,Élevée,6,43.03,27,26,96.3,91.06,-6.23,132.23,21.4,73.11,9.9,25,0,1194179.0,7,16.7,Urgente
INC-00933,Bongor,Péri_Urbaine,12.446,18.1184,Intersaison,30.8,54.3,50.6,2,Splitter,72,6,343,Corrosion,Moyenne,60,9.06,25,22,88.0,758.59,-5.29,159.48,16.27,82.89,5.2,15,0,1309446.0,9,2.3,Préventive
INC-00934,N'Djamena_Sud,Urbaine_Dense,11.6144,17.304,Saison_Seche,39.9,21.8,51.3,2,Boitier_Etanche,95,19,273,Corrosion,Moyenne,256,45.17,25,15,60.0,816.0,-33.18,63.48,16.15,61.09,1.9,10,1,1278996.0,5,6.4,Urgente
INC-00935,Moundou,Péri_Urbaine,13.9346,21.4079,Intersaison,32.7,51.5,2.0,8,Connecteur,98,14,99,Obstruction_Physique,Élevée,220,70.03,17,14,82.4,214.97,-33.9,17.04,48.73,77.48,7.9,31,0,1323054.0,5,6.8,Urgente
INC-00936,Kélo,Urbaine_Dense,14.7203,15.9091,Saison_Seche,45.6,21.4,13.8,2,OLT,65,0,336,Degradation_Lente,Élevée,56,41.88,44,22,50.0,66.22,-34.54,74.48,30.33,83.62,7.4,25,1,754606.0,3,18.2,Préventive
INC-00937,Kélo,Péri_Urbaine,8.5624,14.9508,Intersaison,30.1,56.1,6.0,9,Connecteur,84,9,290,Rupture_Cable,Critique,12,9.05,44,22,50.0,67.5,-9.13,97.85,11.68,98.7,1.5,6,0,1560851.0,5,21.6,Urgente
INC-00938,Doba,Péri_Urbaine,13.0273,18.1219,Intersaison,32.0,65.3,51.9,8,Antenne_AirPON,100,6,51,Perte_Signal,Moyenne,246,57.59,4,2,50.0,234.85,-0.35,55.78,0.24,80.66,6.1,45,1,916106.0,5,15.1,Corrective
INC-00939,N'Djamena_Nord,Urbaine_Moyenne,15.1004,20.0939,Saison_Seche,39.6,21.4,45.0,0,Boitier_Etanche,69,11,107,Perte_Signal,Faible,89,23.92,4,2,50.0,543.42,-7.69,70.64,44.65,61.32,2.2,34,1,1208522.0,4,6.1,Corrective
INC-00940,N'Djamena_Centre,Urbaine_Moyenne,14.843,16.4505,Intersaison,28.4,43.1,5.8,4,ONT,27,13,255,Degradation_Lente,Moyenne,151,6.77,29,23,79.3,624.85,-31.01,110.98,30.39,79.79,9.9,44,1,784248.0,6,8.4,Corrective
INC-00941,Moundou,Péri_Urbaine,14.1754,14.7015,Saison_Pluies,31.3,87.6,24.1,21,Antenne_AirPON,110,0,215,Obstruction_Physique,Faible,27,47.21,6,3,50.0,854.97,-8.96,147.58,13.97,86.56,8.3,33,0,330744.0,9,12.9,Préventive
INC-00942,N'Djamena_Nord,Urbaine_Dense,7.8867,18.1107,Saison_Pluies,26.0,88.6,30.7,12,ONT,14,9,296,Defaut_Connecteur,Faible,179,59.8,8,6,75.0,852.14,-9.33,110.8,14.56,96.74,2.2,27,1,358260.0,3,2.6,Corrective
INC-00943,Moundou,Péri_Urbaine,9.5199,23.5997,Saison_Pluies,32.7,77.3,42.9,14,ONT,98,5,211,Rupture_Cable,Moyenne,325,34.76,10,8,80.0,845.58,-5.94,81.9,13.87,77.79,1.9,58,1,1981480.0,3,19.7,Préventive
INC-00944,Abéché,Urbaine_Dense,8.6863,23.6568,Saison_Seche,38.9,25.5,17.6,1,Connecteur,58,17,290,Rupture_Cable,Faible,392,67.08,28,23,82.1,245.1,-28.32,177.69,11.84,77.64,3.5,68,0,1553711.0,6,15.2,Urgente
INC-00945,N'Djamena_Centre,Urbaine_Moyenne,14.9155,20.9412,Intersaison,39.4,46.0,17.4,9,Antenne_AirPON,90,12,236,Degradation_Lente,Moyenne,484,49.13,35,32,91.4,542.07,-8.49,145.48,7.82,83.53,3.3,75,1,75486.0,5,5.8,Préventive
INC-00946,N'Djamena_Centre,Urbaine_Moyenne,13.4911,21.6601,Saison_Seche,46.7,30.9,31.9,2,Antenne_AirPON,95,2,120,Defaut_Connecteur,Élevée,26,45.01,34,24,70.6,615.36,-17.09,171.65,4.7,62.64,4.9,90,1,2064394.0,8,22.0,Urgente
INC-00947,N'Djamena_Sud,Péri_Urbaine,11.7543,15.6369,Saison_Seche,41.5,13.0,31.5,2,OLT,108,4,40,Perte_Signal,Faible,442,25.46,33,32,97.0,474.14,-20.93,138.82,14.56,60.88,1.1,16,1,28693.0,8,12.9,Urgente
INC-00948,N'Djamena_Nord,Urbaine_Dense,15.3352,17.4339,Saison_Pluies,32.9,85.0,6.7,24,OLT,2,13,146,Rupture_Cable,Faible,100,22.47,38,36,94.7,25.18,-28.26,69.52,43.53,70.39,7.0,86,0,363152.0,9,1.7,Corrective
INC-00949,Sarh,Urbaine_Dense,9.0578,19.8499,Saison_Seche,39.3,12.4,42.8,2,ONT,109,2,236,Defaut_Connecteur,Faible,437,20.37,43,42,97.7,371.41,-3.01,103.31,5.65,82.85,5.4,24,1,233129.0,8,17.2,Préventive
INC-00950,Bongor,Péri_Urbaine,12.6326,21.3794,Saison_Pluies,34.4,91.0,10.7,19,ONT,28,5,200,Obstruction_Physique,Critique,414,68.99,25,24,96.0,140.69,-13.66,149.81,13.19,62.11,1.5,12,0,946232.0,5,11.6,Urgente
INC-00951,Abéché,Urbaine_Moyenne,12.375,15.2496,Saison_Seche,43.1,32.5,51.0,2,OLT,22,16,280,Corrosion,Faible,427,46.83,12,9,75.0,16.01,-2.97,178.45,14.62,97.92,1.3,7,0,422042.0,7,11.9,Urgente
INC-00952,Sarh,Urbaine_Dense,10.2236,18.3051,Saison_Pluies,29.9,91.7,46.4,19,OLT,54,12,111,Degradation_Lente,Critique,243,42.78,18,13,72.2,113.9,-22.55,119.63,15.5,97.16,2.5,81,1,752904.0,8,16.7,Urgente
INC-00953,Doba,Urbaine_Moyenne,11.383,15.2089,Saison_Seche,43.7,10.2,58.9,0,Splitter,8,17,234,Corrosion,Critique,339,23.06,9,6,66.7,761.7,-24.2,132.24,11.51,89.24,3.9,79,1,488438.0,5,5.1,Urgente
INC-00954,N'Djamena_Centre,Urbaine_Dense,9.3831,20.1503,Intersaison,28.1,65.5,10.3,6,Antenne_AirPON,115,12,230,Panne_OLT,Faible,84,25.47,10,7,70.0,678.48,-23.51,170.82,7.76,68.61,1.5,76,1,2007509.0,3,22.8,Préventive
INC-00955,Kélo,Péri_Urbaine,12.9169,21.6077,Saison_Pluies,25.4,85.8,56.7,16,Cable_Fibre,48,11,159,Rupture_Cable,Moyenne,92,20.09,29,21,72.4,524.87,-20.34,84.38,12.17,97.5,3.9,5,0,343709.0,8,19.7,Corrective
INC-00956,Doba,Urbaine_Moyenne,10.8459,22.2497,Saison_Seche,36.9,11.9,44.0,0,Connecteur,59,15,209,Corrosion,Élevée,279,11.28,35,28,80.0,831.35,-21.57,86.53,44.84,99.56,9.1,23,0,260131.0,7,21.7,Urgente
INC-00957,Bongor,Urbaine_Dense,7.6884,21.1898,Saison_Seche,46.6,29.5,52.9,2,Connecteur,86,16,88,Corrosion,Faible,231,66.24,3,1,33.3,409.58,-23.11,185.7,24.9,94.14,5.7,91,1,664032.0,9,21.8,Corrective
INC-00958,Bongor,Urbaine_Moyenne,15.1063,15.171,Saison_Pluies,31.7,91.2,2.1,11,Boitier_Etanche,75,2,102,Obstruction_Physique,Moyenne,323,41.93,36,26,72.2,299.82,-32.74,173.12,46.2,95.2,1.1,89,1,864142.0,5,10.1,Urgente
INC-00959,Doba,Urbaine_Dense,11.5114,22.1983,Saison_Pluies,27.8,92.6,19.3,14,Cable_Fibre,119,14,230,Perte_Signal,Moyenne,396,52.79,29,19,65.5,409.1,-15.09,114.11,33.89,94.91,6.8,54,0,925621.0,7,8.2,Urgente
INC-00960,N'Djamena_Nord,Urbaine_Moyenne,13.1451,17.0113,Intersaison,31.4,59.1,1.8,9,Cable_Fibre,1,16,27,Obstruction_Physique,Moyenne,163,34.21,31,20,64.5,141.69,-4.24,196.27,25.28,65.02,9.2,14,1,97221.0,4,13.5,Corrective
INC-00961,Abéché,Péri_Urbaine,9.0754,22.2755,Saison_Seche,40.0,30.5,10.9,0,Splitter,113,9,90,Rupture_Cable,Moyenne,431,4.1,9,6,66.7,650.02,-31.43,193.45,20.09,78.3,2.6,31,0,1004307.0,1,3.3,Corrective
INC-00962,Sarh,Urbaine_Moyenne,8.5178,16.1345,Intersaison,32.2,36.7,53.1,3,OLT,70,15,297,Degradation_Lente,Élevée,300,33.83,42,28,66.7,486.27,-20.3,121.25,43.62,70.96,5.1,63,1,679436.0,3,12.5,Urgente
INC-00963,N'Djamena_Nord,Urbaine_Dense,14.7194,18.4949,Saison_Pluies,27.7,72.8,24.6,23,OLT,86,0,299,Rupture_Cable,Faible,247,3.05,29,24,82.8,965.21,-13.49,65.15,26.44,90.96,4.1,52,0,1398305.0,4,14.3,Urgente
INC-00964,N'Djamena_Sud,Péri_Urbaine,12.2275,19.554,Saison_Pluies,27.4,92.1,40.3,22,Splitter,64,3,151,Perte_Signal,Critique,137,68.13,44,32,72.7,648.85,-18.88,32.48,16.56,65.33,1.4,44,0,555751.0,9,3.2,Urgente
INC-00965,N'Djamena_Sud,Urbaine_Moyenne,11.4468,13.8646,Intersaison,35.9,69.3,29.0,3,OLT,56,15,251,Degradation_Lente,Faible,148,24.69,30,25,83.3,659.11,-16.07,87.61,1.1,89.8,3.3,32,1,1905480.0,4,17.9,Corrective
INC-00966,Moundou,Péri_Urbaine,11.6692,22.9888,Intersaison,28.7,66.8,28.4,2,Splitter,66,8,19,Panne_OLT,Critique,497,11.09,42,36,85.7,676.05,-27.95,155.63,27.08,80.97,4.1,25,0,1820266.0,8,22.0,Urgente
INC-00967,Bongor,Urbaine_Dense,9.3896,18.8712,Saison_Pluies,33.1,93.2,39.0,22,ONT,26,7,213,Corrosion,Élevée,108,16.34,40,22,55.0,126.75,-2.03,72.26,31.04,72.16,8.6,42,1,234668.0,4,7.4,Corrective
INC-00968,N'Djamena_Sud,Péri_Urbaine,14.8015,15.5164,Saison_Seche,40.7,32.6,26.1,2,Splitter,7,9,92,Rupture_Cable,Élevée,111,65.61,41,30,73.2,909.87,-24.0,58.65,30.89,87.05,2.8,35,0,690523.0,7,0.7,Urgente
INC-00969,Sarh,Urbaine_Moyenne,9.2139,15.1885,Saison_Seche,44.0,10.5,1.2,0,ONT,97,6,191,Perte_Signal,Critique,335,14.92,22,15,68.2,403.5,-24.52,137.06,42.43,61.65,7.0,10,1,995555.0,8,21.3,Urgente
INC-00970,Doba,Urbaine_Moyenne,8.7641,20.7088,Saison_Pluies,31.3,88.4,48.0,21,ONT,80,0,110,Defaut_Connecteur,Élevée,242,9.58,10,5,50.0,255.82,-18.96,121.37,25.86,60.26,5.5,35,0,495261.0,6,9.2,Urgente
INC-00971,N'Djamena_Sud,Rurale,14.9404,14.3582,Saison_Seche,40.6,28.3,16.4,0,ONT,13,1,231,Degradation_Lente,Faible,180,44.45,12,7,58.3,37.6,-32.18,129.08,38.82,62.77,1.1,27,1,1078102.0,2,0.6,Préventive
INC-00972,Kélo,Urbaine_Dense,9.5606,18.1181,Saison_Pluies,28.7,71.2,40.3,10,Boitier_Etanche,32,3,303,Perte_Signal,Élevée,238,6.78,38,27,71.1,720.79,-0.68,11.22,38.01,80.74,6.9,13,1,1937195.0,9,3.2,Urgente
INC-00973,Abéché,Urbaine_Dense,14.3999,19.1729,Saison_Pluies,25.0,71.5,39.5,13,Cable_Fibre,3,16,153,Obstruction_Physique,Moyenne,222,33.99,47,28,59.6,631.54,-18.03,89.94,4.76,96.11,8.5,30,0,55196.0,4,16.3,Urgente
INC-00974,N'Djamena_Centre,Urbaine_Moyenne,13.6801,15.9479,Saison_Pluies,28.6,89.8,8.7,23,Antenne_AirPON,21,5,215,Perte_Signal,Moyenne,183,48.85,42,25,59.5,368.34,-19.53,162.42,22.59,79.35,5.0,53,0,190770.0,6,12.9,Corrective
INC-00975,Kélo,Urbaine_Dense,10.5555,14.8566,Saison_Pluies,28.2,74.8,9.9,18,Antenne_AirPON,31,0,13,Obstruction_Physique,Faible,378,10.1,23,22,95.7,346.89,-1.29,196.96,24.24,90.92,2.7,65,1,2065237.0,9,4.6,Corrective
INC-00976,Bongor,Urbaine_Moyenne,9.532,18.6524,Saison_Seche,44.0,11.0,26.9,2,Cable_Fibre,88,18,250,Panne_OLT,Moyenne,77,56.09,43,23,53.5,585.87,-19.34,24.77,36.36,90.56,7.9,75,0,1507389.0,1,13.1,Préventive
INC-00977,N'Djamena_Centre,Urbaine_Moyenne,13.5719,17.0734,Saison_Seche,35.6,14.9,20.5,2,Boitier_Etanche,71,18,187,Surtension,Faible,252,30.87,22,14,63.6,79.34,-5.92,144.86,16.73,93.0,1.2,43,1,687176.0,4,9.4,Préventive
INC-00978,N'Djamena_Sud,Péri_Urbaine,12.2808,14.9725,Saison_Pluies,31.8,73.3,16.4,24,OLT,114,0,128,Rupture_Cable,Faible,190,51.24,32,18,56.2,952.83,-31.96,68.24,40.44,74.64,5.6,16,1,2470363.0,4,5.7,Préventive
INC-00979,Kélo,Péri_Urbaine,9.5323,15.7089,Saison_Pluies,34.4,94.6,18.6,17,ONT,39,11,38,Corrosion,Faible,273,18.25,25,15,60.0,253.99,-29.05,80.5,29.99,64.08,1.4,92,1,1395405.0,5,20.5,Urgente
INC-00980,N'Djamena_Centre,Péri_Urbaine,14.627,18.4449,Saison_Seche,45.4,25.6,15.3,0,Cable_Fibre,119,4,143,Rupture_Cable,Moyenne,380,31.45,18,16,88.9,323.69,-16.97,115.92,4.65,62.64,8.9,72,1,1804169.0,4,19.9,Urgente
INC-00981,N'Djamena_Sud,Urbaine_Moyenne,13.2679,14.897,Saison_Seche,42.1,11.5,6.6,0,ONT,108,7,336,Rupture_Cable,Critique,206,34.3,38,25,65.8,349.56,-1.3,30.5,25.1,69.31,9.9,0,1,2237370.0,2,16.5,Urgente
INC-00982,N'Djamena_Nord,Urbaine_Moyenne,14.7742,23.3293,Saison_Seche,43.9,13.1,5.3,2,Boitier_Etanche,72,11,299,Corrosion,Élevée,192,21.29,20,10,50.0,827.04,-9.89,24.7,40.25,93.36,9.9,64,0,960952.0,9,5.0,Préventive
INC-00983,N'Djamena_Sud,Péri_Urbaine,10.9998,21.6423,Saison_Pluies,34.9,82.3,52.8,24,Cable_Fibre,117,11,254,Corrosion,Faible,416,56.96,46,33,71.7,58.24,-28.96,37.56,46.35,71.7,2.4,63,0,214556.0,4,9.9,Urgente
INC-00984,N'Djamena_Sud,Urbaine_Dense,8.5256,16.9184,Saison_Pluies,28.2,92.4,48.9,15,Cable_Fibre,70,16,301,Obstruction_Physique,Élevée,496,12.79,9,5,55.6,467.98,-1.73,24.85,2.98,69.23,6.6,5,1,2468855.0,1,17.6,Urgente
INC-00985,N'Djamena_Sud,Rurale,14.8926,16.2127,Saison_Seche,41.7,20.5,29.7,0,Connecteur,14,9,115,Corrosion,Élevée,287,47.75,47,39,83.0,803.4,-17.97,5.41,29.3,72.87,6.3,82,0,738733.0,7,19.2,Urgente
INC-00986,Kélo,Urbaine_Moyenne,12.3114,22.6801,Saison_Pluies,29.0,70.4,19.2,15,Connecteur,84,3,32,Obstruction_Physique,Élevée,202,67.13,28,17,60.7,852.18,-13.0,185.58,39.82,79.49,4.6,53,1,1674958.0,2,22.2,Urgente
INC-00987,Moundou,Péri_Urbaine,12.3485,17.9827,Saison_Seche,46.1,17.9,41.2,1,ONT,60,1,293,Obstruction_Physique,Élevée,378,60.32,40,39,97.5,606.97,-0.5,187.31,19.12,93.22,8.3,89,1,309362.0,9,4.3,Urgente
INC-00988,Moundou,Péri_Urbaine,12.1741,22.5585,Saison_Pluies,34.5,89.6,6.5,12,Cable_Fibre,66,6,73,Obstruction_Physique,Faible,101,55.02,34,19,55.9,361.06,-11.0,18.82,19.61,82.51,8.2,21,1,892332.0,3,8.0,Corrective
INC-00989,Doba,Urbaine_Moyenne,11.2791,21.2958,Intersaison,39.6,48.8,6.1,9,Antenne_AirPON,78,5,289,Perte_Signal,Élevée,207,10.28,15,12,80.0,652.84,-17.05,196.49,39.57,66.51,8.7,64,1,707402.0,9,4.7,Urgente
INC-00990,Sarh,Urbaine_Dense,9.5403,14.4672,Saison_Seche,37.9,17.1,8.5,0,Connecteur,99,0,54,Defaut_Connecteur,Faible,374,54.64,34,23,67.6,264.11,-5.41,93.98,1.75,64.75,8.1,99,1,2409321.0,2,23.6,Urgente
INC-00991,N'Djamena_Centre,Rurale,12.4042,22.0428,Saison_Seche,35.1,19.5,41.5,2,OLT,89,17,280,Rupture_Cable,Moyenne,117,26.97,33,25,75.8,142.69,-1.76,10.56,10.36,77.04,6.0,3,1,277174.0,6,19.4,Préventive
INC-00992,N'Djamena_Sud,Urbaine_Dense,13.2488,19.1688,Saison_Pluies,29.1,86.7,49.3,24,ONT,111,5,1,Rupture_Cable,Élevée,387,7.44,33,22,66.7,228.85,-0.75,177.23,48.71,64.47,5.8,15,1,70441.0,9,10.5,Urgente
INC-00993,N'Djamena_Nord,Urbaine_Moyenne,14.8323,20.6148,Intersaison,37.9,67.8,32.2,8,Antenne_AirPON,18,15,63,Perte_Signal,Faible,177,50.24,36,33,91.7,717.43,-0.58,136.08,30.74,72.62,2.0,87,1,1502437.0,9,16.6,Corrective
INC-00994,Moundou,Rurale,8.0772,15.7995,Saison_Pluies,27.4,94.5,10.1,14,Cable_Fibre,104,7,288,Degradation_Lente,Moyenne,375,4.75,43,29,67.4,827.43,-19.71,190.11,40.88,92.73,8.8,46,1,1155776.0,3,19.1,Préventive
INC-00995,Bongor,Rurale,9.5377,13.5028,Saison_Seche,40.7,10.9,20.2,1,Antenne_AirPON,8,0,179,Degradation_Lente,Faible,397,27.46,20,13,65.0,282.29,-8.62,178.09,39.09,71.36,8.7,80,1,1223390.0,1,16.4,Urgente
INC-00996,Sarh,Urbaine_Dense,13.7135,17.0037,Intersaison,37.9,57.3,49.4,3,Cable_Fibre,70,12,138,Defaut_Connecteur,Élevée,232,61.91,13,9,69.2,851.2,-9.79,101.19,43.15,67.75,8.8,77,0,1078832.0,7,4.0,Urgente
INC-00997,Abéché,Urbaine_Dense,13.7012,15.5016,Saison_Pluies,30.9,74.5,30.8,17,Antenne_AirPON,28,3,21,Corrosion,Critique,290,49.43,5,3,60.0,646.95,-33.93,48.65,30.56,83.77,1.3,27,0,88862.0,4,0.6,Urgente
INC-00998,N'Djamena_Nord,Urbaine_Dense,9.1963,18.0698,Saison_Pluies,29.8,89.7,27.1,14,Connecteur,73,5,15,Obstruction_Physique,Moyenne,372,37.24,20,11,55.0,351.1,-15.52,91.35,8.28,97.5,3.2,19,0,643765.0,9,20.1,Urgente
INC-00999,N'Djamena_Sud,Urbaine_Moyenne,8.9777,14.4544,Saison_Pluies,34.2,78.8,39.5,20,OLT,25,11,336,Defaut_Connecteur,Moyenne,173,63.54,17,13,76.5,977.6,-13.25,9.21,29.34,72.57,4.8,14,1,2168158.0,9,16.5,Corrective
INC-01000,N'Djamena_Sud,Urbaine_Moyenne,10.4371,22.898,Saison_Seche,40.1,31.3,21.3,1,ONT,71,19,52,Degradation_Lente,Faible,263,53.96,6,3,50.0,146.73,-30.52,111.38,16.31,72.79,3.3,81,1,1823050.0,2,20.6,Urgente
INC-01001,Abéché,Urbaine_Dense,8.0033,14.7466,Saison_Pluies,28.3,76.9,0.3,19,ONT,35,19,265,Perte_Signal,Moyenne,109,33.82,38,24,63.2,804.92,-2.31,53.6,38.94,91.94,8.1,96,1,1907486.0,7,4.0,Corrective
INC-01002,Abéché,Urbaine_Dense,13.3429,21.5239,Saison_Pluies,31.4,74.9,56.4,18,Connecteur,16,17,4,Defaut_Connecteur,Faible,367,53.79,37,32,86.5,654.53,-34.28,164.6,32.93,84.93,2.1,20,0,2306317.0,8,8.9,Urgente
INC-01003,Kélo,Urbaine_Moyenne,12.8585,23.3629,Intersaison,30.8,48.6,42.6,3,Splitter,84,1,211,Degradation_Lente,Élevée,294,63.59,24,14,58.3,967.55,-31.32,10.76,6.54,63.88,6.3,33,0,914851.0,1,5.5,Urgente
INC-01004,Bongor,Urbaine_Dense,14.3698,15.0564,Saison_Seche,46.0,24.5,57.5,1,Antenne_AirPON,71,7,28,Obstruction_Physique,Critique,303,10.35,18,9,50.0,835.92,-20.97,134.39,41.35,96.66,7.2,43,1,752108.0,5,19.5,Urgente
INC-01005,N'Djamena_Nord,Rurale,10.9404,17.138,Saison_Pluies,29.9,73.5,51.0,11,OLT,18,8,218,Surtension,Élevée,225,14.42,30,25,83.3,455.58,-0.24,150.89,26.78,70.44,7.6,8,0,2097684.0,5,11.4,Urgente
INC-01006,Kélo,Urbaine_Moyenne,12.5939,21.1762,Saison_Pluies,33.6,71.0,22.4,14,OLT,19,16,120,Rupture_Cable,Moyenne,245,52.27,23,22,95.7,830.88,-33.97,174.08,32.36,60.5,6.5,73,0,2286647.0,2,23.1,Urgente
INC-01007,Kélo,Péri_Urbaine,15.1316,21.0019,Intersaison,29.7,35.6,22.7,3,ONT,2,3,253,Rupture_Cable,Élevée,442,12.26,31,18,58.1,0.62,-27.16,97.15,11.82,85.4,5.2,3,1,2196092.0,9,23.2,Corrective
INC-01008,Doba,Rurale,15.1704,13.8926,Saison_Seche,35.2,12.7,8.7,0,Antenne_AirPON,93,14,176,Rupture_Cable,Critique,366,11.99,30,26,86.7,50.07,-22.79,69.35,30.35,82.31,2.8,93,1,1685757.0,3,17.9,Urgente
INC-01009,Sarh,Urbaine_Moyenne,8.0686,14.2423,Saison_Pluies,32.0,85.2,48.4,22,Splitter,92,4,236,Panne_OLT,Faible,256,47.25,47,43,91.5,495.79,-3.85,117.84,12.79,88.4,3.3,37,0,202198.0,4,10.3,Urgente
INC-01010,N'Djamena_Nord,Urbaine_Moyenne,7.5151,14.7615,Saison_Pluies,31.1,75.0,37.2,23,Cable_Fibre,79,18,253,Obstruction_Physique,Faible,331,38.55,28,24,85.7,663.66,-5.83,48.68,25.74,73.02,1.7,80,0,585515.0,5,18.2,Urgente
INC-01011,N'Djamena_Sud,Rurale,15.1799,19.4642,Saison_Pluies,33.1,74.2,15.3,12,Cable_Fibre,55,12,110,Corrosion,Faible,158,54.49,33,30,90.9,54.54,-32.38,112.24,24.54,91.33,5.0,43,0,2325445.0,4,2.5,Corrective
INC-01012,Moundou,Péri_Urbaine,11.7825,14.078,Intersaison,32.5,52.8,57.6,4,Splitter,94,4,27,Degradation_Lente,Moyenne,47,22.96,3,2,66.7,773.19,-13.31,175.73,36.55,80.95,1.2,56,0,1738115.0,6,4.2,Corrective
INC-01013,Doba,Péri_Urbaine,13.1032,19.6783,Saison_Pluies,29.0,87.7,46.1,18,Boitier_Etanche,68,19,103,Panne_OLT,Élevée,29,43.81,43,22,51.2,736.44,-2.74,181.4,4.28,82.55,3.3,22,1,1167600.0,1,13.7,Corrective
INC-01014,Sarh,Urbaine_Moyenne,14.8008,17.0959,Saison_Pluies,27.5,89.0,53.0,21,Connecteur,8,2,20,Rupture_Cable,Moyenne,102,64.56,42,30,71.4,114.3,-25.85,103.18,5.14,99.1,7.6,68,1,1677322.0,6,16.6,Corrective
INC-01015,N'Djamena_Centre,Urbaine_Moyenne,10.9652,20.5288,Saison_Pluies,25.1,73.0,10.4,15,Cable_Fibre,83,10,159,Rupture_Cable,Moyenne,15,65.05,49,29,59.2,466.97,-17.94,105.62,26.36,93.49,6.1,98,0,2248249.0,5,23.0,Corrective
INC-01016,N'Djamena_Nord,Rurale,11.0252,21.7114,Saison_Seche,38.7,21.5,35.6,2,ONT,30,3,217,Panne_OLT,Faible,40,47.03,40,31,77.5,403.84,-17.93,17.06,5.26,71.49,7.7,23,1,1788788.0,3,0.7,Corrective
INC-01017,Sarh,Péri_Urbaine,8.8359,21.8097,Saison_Seche,35.6,23.8,59.5,0,Connecteur,26,0,354,Obstruction_Physique,Moyenne,254,1.68,27,22,81.5,497.34,-3.11,58.24,39.9,85.74,3.5,24,1,1090135.0,9,1.2,Préventive
INC-01018,Abéché,Urbaine_Moyenne,14.7466,13.8952,Saison_Seche,35.0,11.3,21.0,1,OLT,73,19,310,Corrosion,Faible,461,38.05,20,19,95.0,83.93,-25.48,135.27,42.69,86.88,7.1,22,1,2410001.0,3,13.8,Urgente
INC-01019,N'Djamena_Sud,Urbaine_Dense,12.6814,23.4456,Saison_Pluies,33.7,89.5,24.2,24,Boitier_Etanche,107,14,363,Rupture_Cable,Faible,212,4.9,1,0,0.0,240.84,-22.48,187.69,14.39,73.18,7.8,97,1,1779304.0,5,5.9,Préventive
INC-01020,Doba,Urbaine_Dense,8.9422,19.6598,Saison_Seche,45.5,10.3,32.2,2,Connecteur,62,19,127,Obstruction_Physique,Faible,383,71.26,46,33,71.7,998.16,-3.26,80.16,30.9,67.0,6.9,78,1,2002098.0,1,19.2,Urgente
INC-01021,Kélo,Urbaine_Moyenne,11.9783,22.9048,Saison_Pluies,30.7,71.3,2.7,22,Connecteur,92,19,49,Degradation_Lente,Faible,279,71.79,21,19,90.5,619.03,-13.04,105.97,17.69,69.09,5.1,10,0,411441.0,5,6.6,Urgente
INC-01022,Kélo,Urbaine_Dense,10.1253,19.959,Saison_Seche,35.1,16.6,13.6,0,ONT,71,17,99,Rupture_Cable,Élevée,234,8.35,15,8,53.3,650.63,-1.97,173.74,7.72,77.76,2.7,55,0,1604261.0,6,18.8,Urgente
INC-01023,Kélo,Urbaine_Dense,8.6775,18.5832,Saison_Pluies,30.2,83.9,19.4,20,Connecteur,33,1,119,Degradation_Lente,Faible,64,32.84,37,22,59.5,592.65,-2.49,35.51,48.94,84.69,8.3,34,1,2075522.0,1,6.6,Corrective
INC-01024,Sarh,Urbaine_Dense,8.955,21.1622,Saison_Seche,42.7,28.5,0.6,2,OLT,119,0,103,Degradation_Lente,Moyenne,355,62.0,43,27,62.8,734.74,-12.68,182.37,39.35,62.52,7.8,54,0,1577818.0,8,6.0,Urgente
INC-01025,N'Djamena_Sud,Urbaine_Dense,11.9741,15.8039,Saison_Seche,41.7,34.6,18.9,0,ONT,114,2,304,Degradation_Lente,Élevée,113,8.36,5,3,60.0,780.95,-25.51,101.08,49.84,72.07,7.8,54,1,227198.0,5,8.8,Préventive
INC-01026,Doba,Péri_Urbaine,12.0151,14.5839,Saison_Seche,41.4,21.9,32.7,1,Connecteur,4,14,92,Perte_Signal,Faible,10,39.76,16,11,68.8,11.33,-21.06,47.07,2.69,88.72,9.1,73,0,202557.0,6,17.4,Corrective
INC-01027,N'Djamena_Nord,Urbaine_Dense,13.8195,14.4502,Intersaison,30.8,37.8,1.2,4,Cable_Fibre,8,18,90,Defaut_Connecteur,Moyenne,88,14.38,16,13,81.2,420.43,-17.23,152.09,13.47,89.55,8.9,2,0,882219.0,2,5.9,Corrective
INC-01028,N'Djamena_Nord,Rurale,9.4839,22.4159,Saison_Seche,38.5,16.2,31.9,0,Antenne_AirPON,115,11,149,Degradation_Lente,Faible,460,34.97,26,25,96.2,970.28,-31.0,8.18,4.79,98.25,3.6,90,1,1458688.0,9,5.9,Corrective
INC-01029,N'Djamena_Sud,Urbaine_Dense,14.8267,23.0807,Saison_Seche,39.7,23.9,48.0,1,ONT,34,10,135,Panne_OLT,Critique,79,14.57,5,3,60.0,654.35,-26.39,1.25,20.78,83.28,1.4,54,1,2015219.0,8,8.3,Corrective
INC-01030,N'Djamena_Sud,Péri_Urbaine,11.6489,22.0513,Intersaison,36.0,63.7,8.8,3,Cable_Fibre,74,10,288,Degradation_Lente,Faible,220,38.18,3,1,33.3,890.75,-19.68,77.74,34.16,88.18,9.4,9,1,1876307.0,8,21.8,Urgente
INC-01031,N'Djamena_Sud,Péri_Urbaine,9.1334,22.9966,Saison_Seche,41.8,31.3,57.7,2,ONT,36,19,70,Panne_OLT,Moyenne,274,29.63,3,2,66.7,379.14,-6.8,172.53,34.72,87.86,4.2,9,1,94467.0,6,3.3,Urgente
INC-01032,Abéché,Péri_Urbaine,10.8062,23.8401,Saison_Pluies,25.8,70.4,24.9,22,Boitier_Etanche,29,17,305,Perte_Signal,Élevée,233,28.36,22,18,81.8,112.15,-22.61,44.97,48.1,88.93,9.8,0,1,733257.0,4,22.1,Urgente
INC-01033,Doba,Rurale,14.8869,19.0236,Intersaison,31.9,57.0,26.3,8,Cable_Fibre,107,0,185,Rupture_Cable,Élevée,462,11.55,21,12,57.1,170.6,-27.76,50.18,34.62,80.02,7.7,72,1,2106278.0,2,7.0,Urgente
INC-01034,N'Djamena_Nord,Urbaine_Dense,11.3253,15.1157,Saison_Pluies,29.5,87.5,30.9,12,Boitier_Etanche,68,9,278,Obstruction_Physique,Faible,18,47.51,23,20,87.0,339.93,-5.15,140.72,28.18,99.46,4.1,26,1,1049450.0,9,15.4,Préventive
INC-01035,Abéché,Rurale,14.4977,19.8832,Saison_Pluies,25.8,84.4,23.6,22,OLT,35,8,131,Obstruction_Physique,Moyenne,158,5.06,4,2,50.0,950.37,-4.69,64.48,7.78,86.67,6.3,30,1,83960.0,1,5.5,Corrective
INC-01036,N'Djamena_Nord,Urbaine_Dense,8.7787,17.2159,Saison_Pluies,26.9,88.8,39.1,12,Antenne_AirPON,28,19,150,Obstruction_Physique,Faible,267,67.24,35,27,77.1,969.18,-28.42,141.6,41.94,64.62,9.3,6,1,1936583.0,8,3.9,Urgente
INC-01037,Bongor,Rurale,14.8117,17.1377,Saison_Pluies,26.2,95.0,10.7,22,Antenne_AirPON,22,17,80,Corrosion,Faible,32,4.25,2,1,50.0,861.74,-20.65,85.43,15.26,90.61,2.1,80,1,1431787.0,8,5.8,Corrective
INC-01038,N'Djamena_Centre,Urbaine_Moyenne,10.945,21.142,Intersaison,33.6,53.9,55.2,2,ONT,58,4,295,Surtension,Moyenne,69,29.63,36,21,58.3,560.02,-29.15,102.54,13.0,88.37,7.4,38,1,364906.0,6,11.4,Corrective
INC-01039,Kélo,Urbaine_Dense,14.989,14.4518,Intersaison,33.5,57.4,52.1,8,ONT,117,17,148,Defaut_Connecteur,Faible,101,20.65,44,31,70.5,561.67,-4.37,88.85,12.65,73.43,3.7,82,0,1231527.0,6,19.5,Corrective
INC-01040,Doba,Péri_Urbaine,14.4286,13.8941,Saison_Pluies,34.2,84.3,38.7,23,Cable_Fibre,51,10,141,Defaut_Connecteur,Faible,297,39.72,11,5,45.5,834.94,-29.65,137.59,22.79,95.08,1.9,2,1,152554.0,2,2.7,Corrective
INC-01041,Bongor,Péri_Urbaine,12.7797,20.8004,Saison_Seche,35.2,28.9,47.4,1,Boitier_Etanche,26,12,39,Obstruction_Physique,Élevée,249,1.79,22,19,86.4,56.76,-4.35,100.42,0.58,79.3,4.4,33,1,2264822.0,6,20.3,Corrective
INC-01042,Sarh,Urbaine_Dense,12.8828,16.2377,Intersaison,33.5,64.2,42.5,4,ONT,6,15,51,Defaut_Connecteur,Moyenne,434,31.61,15,8,53.3,421.29,-29.48,160.02,14.78,84.69,3.3,76,0,608812.0,5,7.2,Urgente
INC-01043,Abéché,Péri_Urbaine,9.1921,17.5478,Saison_Seche,45.6,11.8,28.5,1,Cable_Fibre,24,1,192,Degradation_Lente,Critique,55,54.27,49,43,87.8,626.39,-32.39,116.81,31.01,97.79,1.5,79,1,2091688.0,7,17.8,Urgente
INC-01044,Sarh,Urbaine_Dense,12.3226,16.7301,Saison_Seche,40.8,16.2,9.3,0,Connecteur,68,4,301,Obstruction_Physique,Faible,308,58.12,35,27,77.1,95.78,-32.89,164.85,25.89,84.19,9.8,92,1,1898420.0,7,10.9,Urgente
INC-01045,Sarh,Urbaine_Dense,11.896,19.9558,Saison_Seche,41.2,32.4,19.5,1,ONT,46,18,242,Rupture_Cable,Élevée,470,67.27,7,4,57.1,86.32,-9.91,118.37,8.88,91.38,3.7,53,1,1187415.0,6,2.3,Urgente
INC-01046,Kélo,Péri_Urbaine,10.1732,15.1224,Saison_Seche,43.3,24.8,53.1,1,Splitter,80,8,7,Obstruction_Physique,Élevée,207,7.8,1,0,0.0,232.02,-5.73,104.56,34.68,89.61,4.9,3,1,429340.0,3,4.1,Urgente
INC-01047,Moundou,Urbaine_Dense,11.545,21.0662,Saison_Pluies,30.7,80.9,40.0,13,Boitier_Etanche,71,11,325,Surtension,Élevée,297,39.89,28,17,60.7,584.71,-19.64,70.4,43.13,79.53,7.9,79,1,2232966.0,7,17.7,Urgente
INC-01048,Abéché,Urbaine_Dense,14.9331,23.2117,Saison_Seche,38.9,17.6,51.9,2,ONT,7,16,233,Defaut_Connecteur,Élevée,184,28.9,23,17,73.9,837.67,-5.35,120.86,41.17,78.25,1.5,82,1,548452.0,5,1.4,Corrective
INC-01049,Moundou,Rurale,7.5424,22.2791,Saison_Seche,36.9,27.2,52.7,0,Splitter,37,7,185,Rupture_Cable,Faible,291,46.61,33,16,48.5,601.4,-28.75,121.81,49.4,69.93,5.9,90,1,475967.0,5,3.2,Urgente
INC-01050,N'Djamena_Sud,Urbaine_Moyenne,10.837,23.0239,Saison_Seche,40.2,29.6,31.6,1,Splitter,68,2,305,Panne_OLT,Moyenne,400,59.9,42,24,57.1,664.15,-23.47,25.07,49.23,76.97,8.1,38,0,568333.0,2,5.4,Urgente
INC-01051,N'Djamena_Sud,Urbaine_Moyenne,10.1691,23.3392,Saison_Seche,43.4,14.6,26.2,2,Connecteur,23,7,112,Obstruction_Physique,Élevée,145,43.16,35,28,80.0,320.19,-6.64,25.12,43.21,63.69,8.6,32,0,746888.0,9,8.4,Urgente
INC-01052,Moundou,Urbaine_Moyenne,15.1898,17.4095,Saison_Pluies,31.7,72.9,25.8,21,Splitter,32,15,173,Defaut_Connecteur,Moyenne,3,16.49,6,4,66.7,405.69,-30.16,28.04,29.27,85.68,7.3,79,1,988923.0,8,9.0,Corrective
INC-01053,Sarh,Péri_Urbaine,15.2912,21.8553,Saison_Pluies,27.7,93.7,26.6,13,Cable_Fibre,54,9,172,Surtension,Moyenne,348,23.13,13,9,69.2,786.04,-18.85,79.64,41.05,69.26,4.5,45,1,2477002.0,1,15.1,Urgente
INC-01054,N'Djamena_Centre,Rurale,12.1853,18.6957,Saison_Pluies,25.8,77.6,56.8,21,Boitier_Etanche,55,17,210,Rupture_Cable,Faible,250,64.26,22,11,50.0,780.69,-30.37,177.68,49.27,95.0,6.1,21,1,1666378.0,1,7.3,Urgente
INC-01055,N'Djamena_Nord,Péri_Urbaine,11.9001,16.3326,Saison_Pluies,26.0,84.7,9.0,20,Cable_Fibre,85,18,116,Corrosion,Moyenne,434,48.35,42,32,76.2,989.79,-26.6,180.7,25.47,64.05,2.6,23,1,229083.0,4,0.5,Urgente
INC-01056,Sarh,Péri_Urbaine,14.7257,21.3423,Saison_Seche,44.9,20.3,9.1,2,Antenne_AirPON,11,1,101,Corrosion,Élevée,403,42.91,5,4,80.0,6.97,-13.07,71.33,14.93,66.49,6.5,46,1,217089.0,8,16.7,Urgente
INC-01057,Doba,Urbaine_Dense,7.5523,16.0634,Saison_Pluies,27.3,92.7,23.2,10,ONT,80,12,135,Panne_OLT,Faible,450,10.02,0,0,100.0,710.82,-10.16,56.85,27.25,61.11,2.0,78,0,175112.0,1,17.2,Urgente
INC-01058,Moundou,Urbaine_Moyenne,11.9982,14.651,Saison_Pluies,32.7,87.1,48.1,15,OLT,40,5,21,Degradation_Lente,Critique,231,24.58,36,18,50.0,971.99,-26.11,8.97,43.4,70.42,8.8,74,0,1174417.0,2,0.9,Urgente
INC-01059,Abéché,Urbaine_Moyenne,7.6971,20.8985,Saison_Seche,44.1,12.4,51.1,2,Connecteur,21,14,47,Panne_OLT,Faible,56,23.26,43,34,79.1,912.2,-10.63,48.48,18.63,66.29,9.6,88,1,1006903.0,2,10.3,Corrective
INC-01060,Moundou,Urbaine_Moyenne,15.2453,16.5193,Saison_Seche,40.9,30.0,49.5,1,Antenne_AirPON,119,15,302,Rupture_Cable,Moyenne,397,1.86,17,13,76.5,365.0,-0.98,71.48,11.02,65.7,3.6,7,0,2169977.0,5,1.4,Urgente
INC-01061,Sarh,Urbaine_Dense,10.0613,16.7121,Saison_Seche,38.6,33.1,34.9,2,Connecteur,69,9,62,Degradation_Lente,Moyenne,219,66.92,35,26,74.3,473.75,-28.14,186.59,25.52,79.28,2.9,79,0,980768.0,5,8.8,Urgente
INC-01062,Kélo,Rurale,11.6664,22.7518,Saison_Seche,44.4,21.2,51.5,2,Boitier_Etanche,47,12,242,Panne_OLT,Élevée,367,23.88,42,30,71.4,476.66,-33.59,22.71,45.56,63.28,5.9,60,1,1098702.0,9,11.6,Urgente
INC-01063,Doba,Urbaine_Dense,10.8405,14.9232,Saison_Pluies,32.7,81.2,11.6,15,Connecteur,75,3,112,Defaut_Connecteur,Moyenne,299,7.39,26,24,92.3,620.23,-21.13,14.76,9.65,71.62,9.5,50,0,1597403.0,7,23.9,Urgente
INC-01064,Doba,Urbaine_Dense,14.649,21.5309,Saison_Seche,36.6,20.5,35.9,0,Connecteur,108,10,116,Surtension,Moyenne,105,35.57,27,23,85.2,390.03,-16.04,45.29,21.81,79.1,4.7,62,0,1986294.0,9,9.1,Corrective
INC-01065,Kélo,Urbaine_Dense,15.4985,17.5552,Saison_Seche,45.8,17.0,19.7,0,Connecteur,118,15,16,Surtension,Critique,280,32.31,14,11,78.6,133.26,-26.49,160.96,26.13,74.11,1.9,80,1,2030398.0,6,6.4,Urgente
INC-01066,Moundou,Péri_Urbaine,8.0471,22.8766,Saison_Seche,37.7,22.3,16.4,1,OLT,88,10,186,Perte_Signal,Moyenne,63,61.2,6,4,66.7,841.49,-23.92,108.09,22.12,84.86,9.4,38,1,1834048.0,9,15.1,Préventive
INC-01067,Moundou,Urbaine_Dense,13.3562,18.1236,Saison_Seche,38.7,10.2,6.0,2,Boitier_Etanche,35,12,302,Perte_Signal,Faible,382,57.59,0,0,100.0,568.9,-34.49,119.27,6.65,74.41,2.9,34,1,1239851.0,9,2.7,Urgente
INC-01068,N'Djamena_Sud,Rurale,10.444,17.7947,Saison_Seche,37.6,31.7,21.9,1,ONT,47,15,104,Obstruction_Physique,Moyenne,385,56.28,33,23,69.7,956.41,-19.5,88.52,4.55,66.53,6.6,64,1,2348007.0,7,4.5,Urgente
INC-01069,Bongor,Rurale,8.6126,18.0136,Saison_Pluies,31.9,83.7,2.1,15,Boitier_Etanche,48,10,96,Defaut_Connecteur,Moyenne,421,67.12,3,2,66.7,267.92,-10.25,146.84,12.6,96.41,9.0,21,1,1061897.0,7,10.3,Corrective
INC-01070,Abéché,Urbaine_Dense,10.7435,22.2957,Saison_Seche,38.6,20.7,21.1,1,ONT,26,8,100,Panne_OLT,Faible,333,26.97,31,28,90.3,584.01,-2.67,123.85,17.68,79.71,6.2,27,1,1117166.0,4,8.6,Corrective
INC-01071,N'Djamena_Nord,Urbaine_Moyenne,15.4852,13.6104,Intersaison,39.5,40.0,28.5,4,Connecteur,29,15,85,Perte_Signal,Élevée,5,42.44,42,26,61.9,92.16,-13.22,61.61,4.99,96.68,1.9,46,1,2138869.0,5,6.4,Corrective
INC-01072,N'Djamena_Nord,Urbaine_Dense,10.3605,20.9011,Intersaison,31.8,63.8,21.5,2,OLT,59,16,350,Rupture_Cable,Moyenne,303,48.21,45,34,75.6,213.6,-11.97,159.81,21.4,80.57,6.6,21,0,866702.0,6,6.3,Urgente
INC-01073,N'Djamena_Centre,Urbaine_Moyenne,9.7192,15.655,Saison_Pluies,33.4,76.6,46.3,14,OLT,15,16,1,Surtension,Faible,87,34.0,19,17,89.5,723.0,-4.74,55.37,20.41,74.64,1.2,55,1,994929.0,3,5.9,Corrective
INC-01074,N'Djamena_Sud,Urbaine_Moyenne,14.2694,22.7623,Saison_Seche,41.6,22.5,16.8,2,Antenne_AirPON,71,8,237,Panne_OLT,Moyenne,227,17.56,8,6,75.0,596.72,-1.57,193.17,34.44,89.24,2.0,1,1,564753.0,5,11.4,Préventive
INC-01075,Sarh,Péri_Urbaine,14.4435,17.4472,Intersaison,36.2,68.7,4.5,8,OLT,81,4,314,Degradation_Lente,Moyenne,80,64.73,5,2,40.0,982.13,-23.48,174.19,23.69,61.62,7.4,69,0,68677.0,7,21.9,Urgente
INC-01076,Bongor,Urbaine_Dense,10.211,17.059,Saison_Seche,41.7,13.3,11.9,2,Splitter,101,0,46,Degradation_Lente,Élevée,27,64.85,40,33,82.5,350.11,-11.55,106.23,38.35,78.05,8.3,78,1,1840879.0,2,6.1,Corrective
INC-01077,N'Djamena_Nord,Rurale,9.8894,20.9826,Saison_Seche,36.6,19.3,49.2,0,Cable_Fibre,8,1,159,Surtension,Moyenne,365,55.28,20,10,50.0,526.46,-18.56,188.59,25.48,65.65,6.4,29,1,93027.0,7,11.2,Urgente
INC-01078,Kélo,Rurale,12.6783,21.0857,Saison_Pluies,29.0,91.6,38.2,13,OLT,41,18,86,Panne_OLT,Critique,380,24.92,39,34,87.2,999.47,-10.98,18.73,45.07,71.65,5.6,85,1,1326383.0,7,9.4,Urgente
INC-01079,Abéché,Urbaine_Moyenne,9.1414,20.154,Saison_Seche,37.7,11.4,34.6,0,Splitter,1,13,323,Rupture_Cable,Élevée,354,0.2,15,10,66.7,40.58,-17.43,35.9,33.77,93.74,1.1,12,1,2437809.0,4,18.3,Urgente
INC-01080,N'Djamena_Nord,Urbaine_Moyenne,11.3695,16.963,Saison_Pluies,28.0,73.5,32.3,19,Connecteur,32,7,79,Panne_OLT,Moyenne,449,35.37,0,0,100.0,605.53,-33.99,159.62,44.18,70.24,7.9,92,0,1512344.0,4,8.4,Urgente
INC-01081,Moundou,Urbaine_Moyenne,8.6307,19.9087,Saison_Pluies,25.0,76.6,44.9,18,Splitter,3,3,232,Panne_OLT,Moyenne,254,37.77,43,34,79.1,976.5,-11.35,104.45,2.8,77.27,8.0,37,0,99748.0,8,10.6,Urgente
INC-01082,Sarh,Urbaine_Dense,9.938,14.0698,Saison_Seche,42.9,28.2,11.8,1,Cable_Fibre,33,16,101,Corrosion,Élevée,422,35.13,35,25,71.4,282.27,-15.17,140.03,47.0,68.31,7.8,84,1,1737257.0,1,0.8,Urgente
INC-01083,N'Djamena_Sud,Péri_Urbaine,9.8799,23.5294,Saison_Seche,39.6,34.6,12.6,0,OLT,80,7,249,Perte_Signal,Moyenne,212,6.95,39,25,64.1,2.74,-16.02,86.6,1.95,81.28,6.1,49,1,1917207.0,6,0.7,Préventive
INC-01084,Doba,Urbaine_Moyenne,13.0592,18.2535,Intersaison,33.7,37.5,7.8,5,Cable_Fibre,28,16,210,Rupture_Cable,Moyenne,168,56.73,47,36,76.6,240.49,-2.64,81.41,47.35,64.29,9.0,52,1,834476.0,5,11.2,Corrective
INC-01085,Kélo,Urbaine_Dense,9.7582,16.697,Saison_Pluies,34.7,88.7,20.4,16,ONT,61,17,310,Obstruction_Physique,Faible,243,38.31,17,10,58.8,485.53,-8.44,166.17,37.08,83.97,8.3,29,1,145316.0,2,5.4,Urgente
INC-01086,Bongor,Urbaine_Moyenne,14.688,22.5382,Saison_Seche,46.9,15.2,16.4,0,Cable_Fibre,57,7,190,Corrosion,Moyenne,386,15.97,43,22,51.2,133.78,-33.14,155.85,38.75,85.58,2.8,80,1,774447.0,2,16.3,Corrective
INC-01087,Doba,Urbaine_Dense,15.3644,16.9038,Saison_Pluies,27.4,77.4,54.9,21,OLT,107,13,333,Degradation_Lente,Élevée,70,68.87,39,32,82.1,555.33,-15.21,52.23,10.27,69.82,2.0,46,1,108748.0,6,16.6,Urgente
INC-01088,Kélo,Péri_Urbaine,8.1485,23.9703,Saison_Seche,45.0,11.3,0.7,2,Boitier_Etanche,58,12,85,Defaut_Connecteur,Faible,256,21.75,8,4,50.0,747.58,-23.84,78.6,33.91,72.06,1.2,93,1,839558.0,8,10.0,Urgente
INC-01089,Bongor,Urbaine_Moyenne,10.6812,20.7513,Intersaison,38.5,67.6,28.4,9,Connecteur,24,16,237,Rupture_Cable,Faible,432,27.5,46,35,76.1,152.62,-26.06,138.45,31.22,94.85,2.9,33,1,1980897.0,6,11.4,Urgente
INC-01090,Sarh,Urbaine_Moyenne,9.9147,20.3206,Saison_Seche,37.0,27.2,43.8,2,Boitier_Etanche,100,1,363,Perte_Signal,Faible,237,28.9,20,16,80.0,388.73,-3.55,94.93,15.42,78.9,7.6,55,0,2279924.0,1,3.3,Urgente
INC-01091,N'Djamena_Nord,Urbaine_Dense,10.3159,15.0945,Intersaison,36.8,39.1,54.4,5,Antenne_AirPON,98,7,222,Corrosion,Faible,290,28.9,8,4,50.0,461.09,-1.97,47.44,23.11,76.58,5.3,36,1,1051459.0,3,23.3,Préventive
INC-01092,Abéché,Rurale,9.6228,19.9036,Intersaison,33.3,69.6,58.0,9,Cable_Fibre,100,10,283,Defaut_Connecteur,Critique,34,46.28,11,6,54.5,644.97,-33.35,97.32,36.16,81.83,7.3,93,1,2290807.0,1,15.6,Urgente
INC-01093,Bongor,Péri_Urbaine,10.5613,15.1288,Intersaison,35.1,49.6,4.2,3,Antenne_AirPON,74,3,326,Obstruction_Physique,Critique,432,20.44,36,35,97.2,656.93,-26.63,68.88,28.77,87.11,8.2,95,1,2150351.0,4,20.8,Urgente
INC-01094,Abéché,Péri_Urbaine,8.6313,21.7278,Saison_Seche,42.3,20.1,11.7,1,ONT,50,2,30,Panne_OLT,Faible,189,65.04,23,16,69.6,540.84,-6.87,61.59,12.57,88.4,4.3,35,0,1156578.0,4,12.3,Corrective
INC-01095,N'Djamena_Nord,Urbaine_Moyenne,9.7385,14.9532,Intersaison,32.2,68.9,59.9,8,Boitier_Etanche,26,7,32,Defaut_Connecteur,Élevée,399,41.24,4,3,75.0,41.24,-8.63,7.48,6.54,89.71,8.9,97,1,2240141.0,4,5.7,Urgente
INC-01096,N'Djamena_Sud,Urbaine_Dense,13.4825,17.2677,Saison_Seche,35.3,35.0,18.8,1,Splitter,49,6,328,Panne_OLT,Moyenne,192,63.35,12,11,91.7,508.27,-28.36,134.37,9.49,69.63,8.0,6,1,1293933.0,5,7.0,Corrective
INC-01097,Sarh,Urbaine_Dense,10.2524,18.5057,Saison_Seche,44.8,27.2,3.3,2,ONT,77,19,48,Defaut_Connecteur,Moyenne,385,66.05,34,30,88.2,32.76,-21.84,146.9,48.41,75.5,6.4,80,0,1710792.0,3,5.0,Urgente
INC-01098,Doba,Urbaine_Moyenne,9.1627,21.9545,Saison_Seche,46.3,22.9,56.0,1,Splitter,72,15,232,Corrosion,Moyenne,257,55.35,35,34,97.1,846.19,-12.89,52.43,7.06,96.82,7.2,48,1,42046.0,7,12.7,Préventive
INC-01099,Doba,Rurale,8.3676,20.144,Saison_Pluies,31.4,83.8,24.2,15,Antenne_AirPON,96,9,361,Degradation_Lente,Élevée,450,17.54,25,23,92.0,737.28,-3.33,195.46,20.45,79.41,3.6,39,1,1605814.0,1,7.6,Préventive
INC-01100,N'Djamena_Centre,Urbaine_Moyenne,10.284,21.3537,Saison_Pluies,31.7,84.3,17.5,10,Boitier_Etanche,12,4,14,Defaut_Connecteur,Moyenne,314,23.74,48,39,81.2,453.29,-26.61,196.73,27.96,63.24,7.7,90,1,1649250.0,9,21.0,Urgente
INC-01101,N'Djamena_Nord,Rurale,12.6473,16.0617,Saison_Pluies,25.6,85.7,9.0,16,Boitier_Etanche,42,5,44,Defaut_Connecteur,Faible,41,16.5,49,37,75.5,560.47,-9.17,187.89,21.91,72.51,2.4,42,1,809057.0,2,19.6,Corrective
INC-01102,Sarh,Urbaine_Dense,9.5264,15.9913,Intersaison,35.8,67.7,25.5,2,ONT,1,2,246,Surtension,Moyenne,226,32.89,30,27,90.0,401.09,-30.54,26.84,4.01,96.45,2.5,28,1,2073550.0,8,12.2,Corrective
INC-01103,N'Djamena_Centre,Péri_Urbaine,10.8796,17.4965,Saison_Seche,40.8,33.1,22.1,1,Antenne_AirPON,43,7,197,Rupture_Cable,Moyenne,159,36.79,43,40,93.0,758.16,-15.26,177.23,30.93,60.16,6.7,47,0,633082.0,1,22.5,Urgente
INC-01104,Abéché,Urbaine_Dense,15.1192,13.6961,Saison_Seche,42.4,18.0,55.4,2,OLT,47,10,302,Degradation_Lente,Critique,143,24.38,20,19,95.0,956.23,-10.98,66.67,15.19,63.14,3.0,36,0,1457145.0,4,9.8,Urgente
INC-01105,Moundou,Urbaine_Moyenne,11.9189,22.2224,Saison_Pluies,32.3,93.1,12.7,15,Splitter,61,17,212,Corrosion,Faible,364,62.81,22,13,59.1,746.77,-0.71,31.64,38.75,80.85,4.8,69,1,1276547.0,7,7.4,Urgente
INC-01106,Bongor,Urbaine_Dense,11.7555,17.3847,Saison_Pluies,33.7,83.7,5.2,10,OLT,27,16,197,Rupture_Cable,Élevée,120,28.48,10,8,80.0,447.78,-29.77,116.82,31.19,92.2,6.0,55,1,1175162.0,1,8.2,Corrective
INC-01107,N'Djamena_Sud,Péri_Urbaine,10.7795,14.2093,Saison_Seche,42.7,16.5,16.6,1,Antenne_AirPON,82,12,190,Rupture_Cable,Moyenne,304,50.71,39,38,97.4,128.68,-27.81,22.87,47.28,95.11,7.1,24,1,77311.0,2,13.5,Urgente
INC-01108,Sarh,Urbaine_Moyenne,11.9547,22.6583,Intersaison,28.6,46.1,32.8,2,Cable_Fibre,74,13,242,Panne_OLT,Élevée,180,60.04,6,4,66.7,281.17,-13.59,76.55,6.57,93.03,8.7,78,1,2420210.0,8,11.0,Préventive
INC-01109,Sarh,Urbaine_Moyenne,15.3765,23.6622,Saison_Seche,39.5,13.9,19.7,0,Boitier_Etanche,64,9,201,Rupture_Cable,Moyenne,321,11.59,35,32,91.4,568.79,-0.02,48.47,26.42,65.74,5.7,52,0,1865413.0,3,16.7,Urgente
INC-01110,Abéché,Urbaine_Dense,9.5305,20.2891,Saison_Pluies,34.2,87.7,18.7,23,Splitter,81,16,29,Panne_OLT,Faible,36,51.47,47,36,76.6,34.39,-14.17,107.11,47.11,66.57,5.8,86,1,87432.0,6,21.0,Corrective
INC-01111,Sarh,Urbaine_Dense,15.0354,17.2442,Saison_Seche,42.7,24.6,23.9,1,Cable_Fibre,84,16,364,Surtension,Élevée,436,11.5,18,14,77.8,623.24,-16.63,116.22,24.22,96.14,7.8,51,1,936771.0,8,5.3,Préventive
INC-01112,Bongor,Urbaine_Dense,8.6926,17.8444,Saison_Pluies,28.6,70.6,52.3,17,Boitier_Etanche,50,10,74,Defaut_Connecteur,Faible,434,55.0,20,14,70.0,306.97,-7.09,129.38,15.94,88.36,8.4,23,0,848633.0,4,14.5,Urgente
INC-01113,N'Djamena_Centre,Urbaine_Moyenne,8.3888,16.1896,Intersaison,33.7,61.4,39.8,6,Connecteur,50,16,85,Corrosion,Élevée,75,40.85,29,17,58.6,198.3,-11.13,90.32,42.09,95.37,2.1,42,0,870647.0,9,7.3,Urgente
INC-01114,Doba,Urbaine_Dense,12.7374,20.9684,Saison_Seche,37.1,25.8,31.6,1,ONT,76,8,315,Surtension,Moyenne,321,37.02,6,5,83.3,561.74,-25.93,75.94,3.12,89.76,2.1,96,0,1360873.0,9,9.4,Urgente
INC-01115,Abéché,Urbaine_Dense,9.5094,17.2388,Intersaison,33.0,37.3,24.2,7,ONT,81,18,19,Defaut_Connecteur,Élevée,215,38.17,9,6,66.7,490.64,-21.04,101.33,33.08,60.76,6.1,84,0,63428.0,8,21.4,Urgente
INC-01116,Bongor,Urbaine_Moyenne,11.0551,13.8411,Saison_Pluies,28.6,70.8,4.2,13,Boitier_Etanche,85,1,212,Perte_Signal,Faible,129,28.91,20,18,90.0,411.09,-11.03,80.3,13.11,97.12,5.2,34,1,491853.0,9,12.7,Préventive
INC-01117,Kélo,Urbaine_Dense,13.3372,13.9847,Saison_Pluies,26.9,92.9,53.1,16,Antenne_AirPON,42,2,194,Corrosion,Élevée,129,3.57,22,20,90.9,287.34,-7.33,192.22,7.54,94.58,5.5,93,0,425950.0,9,8.2,Corrective
INC-01118,N'Djamena_Nord,Urbaine_Moyenne,11.7787,19.9549,Saison_Pluies,30.9,87.7,7.7,11,ONT,43,17,164,Defaut_Connecteur,Élevée,412,39.79,48,33,68.8,358.97,-4.56,187.3,46.91,86.16,2.8,39,1,660140.0,5,14.1,Urgente
INC-01119,Doba,Urbaine_Dense,7.61,16.549,Saison_Seche,35.8,23.9,11.2,2,Antenne_AirPON,117,15,277,Corrosion,Faible,321,1.62,26,14,53.8,235.5,-19.66,111.4,37.14,70.46,8.7,29,1,2130009.0,1,12.4,Urgente
INC-01120,N'Djamena_Nord,Rurale,9.9467,15.2702,Intersaison,33.3,67.2,27.0,9,Connecteur,93,1,230,Surtension,Élevée,270,65.71,14,9,64.3,961.77,-19.55,85.03,43.8,67.97,2.6,89,1,130172.0,3,18.7,Urgente
INC-01121,N'Djamena_Nord,Péri_Urbaine,8.0175,19.2998,Saison_Seche,38.4,11.2,8.4,1,Antenne_AirPON,109,16,17,Panne_OLT,Moyenne,233,17.93,38,22,57.9,731.97,-20.25,91.9,26.6,69.57,3.5,47,0,739725.0,7,21.7,Urgente
INC-01122,Moundou,Urbaine_Moyenne,14.9089,16.4236,Saison_Pluies,33.1,92.7,38.4,13,Connecteur,49,3,253,Corrosion,Faible,485,46.72,44,37,84.1,285.01,-22.9,197.8,12.55,67.45,3.1,94,1,2282306.0,2,1.3,Urgente
INC-01123,N'Djamena_Nord,Rurale,13.8572,14.27,Intersaison,31.5,68.7,29.7,3,Boitier_Etanche,80,19,87,Surtension,Élevée,114,40.34,28,19,67.9,581.49,-1.75,62.16,28.8,94.57,8.6,86,1,2073749.0,5,10.5,Corrective
INC-01124,Abéché,Rurale,15.3707,15.5326,Saison_Seche,36.7,17.8,29.9,2,Boitier_Etanche,3,16,319,Degradation_Lente,Faible,172,44.41,28,24,85.7,257.34,-32.0,91.99,48.45,94.6,2.6,33,0,1522601.0,7,5.1,Corrective
INC-01125,Kélo,Urbaine_Moyenne,14.5809,21.668,Saison_Pluies,31.7,75.0,58.0,24,OLT,63,17,158,Defaut_Connecteur,Élevée,340,23.35,15,11,73.3,58.03,-34.28,115.13,8.91,62.69,8.6,46,1,649968.0,2,12.0,Urgente
INC-01126,N'Djamena_Nord,Urbaine_Dense,11.3027,22.4461,Saison_Seche,44.5,12.6,40.4,0,Splitter,12,18,212,Rupture_Cable,Moyenne,466,32.36,29,15,51.7,326.02,-5.3,17.79,44.84,71.05,9.4,24,1,1650605.0,5,12.0,Urgente
INC-01127,N'Djamena_Nord,Urbaine_Dense,14.5608,22.6576,Saison_Seche,37.4,20.6,43.9,2,Boitier_Etanche,9,16,125,Defaut_Connecteur,Élevée,335,53.93,6,3,50.0,134.6,-26.94,80.04,22.06,94.14,5.6,73,0,2022349.0,3,4.1,Urgente
INC-01128,Kélo,Urbaine_Dense,12.8795,19.1157,Saison_Seche,45.8,22.1,36.6,2,Splitter,49,9,330,Degradation_Lente,Élevée,454,28.17,27,25,92.6,750.57,-32.92,51.6,21.66,87.55,3.6,60,1,852766.0,7,23.6,Urgente
INC-01129,Bongor,Péri_Urbaine,11.6968,23.485,Intersaison,36.6,53.9,15.6,4,Splitter,117,2,164,Perte_Signal,Moyenne,251,20.51,20,13,65.0,938.87,-28.7,113.47,23.78,84.74,1.9,11,1,158825.0,7,12.1,Corrective
INC-01130,N'Djamena_Nord,Urbaine_Moyenne,10.4652,15.0925,Saison_Seche,39.8,24.2,3.8,0,Antenne_AirPON,53,5,80,Rupture_Cable,Élevée,156,2.24,29,21,72.4,283.75,-28.16,56.28,42.51,90.4,1.5,70,1,2471468.0,1,3.8,Corrective
INC-01131,Abéché,Rurale,12.9477,20.6227,Saison_Seche,36.6,30.4,33.7,0,Cable_Fibre,46,17,243,Degradation_Lente,Moyenne,466,34.27,1,0,0.0,924.93,-16.72,93.4,28.79,91.87,6.4,92,0,925903.0,6,13.9,Urgente
INC-01132,Sarh,Urbaine_Moyenne,12.2211,20.8947,Intersaison,37.0,37.5,26.8,7,Connecteur,63,6,315,Panne_OLT,Élevée,160,50.01,13,9,69.2,783.04,-34.32,103.48,37.4,82.13,1.5,30,0,2116208.0,7,6.6,Urgente
INC-01133,Doba,Péri_Urbaine,12.4135,14.0584,Saison_Seche,40.9,31.7,7.4,0,Connecteur,12,15,175,Defaut_Connecteur,Moyenne,87,20.79,35,23,65.7,737.91,-27.63,60.68,29.68,96.54,9.9,33,0,512651.0,6,20.6,Corrective
INC-01134,Bongor,Urbaine_Dense,10.6987,16.4657,Saison_Pluies,33.7,76.9,51.6,22,Antenne_AirPON,100,5,129,Obstruction_Physique,Faible,434,62.33,49,27,55.1,60.24,-23.19,150.5,5.32,88.34,3.0,79,1,2142325.0,3,14.9,Corrective
INC-01135,Doba,Urbaine_Moyenne,13.4145,23.465,Saison_Pluies,29.1,83.5,29.8,17,Connecteur,64,12,83,Obstruction_Physique,Moyenne,368,8.34,3,2,66.7,332.26,-26.08,21.18,33.47,63.83,9.6,82,1,2326261.0,8,17.6,Urgente
INC-01136,N'Djamena_Centre,Urbaine_Moyenne,8.1507,21.4698,Saison_Pluies,33.8,75.8,27.2,23,Antenne_AirPON,86,16,206,Rupture_Cable,Élevée,251,26.88,34,31,91.2,607.21,-9.25,33.4,13.57,72.22,8.5,12,1,1528136.0,7,15.0,Urgente
INC-01137,Kélo,Péri_Urbaine,13.3093,14.0743,Saison_Seche,37.4,19.8,25.0,0,Antenne_AirPON,40,9,329,Panne_OLT,Faible,338,53.25,36,28,77.8,888.06,-34.45,6.58,4.18,85.01,3.4,24,1,2055478.0,1,20.1,Corrective
INC-01138,Doba,Péri_Urbaine,13.3461,19.1783,Saison_Pluies,29.5,73.6,44.3,14,ONT,105,1,335,Surtension,Élevée,260,69.8,42,40,95.2,317.23,-15.67,21.33,8.5,92.9,4.8,31,0,2204251.0,4,11.8,Urgente
INC-01139,Sarh,Urbaine_Dense,11.6275,20.3105,Intersaison,34.9,47.2,3.1,3,Cable_Fibre,23,19,13,Obstruction_Physique,Moyenne,420,27.2,1,0,0.0,507.01,-14.51,58.31,31.5,96.46,9.9,24,1,2091829.0,7,14.9,Urgente
INC-01140,Moundou,Urbaine_Moyenne,9.6063,23.7174,Saison_Seche,39.8,25.6,12.9,0,Connecteur,81,2,9,Obstruction_Physique,Moyenne,472,53.38,19,12,63.2,636.37,-11.42,23.59,39.43,99.61,3.2,73,1,2344532.0,5,19.3,Urgente
INC-01141,Kélo,Urbaine_Dense,11.6542,21.0226,Saison_Seche,44.4,21.6,54.1,1,Connecteur,16,18,210,Surtension,Élevée,258,49.83,5,2,40.0,163.23,-6.29,88.06,16.41,64.72,5.3,46,1,665050.0,2,17.6,Urgente
INC-01142,Abéché,Péri_Urbaine,8.4847,20.2059,Intersaison,31.4,48.3,2.4,9,Splitter,83,10,331,Corrosion,Moyenne,347,67.45,31,21,67.7,460.81,-19.69,52.26,21.72,63.42,6.8,51,1,320565.0,9,13.3,Urgente
INC-01143,N'Djamena_Sud,Urbaine_Dense,9.7812,23.0395,Saison_Seche,36.1,32.8,36.6,0,Splitter,78,9,122,Surtension,Élevée,89,36.08,38,26,68.4,630.33,-32.84,105.74,20.46,60.24,7.4,81,0,2192389.0,9,5.9,Urgente
INC-01144,Bongor,Urbaine_Moyenne,10.8704,20.4398,Saison_Seche,44.5,22.3,14.5,0,Connecteur,98,3,165,Perte_Signal,Moyenne,138,42.48,17,14,82.4,122.62,-17.42,130.61,23.81,95.76,5.1,57,1,2457691.0,1,16.5,Corrective
INC-01145,N'Djamena_Nord,Péri_Urbaine,12.8859,23.2873,Saison_Seche,46.0,18.7,32.4,2,ONT,92,5,147,Panne_OLT,Moyenne,266,11.68,30,19,63.3,202.68,-9.1,191.4,23.7,96.69,3.1,22,0,424496.0,1,17.2,Corrective
INC-01146,N'Djamena_Centre,Urbaine_Dense,8.9977,18.6741,Saison_Seche,38.8,21.9,31.9,1,Connecteur,25,10,70,Corrosion,Critique,6,19.2,4,2,50.0,91.67,-31.6,191.01,0.18,90.99,8.0,33,1,1769748.0,7,17.2,Corrective
INC-01147,N'Djamena_Nord,Urbaine_Dense,8.7654,21.0449,Saison_Pluies,26.8,94.8,39.4,11,Splitter,105,2,99,Corrosion,Faible,345,45.57,12,8,66.7,613.0,-7.99,143.46,42.37,67.35,4.5,47,1,1375071.0,6,19.2,Urgente
INC-01148,N'Djamena_Centre,Péri_Urbaine,12.3624,20.1334,Saison_Seche,44.5,12.4,10.3,2,Cable_Fibre,42,15,16,Degradation_Lente,Moyenne,366,40.33,0,0,100.0,852.76,-29.55,132.72,18.89,99.72,9.3,1,1,608549.0,6,21.3,Corrective
INC-01149,Kélo,Rurale,12.9364,19.3015,Saison_Seche,46.4,20.3,38.4,2,ONT,116,0,42,Degradation_Lente,Faible,323,32.09,5,4,80.0,414.53,-5.18,96.43,35.06,84.51,4.4,27,1,1789761.0,6,13.5,Urgente
INC-01150,Abéché,Urbaine_Dense,8.1692,16.903,Intersaison,29.5,50.2,46.9,3,OLT,69,16,163,Panne_OLT,Faible,274,50.44,38,23,60.5,572.96,-33.93,136.25,3.49,94.87,4.5,58,1,1647080.0,7,18.8,Corrective
INC-01151,Doba,Péri_Urbaine,7.7653,22.9897,Saison_Pluies,27.4,83.9,10.5,11,Cable_Fibre,63,2,322,Degradation_Lente,Faible,289,17.64,33,28,84.8,942.57,-19.88,171.88,45.14,72.96,7.8,7,1,1056239.0,8,9.7,Urgente
INC-01152,Moundou,Urbaine_Dense,8.6772,16.3355,Saison_Seche,45.5,27.0,47.4,0,Antenne_AirPON,2,16,161,Panne_OLT,Élevée,137,50.34,15,14,93.3,960.22,-28.02,188.36,41.18,85.04,3.9,36,1,66305.0,5,23.8,Corrective
INC-01153,Abéché,Urbaine_Dense,14.7082,15.1736,Saison_Seche,42.0,28.0,7.3,2,Cable_Fibre,118,9,304,Degradation_Lente,Faible,129,13.53,25,22,88.0,580.91,-17.4,156.74,33.08,79.21,7.2,4,0,2078426.0,2,19.3,Préventive
INC-01154,N'Djamena_Nord,Urbaine_Moyenne,12.8811,20.9765,Intersaison,28.1,66.5,15.8,8,Antenne_AirPON,52,4,286,Degradation_Lente,Moyenne,454,35.62,12,8,66.7,610.77,-12.48,160.61,1.18,90.07,8.0,28,1,577332.0,9,16.0,Corrective
INC-01155,Moundou,Péri_Urbaine,14.8682,19.2388,Intersaison,33.2,58.6,21.7,7,ONT,26,18,342,Panne_OLT,Moyenne,107,8.17,3,1,33.3,527.97,-13.76,45.89,42.87,97.68,4.2,17,1,1739335.0,1,13.4,Corrective
INC-01156,Abéché,Rurale,12.8177,16.26,Intersaison,28.2,49.4,18.7,4,ONT,94,19,292,Defaut_Connecteur,Élevée,162,37.24,35,25,71.4,334.38,-12.68,175.28,36.23,88.82,2.0,49,1,2495289.0,7,10.3,Préventive
INC-01157,Sarh,Urbaine_Dense,15.2219,22.6382,Intersaison,32.0,62.2,44.0,8,Antenne_AirPON,32,4,77,Degradation_Lente,Élevée,287,59.14,9,6,66.7,191.5,-0.82,151.53,47.34,75.77,7.4,58,0,2329365.0,2,21.2,Urgente
INC-01158,N'Djamena_Sud,Péri_Urbaine,11.0113,16.5052,Saison_Pluies,32.4,80.3,16.1,15,Connecteur,48,2,243,Perte_Signal,Élevée,253,34.83,9,5,55.6,421.65,-25.5,68.07,41.4,98.98,7.5,52,1,1224229.0,8,19.5,Urgente
INC-01159,Bongor,Urbaine_Dense,12.2928,14.1697,Saison_Seche,40.7,10.2,45.0,2,OLT,7,6,326,Rupture_Cable,Critique,270,23.61,45,29,64.4,963.67,-31.36,30.04,47.61,63.01,8.1,18,0,233800.0,7,3.7,Urgente
INC-01160,N'Djamena_Sud,Rurale,12.3095,13.6614,Intersaison,37.4,46.5,3.4,2,ONT,112,15,336,Corrosion,Moyenne,11,9.93,26,19,73.1,489.25,-5.43,46.28,22.9,78.95,3.3,52,1,2235581.0,5,16.7,Préventive
INC-01161,Doba,Urbaine_Dense,7.5251,23.19,Saison_Pluies,30.5,88.9,19.1,19,ONT,98,18,356,Corrosion,Élevée,190,25.84,14,9,64.3,368.5,-1.01,24.84,41.53,74.48,3.2,82,1,55531.0,4,17.9,Urgente
INC-01162,Sarh,Péri_Urbaine,7.7196,17.7229,Saison_Pluies,25.6,93.2,54.8,21,Cable_Fibre,20,14,281,Degradation_Lente,Élevée,110,61.69,34,23,67.6,655.12,-14.99,82.26,26.64,92.23,4.8,66,0,804172.0,3,8.6,Urgente
INC-01163,Kélo,Urbaine_Dense,8.6621,15.7416,Saison_Pluies,30.0,93.6,23.1,10,Connecteur,3,18,147,Rupture_Cable,Élevée,491,28.16,25,15,60.0,598.77,-2.07,198.42,48.24,84.9,8.6,48,0,1830183.0,7,12.0,Urgente
INC-01164,Abéché,Rurale,11.589,19.4546,Saison_Pluies,28.6,80.7,28.2,18,Connecteur,103,10,252,Perte_Signal,Moyenne,332,13.31,33,21,63.6,459.18,-5.03,37.64,1.69,63.76,4.6,5,0,1976607.0,2,14.7,Urgente
INC-01165,N'Djamena_Sud,Urbaine_Dense,10.9442,18.6228,Saison_Pluies,32.8,71.7,45.2,21,Antenne_AirPON,75,15,52,Corrosion,Élevée,298,63.97,26,14,53.8,603.73,-5.33,100.61,13.82,80.41,6.9,90,1,1450233.0,8,5.8,Urgente
INC-01166,Moundou,Urbaine_Dense,11.818,23.9983,Saison_Seche,36.6,17.9,3.2,0,Splitter,69,8,222,Panne_OLT,Moyenne,199,66.82,3,2,66.7,675.19,-3.74,9.9,2.45,92.07,4.2,7,1,825154.0,3,2.2,Préventive
INC-01167,Bongor,Péri_Urbaine,13.9039,22.8293,Saison_Seche,35.5,26.4,42.0,0,OLT,85,19,182,Rupture_Cable,Moyenne,230,68.69,46,28,60.9,778.75,-14.02,176.09,23.62,83.66,6.1,9,1,311028.0,4,1.6,Préventive
INC-01168,Kélo,Rurale,14.0779,16.3466,Saison_Seche,40.8,11.1,3.9,0,Antenne_AirPON,82,11,18,Perte_Signal,Faible,340,37.35,11,5,45.5,339.54,-25.67,168.45,38.43,73.58,1.1,36,0,1250194.0,5,4.8,Urgente
INC-01169,N'Djamena_Centre,Rurale,15.3161,20.8259,Saison_Pluies,33.6,79.8,33.2,24,Splitter,4,11,122,Perte_Signal,Élevée,26,40.48,41,30,73.2,71.76,-33.78,4.43,29.79,71.7,5.2,8,0,1538015.0,6,23.0,Urgente
INC-01170,Moundou,Urbaine_Dense,11.9604,17.5653,Intersaison,30.3,54.4,36.7,4,Connecteur,11,13,88,Obstruction_Physique,Moyenne,182,21.85,40,38,95.0,946.53,-14.94,58.51,39.17,98.11,2.3,82,1,2446316.0,1,3.3,Corrective
INC-01171,N'Djamena_Nord,Urbaine_Dense,10.2777,17.3266,Saison_Seche,42.8,23.2,8.7,1,Cable_Fibre,21,6,190,Corrosion,Faible,208,24.25,22,20,90.9,297.2,-1.2,99.14,26.06,65.56,5.9,48,1,2438818.0,4,17.4,Urgente
INC-01172,N'Djamena_Centre,Rurale,9.9642,17.3546,Intersaison,34.5,37.5,51.1,6,Cable_Fibre,43,1,323,Corrosion,Moyenne,202,37.1,41,37,90.2,551.69,-24.31,82.95,2.69,86.43,7.5,96,1,2047689.0,2,22.1,Préventive
INC-01173,Sarh,Urbaine_Dense,10.2259,20.2122,Saison_Seche,47.0,29.1,34.1,1,OLT,10,18,74,Rupture_Cable,Faible,199,11.65,29,18,62.1,587.48,-12.27,130.79,42.27,99.64,3.4,60,1,313594.0,2,11.7,Corrective
INC-01174,Bongor,Péri_Urbaine,10.0906,19.1488,Intersaison,34.9,64.6,9.3,2,Antenne_AirPON,107,18,199,Rupture_Cable,Moyenne,122,69.29,32,21,65.6,92.22,-28.29,67.17,25.92,66.83,6.2,98,1,2309883.0,6,7.6,Préventive
INC-01175,Moundou,Urbaine_Moyenne,10.6434,21.428,Saison_Seche,43.5,23.6,51.7,0,Antenne_AirPON,83,18,280,Obstruction_Physique,Élevée,287,49.32,15,13,86.7,723.46,-33.41,18.34,36.07,67.02,3.1,94,1,1112875.0,3,5.2,Urgente
INC-01176,N'Djamena_Sud,Péri_Urbaine,8.0991,15.1064,Saison_Pluies,33.6,94.8,49.5,19,Boitier_Etanche,118,13,151,Degradation_Lente,Élevée,265,3.36,41,23,56.1,166.44,-26.13,158.72,14.72,87.02,7.3,79,1,234302.0,5,11.3,Corrective
INC-01177,Kélo,Urbaine_Moyenne,12.5675,17.967,Saison_Seche,37.5,14.8,40.2,0,Antenne_AirPON,39,18,152,Rupture_Cable,Critique,418,18.59,27,22,81.5,750.25,-7.24,151.22,49.85,68.75,7.5,61,1,1759463.0,7,11.3,Urgente
INC-01178,Doba,Urbaine_Moyenne,12.0443,22.5334,Saison_Seche,35.2,13.9,24.3,0,Connecteur,25,5,31,Obstruction_Physique,Élevée,374,21.61,3,1,33.3,175.81,-1.45,76.74,19.51,62.58,3.2,13,0,1797870.0,5,18.8,Urgente
INC-01179,N'Djamena_Sud,Péri_Urbaine,11.1957,13.5332,Saison_Seche,35.1,27.8,29.7,1,Antenne_AirPON,113,13,56,Defaut_Connecteur,Moyenne,91,0.74,22,11,50.0,309.33,-26.99,23.17,44.87,75.85,3.8,83,0,285679.0,5,9.1,Corrective
INC-01180,Bongor,Urbaine_Moyenne,8.1488,20.0467,Saison_Pluies,25.2,75.1,42.2,24,Cable_Fibre,93,13,146,Surtension,Moyenne,479,70.87,5,2,40.0,331.45,-20.15,62.97,8.9,63.06,3.5,33,1,180853.0,5,19.4,Urgente
INC-01181,Doba,Péri_Urbaine,8.2457,21.7502,Saison_Seche,37.1,24.2,18.0,1,ONT,64,15,329,Obstruction_Physique,Moyenne,131,20.14,16,13,81.2,873.82,-29.86,161.3,34.12,76.15,3.4,59,1,2398237.0,6,1.7,Préventive
INC-01182,Moundou,Urbaine_Moyenne,11.8608,17.5305,Intersaison,35.7,57.7,35.7,6,Boitier_Etanche,7,6,36,Surtension,Moyenne,241,3.72,32,24,75.0,174.12,-6.77,118.02,24.16,95.65,1.7,54,1,1682758.0,8,1.8,Corrective
INC-01183,Moundou,Péri_Urbaine,7.7926,22.778,Saison_Pluies,27.1,72.9,37.3,11,OLT,34,16,150,Defaut_Connecteur,Critique,121,63.08,6,4,66.7,642.8,-18.17,55.62,48.94,77.82,9.9,47,1,673003.0,6,5.7,Urgente
INC-01184,Sarh,Péri_Urbaine,13.2983,21.2248,Saison_Seche,41.0,32.0,13.3,1,ONT,56,7,79,Obstruction_Physique,Faible,474,7.96,36,30,83.3,417.35,-6.94,11.86,33.75,81.94,9.4,7,0,1296296.0,7,6.5,Urgente
INC-01185,N'Djamena_Centre,Péri_Urbaine,15.4502,19.8635,Saison_Pluies,25.4,90.0,7.7,11,Connecteur,68,5,87,Surtension,Moyenne,499,32.82,28,25,89.3,263.71,-9.36,173.55,10.78,76.53,6.6,4,0,1617889.0,7,9.9,Urgente
INC-01186,Kélo,Rurale,12.2793,15.5824,Saison_Seche,36.2,30.0,9.9,0,Connecteur,53,6,225,Corrosion,Moyenne,294,26.25,2,1,50.0,50.81,-20.54,53.04,17.74,68.71,7.7,70,1,1200355.0,8,7.7,Urgente
INC-01187,Moundou,Urbaine_Dense,13.2875,20.5361,Saison_Pluies,26.6,73.0,1.3,23,Antenne_AirPON,106,10,207,Panne_OLT,Critique,170,5.62,18,17,94.4,761.84,-25.0,85.3,25.97,71.26,2.2,64,1,538553.0,4,22.1,Urgente
INC-01188,N'Djamena_Centre,Péri_Urbaine,11.0115,22.2546,Saison_Pluies,29.6,76.8,45.1,21,ONT,20,6,312,Obstruction_Physique,Critique,17,2.35,46,41,89.1,175.77,-33.12,77.33,43.56,61.8,7.6,15,0,193537.0,9,6.2,Urgente
INC-01189,Moundou,Rurale,12.8393,21.164,Saison_Seche,47.0,29.2,48.6,1,Boitier_Etanche,117,13,235,Degradation_Lente,Critique,31,19.36,29,22,75.9,981.01,-1.88,117.26,25.33,99.25,7.8,25,0,2052562.0,4,18.3,Urgente
INC-01190,Moundou,Urbaine_Moyenne,12.7142,19.536,Saison_Pluies,25.9,75.6,48.0,11,Splitter,91,16,225,Perte_Signal,Critique,196,25.9,40,24,60.0,449.99,-29.31,83.88,4.04,91.12,1.9,72,1,1523504.0,4,10.0,Urgente
INC-01191,N'Djamena_Centre,Péri_Urbaine,14.0927,21.0031,Saison_Pluies,31.2,83.5,55.8,10,OLT,15,0,58,Panne_OLT,Moyenne,484,53.75,37,36,97.3,157.24,-31.83,170.6,7.05,63.78,8.2,28,1,121841.0,8,17.1,Urgente
INC-01192,Bongor,Urbaine_Dense,13.1907,23.7573,Saison_Pluies,30.0,75.4,5.1,23,Antenne_AirPON,92,9,206,Obstruction_Physique,Moyenne,155,52.15,31,25,80.6,63.93,-10.35,69.02,22.81,93.3,1.9,26,1,2095111.0,5,19.1,Préventive
INC-01193,Doba,Urbaine_Dense,13.4924,13.6134,Saison_Pluies,25.6,79.7,55.8,12,ONT,46,7,143,Rupture_Cable,Faible,294,33.43,4,2,50.0,565.73,-12.48,142.4,6.62,68.5,8.2,41,1,1244883.0,6,10.4,Urgente
INC-01194,Bongor,Urbaine_Moyenne,11.9531,20.4713,Saison_Seche,40.5,26.0,30.1,0,ONT,115,15,49,Degradation_Lente,Élevée,332,15.13,17,12,70.6,370.86,-13.45,19.53,20.85,71.48,7.0,87,0,1135966.0,4,19.0,Urgente
INC-01195,Kélo,Péri_Urbaine,11.3761,21.8264,Saison_Seche,43.1,15.5,23.6,0,Boitier_Etanche,88,5,66,Panne_OLT,Moyenne,213,60.64,47,39,83.0,558.66,-2.51,37.09,15.27,73.05,2.6,45,1,104338.0,4,7.3,Urgente
INC-01196,Sarh,Urbaine_Dense,11.1697,20.2084,Saison_Seche,42.1,13.3,8.5,2,Splitter,37,1,338,Corrosion,Élevée,154,46.75,49,43,87.8,828.75,-2.83,115.72,1.32,85.74,7.7,73,0,2297076.0,1,1.6,Urgente
INC-01197,Kélo,Urbaine_Dense,10.6361,16.3675,Saison_Pluies,34.6,81.2,29.0,24,Antenne_AirPON,49,5,150,Degradation_Lente,Faible,52,25.12,20,18,90.0,710.77,-9.75,21.02,48.77,98.61,4.7,6,1,376260.0,4,19.8,Corrective
INC-01198,N'Djamena_Sud,Urbaine_Dense,9.6282,22.139,Saison_Seche,45.1,30.7,40.9,2,Cable_Fibre,10,13,199,Corrosion,Faible,264,62.7,17,16,94.1,827.07,-22.96,76.53,37.75,92.36,9.1,91,1,1602246.0,2,10.0,Urgente
INC-01199,Kélo,Urbaine_Dense,7.7665,23.0896,Intersaison,33.0,61.3,5.3,3,OLT,41,11,129,Rupture_Cable,Faible,474,58.9,0,0,100.0,182.87,-32.44,180.74,30.23,84.17,4.1,19,1,349337.0,5,10.4,Urgente
INC-01200,Moundou,Urbaine_Moyenne,12.8688,20.6768,Saison_Pluies,27.6,75.5,58.7,20,Splitter,5,19,130,Degradation_Lente,Élevée,306,0.04,12,8,66.7,557.79,-7.07,55.41,14.64,76.94,3.7,43,1,1799439.0,1,16.1,Corrective
INC-01201,Sarh,Urbaine_Dense,14.7077,18.8658,Saison_Pluies,34.4,84.2,55.0,21,ONT,54,18,87,Rupture_Cable,Moyenne,464,62.56,39,34,87.2,900.09,-18.77,74.73,7.92,91.74,4.9,97,1,1600275.0,7,19.7,Corrective
INC-01202,Kélo,Rurale,14.9439,17.3464,Saison_Seche,40.5,27.0,53.2,1,Cable_Fibre,50,12,221,Panne_OLT,Élevée,139,38.12,11,7,63.6,13.18,-9.84,63.57,19.91,65.05,2.8,92,1,204889.0,9,16.2,Urgente
INC-01203,N'Djamena_Sud,Urbaine_Dense,12.1445,16.9656,Saison_Seche,41.6,13.0,24.6,0,Connecteur,42,13,240,Surtension,Moyenne,267,66.56,40,24,60.0,395.77,-23.58,81.99,0.61,70.65,2.6,53,0,471515.0,3,10.1,Urgente
INC-01204,Sarh,Urbaine_Moyenne,8.2531,21.0939,Intersaison,38.3,50.6,51.4,8,Cable_Fibre,10,15,226,Corrosion,Faible,98,55.49,25,15,60.0,125.04,-33.11,181.62,27.22,93.99,4.9,40,1,1915428.0,1,8.0,Corrective
INC-01205,N'Djamena_Sud,Urbaine_Moyenne,14.5293,19.8748,Saison_Seche,46.3,21.8,7.5,1,Connecteur,116,8,109,Defaut_Connecteur,Faible,119,10.53,35,32,91.4,804.77,-23.58,24.85,0.17,92.56,6.4,1,1,2235819.0,2,8.7,Corrective
INC-01206,Abéché,Rurale,13.482,15.1469,Saison_Seche,41.6,23.4,54.6,2,Antenne_AirPON,2,19,28,Panne_OLT,Critique,475,24.56,19,15,78.9,147.42,-32.23,15.69,14.74,78.44,5.5,65,1,936934.0,8,8.1,Urgente
INC-01207,Doba,Urbaine_Moyenne,9.5113,14.9815,Saison_Seche,44.7,22.8,51.3,0,Splitter,53,9,19,Surtension,Élevée,285,22.44,14,9,64.3,846.46,-12.97,13.81,8.39,85.74,7.8,59,1,1144605.0,1,15.1,Corrective
INC-01208,Kélo,Urbaine_Moyenne,13.9284,14.2465,Saison_Seche,41.5,23.3,35.2,0,Connecteur,82,9,250,Corrosion,Moyenne,154,50.61,47,33,70.2,784.24,-19.17,196.88,44.26,89.96,9.2,16,1,710328.0,4,17.8,Préventive
INC-01209,Sarh,Péri_Urbaine,11.2761,20.6769,Saison_Seche,35.4,30.6,39.7,2,Connecteur,63,11,303,Defaut_Connecteur,Moyenne,298,38.77,0,0,100.0,751.09,-8.4,155.05,43.11,61.89,8.3,93,1,2424269.0,4,8.4,Urgente
INC-01210,N'Djamena_Nord,Urbaine_Dense,14.6007,16.8008,Intersaison,38.0,59.8,21.0,6,ONT,82,11,46,Perte_Signal,Moyenne,351,19.48,45,34,75.6,593.79,-22.21,140.73,38.92,78.24,3.2,73,0,816583.0,2,8.5,Urgente
INC-01211,Moundou,Urbaine_Dense,9.4809,13.7125,Saison_Seche,44.8,22.1,56.9,1,Connecteur,22,18,119,Corrosion,Faible,313,54.83,12,6,50.0,716.17,-9.45,150.08,36.25,79.18,5.1,31,1,225437.0,8,4.7,Urgente
INC-01212,N'Djamena_Sud,Urbaine_Moyenne,13.9072,17.0458,Intersaison,35.1,57.3,4.0,7,Connecteur,28,15,4,Corrosion,Élevée,436,47.08,24,23,95.8,608.24,-24.16,26.11,39.3,94.07,4.2,50,0,614312.0,3,11.7,Urgente
INC-01213,Abéché,Urbaine_Moyenne,13.1953,22.2372,Saison_Seche,40.3,12.9,53.5,0,Antenne_AirPON,51,12,271,Panne_OLT,Critique,229,57.11,10,6,60.0,169.59,-21.05,65.22,5.53,67.86,2.8,60,1,1214977.0,8,17.6,Urgente
INC-01214,Doba,Urbaine_Dense,7.6155,16.1005,Intersaison,36.5,39.7,15.7,5,OLT,47,12,308,Panne_OLT,Moyenne,231,53.79,48,35,72.9,317.61,-22.67,77.63,37.21,66.49,9.6,70,0,880128.0,2,8.1,Urgente
INC-01215,Doba,Urbaine_Moyenne,12.0067,20.1523,Saison_Pluies,30.0,79.7,48.3,14,ONT,4,5,221,Perte_Signal,Moyenne,5,44.18,26,24,92.3,327.89,-29.2,93.46,42.44,81.15,1.8,21,0,1212875.0,9,14.5,Corrective
INC-01216,Bongor,Urbaine_Moyenne,13.2243,18.1165,Saison_Seche,43.6,15.6,3.0,1,Splitter,111,7,323,Panne_OLT,Faible,478,11.95,49,43,87.8,422.36,-22.27,14.21,12.77,85.77,1.7,80,1,1654482.0,8,10.8,Préventive
INC-01217,Sarh,Rurale,8.7513,19.2634,Saison_Pluies,32.9,73.9,14.7,11,Antenne_AirPON,84,14,68,Perte_Signal,Faible,244,14.01,16,12,75.0,598.34,-15.43,63.38,29.83,62.8,9.5,14,1,799310.0,7,14.7,Urgente
INC-01218,Abéché,Urbaine_Moyenne,11.7552,19.7556,Saison_Seche,37.6,12.2,11.9,2,Antenne_AirPON,102,17,69,Degradation_Lente,Élevée,128,56.69,21,17,81.0,147.41,-27.61,64.34,27.91,78.5,3.4,37,0,1171823.0,1,12.3,Urgente
INC-01219,N'Djamena_Sud,Urbaine_Moyenne,9.9326,18.2755,Intersaison,31.0,56.8,58.7,8,Splitter,91,13,229,Degradation_Lente,Moyenne,298,61.64,28,15,53.6,952.76,-11.86,159.68,12.12,64.36,3.7,57,0,2055869.0,3,9.0,Urgente
INC-01220,Moundou,Urbaine_Dense,13.07,14.1075,Intersaison,36.2,41.8,12.6,4,Splitter,1,4,205,Perte_Signal,Critique,20,36.16,46,39,84.8,84.45,-30.67,64.07,1.97,73.87,7.2,59,1,2264032.0,1,17.6,Urgente
INC-01221,N'Djamena_Nord,Urbaine_Dense,11.8211,19.4608,Saison_Seche,44.7,29.7,22.3,2,Boitier_Etanche,77,11,76,Defaut_Connecteur,Faible,203,71.07,37,23,62.2,515.17,-19.51,120.05,45.08,84.6,2.8,78,1,1874665.0,5,10.4,Urgente
INC-01222,Bongor,Urbaine_Moyenne,12.4717,17.674,Saison_Pluies,32.0,81.4,17.9,22,Antenne_AirPON,54,7,183,Degradation_Lente,Moyenne,11,21.26,11,9,81.8,38.58,-30.78,95.79,28.48,97.86,4.4,90,1,369189.0,7,10.9,Corrective
INC-01223,Abéché,Urbaine_Moyenne,8.0803,15.5987,Saison_Pluies,25.1,86.5,59.2,19,Splitter,23,18,319,Perte_Signal,Critique,375,52.68,38,28,73.7,281.1,-13.5,110.76,22.72,79.49,1.7,45,1,1652295.0,6,19.1,Urgente
INC-01224,Abéché,Péri_Urbaine,8.6024,22.9133,Saison_Pluies,25.0,90.2,37.0,23,Boitier_Etanche,36,17,96,Obstruction_Physique,Moyenne,228,48.22,43,25,58.1,546.67,-18.34,5.19,43.23,69.94,6.5,0,0,2293866.0,9,3.2,Urgente
INC-01225,Moundou,Péri_Urbaine,11.9167,21.2287,Saison_Seche,44.8,13.1,21.6,2,Cable_Fibre,35,8,32,Obstruction_Physique,Moyenne,173,53.75,43,35,81.4,644.4,-6.45,155.52,35.96,91.53,4.7,42,0,1893830.0,5,16.8,Corrective
INC-01226,Abéché,Péri_Urbaine,8.9494,16.4827,Saison_Seche,42.5,23.5,54.5,0,OLT,113,18,66,Corrosion,Faible,469,29.95,40,24,60.0,445.56,-20.37,54.46,8.72,70.03,3.0,29,1,249577.0,1,19.1,Urgente
INC-01227,N'Djamena_Centre,Urbaine_Dense,11.4895,19.1591,Intersaison,29.5,47.3,42.4,3,ONT,71,17,336,Obstruction_Physique,Faible,421,17.59,9,8,88.9,633.11,-16.2,102.13,24.86,96.52,7.0,44,0,1562890.0,1,17.6,Préventive
INC-01228,Bongor,Urbaine_Dense,13.0202,23.6127,Saison_Seche,45.5,16.1,42.2,0,Boitier_Etanche,55,14,25,Perte_Signal,Critique,178,29.15,44,38,86.4,534.73,-11.19,174.21,32.05,69.65,3.1,8,1,680637.0,8,11.0,Urgente
INC-01229,N'Djamena_Nord,Urbaine_Dense,13.9782,16.0773,Saison_Seche,41.7,14.0,29.2,0,ONT,96,17,195,Perte_Signal,Moyenne,335,13.66,31,22,71.0,221.27,-34.41,2.73,35.39,81.43,7.2,54,1,2435309.0,8,7.1,Préventive
INC-01230,Sarh,Rurale,8.6441,23.4475,Saison_Seche,44.7,25.2,29.9,0,Cable_Fibre,40,3,70,Defaut_Connecteur,Critique,459,8.05,11,6,54.5,334.58,-2.58,81.19,30.39,74.7,5.4,23,0,1109897.0,5,7.9,Urgente
INC-01231,Kélo,Péri_Urbaine,13.435,20.6753,Saison_Seche,40.1,31.4,43.8,2,ONT,49,3,46,Obstruction_Physique,Moyenne,486,49.27,1,0,0.0,10.99,-16.05,174.21,23.99,69.32,9.9,40,1,391382.0,1,12.2,Urgente
INC-01232,N'Djamena_Sud,Urbaine_Dense,10.4055,19.1788,Saison_Pluies,29.0,86.1,0.6,24,Boitier_Etanche,61,9,345,Obstruction_Physique,Critique,428,70.98,47,35,74.5,17.02,-1.04,153.42,0.27,98.19,1.9,7,1,931689.0,4,23.9,Urgente
INC-01233,Moundou,Urbaine_Dense,12.9315,23.8237,Saison_Pluies,31.2,87.6,26.2,16,Splitter,96,15,92,Degradation_Lente,Élevée,397,48.02,1,0,0.0,395.42,-30.68,104.28,17.52,86.3,1.3,10,1,694374.0,7,6.4,Urgente
INC-01234,Abéché,Urbaine_Dense,8.6623,17.0039,Saison_Pluies,26.5,86.5,58.9,19,Cable_Fibre,116,4,260,Obstruction_Physique,Moyenne,136,9.68,18,13,72.2,452.31,-22.5,22.96,29.63,73.46,2.7,28,1,2068706.0,1,4.0,Préventive
INC-01235,N'Djamena_Centre,Rurale,11.6214,16.4214,Saison_Pluies,28.1,85.1,39.2,15,Splitter,74,12,222,Obstruction_Physique,Moyenne,257,37.54,39,27,69.2,835.24,-31.16,56.5,22.89,84.92,9.1,25,0,1609837.0,9,12.1,Urgente
INC-01236,Abéché,Urbaine_Dense,14.2005,17.0657,Intersaison,38.8,55.1,22.7,8,Cable_Fibre,19,2,175,Rupture_Cable,Critique,156,43.5,35,27,77.1,30.01,-21.51,90.24,0.82,62.15,9.7,70,1,701869.0,9,4.9,Urgente
INC-01237,Sarh,Urbaine_Moyenne,8.3515,21.384,Saison_Seche,38.8,26.9,10.2,1,Splitter,46,3,200,Panne_OLT,Élevée,316,52.97,45,38,84.4,148.89,-31.88,48.02,1.27,71.8,7.7,39,1,1993164.0,5,18.1,Urgente
INC-01238,N'Djamena_Sud,Urbaine_Dense,14.1214,17.0386,Saison_Seche,36.4,13.2,21.5,2,Connecteur,68,0,364,Rupture_Cable,Élevée,34,55.83,5,3,60.0,441.7,-28.83,5.35,47.31,68.74,8.5,9,1,403162.0,5,1.7,Urgente
INC-01239,Abéché,Urbaine_Moyenne,11.1221,14.579,Saison_Seche,46.1,18.9,28.8,2,ONT,61,9,191,Corrosion,Moyenne,85,14.23,14,10,71.4,193.85,-31.05,198.24,11.52,73.96,2.0,90,1,537161.0,4,3.6,Préventive
INC-01240,Sarh,Rurale,14.0862,20.2653,Intersaison,37.5,58.1,37.8,5,OLT,70,7,302,Degradation_Lente,Faible,452,23.57,5,3,60.0,817.43,-14.67,94.58,37.86,78.97,4.1,67,0,273628.0,1,10.6,Urgente
INC-01241,N'Djamena_Centre,Urbaine_Dense,15.1671,15.8413,Saison_Pluies,27.1,77.5,59.0,21,Splitter,57,6,306,Degradation_Lente,Élevée,132,39.12,42,31,73.8,710.1,-14.28,77.03,30.75,69.14,7.3,34,0,1486683.0,3,10.1,Urgente
INC-01242,Abéché,Urbaine_Dense,8.7772,13.5437,Saison_Seche,39.2,13.1,29.8,0,Antenne_AirPON,14,14,57,Obstruction_Physique,Élevée,427,0.33,1,0,0.0,958.78,-9.81,128.53,36.07,81.72,4.9,53,1,136605.0,6,16.6,Urgente
INC-01243,Kélo,Urbaine_Moyenne,12.8966,15.5912,Saison_Seche,35.7,21.6,21.8,1,ONT,104,17,173,Panne_OLT,Moyenne,49,14.28,37,27,73.0,204.28,-10.37,124.16,1.39,92.67,4.0,23,0,1764788.0,7,3.3,Corrective
INC-01244,Bongor,Urbaine_Dense,9.3808,22.101,Intersaison,31.0,58.4,15.2,2,Antenne_AirPON,94,2,241,Rupture_Cable,Élevée,310,68.91,39,30,76.9,348.4,-9.15,13.05,8.67,74.92,3.8,59,1,531280.0,7,6.7,Urgente
INC-01245,N'Djamena_Sud,Péri_Urbaine,8.5844,23.3726,Saison_Seche,44.3,29.8,46.0,1,ONT,31,15,353,Defaut_Connecteur,Faible,467,25.72,12,11,91.7,332.33,-3.0,48.91,31.51,96.96,1.4,57,1,1647592.0,6,15.1,Urgente
INC-01246,Abéché,Urbaine_Moyenne,12.5247,20.4505,Saison_Seche,38.4,24.5,27.8,1,Cable_Fibre,109,10,272,Rupture_Cable,Critique,376,53.68,21,18,85.7,445.46,-29.03,61.02,4.48,82.09,2.9,25,0,1551771.0,3,20.9,Urgente
INC-01247,Abéché,Urbaine_Moyenne,8.3639,16.7601,Saison_Pluies,33.5,72.7,43.5,14,ONT,52,12,39,Corrosion,Faible,480,34.01,12,8,66.7,113.39,-5.25,110.68,38.24,62.33,6.9,58,1,345793.0,2,5.7,Urgente
INC-01248,N'Djamena_Centre,Péri_Urbaine,11.2214,18.0832,Intersaison,33.1,67.0,17.0,5,Boitier_Etanche,15,2,136,Panne_OLT,Élevée,299,71.94,37,33,89.2,745.39,-4.67,191.29,49.07,71.94,2.2,26,0,136978.0,9,9.1,Urgente
INC-01249,Doba,Urbaine_Dense,12.5876,15.5428,Saison_Seche,37.8,26.3,22.3,0,Antenne_AirPON,61,13,46,Rupture_Cable,Moyenne,68,64.91,13,11,84.6,40.95,-19.11,130.86,25.51,79.64,2.4,58,1,125125.0,3,9.5,Corrective
INC-01250,Sarh,Urbaine_Moyenne,11.497,22.7482,Saison_Pluies,28.7,79.0,57.3,11,Boitier_Etanche,18,13,320,Degradation_Lente,Moyenne,445,20.64,41,28,68.3,670.37,-30.91,185.31,19.05,71.77,7.3,29,1,382995.0,6,14.4,Corrective
INC-01251,N'Djamena_Sud,Urbaine_Moyenne,13.0766,20.4886,Saison_Seche,40.3,25.3,14.0,0,Connecteur,22,16,308,Obstruction_Physique,Faible,262,57.79,13,12,92.3,517.06,-32.99,196.43,3.09,75.49,2.5,31,1,1358933.0,5,12.0,Corrective
INC-01252,Sarh,Urbaine_Dense,13.9113,14.3863,Saison_Pluies,31.4,77.1,19.1,11,Boitier_Etanche,117,4,251,Corrosion,Faible,196,39.76,16,11,68.8,850.21,-12.6,14.58,10.23,88.19,3.0,58,0,1392940.0,7,14.6,Préventive
INC-01253,Moundou,Urbaine_Dense,14.478,17.3528,Saison_Pluies,32.1,83.6,30.5,16,Boitier_Etanche,68,15,210,Panne_OLT,Moyenne,128,22.0,45,43,95.6,300.65,-17.43,105.55,49.54,91.94,1.7,25,1,796880.0,1,4.5,Préventive
INC-01254,Kélo,Urbaine_Moyenne,11.979,19.1492,Intersaison,35.2,35.3,31.5,8,Cable_Fibre,21,1,29,Corrosion,Faible,210,37.1,19,12,63.2,372.48,-7.97,67.69,11.53,70.18,6.7,92,0,169729.0,8,6.2,Urgente
INC-01255,Doba,Urbaine_Dense,9.713,21.872,Saison_Seche,46.1,28.4,4.0,0,ONT,89,18,51,Corrosion,Faible,200,24.01,2,1,50.0,278.46,-6.01,62.88,4.45,86.85,8.0,41,0,1792349.0,6,0.9,Corrective
INC-01256,N'Djamena_Centre,Urbaine_Moyenne,11.5773,23.1653,Saison_Pluies,26.8,81.1,58.3,10,Splitter,11,9,14,Perte_Signal,Moyenne,464,13.02,41,20,48.8,243.85,-32.08,54.86,45.98,65.49,6.2,83,1,432995.0,3,20.5,Urgente
INC-01257,N'Djamena_Centre,Urbaine_Moyenne,10.6015,14.8931,Saison_Pluies,34.6,77.2,18.2,16,Cable_Fibre,105,1,241,Rupture_Cable,Moyenne,166,33.67,26,17,65.4,522.57,-23.78,52.02,30.68,69.84,3.3,23,0,1790356.0,4,20.1,Urgente
INC-01258,Doba,Urbaine_Dense,9.3074,22.2628,Intersaison,38.6,65.9,3.2,6,OLT,57,1,11,Defaut_Connecteur,Moyenne,392,30.59,4,3,75.0,362.33,-20.12,105.08,4.3,65.0,7.3,33,1,442369.0,7,14.5,Urgente
INC-01259,Moundou,Péri_Urbaine,11.7325,14.1907,Saison_Pluies,26.3,73.6,15.3,24,OLT,14,19,184,Corrosion,Faible,307,22.66,26,25,96.2,632.34,-18.95,197.61,26.22,90.07,5.7,0,1,307936.0,4,11.3,Corrective
INC-01260,Doba,Péri_Urbaine,7.6812,16.0251,Saison_Pluies,25.5,84.1,24.0,18,Boitier_Etanche,12,16,50,Rupture_Cable,Élevée,463,44.56,36,22,61.1,851.72,-34.14,97.86,32.05,66.37,2.2,80,1,2093048.0,8,17.3,Urgente
INC-01261,Kélo,Urbaine_Dense,12.3445,13.7206,Saison_Seche,44.3,22.1,13.9,0,ONT,83,5,301,Perte_Signal,Faible,338,9.24,24,18,75.0,421.78,-20.78,132.66,24.91,85.32,2.7,95,0,1583672.0,7,2.3,Préventive
INC-01262,Bongor,Urbaine_Moyenne,14.0728,14.1702,Intersaison,39.8,41.7,9.3,8,Boitier_Etanche,12,7,201,Panne_OLT,Faible,110,70.08,5,3,60.0,290.27,-22.46,106.42,34.17,91.66,1.4,49,0,195294.0,6,23.5,Corrective
INC-01263,Kélo,Urbaine_Dense,15.4955,13.8404,Intersaison,28.5,61.4,30.4,7,Connecteur,8,4,231,Perte_Signal,Moyenne,205,15.27,1,0,0.0,477.75,-33.26,178.81,13.55,87.02,1.3,21,0,236245.0,2,23.0,Corrective
INC-01264,Moundou,Urbaine_Moyenne,14.8734,15.0331,Saison_Seche,45.8,27.2,47.8,0,Connecteur,2,1,65,Corrosion,Moyenne,483,44.11,36,20,55.6,734.5,-27.36,43.89,1.45,80.26,2.5,86,0,533516.0,3,3.6,Urgente
INC-01265,Sarh,Urbaine_Moyenne,8.2185,22.7035,Saison_Seche,40.9,24.7,42.3,2,Antenne_AirPON,97,9,34,Corrosion,Élevée,291,28.93,39,35,89.7,653.5,-11.36,21.46,47.96,82.2,7.2,24,1,1471835.0,1,23.7,Urgente
INC-01266,Kélo,Urbaine_Dense,8.7994,16.4802,Saison_Pluies,32.6,92.6,25.5,11,Antenne_AirPON,28,4,30,Obstruction_Physique,Faible,427,0.71,14,11,78.6,115.42,-23.28,88.77,32.93,84.31,3.8,94,1,2236533.0,3,11.5,Corrective
INC-01267,N'Djamena_Sud,Urbaine_Dense,8.6092,18.537,Saison_Seche,35.1,26.1,7.4,0,Connecteur,75,11,277,Degradation_Lente,Moyenne,376,15.3,9,5,55.6,206.38,-6.94,116.66,8.56,78.86,4.6,80,0,2459445.0,7,11.7,Préventive
INC-01268,N'Djamena_Nord,Péri_Urbaine,11.9668,18.6147,Saison_Seche,46.8,11.3,57.3,1,OLT,90,16,203,Defaut_Connecteur,Faible,450,39.68,21,13,61.9,336.45,-27.17,31.92,0.6,79.79,7.8,85,0,681638.0,1,10.4,Urgente
INC-01269,N'Djamena_Nord,Péri_Urbaine,7.8675,23.9503,Saison_Seche,46.0,30.6,20.2,2,ONT,96,2,3,Defaut_Connecteur,Faible,153,25.14,9,5,55.6,599.26,-17.26,125.87,10.95,89.24,2.2,78,1,1728941.0,8,19.2,Corrective
INC-01270,Bongor,Urbaine_Moyenne,14.9959,17.3291,Saison_Pluies,28.3,70.2,6.2,10,OLT,48,1,232,Corrosion,Moyenne,110,60.22,35,21,60.0,697.76,-6.39,52.07,21.2,80.87,5.9,28,1,2139609.0,7,15.0,Préventive
INC-01271,N'Djamena_Sud,Urbaine_Moyenne,7.9947,16.2835,Intersaison,35.0,66.7,20.2,2,ONT,22,0,235,Panne_OLT,Élevée,266,48.45,29,19,65.5,720.79,-18.06,19.02,48.57,81.55,8.9,80,1,524186.0,3,12.7,Urgente
INC-01272,Moundou,Urbaine_Dense,10.63,23.6141,Saison_Seche,41.5,31.2,41.8,2,Boitier_Etanche,13,19,32,Degradation_Lente,Moyenne,170,11.28,21,15,71.4,981.34,-0.02,183.32,36.07,85.95,8.5,70,0,1190786.0,5,2.8,Corrective
INC-01273,Doba,Urbaine_Dense,14.6518,19.7215,Intersaison,30.0,51.4,15.1,4,OLT,101,14,256,Surtension,Moyenne,283,67.34,1,0,0.0,72.48,-16.23,9.48,14.24,87.07,4.2,63,1,2337612.0,7,12.9,Préventive
INC-01274,N'Djamena_Centre,Urbaine_Dense,15.087,16.5396,Saison_Pluies,33.7,74.2,11.0,23,Splitter,68,3,185,Rupture_Cable,Critique,39,17.38,33,23,69.7,360.32,-27.99,10.86,41.6,79.4,4.5,50,0,1109256.0,3,3.3,Urgente
INC-01275,Bongor,Péri_Urbaine,11.2223,16.5186,Intersaison,32.5,49.2,15.8,7,Antenne_AirPON,5,3,196,Defaut_Connecteur,Faible,234,4.37,27,20,74.1,266.92,-9.16,196.98,34.74,68.74,5.5,25,1,1524407.0,7,18.8,Urgente
INC-01276,Abéché,Urbaine_Moyenne,11.4075,14.4068,Saison_Seche,36.8,24.0,33.1,0,Boitier_Etanche,8,19,313,Corrosion,Moyenne,374,35.0,3,2,66.7,24.91,-13.89,70.69,25.8,94.75,6.1,88,1,1131896.0,6,10.0,Urgente
INC-01277,Moundou,Péri_Urbaine,12.5894,19.3471,Saison_Pluies,25.4,81.4,52.5,20,Cable_Fibre,40,6,50,Degradation_Lente,Élevée,10,31.52,48,25,52.1,997.25,-13.16,114.02,3.38,87.92,6.6,48,0,1412089.0,2,14.8,Urgente
INC-01278,Sarh,Urbaine_Moyenne,10.7611,21.0987,Saison_Seche,39.0,25.1,7.9,2,Cable_Fibre,27,7,143,Defaut_Connecteur,Moyenne,267,35.36,20,12,60.0,451.75,-22.66,38.99,29.87,69.52,2.2,35,0,2341497.0,2,12.6,Urgente
INC-01279,Kélo,Urbaine_Moyenne,10.0973,18.4845,Saison_Seche,39.7,31.4,8.6,1,OLT,105,4,319,Defaut_Connecteur,Faible,425,5.2,44,41,93.2,429.47,-25.76,86.95,6.0,66.66,6.4,69,0,197465.0,7,8.1,Urgente
INC-01280,Doba,Urbaine_Dense,13.4154,22.7866,Intersaison,30.3,63.2,25.7,6,Antenne_AirPON,77,13,276,Degradation_Lente,Faible,346,21.37,16,9,56.2,532.15,-27.48,15.75,42.21,74.07,5.5,38,1,580852.0,9,22.4,Urgente
INC-01281,Sarh,Urbaine_Moyenne,12.2629,18.5816,Intersaison,29.7,64.1,7.5,8,ONT,84,16,361,Defaut_Connecteur,Critique,331,66.37,40,30,75.0,727.19,-32.3,6.28,8.2,80.84,1.1,40,0,1243397.0,4,6.8,Urgente
INC-01282,Kélo,Rurale,11.3534,17.1368,Saison_Pluies,29.6,84.6,58.7,15,ONT,56,10,169,Obstruction_Physique,Critique,32,57.29,19,14,73.7,916.0,-23.21,199.91,13.5,98.43,3.7,3,0,613132.0,4,20.8,Urgente
INC-01283,N'Djamena_Nord,Urbaine_Moyenne,8.3063,16.1332,Saison_Seche,39.0,22.0,52.7,2,Connecteur,86,14,47,Defaut_Connecteur,Faible,4,10.64,43,40,93.0,669.62,-32.27,41.73,16.05,98.03,6.0,13,1,1401344.0,5,18.8,Corrective
INC-01284,N'Djamena_Sud,Urbaine_Moyenne,8.0509,16.0546,Saison_Seche,36.6,32.7,3.9,1,Connecteur,84,0,6,Perte_Signal,Faible,276,20.75,31,30,96.8,849.94,-19.81,77.93,38.66,76.94,8.4,85,1,401162.0,2,11.3,Préventive
INC-01285,N'Djamena_Sud,Urbaine_Dense,11.5865,16.8234,Saison_Seche,43.4,10.8,54.4,2,OLT,111,2,66,Panne_OLT,Faible,29,53.79,39,29,74.4,31.95,-27.79,119.02,21.92,69.94,3.4,85,0,1890991.0,8,0.9,Urgente
INC-01286,N'Djamena_Nord,Péri_Urbaine,12.4555,23.9157,Saison_Pluies,33.5,81.2,17.1,14,ONT,96,5,94,Degradation_Lente,Élevée,416,61.77,42,33,78.6,201.8,-8.61,104.03,42.64,87.34,1.4,45,0,1477444.0,8,7.8,Urgente
INC-01287,Abéché,Péri_Urbaine,12.7601,17.2887,Saison_Seche,44.8,22.4,19.4,0,Antenne_AirPON,19,19,19,Panne_OLT,Faible,73,10.1,8,5,62.5,484.24,-22.23,72.86,18.14,77.21,7.1,24,1,1015015.0,5,11.8,Corrective
INC-01288,N'Djamena_Centre,Péri_Urbaine,14.6591,19.0083,Intersaison,30.0,48.2,20.3,2,Splitter,116,10,286,Perte_Signal,Faible,0,42.96,48,26,54.2,844.7,-15.35,5.04,12.93,60.74,1.1,52,1,1872338.0,4,7.4,Préventive
INC-01289,N'Djamena_Nord,Urbaine_Dense,14.0298,16.3841,Saison_Seche,37.8,28.6,4.2,2,Antenne_AirPON,92,1,113,Defaut_Connecteur,Élevée,28,31.61,2,1,50.0,503.79,-7.86,101.02,44.74,63.83,9.9,30,0,2096200.0,2,7.0,Urgente
INC-01290,N'Djamena_Nord,Urbaine_Dense,8.6261,15.0071,Saison_Seche,45.8,19.8,46.7,2,Cable_Fibre,40,7,217,Panne_OLT,Élevée,326,34.98,32,19,59.4,417.22,-23.53,189.01,41.27,75.66,2.3,4,1,2435219.0,6,19.2,Urgente
INC-01291,N'Djamena_Sud,Urbaine_Moyenne,13.8554,20.2813,Intersaison,28.2,38.2,11.0,3,Boitier_Etanche,36,5,112,Panne_OLT,Moyenne,50,57.09,45,33,73.3,422.35,-24.85,148.21,35.86,86.11,5.0,40,1,2263361.0,2,6.9,Corrective
INC-01292,N'Djamena_Centre,Péri_Urbaine,12.9104,19.2248,Saison_Pluies,26.2,91.9,12.5,14,ONT,64,15,109,Surtension,Faible,352,42.71,43,33,76.7,5.27,-31.35,143.67,7.89,63.41,2.4,62,1,2403077.0,6,11.1,Urgente
INC-01293,N'Djamena_Centre,Rurale,14.1242,14.2122,Saison_Pluies,34.4,90.4,46.1,20,Connecteur,30,2,290,Corrosion,Élevée,192,40.11,38,25,65.8,216.78,-34.33,189.36,11.75,94.96,5.2,27,0,1803358.0,8,11.9,Urgente
INC-01294,N'Djamena_Centre,Urbaine_Moyenne,14.2468,22.7693,Intersaison,29.8,54.2,3.6,2,OLT,101,7,285,Surtension,Moyenne,222,27.37,35,30,85.7,6.35,-15.86,39.24,47.52,84.89,6.7,72,0,373147.0,3,23.3,Urgente
INC-01295,Doba,Urbaine_Moyenne,10.2643,18.831,Intersaison,29.8,38.2,20.2,3,ONT,93,17,324,Panne_OLT,Élevée,47,23.25,13,11,84.6,834.37,-15.22,194.63,19.0,69.81,9.7,44,1,62073.0,5,5.1,Préventive
INC-01296,Abéché,Urbaine_Dense,9.6062,17.0209,Intersaison,30.8,68.6,33.7,4,ONT,110,7,10,Defaut_Connecteur,Faible,416,52.52,6,3,50.0,777.22,-21.61,196.54,33.22,83.25,3.1,47,1,1140879.0,6,2.4,Urgente
INC-01297,Bongor,Urbaine_Dense,11.9211,21.6833,Intersaison,32.6,66.6,6.9,9,OLT,102,8,83,Obstruction_Physique,Moyenne,258,65.88,43,31,72.1,46.72,-23.78,99.24,15.58,91.21,5.5,88,1,1758555.0,3,20.7,Corrective
INC-01298,N'Djamena_Nord,Urbaine_Dense,9.8889,14.6769,Saison_Seche,43.5,19.1,25.5,2,Splitter,4,5,352,Rupture_Cable,Moyenne,222,1.84,41,38,92.7,32.35,-0.96,155.63,17.98,79.16,3.3,62,1,835144.0,3,3.6,Corrective
INC-01299,Kélo,Péri_Urbaine,10.2975,18.4747,Saison_Pluies,25.5,78.9,21.2,16,Cable_Fibre,28,10,58,Degradation_Lente,Faible,193,34.28,27,21,77.8,593.83,-32.42,5.5,15.74,73.45,2.2,30,1,1769355.0,1,12.5,Corrective
INC-01300,Abéché,Urbaine_Dense,8.0533,19.2621,Saison_Pluies,33.2,85.4,19.3,22,Splitter,13,13,58,Obstruction_Physique,Élevée,401,40.82,14,8,57.1,729.05,-28.21,193.97,14.88,96.41,8.1,63,0,625237.0,7,13.2,Urgente
INC-01301,Bongor,Péri_Urbaine,15.4309,21.6388,Saison_Pluies,25.7,84.1,16.2,15,Splitter,20,7,142,Surtension,Élevée,103,20.43,49,30,61.2,70.4,-8.58,90.92,47.98,78.23,1.0,65,1,1265674.0,2,6.6,Corrective
INC-01302,Bongor,Urbaine_Moyenne,9.9744,17.3876,Saison_Pluies,33.5,80.8,20.3,20,Connecteur,38,0,229,Surtension,Élevée,273,6.35,29,21,72.4,39.86,-27.59,198.04,43.55,82.47,3.5,77,1,1198116.0,5,9.6,Urgente
INC-01303,Bongor,Péri_Urbaine,13.7406,22.4771,Intersaison,31.4,47.6,23.5,8,Cable_Fibre,24,9,76,Perte_Signal,Moyenne,215,12.13,26,23,88.5,121.74,-10.09,86.82,36.92,91.82,1.5,59,0,1769984.0,5,7.4,Urgente
INC-01304,Kélo,Rurale,15.4453,20.8256,Saison_Seche,42.2,26.4,7.7,1,Splitter,34,10,335,Obstruction_Physique,Critique,223,50.91,2,1,50.0,858.13,-2.17,132.03,28.2,78.94,1.2,8,0,1662413.0,3,13.8,Urgente
INC-01305,Bongor,Rurale,15.253,21.5963,Saison_Pluies,27.2,91.6,12.5,21,ONT,11,17,22,Rupture_Cable,Moyenne,343,15.74,9,5,55.6,383.15,-9.67,24.47,46.41,65.87,6.0,93,0,1104519.0,9,21.4,Urgente
INC-01306,Kélo,Urbaine_Moyenne,12.5711,23.6753,Saison_Pluies,25.2,70.1,54.6,17,ONT,67,17,197,Defaut_Connecteur,Moyenne,200,28.62,37,24,64.9,274.83,-6.85,31.79,39.19,84.96,7.7,84,0,525100.0,4,5.3,Préventive
INC-01307,Bongor,Péri_Urbaine,11.8093,22.3699,Saison_Seche,45.9,18.4,56.7,0,Connecteur,103,7,361,Perte_Signal,Élevée,139,1.14,16,8,50.0,200.65,-7.43,90.1,42.97,65.04,5.8,91,1,1885214.0,6,11.8,Préventive
INC-01308,N'Djamena_Sud,Péri_Urbaine,9.9742,17.1413,Saison_Seche,42.6,32.6,59.6,2,Cable_Fibre,54,19,249,Rupture_Cable,Faible,282,12.25,43,40,93.0,665.03,-20.87,76.86,37.52,72.88,7.4,97,0,1654360.0,6,1.6,Urgente
INC-01309,N'Djamena_Sud,Urbaine_Dense,14.3921,20.281,Saison_Pluies,32.3,80.4,28.7,13,Antenne_AirPON,41,18,332,Corrosion,Moyenne,186,58.78,21,15,71.4,887.0,-29.47,25.42,45.71,64.56,8.2,41,0,201512.0,4,22.3,Urgente
INC-01310,Kélo,Urbaine_Moyenne,10.204,22.6204,Intersaison,32.2,61.9,8.1,9,Boitier_Etanche,66,11,55,Surtension,Élevée,486,37.91,16,15,93.8,825.85,-27.73,8.61,29.77,96.93,5.3,34,1,1189111.0,8,20.7,Urgente
INC-01311,Abéché,Rurale,8.3538,19.0138,Saison_Pluies,28.9,80.1,41.0,15,OLT,59,14,274,Panne_OLT,Moyenne,324,7.05,28,22,78.6,75.52,-2.31,152.52,28.66,62.92,5.1,73,1,1484359.0,4,21.1,Urgente
INC-01312,Abéché,Péri_Urbaine,9.8528,20.6694,Saison_Pluies,27.1,91.3,56.2,18,Antenne_AirPON,74,8,103,Rupture_Cable,Faible,162,5.97,44,38,86.4,210.54,-32.19,35.94,26.86,83.22,2.4,99,1,2284741.0,4,14.8,Corrective
INC-01313,Sarh,Urbaine_Dense,10.0208,15.3087,Saison_Pluies,27.4,95.0,1.9,12,ONT,93,4,306,Obstruction_Physique,Critique,153,66.3,35,21,60.0,697.17,-21.88,174.4,38.97,98.84,7.0,76,0,1964405.0,4,5.7,Urgente
INC-01314,N'Djamena_Centre,Urbaine_Dense,13.2479,22.0671,Intersaison,31.3,37.3,1.3,6,Antenne_AirPON,110,13,157,Defaut_Connecteur,Faible,9,26.76,29,15,51.7,802.56,-13.11,83.22,4.48,72.42,2.9,97,1,175000.0,9,20.2,Corrective
INC-01315,Kélo,Urbaine_Dense,8.8563,21.4533,Saison_Seche,45.3,31.9,36.8,2,OLT,68,17,109,Degradation_Lente,Faible,457,55.2,31,22,71.0,251.35,-28.91,87.02,40.43,88.39,6.7,25,0,2163859.0,6,18.1,Urgente
INC-01316,N'Djamena_Sud,Urbaine_Dense,10.0349,22.8334,Saison_Pluies,29.0,73.7,2.4,23,Boitier_Etanche,58,10,277,Perte_Signal,Élevée,251,31.44,23,18,78.3,354.88,-30.17,60.53,17.39,81.64,8.1,81,1,854481.0,6,12.0,Urgente
INC-01317,Doba,Rurale,8.1127,20.9566,Saison_Pluies,34.4,83.5,23.5,15,Connecteur,76,12,242,Panne_OLT,Élevée,307,8.92,1,0,0.0,969.54,-13.35,50.83,43.23,70.77,5.0,72,1,2243413.0,1,12.1,Urgente
INC-01318,Kélo,Urbaine_Moyenne,14.2872,22.7075,Saison_Pluies,25.5,94.0,22.6,21,ONT,78,1,362,Degradation_Lente,Élevée,2,37.82,37,20,54.1,583.78,-4.47,71.69,24.87,91.38,6.5,89,1,971227.0,3,18.6,Préventive
INC-01319,N'Djamena_Sud,Urbaine_Moyenne,13.2982,15.2033,Saison_Seche,46.3,12.9,5.9,0,ONT,13,16,295,Degradation_Lente,Moyenne,460,7.15,47,39,83.0,896.59,-2.79,161.93,26.37,61.33,3.0,1,1,2179114.0,9,21.1,Urgente
INC-01320,N'Djamena_Sud,Urbaine_Dense,10.9999,22.0433,Intersaison,36.3,41.8,44.8,6,Boitier_Etanche,25,13,210,Surtension,Élevée,469,62.14,6,3,50.0,396.01,-11.04,136.75,40.45,70.2,8.8,47,1,633085.0,4,2.1,Urgente
INC-01321,Doba,Rurale,10.9401,23.5062,Saison_Seche,40.2,24.8,6.5,1,Splitter,95,11,179,Perte_Signal,Élevée,148,3.55,11,8,72.7,221.81,-9.97,185.27,25.1,64.08,6.7,47,1,1202271.0,3,11.7,Corrective
INC-01322,Sarh,Rurale,8.831,22.0628,Saison_Seche,42.7,24.6,16.4,0,Connecteur,29,5,353,Corrosion,Critique,161,50.4,19,10,52.6,880.17,-2.16,99.28,16.45,92.73,5.7,73,0,1479915.0,6,12.8,Urgente
INC-01323,Doba,Urbaine_Dense,10.5758,19.9599,Saison_Seche,43.9,11.4,43.6,1,Connecteur,70,6,329,Defaut_Connecteur,Moyenne,53,70.38,3,1,33.3,17.37,-21.39,161.45,4.11,76.28,5.7,68,1,1250164.0,8,3.3,Préventive
INC-01324,N'Djamena_Centre,Urbaine_Moyenne,14.7546,23.2283,Saison_Pluies,28.6,72.8,37.1,13,Splitter,108,15,281,Perte_Signal,Faible,372,63.78,40,36,90.0,811.65,-0.89,40.7,46.89,63.45,6.3,91,1,1091175.0,3,18.8,Urgente
INC-01325,Bongor,Rurale,8.6093,14.4921,Saison_Pluies,29.6,76.6,28.4,18,Connecteur,45,4,336,Defaut_Connecteur,Faible,281,65.26,40,32,80.0,646.1,-24.31,14.06,36.76,98.82,6.6,79,0,383314.0,1,19.1,Urgente
INC-01326,Doba,Urbaine_Moyenne,13.6202,13.6771,Saison_Seche,36.7,30.2,2.9,2,Splitter,71,7,113,Rupture_Cable,Moyenne,9,18.4,41,23,56.1,384.58,-22.28,52.14,31.2,76.17,6.5,94,0,2219777.0,4,11.5,Corrective
INC-01327,Abéché,Urbaine_Moyenne,7.8774,23.6359,Saison_Seche,37.3,18.4,45.8,2,Boitier_Etanche,65,2,346,Perte_Signal,Élevée,363,33.67,1,0,0.0,452.03,-8.38,167.15,37.3,62.76,7.2,23,1,1287485.0,1,22.2,Urgente
INC-01328,Doba,Urbaine_Moyenne,9.9934,20.6716,Saison_Seche,40.5,20.1,49.5,0,Splitter,55,3,274,Perte_Signal,Faible,147,16.67,37,25,67.6,733.31,-9.98,193.48,36.23,75.05,7.5,49,1,2086243.0,6,10.6,Corrective
INC-01329,N'Djamena_Centre,Urbaine_Dense,14.2755,14.6987,Saison_Pluies,32.7,75.1,6.1,14,Splitter,60,15,238,Corrosion,Élevée,182,49.57,29,17,58.6,662.42,-22.03,141.74,3.71,74.58,3.1,52,1,1288133.0,4,10.1,Urgente
INC-01330,Doba,Urbaine_Dense,11.0599,17.0701,Intersaison,36.0,56.2,59.2,3,Antenne_AirPON,81,18,312,Defaut_Connecteur,Faible,464,47.2,3,2,66.7,485.7,-33.32,82.86,5.64,65.25,8.2,73,1,1256198.0,4,1.9,Urgente
INC-01331,N'Djamena_Centre,Péri_Urbaine,13.1216,21.3624,Saison_Seche,45.8,29.7,20.8,1,Cable_Fibre,94,3,61,Rupture_Cable,Moyenne,343,21.34,19,15,78.9,602.09,-12.8,163.65,27.84,88.86,8.1,57,0,225606.0,7,16.5,Urgente
INC-01332,Moundou,Rurale,8.3283,21.3791,Saison_Pluies,28.6,91.8,25.5,22,ONT,62,19,234,Perte_Signal,Moyenne,480,29.49,24,15,62.5,35.85,-13.9,129.06,37.01,93.84,2.0,44,1,131824.0,7,13.6,Urgente
INC-01333,N'Djamena_Nord,Urbaine_Moyenne,12.9674,15.2849,Saison_Seche,45.2,16.6,24.9,0,ONT,94,16,278,Degradation_Lente,Critique,362,27.39,36,35,97.2,291.79,-4.07,19.05,15.04,92.87,5.0,23,1,1155260.0,5,6.3,Urgente
INC-01334,N'Djamena_Nord,Urbaine_Dense,14.0522,18.4366,Saison_Pluies,27.3,74.2,38.0,16,Antenne_AirPON,17,15,53,Panne_OLT,Moyenne,335,50.22,29,28,96.6,84.14,-24.54,186.83,46.29,71.51,6.7,36,1,196428.0,6,21.9,Urgente
INC-01335,Bongor,Urbaine_Moyenne,13.942,21.9768,Saison_Pluies,28.2,77.0,34.4,22,ONT,96,9,282,Corrosion,Moyenne,46,1.35,34,17,50.0,733.05,-3.08,28.84,8.68,65.48,1.5,25,0,1285501.0,3,1.0,Préventive
INC-01336,Doba,Urbaine_Moyenne,11.011,23.6514,Saison_Pluies,29.6,89.7,33.6,13,Cable_Fibre,2,11,179,Defaut_Connecteur,Moyenne,228,66.62,9,6,66.7,333.49,-14.95,91.81,39.24,96.19,8.9,19,0,666466.0,9,3.6,Urgente
INC-01337,Doba,Urbaine_Dense,14.7331,20.0369,Saison_Seche,44.1,13.2,46.9,0,Boitier_Etanche,62,1,285,Perte_Signal,Faible,176,10.16,12,9,75.0,35.62,-27.42,197.46,7.13,74.79,3.4,12,0,1622234.0,4,9.1,Préventive
INC-01338,Kélo,Urbaine_Dense,12.0998,20.2004,Intersaison,29.8,68.2,55.7,2,ONT,109,16,84,Panne_OLT,Faible,353,22.69,3,1,33.3,660.28,-21.26,62.11,11.35,90.02,3.7,85,1,974888.0,8,10.7,Corrective
INC-01339,Doba,Urbaine_Moyenne,14.043,18.4282,Intersaison,34.5,47.4,49.3,2,Boitier_Etanche,47,2,95,Degradation_Lente,Faible,106,3.38,21,13,61.9,696.27,-27.96,29.02,21.05,70.79,7.9,20,1,818847.0,1,13.3,Corrective
INC-01340,Doba,Urbaine_Dense,9.2077,19.1601,Intersaison,32.7,45.4,43.3,9,Splitter,23,12,362,Rupture_Cable,Faible,61,31.62,42,28,66.7,307.39,-18.86,139.91,24.3,75.61,7.4,93,0,2426762.0,3,8.2,Corrective
INC-01341,Abéché,Urbaine_Moyenne,9.1819,14.5388,Saison_Seche,41.6,17.2,3.0,2,Boitier_Etanche,110,11,153,Obstruction_Physique,Faible,135,53.1,10,7,70.0,29.69,-18.46,70.89,14.09,69.34,9.8,67,1,1437945.0,7,22.4,Corrective
INC-01342,Doba,Urbaine_Dense,13.5349,17.1707,Saison_Seche,45.5,18.8,14.9,1,OLT,38,12,22,Panne_OLT,Moyenne,398,56.48,36,22,61.1,547.16,-7.25,111.48,9.67,77.88,4.5,7,1,322854.0,3,11.5,Corrective
INC-01343,N'Djamena_Sud,Urbaine_Moyenne,12.6731,18.8266,Saison_Pluies,30.2,82.6,6.3,24,OLT,64,1,77,Perte_Signal,Faible,140,26.05,13,10,76.9,606.86,-9.0,176.08,48.45,61.36,5.3,85,1,2082434.0,2,17.0,Préventive
INC-01344,Kélo,Urbaine_Moyenne,12.9105,16.3873,Saison_Pluies,28.0,86.8,51.3,19,Antenne_AirPON,87,3,76,Perte_Signal,Faible,280,27.5,41,39,95.1,930.17,-14.63,33.92,43.54,72.09,8.1,56,0,2148553.0,9,8.4,Urgente
INC-01345,N'Djamena_Nord,Urbaine_Moyenne,9.3926,17.2782,Intersaison,29.4,66.6,39.1,4,ONT,10,18,332,Degradation_Lente,Faible,44,24.46,9,7,77.8,970.39,-15.86,101.52,30.25,63.86,8.4,76,1,2326828.0,7,19.4,Corrective
INC-01346,Doba,Urbaine_Dense,10.697,23.6976,Saison_Seche,43.6,24.0,2.0,1,Boitier_Etanche,28,2,316,Obstruction_Physique,Faible,48,15.82,23,12,52.2,134.23,-10.85,24.55,37.92,85.08,1.6,99,1,41394.0,5,16.7,Corrective
INC-01347,Sarh,Urbaine_Dense,9.567,13.5546,Intersaison,37.6,59.6,43.4,7,Connecteur,3,14,24,Obstruction_Physique,Faible,297,51.45,30,15,50.0,550.35,-29.81,108.2,20.82,63.88,2.3,32,1,1899496.0,5,20.2,Urgente
INC-01348,Sarh,Urbaine_Dense,8.045,16.6778,Saison_Pluies,32.9,84.7,20.2,16,ONT,94,18,360,Defaut_Connecteur,Élevée,283,64.34,28,23,82.1,411.85,-14.49,170.02,36.15,79.86,5.5,77,0,1922949.0,8,5.2,Urgente
INC-01349,N'Djamena_Nord,Urbaine_Dense,9.1315,19.6315,Saison_Seche,38.5,24.8,32.6,0,Antenne_AirPON,36,4,132,Obstruction_Physique,Faible,316,29.28,18,14,77.8,843.1,-3.14,137.64,13.65,90.38,6.6,89,1,470408.0,9,22.7,Corrective
INC-01350,N'Djamena_Centre,Urbaine_Dense,15.4613,16.4292,Saison_Seche,43.9,30.3,34.8,1,Cable_Fibre,78,9,21,Perte_Signal,Faible,166,51.87,46,37,80.4,840.88,-24.3,38.95,7.92,70.88,9.5,74,1,1236803.0,7,22.1,Corrective
INC-01351,N'Djamena_Sud,Urbaine_Dense,9.3723,20.6029,Intersaison,39.3,42.6,9.7,8,Connecteur,74,1,184,Panne_OLT,Faible,499,35.21,37,20,54.1,584.5,-34.18,133.68,36.67,73.11,4.2,70,1,1081126.0,3,10.8,Urgente
INC-01352,N'Djamena_Sud,Péri_Urbaine,8.7743,16.6424,Saison_Seche,42.8,20.9,23.9,2,Antenne_AirPON,37,8,67,Defaut_Connecteur,Élevée,227,9.24,1,0,0.0,140.02,-34.84,92.99,43.31,84.36,6.2,74,1,301225.0,9,3.2,Urgente
INC-01353,Kélo,Péri_Urbaine,13.075,20.2012,Saison_Pluies,30.5,76.6,25.6,23,OLT,107,15,56,Obstruction_Physique,Faible,165,36.85,24,14,58.3,412.46,-33.86,73.8,11.29,65.63,6.9,2,1,2457799.0,9,11.0,Corrective
INC-01354,N'Djamena_Sud,Urbaine_Dense,12.3172,22.4236,Saison_Pluies,28.8,80.1,36.9,17,Antenne_AirPON,116,3,207,Defaut_Connecteur,Faible,9,19.23,21,15,71.4,73.14,-8.88,38.92,38.24,71.66,3.5,81,1,1854986.0,5,10.2,Préventive
INC-01355,Kélo,Urbaine_Dense,13.4681,20.4158,Saison_Seche,37.2,27.7,53.4,1,Splitter,81,9,269,Perte_Signal,Critique,79,48.18,0,0,100.0,24.18,-4.7,59.29,30.62,94.66,9.5,67,0,315369.0,6,20.1,Urgente
INC-01356,N'Djamena_Centre,Urbaine_Dense,12.7294,14.0238,Saison_Pluies,28.4,72.4,36.9,24,ONT,82,7,167,Perte_Signal,Moyenne,307,32.34,7,3,42.9,841.58,-34.87,8.39,46.12,91.54,3.0,9,1,1409907.0,5,0.6,Urgente
INC-01357,N'Djamena_Sud,Urbaine_Dense,9.2839,21.8497,Saison_Seche,44.0,24.4,41.0,2,Boitier_Etanche,87,18,40,Surtension,Élevée,204,48.76,40,35,87.5,905.65,-10.72,178.9,48.68,69.73,1.1,94,1,1319124.0,6,2.1,Urgente
INC-01358,Kélo,Urbaine_Dense,11.5072,15.7344,Saison_Pluies,28.4,88.6,39.9,24,Boitier_Etanche,117,18,76,Rupture_Cable,Élevée,477,34.65,38,23,60.5,758.54,-24.44,63.15,32.38,88.3,6.2,11,0,1239886.0,6,15.5,Urgente
INC-01359,Kélo,Urbaine_Dense,8.9131,20.1653,Saison_Seche,37.5,26.0,5.1,2,ONT,67,0,10,Rupture_Cable,Faible,442,54.81,1,0,0.0,628.89,-21.34,179.97,32.52,65.73,6.7,51,1,1261858.0,1,1.0,Urgente
INC-01360,N'Djamena_Sud,Urbaine_Moyenne,9.5283,20.2907,Saison_Seche,39.5,30.1,18.0,2,ONT,40,1,78,Perte_Signal,Élevée,12,71.8,35,28,80.0,166.18,-2.71,188.72,40.85,77.03,6.4,33,1,107873.0,4,16.7,Corrective
INC-01361,Kélo,Rurale,15.3953,21.9392,Saison_Pluies,32.3,82.9,24.1,16,Connecteur,110,3,242,Panne_OLT,Élevée,152,61.94,8,7,87.5,458.56,-10.95,140.48,47.06,65.51,3.3,20,1,1643420.0,8,9.1,Urgente
INC-01362,Bongor,Urbaine_Moyenne,13.3294,18.8111,Intersaison,32.4,63.1,26.7,4,Antenne_AirPON,42,8,43,Obstruction_Physique,Moyenne,104,50.92,27,24,88.9,351.29,-16.27,118.55,9.4,77.7,8.4,15,1,2121486.0,1,23.6,Corrective
INC-01363,Doba,Urbaine_Dense,13.7628,17.4476,Saison_Seche,43.9,10.5,50.5,1,Antenne_AirPON,62,3,224,Defaut_Connecteur,Faible,438,17.67,6,4,66.7,461.34,-17.96,173.58,15.4,62.43,2.0,27,0,1995886.0,7,10.9,Urgente
INC-01364,Abéché,Urbaine_Moyenne,7.7405,18.9393,Saison_Pluies,34.0,71.6,31.5,14,Boitier_Etanche,109,7,325,Perte_Signal,Moyenne,272,41.02,13,10,76.9,492.13,-15.36,16.5,18.26,94.66,1.4,61,1,568769.0,7,18.4,Préventive
INC-01365,Moundou,Urbaine_Moyenne,10.5571,19.2304,Saison_Seche,36.4,32.1,48.9,1,Cable_Fibre,46,12,169,Rupture_Cable,Moyenne,261,45.61,45,31,68.9,59.12,-26.84,123.72,4.24,87.41,3.3,28,0,934532.0,3,15.0,Urgente
INC-01366,N'Djamena_Nord,Rurale,11.942,22.1262,Intersaison,36.3,50.4,54.4,2,Splitter,79,2,56,Defaut_Connecteur,Faible,148,52.74,17,11,64.7,518.57,-11.05,184.94,11.91,74.64,5.3,36,1,1960433.0,9,11.9,Corrective
INC-01367,Doba,Urbaine_Moyenne,8.6974,15.6532,Intersaison,36.5,39.3,41.8,8,Splitter,70,19,244,Rupture_Cable,Critique,255,13.94,39,24,61.5,864.37,-30.83,179.29,12.97,75.64,8.7,69,1,1636660.0,1,11.8,Urgente
INC-01368,N'Djamena_Nord,Péri_Urbaine,14.2884,22.3917,Saison_Pluies,32.6,91.4,6.8,20,ONT,52,16,76,Corrosion,Faible,276,37.22,40,22,55.0,875.9,-7.14,154.29,36.52,96.64,2.9,58,0,1945685.0,4,22.8,Urgente
INC-01369,Sarh,Urbaine_Dense,8.6168,17.3399,Saison_Seche,46.0,14.5,12.1,2,Antenne_AirPON,60,19,355,Perte_Signal,Moyenne,411,33.3,31,16,51.6,289.11,-26.37,49.42,13.7,97.12,8.3,26,0,2060286.0,8,23.6,Urgente
INC-01370,N'Djamena_Nord,Péri_Urbaine,12.592,21.3106,Intersaison,31.5,65.2,49.7,3,Splitter,65,9,340,Defaut_Connecteur,Élevée,331,18.91,0,0,100.0,784.53,-35.0,134.33,23.81,87.61,6.4,83,1,2313027.0,1,21.7,Préventive
INC-01371,Bongor,Urbaine_Dense,11.9255,17.025,Saison_Pluies,33.7,88.6,33.8,10,Antenne_AirPON,115,10,175,Obstruction_Physique,Moyenne,327,38.81,22,17,77.3,420.73,-8.98,179.27,48.89,79.37,7.8,21,1,325703.0,9,9.4,Urgente
INC-01372,Kélo,Urbaine_Dense,14.2945,20.9433,Saison_Seche,40.7,21.1,31.0,2,Antenne_AirPON,50,10,40,Perte_Signal,Critique,356,65.45,39,24,61.5,941.6,-5.94,72.22,32.57,83.09,5.0,1,0,539356.0,6,3.1,Urgente
INC-01373,N'Djamena_Nord,Rurale,9.9945,21.8914,Saison_Seche,46.3,16.8,58.1,0,Splitter,80,5,184,Obstruction_Physique,Moyenne,210,55.37,10,6,60.0,27.14,-8.51,128.93,15.04,75.84,1.3,17,1,2425850.0,6,7.1,Préventive
INC-01374,Kélo,Péri_Urbaine,9.7727,19.3597,Saison_Pluies,26.6,79.5,22.1,19,ONT,105,19,262,Degradation_Lente,Moyenne,494,40.17,31,22,71.0,740.32,-24.87,83.21,32.06,65.66,3.0,84,0,2249555.0,3,10.9,Urgente
INC-01375,Moundou,Rurale,14.2713,20.0052,Saison_Pluies,30.4,89.0,2.5,16,ONT,115,14,76,Obstruction_Physique,Moyenne,446,52.54,49,30,61.2,855.75,-29.33,180.75,11.98,80.39,3.7,5,1,1365257.0,2,13.4,Corrective
INC-01376,N'Djamena_Centre,Urbaine_Moyenne,9.2712,20.9315,Saison_Seche,37.1,29.3,15.3,0,Antenne_AirPON,24,15,244,Rupture_Cable,Critique,81,56.8,23,18,78.3,562.78,-34.39,48.12,10.0,94.27,1.7,22,1,1518136.0,3,8.9,Urgente
INC-01377,Moundou,Urbaine_Moyenne,13.4683,20.7285,Saison_Seche,35.0,21.9,17.1,2,Boitier_Etanche,100,7,72,Corrosion,Moyenne,19,52.05,4,3,75.0,424.8,-32.24,56.95,19.46,69.46,2.4,97,1,454946.0,3,18.6,Corrective
INC-01378,Doba,Urbaine_Moyenne,9.0292,21.1379,Saison_Seche,39.0,13.6,30.7,0,Cable_Fibre,82,14,210,Degradation_Lente,Élevée,203,61.97,34,21,61.8,227.48,-21.58,136.51,7.23,78.85,2.2,13,1,720873.0,5,11.4,Urgente
INC-01379,Abéché,Urbaine_Moyenne,14.5056,22.4216,Saison_Pluies,31.0,75.2,0.4,11,Boitier_Etanche,116,16,296,Rupture_Cable,Faible,132,55.94,20,16,80.0,32.78,-25.04,4.28,20.19,72.07,2.3,58,1,955755.0,2,20.5,Préventive
INC-01380,N'Djamena_Centre,Urbaine_Moyenne,14.2125,15.8154,Saison_Seche,44.1,31.0,59.3,0,ONT,68,0,361,Degradation_Lente,Élevée,150,59.6,19,12,63.2,896.5,-2.73,56.65,43.03,76.91,6.7,67,0,849371.0,1,10.8,Urgente
INC-01381,N'Djamena_Centre,Urbaine_Dense,13.7997,15.7547,Saison_Seche,46.6,14.1,3.7,1,ONT,69,10,80,Panne_OLT,Moyenne,106,37.38,29,18,62.1,95.73,-27.02,58.41,22.9,60.01,4.5,79,1,1916264.0,4,14.2,Corrective
INC-01382,Moundou,Urbaine_Dense,11.4318,23.6922,Saison_Seche,36.0,11.2,13.9,1,Cable_Fibre,115,7,79,Panne_OLT,Moyenne,211,36.22,21,17,81.0,915.9,-16.76,140.35,9.19,94.96,7.6,20,1,2382238.0,9,13.6,Corrective
INC-01383,Abéché,Urbaine_Dense,7.7707,22.4389,Intersaison,35.2,44.9,40.3,5,Cable_Fibre,110,14,264,Perte_Signal,Moyenne,136,25.79,9,5,55.6,581.83,-1.46,101.93,13.43,95.24,6.8,82,1,1851054.0,6,2.9,Préventive
INC-01384,Moundou,Urbaine_Moyenne,8.5597,19.7129,Saison_Seche,45.8,30.5,58.7,2,Boitier_Etanche,101,8,79,Degradation_Lente,Élevée,342,35.51,5,3,60.0,514.08,-19.8,13.15,21.64,85.7,2.2,92,0,2168216.0,6,11.8,Urgente
INC-01385,Bongor,Urbaine_Moyenne,11.1528,13.5859,Intersaison,34.3,44.2,30.7,8,Splitter,6,0,62,Panne_OLT,Élevée,229,50.19,12,11,91.7,753.4,-3.48,86.35,25.45,79.53,5.0,24,0,1725048.0,8,9.7,Urgente
INC-01386,N'Djamena_Sud,Péri_Urbaine,7.8492,22.475,Saison_Pluies,34.3,86.3,20.5,21,Boitier_Etanche,51,12,68,Degradation_Lente,Élevée,127,22.4,35,23,65.7,489.44,-7.76,198.27,33.39,94.39,4.8,39,1,241977.0,4,12.6,Corrective
INC-01387,Abéché,Urbaine_Dense,8.0078,21.3918,Saison_Pluies,26.0,76.7,9.7,16,ONT,2,17,95,Surtension,Critique,8,16.07,11,8,72.7,378.75,-23.18,178.85,42.86,93.35,5.8,82,0,1375700.0,5,6.3,Urgente
INC-01388,Kélo,Urbaine_Moyenne,8.504,23.5419,Intersaison,35.1,61.5,54.2,7,Connecteur,73,19,127,Degradation_Lente,Faible,103,63.43,6,5,83.3,996.28,-11.35,163.38,10.58,67.74,8.7,61,0,1001166.0,3,14.7,Urgente
INC-01389,Moundou,Urbaine_Dense,9.5868,13.6382,Saison_Seche,43.3,18.5,3.0,0,ONT,60,16,294,Surtension,Élevée,435,1.97,18,9,50.0,809.59,-24.7,124.3,38.43,93.76,3.6,76,1,1504348.0,3,15.7,Urgente
INC-01390,Sarh,Urbaine_Moyenne,13.4946,13.7995,Saison_Pluies,33.2,84.0,4.2,18,Splitter,24,10,185,Obstruction_Physique,Moyenne,412,67.3,44,40,90.9,681.48,-24.2,26.23,32.83,90.59,5.8,21,1,1762843.0,8,9.4,Urgente
INC-01391,Sarh,Urbaine_Moyenne,7.8839,18.9332,Saison_Pluies,26.7,70.8,3.8,24,Boitier_Etanche,32,1,319,Rupture_Cable,Faible,164,61.24,43,22,51.2,988.27,-10.87,179.93,19.3,60.25,4.4,27,0,2406542.0,5,15.8,Urgente
INC-01392,N'Djamena_Sud,Urbaine_Moyenne,15.3691,22.4885,Intersaison,37.5,67.7,28.0,2,OLT,54,1,153,Surtension,Faible,285,47.43,21,16,76.2,63.28,-16.01,72.6,8.67,97.69,9.0,8,1,317051.0,1,8.9,Corrective
INC-01393,Sarh,Urbaine_Dense,9.6906,23.9088,Saison_Seche,45.0,30.7,55.9,0,Cable_Fibre,85,4,188,Corrosion,Faible,332,54.7,4,2,50.0,670.52,-34.75,34.88,37.78,66.51,3.2,16,0,2262845.0,7,12.5,Urgente
INC-01394,Sarh,Péri_Urbaine,10.0616,16.8603,Saison_Pluies,34.3,75.0,33.3,18,Antenne_AirPON,60,4,193,Panne_OLT,Moyenne,90,43.18,1,0,0.0,195.7,-6.29,28.42,11.2,80.69,3.8,33,1,1717246.0,3,18.4,Corrective
INC-01395,Sarh,Péri_Urbaine,9.4831,13.8818,Intersaison,39.1,49.5,21.3,2,ONT,43,8,347,Perte_Signal,Moyenne,16,41.25,10,9,90.0,686.67,-31.43,169.61,24.61,95.61,5.3,4,1,1310318.0,8,4.8,Corrective
INC-01396,Moundou,Rurale,12.3191,15.5528,Saison_Seche,40.1,25.3,14.3,1,Connecteur,4,11,297,Obstruction_Physique,Moyenne,177,46.71,43,40,93.0,160.97,-12.69,127.31,21.45,97.56,4.0,6,1,1031945.0,8,23.9,Corrective
INC-01397,Moundou,Urbaine_Moyenne,7.6554,22.7086,Intersaison,30.8,36.8,30.9,9,Connecteur,96,2,44,Perte_Signal,Moyenne,387,0.39,4,3,75.0,691.55,-12.75,22.4,35.76,69.22,7.9,30,1,1798124.0,4,6.0,Urgente
INC-01398,Kélo,Péri_Urbaine,8.2486,18.3977,Intersaison,29.7,46.8,26.5,9,ONT,54,18,50,Panne_OLT,Critique,194,60.08,43,27,62.8,154.18,-25.88,169.83,29.98,90.36,8.7,92,1,864559.0,5,17.8,Urgente
INC-01399,Abéché,Péri_Urbaine,8.2902,22.4597,Saison_Seche,38.4,12.1,5.6,0,Boitier_Etanche,110,2,172,Obstruction_Physique,Faible,378,58.77,4,3,75.0,876.31,-34.8,51.82,12.44,74.29,5.7,70,0,1789146.0,5,19.6,Urgente
INC-01400,Doba,Urbaine_Dense,12.8163,18.161,Saison_Seche,40.6,23.0,0.4,1,Boitier_Etanche,80,0,304,Rupture_Cable,Faible,236,35.02,7,3,42.9,921.86,-10.76,120.06,37.48,77.83,3.9,71,1,1852767.0,1,14.9,Urgente
INC-01401,N'Djamena_Centre,Péri_Urbaine,10.1362,14.0606,Saison_Seche,39.9,16.1,35.7,0,OLT,97,9,21,Degradation_Lente,Élevée,301,17.06,2,1,50.0,451.25,-0.33,192.13,34.15,87.96,6.9,49,0,475561.0,3,7.5,Urgente
INC-01402,N'Djamena_Sud,Urbaine_Dense,11.0,19.9845,Saison_Seche,43.1,26.3,51.5,1,Antenne_AirPON,39,14,61,Surtension,Moyenne,491,24.07,12,7,58.3,153.3,-15.65,158.25,29.94,92.86,4.8,33,1,776069.0,2,4.3,Urgente
INC-01403,N'Djamena_Sud,Péri_Urbaine,15.0998,18.0746,Saison_Seche,39.7,23.4,36.5,1,Boitier_Etanche,2,4,7,Obstruction_Physique,Faible,18,30.75,18,15,83.3,507.13,-3.64,134.89,2.73,82.22,6.5,80,1,605222.0,6,4.2,Corrective
INC-01404,N'Djamena_Sud,Urbaine_Moyenne,9.1003,18.6592,Intersaison,29.8,49.6,19.6,4,Boitier_Etanche,77,3,284,Obstruction_Physique,Critique,256,11.45,1,0,0.0,101.34,-7.48,154.19,47.57,87.72,7.1,3,1,2029012.0,3,7.2,Urgente
INC-01405,N'Djamena_Nord,Urbaine_Moyenne,8.0616,23.4642,Saison_Pluies,30.5,81.5,9.2,14,Cable_Fibre,113,10,157,Panne_OLT,Moyenne,71,43.78,1,0,0.0,478.31,-18.93,108.2,1.58,65.76,7.9,45,1,337288.0,3,9.7,Corrective
INC-01406,Abéché,Urbaine_Dense,11.0314,18.2993,Saison_Seche,37.2,32.1,44.3,2,ONT,113,9,50,Defaut_Connecteur,Moyenne,65,10.93,45,30,66.7,454.08,-15.99,82.05,39.91,79.73,6.6,23,0,186817.0,5,2.5,Corrective
INC-01407,N'Djamena_Nord,Péri_Urbaine,8.8126,21.8635,Saison_Seche,35.3,13.7,42.1,0,Splitter,66,2,139,Rupture_Cable,Moyenne,51,49.2,33,27,81.8,233.67,-11.19,4.47,10.64,92.87,6.5,57,1,735005.0,3,2.7,Corrective
INC-01408,Kélo,Urbaine_Dense,8.6573,14.1186,Saison_Pluies,29.2,80.2,50.8,24,Cable_Fibre,11,0,131,Corrosion,Moyenne,247,40.6,35,18,51.4,665.03,-8.28,1.03,0.09,94.09,9.9,30,0,916174.0,1,19.9,Urgente
INC-01409,N'Djamena_Nord,Péri_Urbaine,10.7811,18.5299,Saison_Pluies,30.2,77.4,59.0,14,Boitier_Etanche,19,8,266,Perte_Signal,Élevée,226,60.18,14,11,78.6,2.07,-28.03,185.37,1.75,88.32,3.4,11,1,1092331.0,7,5.8,Urgente
INC-01410,Abéché,Urbaine_Dense,12.8572,19.6603,Saison_Pluies,25.5,86.1,6.7,13,Connecteur,62,8,237,Degradation_Lente,Moyenne,2,28.66,4,2,50.0,824.05,-22.31,21.31,3.36,66.29,5.3,56,0,1715112.0,8,11.1,Urgente
INC-01411,N'Djamena_Sud,Urbaine_Dense,9.4428,14.6889,Saison_Pluies,26.5,92.8,15.9,21,OLT,83,1,86,Surtension,Moyenne,208,65.22,32,29,90.6,158.93,-10.93,119.96,44.32,82.16,3.5,87,1,841647.0,4,3.5,Urgente
INC-01412,N'Djamena_Sud,Urbaine_Dense,14.5077,16.6734,Intersaison,37.1,62.2,20.6,2,Splitter,74,17,330,Defaut_Connecteur,Moyenne,254,47.01,9,7,77.8,172.52,-20.02,113.88,37.52,61.97,8.9,51,1,2185174.0,4,7.1,Urgente
INC-01413,N'Djamena_Nord,Urbaine_Dense,10.3996,21.2657,Saison_Pluies,32.5,77.3,32.3,13,Antenne_AirPON,72,7,23,Degradation_Lente,Critique,427,0.06,27,22,81.5,654.28,-15.76,120.52,24.84,96.2,8.8,58,1,2025395.0,9,9.6,Urgente
INC-01414,Doba,Urbaine_Moyenne,14.9724,15.431,Saison_Seche,36.2,31.6,3.2,0,ONT,49,10,45,Perte_Signal,Moyenne,242,31.49,1,0,0.0,738.46,-9.58,101.55,45.47,67.3,1.5,72,0,1000108.0,9,17.6,Urgente
INC-01415,Bongor,Urbaine_Dense,11.4392,14.8487,Saison_Seche,40.7,22.2,16.5,1,Cable_Fibre,58,0,195,Surtension,Moyenne,255,69.62,49,25,51.0,483.04,-32.47,189.33,27.2,73.45,7.2,4,1,2187131.0,5,15.4,Urgente
INC-01416,N'Djamena_Sud,Urbaine_Dense,13.3139,16.6424,Saison_Seche,45.4,30.5,47.6,0,Boitier_Etanche,58,8,194,Defaut_Connecteur,Moyenne,102,69.17,37,36,97.3,545.79,-1.76,70.62,16.4,88.02,9.4,96,0,1924976.0,1,2.0,Corrective
INC-01417,Kélo,Rurale,14.2921,22.5191,Saison_Seche,40.0,13.9,2.9,1,ONT,101,2,21,Degradation_Lente,Faible,30,41.15,11,6,54.5,60.95,-8.1,62.19,0.3,90.95,8.4,32,1,1909177.0,4,14.0,Corrective
INC-01418,N'Djamena_Centre,Urbaine_Dense,11.7378,21.5109,Saison_Seche,46.6,24.4,49.1,1,Connecteur,13,5,328,Corrosion,Moyenne,265,47.67,47,27,57.4,697.65,-23.82,73.39,39.93,78.06,6.9,54,1,1912510.0,2,15.3,Urgente
INC-01419,Moundou,Péri_Urbaine,14.3026,21.6564,Saison_Seche,42.6,23.8,11.1,2,OLT,60,8,48,Rupture_Cable,Faible,73,17.04,5,4,80.0,637.05,-2.34,42.03,48.32,77.95,3.8,44,0,616231.0,9,14.5,Corrective
INC-01420,Abéché,Urbaine_Dense,10.5239,16.8858,Saison_Seche,44.1,32.4,18.3,0,Splitter,37,14,17,Degradation_Lente,Élevée,81,23.13,31,22,71.0,153.49,-24.6,144.83,7.56,76.54,5.3,84,1,315468.0,9,0.6,Corrective
INC-01421,Kélo,Péri_Urbaine,10.4072,14.5389,Saison_Pluies,25.5,78.6,43.1,10,Connecteur,119,16,273,Obstruction_Physique,Élevée,181,28.48,3,1,33.3,79.34,-0.29,69.93,48.66,80.96,1.3,68,0,1608688.0,4,10.9,Urgente
INC-01422,N'Djamena_Nord,Péri_Urbaine,13.8525,13.8355,Saison_Seche,40.2,27.9,45.9,1,ONT,119,15,113,Surtension,Élevée,102,29.78,9,5,55.6,259.42,-18.38,13.35,11.51,99.15,3.1,6,1,1459674.0,6,20.5,Corrective
INC-01423,N'Djamena_Nord,Péri_Urbaine,9.4302,19.6551,Saison_Pluies,26.3,84.2,12.6,14,Antenne_AirPON,98,1,84,Rupture_Cable,Élevée,435,50.9,22,12,54.5,60.18,-19.03,24.25,28.56,90.79,9.5,91,0,1666891.0,1,22.5,Urgente
INC-01424,Sarh,Urbaine_Moyenne,13.2363,20.874,Intersaison,36.3,50.3,24.3,3,Splitter,34,9,184,Surtension,Faible,313,5.48,4,2,50.0,287.06,-14.87,154.13,9.35,65.87,5.4,71,1,1203991.0,5,11.5,Corrective
INC-01425,N'Djamena_Nord,Rurale,8.1167,17.4679,Saison_Pluies,27.3,85.3,14.5,16,Boitier_Etanche,114,7,104,Surtension,Élevée,452,3.3,9,4,44.4,524.62,-2.27,20.2,13.86,69.97,2.4,35,1,296679.0,8,15.3,Urgente
INC-01426,Bongor,Urbaine_Moyenne,12.585,19.053,Saison_Pluies,28.5,82.2,30.8,14,ONT,105,4,87,Obstruction_Physique,Élevée,197,37.48,13,6,46.2,574.63,-0.59,43.28,49.41,98.3,6.8,13,0,2032472.0,2,1.2,Urgente
INC-01427,N'Djamena_Sud,Urbaine_Moyenne,15.0353,16.4295,Saison_Pluies,33.2,71.8,39.1,16,ONT,10,10,98,Defaut_Connecteur,Moyenne,185,41.65,4,3,75.0,940.3,-27.23,75.7,20.28,79.01,2.2,3,1,2424411.0,6,19.0,Corrective
INC-01428,Kélo,Urbaine_Moyenne,11.1517,17.3252,Saison_Seche,45.3,21.3,16.2,0,Boitier_Etanche,41,11,349,Degradation_Lente,Élevée,30,27.9,4,3,75.0,365.66,-26.96,158.94,16.21,89.39,5.4,23,1,1846692.0,9,5.9,Corrective
INC-01429,Kélo,Rurale,10.8277,21.1631,Saison_Seche,45.1,28.6,27.7,1,OLT,78,11,310,Degradation_Lente,Moyenne,163,53.78,40,25,62.5,7.99,-20.92,16.08,30.18,64.78,8.6,35,0,1010049.0,1,2.8,Urgente
INC-01430,N'Djamena_Nord,Urbaine_Dense,11.8243,21.0413,Intersaison,39.4,45.4,32.1,7,OLT,65,5,180,Rupture_Cable,Élevée,269,12.13,35,18,51.4,19.98,-6.0,39.77,2.71,87.95,7.0,60,1,1872629.0,6,1.6,Corrective
INC-01431,Doba,Urbaine_Dense,13.2565,13.795,Saison_Pluies,28.7,82.6,25.1,13,OLT,15,0,251,Perte_Signal,Élevée,224,71.35,45,38,84.4,482.05,-12.92,40.6,9.97,63.17,6.6,7,1,478792.0,7,16.1,Urgente
INC-01432,N'Djamena_Nord,Urbaine_Moyenne,10.3707,23.4144,Saison_Seche,36.2,31.2,30.8,2,OLT,1,5,44,Obstruction_Physique,Moyenne,220,25.24,9,8,88.9,280.92,-30.07,93.58,47.19,90.76,7.9,97,1,2468808.0,7,10.7,Urgente
INC-01433,Sarh,Rurale,7.501,16.3246,Saison_Seche,42.0,13.5,8.6,1,OLT,61,19,282,Perte_Signal,Faible,82,23.88,33,24,72.7,169.42,-16.68,81.16,43.36,78.35,8.2,32,1,1765210.0,1,20.1,Préventive
INC-01434,N'Djamena_Centre,Urbaine_Dense,11.5167,23.0297,Saison_Seche,35.8,10.4,2.4,2,Boitier_Etanche,43,9,65,Perte_Signal,Élevée,201,28.32,13,11,84.6,575.34,-5.7,161.3,23.81,89.58,6.5,61,0,1698400.0,9,2.1,Urgente
INC-01435,Moundou,Urbaine_Dense,10.8542,18.8749,Intersaison,28.3,58.1,3.8,7,Cable_Fibre,104,9,325,Panne_OLT,Faible,86,60.24,47,44,93.6,103.26,-34.13,56.04,37.79,77.67,7.5,22,0,1029165.0,1,4.8,Préventive
INC-01436,N'Djamena_Sud,Urbaine_Dense,11.7616,18.7414,Saison_Pluies,26.2,90.7,58.4,14,Antenne_AirPON,66,0,350,Defaut_Connecteur,Moyenne,424,15.86,34,24,70.6,608.37,-19.9,26.07,16.61,65.98,3.4,15,1,1966857.0,1,1.0,Préventive
INC-01437,Sarh,Urbaine_Dense,13.2225,18.2314,Saison_Seche,37.7,10.8,4.4,2,Boitier_Etanche,119,13,313,Obstruction_Physique,Moyenne,135,32.85,39,37,94.9,901.81,-30.88,48.42,39.39,63.69,7.3,83,1,2005988.0,7,21.8,Préventive
INC-01438,Moundou,Urbaine_Dense,9.7671,23.1855,Saison_Pluies,32.4,93.9,23.2,11,OLT,97,3,116,Panne_OLT,Élevée,215,19.15,23,13,56.5,90.28,-18.48,63.64,29.39,77.31,2.0,17,1,1539389.0,4,15.7,Urgente
INC-01439,Moundou,Péri_Urbaine,11.5421,15.6851,Saison_Seche,43.1,27.5,47.5,1,OLT,70,15,161,Defaut_Connecteur,Faible,69,3.05,27,22,81.5,974.56,-33.75,117.97,4.06,61.95,5.6,99,1,2442290.0,8,2.4,Corrective
INC-01440,Moundou,Urbaine_Dense,9.5271,19.9223,Saison_Seche,36.8,27.5,51.0,1,Splitter,94,13,183,Corrosion,Moyenne,356,26.44,27,19,70.4,570.01,-16.46,77.93,29.24,87.29,8.7,40,0,1343937.0,6,7.8,Urgente
INC-01441,Sarh,Urbaine_Moyenne,11.1748,16.8367,Saison_Seche,46.8,21.5,16.1,1,Splitter,26,9,150,Corrosion,Moyenne,90,5.47,19,10,52.6,222.88,-2.01,45.04,20.59,98.34,5.0,19,1,945990.0,5,17.0,Corrective
INC-01442,Bongor,Urbaine_Dense,10.2563,23.11,Saison_Pluies,29.9,81.1,38.4,24,Boitier_Etanche,85,0,68,Obstruction_Physique,Moyenne,415,69.86,4,3,75.0,396.2,-22.91,22.65,19.74,97.12,3.6,77,0,454320.0,8,1.9,Urgente
INC-01443,Bongor,Péri_Urbaine,10.4523,15.2781,Saison_Pluies,34.0,75.3,43.4,20,Boitier_Etanche,88,7,282,Corrosion,Élevée,42,10.14,4,3,75.0,469.52,-24.23,117.92,31.31,83.18,6.5,80,1,1333033.0,6,7.2,Préventive
INC-01444,Moundou,Péri_Urbaine,12.1349,20.6,Saison_Pluies,27.6,85.7,55.0,17,Splitter,10,8,87,Defaut_Connecteur,Faible,157,70.88,34,26,76.5,83.56,-6.32,187.58,12.36,82.84,2.4,6,1,414652.0,2,18.1,Corrective
INC-01445,Bongor,Péri_Urbaine,13.0169,17.9285,Saison_Pluies,26.7,78.8,53.3,10,Cable_Fibre,67,12,340,Obstruction_Physique,Faible,174,33.13,7,6,85.7,692.5,-27.86,42.39,32.63,82.64,3.1,80,1,1413693.0,4,14.4,Préventive
INC-01446,Doba,Péri_Urbaine,7.6013,20.4428,Saison_Pluies,26.4,70.6,26.1,18,OLT,19,5,38,Degradation_Lente,Moyenne,249,11.94,29,21,72.4,903.14,-21.9,26.04,43.27,96.09,3.3,0,1,1285735.0,4,11.9,Corrective
INC-01447,Sarh,Rurale,14.5131,15.1549,Intersaison,39.2,57.1,32.5,2,Boitier_Etanche,26,8,3,Surtension,Moyenne,386,19.13,36,28,77.8,868.32,-1.37,181.62,41.36,61.96,4.3,40,0,1844260.0,6,6.9,Urgente
INC-01448,Doba,Urbaine_Moyenne,10.4147,17.6334,Saison_Seche,45.3,28.5,48.1,1,Cable_Fibre,106,16,101,Defaut_Connecteur,Faible,393,27.87,49,29,59.2,433.23,-12.05,119.5,27.54,86.0,4.9,92,0,2397011.0,1,9.2,Urgente
INC-01449,Kélo,Rurale,12.6489,14.6263,Saison_Seche,42.4,26.4,35.9,2,Cable_Fibre,43,6,44,Panne_OLT,Moyenne,465,48.85,29,21,72.4,17.27,-11.25,72.82,33.08,78.61,8.4,40,0,1269139.0,6,5.7,Urgente
INC-01450,N'Djamena_Sud,Urbaine_Dense,8.4791,23.6722,Saison_Seche,35.3,31.1,21.4,1,Boitier_Etanche,31,16,193,Panne_OLT,Élevée,76,51.38,32,19,59.4,979.88,-15.13,12.87,6.32,97.84,3.5,82,1,869970.0,8,13.0,Corrective
INC-01451,Doba,Urbaine_Moyenne,12.0716,15.7469,Saison_Seche,44.1,12.3,57.0,0,ONT,72,18,156,Panne_OLT,Faible,400,15.71,29,28,96.6,84.24,-32.33,151.77,17.15,70.24,5.9,96,1,161424.0,2,4.4,Corrective
INC-01452,Bongor,Urbaine_Dense,12.9277,23.9289,Saison_Seche,40.0,27.5,59.9,2,Cable_Fibre,22,2,205,Rupture_Cable,Élevée,335,14.21,32,23,71.9,762.89,-11.02,143.89,6.5,70.65,3.3,79,1,346868.0,5,16.4,Urgente
INC-01453,N'Djamena_Sud,Urbaine_Dense,8.7595,17.8942,Intersaison,29.0,62.4,56.0,8,ONT,65,17,142,Obstruction_Physique,Moyenne,340,65.76,42,29,69.0,308.53,-6.77,179.6,40.45,90.69,3.3,67,0,818339.0,8,16.5,Urgente
INC-01454,N'Djamena_Sud,Urbaine_Moyenne,14.7972,14.2513,Saison_Seche,39.6,16.0,20.7,2,Boitier_Etanche,41,9,127,Rupture_Cable,Élevée,124,32.55,22,21,95.5,888.92,-9.52,114.07,35.36,77.2,4.4,34,0,1221034.0,8,3.7,Urgente
INC-01455,Bongor,Rurale,13.5597,13.6845,Saison_Seche,42.2,27.6,14.5,2,Connecteur,71,18,174,Surtension,Faible,203,25.85,26,25,96.2,904.49,-31.02,64.3,15.99,74.33,1.2,4,1,177163.0,3,3.6,Urgente
INC-01456,N'Djamena_Centre,Urbaine_Dense,11.7714,19.789,Saison_Seche,43.6,32.4,29.6,2,Splitter,1,14,118,Surtension,Faible,335,45.08,34,29,85.3,377.0,-16.42,34.43,41.66,72.2,7.4,15,1,2081946.0,3,18.3,Urgente
INC-01457,N'Djamena_Nord,Péri_Urbaine,8.8285,19.9547,Saison_Seche,42.8,22.9,47.1,2,Antenne_AirPON,65,3,25,Defaut_Connecteur,Faible,315,39.52,42,36,85.7,343.91,-30.03,44.97,34.23,66.04,1.1,42,1,423403.0,5,14.9,Urgente
INC-01458,N'Djamena_Nord,Péri_Urbaine,14.4244,19.0103,Saison_Seche,37.9,21.6,16.2,2,Antenne_AirPON,76,10,270,Degradation_Lente,Élevée,269,64.4,10,9,90.0,904.12,-9.46,103.03,21.28,66.04,4.1,27,1,872109.0,6,1.5,Urgente
INC-01459,Abéché,Urbaine_Dense,8.049,14.1972,Saison_Seche,43.5,30.4,24.4,2,ONT,57,18,318,Corrosion,Élevée,265,11.41,19,18,94.7,667.48,-0.91,169.66,32.51,68.7,3.4,1,0,724196.0,5,14.2,Urgente
INC-01460,Kélo,Urbaine_Dense,8.4214,16.9808,Intersaison,38.8,70.0,9.1,2,Connecteur,92,18,227,Perte_Signal,Élevée,272,32.51,6,5,83.3,20.16,-17.44,180.43,32.97,88.98,9.9,97,1,2338302.0,5,9.6,Urgente
INC-01461,N'Djamena_Nord,Urbaine_Moyenne,13.0854,17.2702,Saison_Seche,46.7,27.7,42.1,0,Boitier_Etanche,33,19,174,Panne_OLT,Moyenne,402,14.36,5,2,40.0,105.07,-29.48,97.53,2.47,83.98,6.6,13,1,1403917.0,8,5.2,Corrective
INC-01462,Doba,Urbaine_Dense,9.5309,20.9006,Saison_Seche,40.7,11.4,44.2,1,Cable_Fibre,44,19,225,Corrosion,Moyenne,392,7.67,28,23,82.1,121.72,-21.73,8.79,40.19,95.86,1.9,27,0,403000.0,4,3.0,Urgente
INC-01463,N'Djamena_Sud,Péri_Urbaine,11.1745,17.898,Intersaison,32.9,56.6,29.7,3,Boitier_Etanche,48,12,265,Rupture_Cable,Moyenne,191,20.76,32,31,96.9,997.66,-18.16,24.52,35.41,82.02,9.5,86,1,435324.0,7,2.4,Corrective
INC-01464,N'Djamena_Nord,Urbaine_Dense,11.8113,19.5162,Saison_Seche,41.9,26.7,44.2,1,ONT,1,7,118,Corrosion,Faible,173,4.87,7,4,57.1,310.4,-15.86,190.11,7.02,89.63,3.1,52,1,2496722.0,8,15.9,Corrective
INC-01465,N'Djamena_Sud,Urbaine_Dense,11.1659,16.5065,Saison_Seche,41.9,19.5,38.7,1,Cable_Fibre,94,3,233,Perte_Signal,Faible,186,43.38,43,33,76.7,178.99,-19.01,46.61,36.88,72.77,8.2,63,0,1225947.0,4,0.9,Urgente
INC-01466,N'Djamena_Sud,Péri_Urbaine,8.1711,21.1228,Saison_Seche,35.5,17.4,55.8,0,ONT,102,13,179,Surtension,Moyenne,197,61.31,23,22,95.7,972.13,-27.71,163.98,45.75,93.23,10.0,63,0,1450536.0,6,14.8,Corrective
INC-01467,Abéché,Rurale,13.3998,13.991,Saison_Pluies,33.5,75.0,35.2,23,Splitter,17,0,262,Corrosion,Moyenne,375,21.76,21,16,76.2,354.96,-17.59,185.87,31.55,93.32,9.8,38,1,1835921.0,2,8.5,Préventive
INC-01468,N'Djamena_Nord,Urbaine_Dense,9.4199,23.8793,Saison_Pluies,33.7,90.3,21.4,14,Antenne_AirPON,83,14,131,Rupture_Cable,Faible,382,45.57,40,26,65.0,211.77,-0.22,187.66,48.1,63.39,8.1,44,1,1665971.0,3,3.2,Urgente
INC-01469,N'Djamena_Nord,Péri_Urbaine,13.4083,20.2357,Saison_Seche,39.7,20.6,43.8,0,Cable_Fibre,45,18,360,Degradation_Lente,Moyenne,175,9.34,21,18,85.7,734.07,-4.14,20.96,20.03,68.38,10.0,52,0,235164.0,1,14.1,Corrective
INC-01470,Bongor,Urbaine_Moyenne,14.4223,15.063,Intersaison,37.0,35.2,3.4,5,Antenne_AirPON,75,16,166,Obstruction_Physique,Élevée,465,16.91,47,46,97.9,772.73,-8.27,34.51,27.39,95.94,2.6,80,0,606662.0,8,17.5,Urgente
INC-01471,N'Djamena_Centre,Péri_Urbaine,11.791,21.0337,Saison_Pluies,30.1,74.2,28.6,12,OLT,45,9,41,Surtension,Élevée,96,48.66,20,10,50.0,869.0,-5.35,92.67,43.65,70.8,7.9,80,1,1334483.0,6,3.7,Urgente
INC-01472,Bongor,Urbaine_Moyenne,13.151,21.7589,Saison_Pluies,25.4,92.2,58.0,21,OLT,98,15,45,Panne_OLT,Moyenne,132,66.2,20,11,55.0,116.0,-21.96,64.52,18.58,80.11,6.5,13,1,1341846.0,8,15.4,Corrective
INC-01473,N'Djamena_Sud,Rurale,7.7955,21.7803,Saison_Pluies,25.9,74.2,42.3,13,Boitier_Etanche,96,12,284,Corrosion,Faible,62,1.37,5,3,60.0,233.96,-26.73,73.71,0.29,96.96,7.7,38,0,1003838.0,5,5.4,Préventive
INC-01474,N'Djamena_Sud,Urbaine_Dense,7.794,16.3427,Saison_Pluies,32.8,71.2,59.9,12,ONT,55,17,57,Degradation_Lente,Faible,283,46.28,24,21,87.5,851.28,-27.74,105.18,2.73,91.63,3.2,25,1,1809033.0,6,18.1,Corrective
INC-01475,Sarh,Rurale,9.0773,23.5657,Saison_Pluies,29.9,82.2,23.6,21,Splitter,95,1,312,Degradation_Lente,Élevée,298,50.73,31,27,87.1,733.9,-29.55,187.11,34.76,97.69,9.2,95,1,814054.0,1,15.2,Urgente
INC-01476,Abéché,Péri_Urbaine,10.3671,13.6862,Saison_Seche,38.0,33.0,23.6,1,Cable_Fibre,52,5,292,Rupture_Cable,Moyenne,7,43.02,34,25,73.5,695.18,-20.98,98.2,32.48,70.3,2.5,55,1,992643.0,2,20.5,Corrective
INC-01477,Doba,Rurale,8.9623,17.4883,Saison_Seche,41.0,18.9,3.6,1,Cable_Fibre,79,1,111,Perte_Signal,Moyenne,121,30.78,8,7,87.5,622.54,-6.18,87.73,40.1,86.45,2.1,29,1,2427404.0,7,10.4,Préventive
INC-01478,N'Djamena_Centre,Péri_Urbaine,12.5797,14.5943,Saison_Seche,37.7,30.9,21.6,0,ONT,5,13,321,Rupture_Cable,Élevée,417,71.14,24,19,79.2,885.81,-10.01,131.7,4.76,75.87,9.1,55,1,124584.0,4,7.4,Urgente
INC-01479,Sarh,Rurale,9.7151,17.541,Saison_Seche,41.5,19.7,8.5,2,Splitter,27,11,351,Rupture_Cable,Moyenne,236,19.64,38,28,73.7,353.65,-3.25,28.89,38.25,69.41,7.7,43,0,901020.0,2,11.4,Urgente
INC-01480,Doba,Péri_Urbaine,14.266,14.1009,Intersaison,35.5,59.0,23.7,2,Connecteur,103,4,357,Degradation_Lente,Élevée,207,33.58,24,18,75.0,789.33,-26.01,96.71,38.71,80.57,6.4,54,1,1029085.0,4,23.1,Urgente
INC-01481,N'Djamena_Sud,Rurale,11.9848,20.2723,Intersaison,33.2,60.7,0.1,4,Cable_Fibre,43,11,206,Degradation_Lente,Élevée,424,48.51,37,33,89.2,349.14,-4.71,144.92,40.38,98.35,7.6,35,0,553290.0,2,19.5,Urgente
INC-01482,Bongor,Urbaine_Moyenne,10.5246,14.1558,Saison_Seche,40.2,16.5,26.3,0,Antenne_AirPON,82,13,362,Degradation_Lente,Faible,77,0.0,48,45,93.8,792.66,-12.64,118.98,2.35,86.66,1.1,12,1,1585286.0,5,19.8,Préventive
INC-01483,Moundou,Rurale,14.6446,19.9664,Saison_Seche,42.8,18.1,56.3,2,Connecteur,100,6,315,Surtension,Faible,179,26.0,7,6,85.7,141.89,-17.46,150.62,41.82,97.64,8.6,41,1,739741.0,2,16.9,Préventive
INC-01484,Kélo,Urbaine_Moyenne,14.1269,15.9579,Saison_Pluies,25.2,72.5,45.7,20,Cable_Fibre,108,19,242,Surtension,Élevée,144,28.29,38,30,78.9,630.86,-10.18,177.27,43.82,66.51,1.5,76,0,814527.0,7,9.6,Urgente
INC-01485,N'Djamena_Centre,Péri_Urbaine,14.0603,15.3811,Saison_Seche,38.8,18.6,14.5,2,ONT,41,18,341,Degradation_Lente,Critique,240,0.76,42,22,52.4,257.11,-14.87,88.47,29.02,81.19,5.6,89,1,48633.0,4,11.1,Urgente
INC-01486,N'Djamena_Sud,Péri_Urbaine,13.3268,17.1435,Saison_Pluies,26.6,92.8,16.2,19,Splitter,67,18,95,Obstruction_Physique,Moyenne,388,1.88,38,32,84.2,240.41,-6.19,144.65,48.1,81.6,1.3,93,1,799990.0,6,2.3,Corrective
INC-01487,N'Djamena_Centre,Péri_Urbaine,12.4137,20.2301,Saison_Pluies,27.3,79.1,18.6,13,OLT,86,3,64,Corrosion,Moyenne,412,71.18,45,39,86.7,26.95,-28.4,81.87,25.75,68.36,7.8,33,1,2326260.0,9,13.8,Urgente
INC-01488,Doba,Péri_Urbaine,10.4346,19.5711,Saison_Pluies,27.5,85.7,5.6,19,ONT,20,16,79,Defaut_Connecteur,Élevée,146,7.85,33,17,51.5,897.16,-20.27,173.94,40.7,69.63,3.5,52,1,2146265.0,4,4.6,Corrective
INC-01489,N'Djamena_Centre,Urbaine_Dense,10.8808,20.645,Saison_Pluies,31.3,94.5,59.5,22,OLT,59,12,119,Corrosion,Faible,118,17.01,28,18,64.3,705.91,-9.6,87.63,8.88,97.28,5.0,1,1,1529607.0,3,8.3,Corrective
INC-01490,Bongor,Péri_Urbaine,12.677,23.1493,Saison_Seche,44.0,28.9,40.1,2,Connecteur,90,9,28,Degradation_Lente,Faible,153,9.98,42,22,52.4,866.86,-9.28,135.93,19.47,78.28,9.9,25,1,1227421.0,8,12.1,Corrective
INC-01491,Kélo,Urbaine_Dense,8.883,15.6347,Saison_Seche,39.4,16.1,44.3,1,Connecteur,59,14,7,Rupture_Cable,Élevée,378,36.98,45,31,68.9,792.48,-25.46,2.46,20.71,96.57,7.8,27,0,891661.0,2,14.8,Urgente
INC-01492,Sarh,Urbaine_Moyenne,14.1225,17.8402,Saison_Seche,39.5,16.6,41.7,1,Boitier_Etanche,24,0,308,Panne_OLT,Élevée,348,53.0,45,34,75.6,394.46,-19.57,80.27,17.79,68.67,2.0,58,1,1295683.0,3,1.7,Urgente
INC-01493,N'Djamena_Centre,Péri_Urbaine,15.0094,16.2911,Saison_Pluies,28.8,90.5,27.9,23,ONT,26,6,51,Corrosion,Élevée,330,5.54,1,0,0.0,720.87,-26.23,110.58,5.57,76.68,9.6,44,0,43980.0,9,3.9,Urgente
INC-01494,Moundou,Péri_Urbaine,8.2839,19.6567,Saison_Seche,38.2,34.5,49.0,0,Connecteur,78,1,223,Surtension,Moyenne,299,42.19,19,15,78.9,94.05,-12.42,128.59,20.11,87.42,5.3,64,0,2011323.0,5,20.5,Urgente
INC-01495,N'Djamena_Nord,Péri_Urbaine,7.6796,16.4757,Intersaison,38.6,53.7,14.3,9,Cable_Fibre,114,5,100,Surtension,Moyenne,24,25.42,22,19,86.4,709.14,-0.85,36.21,47.54,61.17,8.5,52,0,558888.0,5,20.7,Urgente
INC-01496,Kélo,Urbaine_Moyenne,8.6416,19.3592,Saison_Seche,35.0,30.3,23.3,0,Splitter,5,2,127,Corrosion,Critique,220,35.32,30,28,93.3,926.2,-17.78,127.43,28.61,84.71,2.2,52,0,1085524.0,2,1.7,Urgente
INC-01497,N'Djamena_Centre,Urbaine_Dense,13.5792,22.1432,Saison_Pluies,31.8,89.0,19.6,19,ONT,29,13,46,Perte_Signal,Moyenne,145,19.15,44,41,93.2,938.94,-16.18,149.85,48.13,99.16,2.0,70,1,2241040.0,6,2.2,Corrective
INC-01498,Moundou,Urbaine_Moyenne,8.3626,19.2849,Saison_Seche,46.8,25.9,57.2,1,Boitier_Etanche,26,14,8,Corrosion,Faible,220,62.19,43,35,81.4,250.96,-14.1,56.74,34.86,66.85,3.4,2,1,45260.0,9,8.1,Urgente
INC-01499,Sarh,Urbaine_Moyenne,10.478,22.3004,Intersaison,32.3,50.1,2.3,2,Connecteur,48,10,50,Rupture_Cable,Faible,38,32.57,26,21,80.8,537.1,-2.05,71.31,20.51,98.7,1.3,94,1,946208.0,8,10.6,Corrective
INC-01500,N'Djamena_Nord,Urbaine_Dense,8.005,19.9192,Saison_Seche,45.0,29.1,4.5,2,Boitier_Etanche,32,12,229,Surtension,Faible,244,11.56,20,11,55.0,150.77,-3.61,182.12,15.91,80.62,6.5,48,1,577017.0,7,17.4,Corrective
INC-01501,Sarh,Urbaine_Moyenne,10.9605,22.6381,Saison_Pluies,28.1,93.5,57.4,12,Connecteur,108,5,181,Obstruction_Physique,Faible,487,57.01,40,24,60.0,644.97,-14.84,45.26,4.94,78.17,2.6,66,0,2466383.0,2,21.5,Urgente
INC-01502,Moundou,Rurale,12.3309,23.2694,Intersaison,34.2,50.0,41.3,2,Boitier_Etanche,61,19,171,Panne_OLT,Élevée,296,54.13,3,2,66.7,295.73,-21.03,74.09,23.09,67.15,9.5,40,1,1630838.0,1,2.9,Urgente
INC-01503,Sarh,Urbaine_Moyenne,12.5281,18.832,Saison_Seche,43.8,21.9,38.2,1,Connecteur,36,1,117,Surtension,Moyenne,489,34.91,43,42,97.7,485.26,-12.62,144.54,41.55,81.74,10.0,14,1,2095287.0,5,14.2,Urgente
INC-01504,Bongor,Péri_Urbaine,11.6513,21.8018,Saison_Pluies,28.3,72.8,49.2,22,Boitier_Etanche,111,17,73,Panne_OLT,Moyenne,157,51.96,40,20,50.0,53.71,-28.43,39.77,6.82,70.0,9.3,34,1,1887195.0,1,7.2,Corrective
INC-01505,Doba,Urbaine_Moyenne,15.0049,18.4226,Saison_Pluies,29.7,72.8,55.0,19,Connecteur,87,19,289,Obstruction_Physique,Critique,341,43.35,15,13,86.7,327.79,-8.24,101.58,46.35,60.26,3.4,96,0,229704.0,5,1.4,Urgente
INC-01506,Doba,Urbaine_Moyenne,11.7491,20.9045,Saison_Seche,45.3,15.3,53.8,0,OLT,102,12,38,Degradation_Lente,Faible,185,11.87,45,36,80.0,966.41,-28.01,149.45,34.57,91.43,4.9,81,1,2200116.0,4,5.1,Corrective
INC-01507,N'Djamena_Sud,Urbaine_Dense,14.3739,13.8938,Saison_Pluies,27.4,85.2,53.4,15,Antenne_AirPON,40,13,256,Corrosion,Moyenne,223,71.95,48,24,50.0,706.55,-13.2,13.89,35.79,73.43,4.1,62,1,645395.0,1,17.0,Urgente
INC-01508,N'Djamena_Nord,Rurale,15.4442,23.6526,Saison_Pluies,32.2,93.4,50.3,23,Cable_Fibre,19,17,321,Rupture_Cable,Faible,34,55.61,8,6,75.0,231.88,-26.45,49.3,30.68,92.83,4.5,14,1,1766067.0,4,21.2,Corrective
INC-01509,Moundou,Urbaine_Moyenne,9.338,22.8905,Saison_Seche,36.2,19.3,7.2,1,Antenne_AirPON,3,7,256,Rupture_Cable,Moyenne,178,47.98,37,29,78.4,34.3,-1.29,114.77,11.5,78.86,8.4,1,1,1875154.0,4,5.6,Corrective
INC-01510,N'Djamena_Centre,Péri_Urbaine,9.6243,22.8795,Saison_Pluies,33.6,77.5,38.1,14,Antenne_AirPON,111,11,164,Rupture_Cable,Faible,356,59.84,30,20,66.7,667.49,-12.94,52.34,14.18,60.81,4.4,78,1,2404137.0,4,2.6,Urgente
INC-01511,Bongor,Péri_Urbaine,11.675,16.4531,Saison_Pluies,25.2,86.0,29.5,10,Antenne_AirPON,61,5,125,Perte_Signal,Faible,476,66.82,22,21,95.5,921.44,-2.88,163.3,47.0,93.42,9.1,45,1,764838.0,4,14.3,Urgente
INC-01512,N'Djamena_Sud,Péri_Urbaine,8.959,16.4733,Saison_Pluies,26.1,79.5,46.8,22,Boitier_Etanche,16,18,190,Panne_OLT,Faible,238,41.6,11,10,90.9,585.31,-4.82,134.57,27.04,85.94,1.6,60,1,2064127.0,1,3.8,Urgente
INC-01513,N'Djamena_Sud,Urbaine_Dense,12.013,17.7273,Intersaison,30.1,61.4,57.3,7,Cable_Fibre,115,2,301,Corrosion,Faible,53,42.37,39,37,94.9,431.91,-10.65,105.56,16.38,75.73,4.7,79,0,1448928.0,6,13.7,Préventive
INC-01514,Doba,Rurale,12.9751,22.742,Saison_Pluies,26.3,88.4,21.9,16,Connecteur,60,1,204,Perte_Signal,Critique,430,1.69,1,0,0.0,826.25,-14.1,29.9,1.1,83.36,1.1,23,1,2307395.0,5,4.2,Urgente
INC-01515,Bongor,Péri_Urbaine,7.9832,22.5157,Saison_Pluies,29.9,73.1,45.3,15,OLT,11,16,152,Obstruction_Physique,Faible,300,29.87,28,17,60.7,509.71,-2.99,135.52,20.19,98.21,4.2,95,1,1067256.0,2,9.1,Corrective
INC-01516,N'Djamena_Centre,Péri_Urbaine,12.9512,16.5393,Intersaison,36.3,45.0,12.7,4,Connecteur,33,6,152,Defaut_Connecteur,Moyenne,231,36.63,18,13,72.2,889.03,-16.92,34.16,4.94,93.25,3.9,43,0,1744040.0,6,8.9,Urgente
INC-01517,N'Djamena_Sud,Urbaine_Moyenne,8.7757,19.1886,Saison_Pluies,33.1,86.4,25.3,13,Splitter,106,12,222,Perte_Signal,Élevée,104,16.86,13,11,84.6,665.02,-6.74,187.62,10.24,64.62,7.6,4,1,488844.0,9,4.3,Préventive
INC-01518,Sarh,Péri_Urbaine,9.8945,18.4893,Saison_Pluies,26.0,76.2,43.4,19,Boitier_Etanche,72,13,53,Rupture_Cable,Élevée,341,25.89,22,12,54.5,48.35,-29.98,15.74,35.66,75.53,5.3,55,1,2256960.0,2,21.1,Urgente
INC-01519,Bongor,Urbaine_Moyenne,13.4105,20.3321,Saison_Seche,44.1,19.7,5.2,0,Cable_Fibre,8,9,36,Surtension,Critique,366,26.37,4,3,75.0,620.62,-17.17,81.26,3.17,94.47,4.6,79,0,2446195.0,9,18.9,Urgente
INC-01520,Sarh,Urbaine_Moyenne,8.8087,15.7459,Saison_Seche,39.1,25.4,51.7,0,ONT,71,19,31,Defaut_Connecteur,Moyenne,52,26.48,27,16,59.3,406.87,-18.85,57.47,0.41,73.21,6.1,53,1,750408.0,2,1.0,Corrective
INC-01521,Kélo,Péri_Urbaine,11.7535,14.393,Saison_Pluies,27.4,87.1,55.0,21,Boitier_Etanche,16,5,47,Rupture_Cable,Moyenne,450,68.82,19,13,68.4,509.08,-21.14,134.01,28.33,66.27,1.2,23,0,2260472.0,4,11.2,Urgente
INC-01522,Abéché,Urbaine_Moyenne,12.2134,13.7862,Intersaison,39.7,70.0,52.3,3,Splitter,115,9,219,Defaut_Connecteur,Moyenne,493,42.3,9,8,88.9,625.9,-27.67,134.4,30.53,93.08,8.0,47,0,154394.0,5,13.6,Urgente
INC-01523,Abéché,Urbaine_Dense,8.8149,17.5049,Saison_Seche,39.6,24.3,0.0,2,OLT,61,6,362,Corrosion,Moyenne,332,22.6,10,6,60.0,812.36,-29.39,150.74,10.24,81.11,4.0,21,1,2043275.0,9,20.2,Préventive
INC-01524,N'Djamena_Sud,Urbaine_Dense,9.6983,23.4394,Saison_Pluies,30.9,78.4,48.2,22,ONT,26,2,307,Corrosion,Moyenne,449,21.94,11,8,72.7,210.9,-3.93,156.23,47.93,93.35,5.5,77,1,1188374.0,8,4.0,Corrective
INC-01525,Doba,Urbaine_Moyenne,12.3517,20.6906,Saison_Seche,39.4,34.7,53.8,0,Splitter,119,11,95,Degradation_Lente,Moyenne,319,60.98,6,3,50.0,378.41,-16.4,46.36,40.48,86.67,9.5,78,1,2424840.0,6,6.5,Urgente
INC-01526,Abéché,Rurale,11.1896,21.3659,Saison_Pluies,32.0,82.1,59.0,19,Connecteur,16,14,156,Rupture_Cable,Élevée,43,46.2,23,12,52.2,130.06,-0.56,128.38,13.16,67.0,9.3,80,1,669201.0,9,14.3,Urgente
INC-01527,Moundou,Rurale,12.7799,23.4242,Saison_Pluies,26.9,74.9,2.0,16,Connecteur,110,18,65,Rupture_Cable,Moyenne,241,61.28,4,3,75.0,506.31,-32.25,45.61,48.52,67.93,7.8,18,0,156476.0,6,13.9,Urgente
INC-01528,Kélo,Péri_Urbaine,14.3377,17.9315,Saison_Seche,38.9,21.3,33.8,2,Cable_Fibre,28,10,281,Panne_OLT,Moyenne,431,46.34,44,43,97.7,601.59,-6.99,114.37,19.07,96.47,5.4,13,1,1343872.0,1,5.9,Corrective
INC-01529,Bongor,Urbaine_Dense,8.5803,18.4809,Saison_Seche,36.1,20.6,52.9,0,ONT,55,12,293,Panne_OLT,Moyenne,200,65.86,22,11,50.0,56.11,-31.87,96.01,4.82,88.78,6.2,21,1,1823214.0,8,10.2,Corrective
INC-01530,Kélo,Urbaine_Moyenne,8.0651,17.2752,Saison_Seche,44.1,14.8,43.9,0,ONT,26,16,105,Degradation_Lente,Faible,38,28.96,22,16,72.7,442.55,-32.76,158.18,25.74,79.88,2.3,10,1,1206077.0,9,23.2,Corrective
INC-01531,Abéché,Urbaine_Moyenne,12.8338,15.4044,Intersaison,34.7,55.7,51.3,7,OLT,103,19,249,Corrosion,Faible,448,60.66,7,3,42.9,233.87,-24.17,65.11,42.9,89.47,8.8,41,1,1137736.0,5,17.0,Urgente
INC-01532,N'Djamena_Sud,Urbaine_Moyenne,13.6651,21.5471,Saison_Pluies,27.0,79.0,41.9,10,Boitier_Etanche,4,10,251,Panne_OLT,Moyenne,420,12.67,33,25,75.8,542.94,-2.96,8.27,11.92,97.91,2.4,33,1,561375.0,9,20.0,Corrective
INC-01533,N'Djamena_Nord,Urbaine_Dense,11.0945,23.0202,Saison_Seche,46.5,13.8,1.5,1,Cable_Fibre,21,6,79,Perte_Signal,Faible,272,48.2,33,29,87.9,621.74,-2.0,74.51,33.88,95.2,7.8,52,0,1262227.0,7,5.2,Urgente
INC-01534,Kélo,Urbaine_Dense,10.6513,22.0457,Saison_Seche,45.5,16.8,52.7,0,Connecteur,93,4,100,Degradation_Lente,Critique,266,26.19,37,26,70.3,636.49,-26.06,168.69,32.38,78.06,9.1,0,0,2271112.0,3,22.3,Urgente
INC-01535,N'Djamena_Centre,Urbaine_Dense,12.2742,14.0011,Saison_Seche,37.7,31.4,37.1,0,Antenne_AirPON,117,1,165,Perte_Signal,Moyenne,266,37.8,49,29,59.2,15.95,-15.47,90.16,22.19,60.64,1.5,85,0,1074904.0,1,13.1,Urgente
INC-01536,N'Djamena_Centre,Urbaine_Moyenne,11.9116,16.641,Saison_Pluies,28.0,83.8,14.8,22,ONT,116,0,344,Corrosion,Élevée,309,53.03,45,35,77.8,367.0,-31.42,163.83,23.5,73.27,8.4,13,1,1857732.0,2,21.8,Urgente
INC-01537,N'Djamena_Nord,Urbaine_Moyenne,11.4214,19.7169,Saison_Pluies,33.1,70.3,40.8,21,Boitier_Etanche,96,18,60,Rupture_Cable,Moyenne,449,40.64,1,0,0.0,488.71,-3.65,51.07,26.08,72.1,5.9,57,1,1944325.0,8,21.1,Urgente
INC-01538,Sarh,Urbaine_Dense,14.0496,16.9354,Intersaison,36.6,37.1,30.9,8,ONT,49,4,361,Rupture_Cable,Faible,263,52.56,41,37,90.2,718.66,-31.69,49.8,4.4,73.75,6.6,10,1,1455002.0,4,17.8,Urgente
INC-01539,N'Djamena_Nord,Urbaine_Moyenne,8.888,15.0762,Intersaison,30.0,63.5,43.0,8,Cable_Fibre,114,6,155,Panne_OLT,Faible,141,2.63,1,0,0.0,74.66,-29.44,53.78,13.79,98.05,5.9,49,1,851112.0,7,5.6,Corrective
INC-01540,Bongor,Urbaine_Dense,12.9497,19.1528,Saison_Pluies,31.5,78.0,28.4,21,ONT,90,7,274,Corrosion,Faible,301,28.78,1,0,0.0,924.39,-25.32,148.04,8.4,70.03,7.7,2,1,1564440.0,3,2.3,Urgente
INC-01541,Kélo,Péri_Urbaine,13.4307,18.9757,Saison_Pluies,26.8,78.9,6.1,17,Antenne_AirPON,82,2,80,Corrosion,Faible,106,68.7,30,21,70.0,63.36,-26.31,109.54,17.77,72.59,8.6,11,1,1292576.0,6,21.0,Corrective
INC-01542,N'Djamena_Sud,Urbaine_Dense,14.7104,20.9539,Saison_Pluies,27.0,86.3,54.7,22,ONT,46,6,327,Perte_Signal,Moyenne,323,54.84,46,42,91.3,85.42,-20.05,142.21,41.94,73.14,1.2,40,1,2084198.0,7,7.0,Urgente
INC-01543,N'Djamena_Nord,Urbaine_Dense,15.0608,23.9986,Saison_Seche,42.4,15.9,41.0,1,Splitter,117,1,164,Corrosion,Faible,399,34.78,35,29,82.9,272.68,-30.93,76.15,26.73,91.36,5.2,69,1,681799.0,7,6.6,Urgente
INC-01544,N'Djamena_Nord,Péri_Urbaine,11.5629,20.3065,Saison_Pluies,30.8,78.2,42.8,13,ONT,3,10,146,Rupture_Cable,Moyenne,326,51.02,7,5,71.4,410.29,-24.01,90.09,19.09,84.64,1.3,5,0,501837.0,4,22.3,Urgente
INC-01545,Bongor,Urbaine_Dense,10.9691,16.8273,Saison_Seche,44.0,13.8,46.1,0,OLT,50,15,327,Rupture_Cable,Faible,160,1.94,45,37,82.2,55.13,-8.2,95.45,40.04,94.33,3.5,83,1,589424.0,5,13.7,Corrective
INC-01546,Kélo,Urbaine_Moyenne,11.5313,23.542,Saison_Seche,44.1,26.5,30.7,2,Cable_Fibre,59,0,38,Corrosion,Moyenne,344,21.07,7,3,42.9,91.89,-21.08,99.69,27.45,65.78,8.7,14,0,713163.0,6,1.9,Urgente
INC-01547,N'Djamena_Nord,Urbaine_Dense,13.3606,19.4987,Intersaison,36.9,68.5,42.8,7,Cable_Fibre,37,14,303,Obstruction_Physique,Moyenne,133,65.02,33,26,78.8,816.51,-5.24,58.83,12.34,84.9,2.1,83,1,1533373.0,2,2.2,Corrective
INC-01548,N'Djamena_Centre,Urbaine_Dense,7.6374,20.2802,Saison_Pluies,29.9,72.4,12.7,22,OLT,66,19,292,Rupture_Cable,Moyenne,435,35.74,20,13,65.0,268.52,-24.88,136.64,9.64,92.44,5.0,10,1,1423956.0,3,7.7,Préventive
INC-01549,Moundou,Urbaine_Dense,8.8932,17.2544,Saison_Pluies,32.8,84.0,28.1,14,Splitter,94,18,46,Panne_OLT,Moyenne,135,68.59,42,29,69.0,935.51,-19.24,108.39,49.28,92.28,8.7,9,0,342449.0,8,18.6,Corrective
INC-01550,Sarh,Urbaine_Dense,14.7613,18.2443,Intersaison,34.1,69.8,41.5,2,Antenne_AirPON,90,6,215,Defaut_Connecteur,Faible,246,19.08,14,10,71.4,516.22,-21.24,126.39,4.84,74.5,9.0,93,1,2430360.0,7,4.9,Préventive
INC-01551,Bongor,Urbaine_Dense,9.0635,17.8956,Saison_Pluies,25.8,73.4,48.3,18,Boitier_Etanche,99,1,263,Perte_Signal,Moyenne,413,60.08,19,18,94.7,905.39,-15.86,21.14,46.18,91.46,3.5,46,0,107222.0,7,16.5,Urgente
INC-01552,Moundou,Urbaine_Moyenne,9.3279,23.3303,Saison_Seche,41.1,30.1,58.1,2,Boitier_Etanche,7,4,133,Degradation_Lente,Critique,390,1.41,4,3,75.0,773.25,-0.82,25.65,34.44,94.53,8.0,67,1,1762453.0,4,1.8,Urgente
INC-01553,N'Djamena_Sud,Urbaine_Moyenne,15.0157,22.0007,Saison_Pluies,26.9,79.5,51.6,15,Splitter,44,14,324,Obstruction_Physique,Critique,113,0.28,12,11,91.7,180.15,-31.22,80.29,11.75,65.45,2.3,21,0,233015.0,8,10.4,Urgente
INC-01554,N'Djamena_Centre,Urbaine_Moyenne,9.8542,14.4524,Saison_Seche,37.8,18.0,2.5,2,Connecteur,105,3,277,Obstruction_Physique,Moyenne,18,9.85,15,13,86.7,787.1,-0.17,123.67,20.89,73.99,5.6,27,0,270076.0,3,2.6,Préventive
INC-01555,Sarh,Urbaine_Dense,9.8235,16.7956,Saison_Seche,46.6,34.0,10.6,0,Antenne_AirPON,23,11,305,Surtension,Élevée,62,18.83,37,20,54.1,449.4,-27.67,58.29,41.81,88.88,6.5,22,1,1955438.0,5,13.2,Corrective
INC-01556,N'Djamena_Nord,Urbaine_Moyenne,14.8897,14.0847,Intersaison,33.7,48.8,40.8,6,ONT,20,14,251,Obstruction_Physique,Moyenne,2,3.07,2,1,50.0,356.92,-28.85,24.51,20.11,77.18,5.6,32,1,1295304.0,5,15.8,Corrective
INC-01557,Bongor,Rurale,10.5007,18.926,Saison_Pluies,31.0,86.1,4.9,20,OLT,26,9,204,Defaut_Connecteur,Faible,457,15.22,0,0,100.0,403.87,-10.61,145.71,14.93,99.89,5.2,7,0,839897.0,2,7.7,Corrective
INC-01558,N'Djamena_Nord,Urbaine_Dense,11.4515,16.434,Intersaison,36.4,44.2,59.7,6,Cable_Fibre,62,14,153,Corrosion,Élevée,158,62.85,39,38,97.4,64.56,-7.45,158.33,8.83,71.55,6.8,79,0,1734688.0,2,22.5,Urgente
INC-01559,N'Djamena_Nord,Urbaine_Dense,11.9833,14.2707,Intersaison,39.1,54.9,28.3,6,Boitier_Etanche,54,17,127,Surtension,Moyenne,430,65.91,46,34,73.9,983.42,-20.72,129.41,3.76,77.03,1.2,89,0,2123475.0,9,12.6,Urgente
INC-01560,N'Djamena_Sud,Péri_Urbaine,14.4463,21.6061,Saison_Seche,45.8,23.6,41.2,0,Splitter,49,11,180,Degradation_Lente,Élevée,252,8.53,5,4,80.0,354.81,-9.13,67.41,47.05,63.97,2.1,75,0,1102620.0,2,23.3,Urgente
INC-01561,N'Djamena_Nord,Urbaine_Moyenne,8.1206,14.4568,Intersaison,31.9,66.9,2.9,3,OLT,97,12,35,Degradation_Lente,Moyenne,12,22.71,38,33,86.8,685.27,-20.08,117.88,33.29,90.88,3.1,35,1,797367.0,3,4.3,Corrective
INC-01562,Bongor,Péri_Urbaine,9.5868,16.3514,Saison_Pluies,29.3,73.9,25.8,19,Connecteur,3,12,68,Panne_OLT,Faible,94,43.9,49,48,98.0,954.52,-9.81,62.84,11.2,92.79,7.8,65,1,1816489.0,8,14.0,Corrective
INC-01563,Kélo,Urbaine_Moyenne,12.1961,21.6022,Saison_Seche,46.9,33.3,14.4,2,Connecteur,85,11,69,Panne_OLT,Élevée,170,47.59,26,14,53.8,433.18,-6.64,162.53,27.4,99.15,2.8,79,1,1607814.0,1,4.3,Corrective
INC-01564,N'Djamena_Sud,Urbaine_Dense,10.9769,18.8715,Saison_Pluies,34.9,76.5,6.3,20,ONT,6,18,325,Perte_Signal,Faible,200,2.0,0,0,100.0,601.41,-10.87,193.78,44.12,91.64,5.6,30,1,660092.0,6,5.2,Corrective
INC-01565,N'Djamena_Nord,Urbaine_Moyenne,9.7262,22.0797,Saison_Seche,37.1,11.9,40.4,2,Splitter,106,13,144,Obstruction_Physique,Moyenne,146,65.67,23,20,87.0,860.96,-22.23,28.21,26.32,71.64,1.9,28,1,1260151.0,6,10.1,Corrective
INC-01566,Doba,Urbaine_Moyenne,10.7771,17.8521,Saison_Seche,46.9,15.0,58.6,0,Connecteur,95,9,126,Surtension,Élevée,410,30.75,12,6,50.0,289.68,-32.4,152.06,14.48,89.55,5.1,77,1,159271.0,4,2.1,Urgente
INC-01567,Doba,Urbaine_Moyenne,15.2299,22.0561,Saison_Seche,38.9,22.4,18.3,1,ONT,8,12,53,Rupture_Cable,Élevée,417,31.77,29,27,93.1,166.58,-21.04,1.49,14.11,77.81,7.2,4,0,431125.0,5,1.1,Urgente
INC-01568,N'Djamena_Centre,Urbaine_Moyenne,7.6683,19.1507,Saison_Pluies,31.9,78.0,55.7,19,Antenne_AirPON,97,15,302,Obstruction_Physique,Faible,227,6.16,21,15,71.4,49.48,-24.18,87.82,1.63,99.22,3.8,68,0,607018.0,5,1.6,Préventive
INC-01569,N'Djamena_Centre,Rurale,8.6758,14.4235,Saison_Seche,43.6,26.1,0.2,1,Splitter,65,13,298,Panne_OLT,Faible,274,37.81,0,0,100.0,261.81,-6.3,149.87,1.1,91.5,1.9,22,1,632232.0,5,21.6,Préventive
INC-01570,Doba,Urbaine_Moyenne,7.6492,18.4507,Saison_Seche,40.4,31.1,39.8,0,Connecteur,42,5,17,Panne_OLT,Moyenne,273,42.3,28,26,92.9,298.44,-5.72,144.29,22.56,74.92,5.9,36,1,162661.0,7,23.1,Urgente
INC-01571,Doba,Péri_Urbaine,12.2472,19.3122,Saison_Pluies,27.0,87.7,31.8,13,Cable_Fibre,20,3,4,Surtension,Faible,320,32.91,25,21,84.0,668.21,-24.19,186.97,23.21,91.74,3.1,72,0,2409591.0,3,1.7,Urgente
INC-01572,N'Djamena_Sud,Péri_Urbaine,7.6035,19.9271,Saison_Pluies,25.1,87.2,22.1,19,Cable_Fibre,83,17,33,Rupture_Cable,Élevée,127,63.91,7,4,57.1,539.25,-17.48,181.04,35.87,74.89,4.1,37,1,1188636.0,4,2.1,Urgente
INC-01573,Doba,Urbaine_Dense,11.1321,23.2428,Saison_Seche,35.6,34.8,25.1,2,OLT,65,9,199,Degradation_Lente,Faible,92,7.83,36,31,86.1,263.2,-22.38,99.23,48.99,85.53,8.0,52,0,2493098.0,4,20.0,Préventive
INC-01574,N'Djamena_Centre,Urbaine_Moyenne,14.3736,15.4274,Intersaison,32.8,47.3,36.0,9,Antenne_AirPON,96,2,155,Defaut_Connecteur,Moyenne,498,13.3,22,14,63.6,849.2,-1.08,165.61,5.27,64.25,5.7,76,1,829730.0,5,1.8,Corrective
INC-01575,Sarh,Rurale,8.2776,19.8633,Saison_Pluies,33.6,90.1,33.5,19,Cable_Fibre,98,13,331,Surtension,Élevée,303,27.01,22,16,72.7,557.64,-13.82,199.03,0.1,77.81,2.1,35,1,1152398.0,1,8.6,Urgente
INC-01576,Sarh,Péri_Urbaine,10.4214,21.3962,Intersaison,30.6,58.5,30.5,9,Cable_Fibre,55,16,235,Defaut_Connecteur,Élevée,395,43.86,49,42,85.7,10.12,-4.71,116.77,3.16,63.0,1.7,62,1,1521306.0,3,15.4,Urgente
INC-01577,Doba,Urbaine_Dense,10.524,22.8445,Saison_Seche,45.8,28.8,59.0,1,Boitier_Etanche,113,1,233,Degradation_Lente,Moyenne,231,30.53,33,23,69.7,5.72,-16.14,131.6,18.86,80.63,3.7,69,1,413722.0,5,21.0,Préventive
INC-01578,Doba,Urbaine_Moyenne,10.398,19.0157,Intersaison,37.6,55.1,46.1,8,Splitter,20,16,50,Defaut_Connecteur,Critique,325,61.27,1,0,0.0,516.33,-26.88,17.05,40.08,83.02,9.2,49,1,2360934.0,3,19.1,Urgente
INC-01579,Moundou,Urbaine_Dense,13.3197,15.7465,Intersaison,35.0,56.4,10.7,2,ONT,63,0,249,Rupture_Cable,Élevée,490,15.31,36,20,55.6,733.9,-23.4,196.87,12.27,89.88,8.4,61,1,597738.0,8,2.9,Préventive
INC-01580,N'Djamena_Sud,Urbaine_Moyenne,7.5353,22.0857,Saison_Pluies,33.9,70.3,55.0,22,Cable_Fibre,119,15,208,Corrosion,Faible,402,17.27,17,12,70.6,44.95,-15.98,183.18,7.06,74.35,2.9,61,1,485604.0,1,20.1,Préventive
INC-01581,Abéché,Urbaine_Dense,13.7397,23.003,Intersaison,34.7,40.4,29.5,5,Splitter,56,0,338,Rupture_Cable,Critique,409,64.2,18,9,50.0,810.14,-19.72,94.53,0.41,91.26,1.7,28,1,379884.0,8,20.5,Urgente
INC-01582,Moundou,Urbaine_Dense,14.2123,14.6169,Saison_Pluies,26.4,78.3,0.8,21,Antenne_AirPON,51,9,211,Obstruction_Physique,Faible,37,33.71,45,44,97.8,85.62,-6.56,94.96,29.73,84.15,6.6,23,1,1660638.0,8,23.0,Corrective
INC-01583,N'Djamena_Sud,Urbaine_Moyenne,10.9517,15.912,Saison_Seche,43.1,33.8,47.2,0,Boitier_Etanche,115,4,270,Obstruction_Physique,Faible,280,46.95,12,7,58.3,782.63,-32.01,116.54,24.74,82.73,9.2,35,1,866419.0,7,0.9,Préventive
INC-01584,Bongor,Urbaine_Moyenne,14.5973,22.6504,Intersaison,37.2,64.7,21.2,9,Antenne_AirPON,102,15,332,Degradation_Lente,Élevée,208,27.05,28,16,57.1,5.41,-26.52,145.86,34.2,68.77,7.9,9,1,1339127.0,5,22.8,Urgente
INC-01585,Bongor,Urbaine_Moyenne,10.5483,18.5864,Saison_Pluies,27.9,76.4,59.9,19,Cable_Fibre,104,1,236,Defaut_Connecteur,Moyenne,267,27.02,1,0,0.0,371.61,-1.92,144.96,32.6,97.36,3.2,84,1,1141057.0,1,5.2,Urgente
INC-01586,Kélo,Péri_Urbaine,13.0578,15.2756,Saison_Seche,46.8,24.6,32.6,1,Antenne_AirPON,92,13,362,Defaut_Connecteur,Faible,211,10.43,7,3,42.9,408.69,-12.4,129.52,33.33,67.09,6.4,82,1,388610.0,3,19.3,Urgente
INC-01587,N'Djamena_Sud,Urbaine_Dense,10.6106,20.2756,Saison_Seche,35.2,18.6,16.2,1,Antenne_AirPON,49,11,221,Panne_OLT,Faible,62,63.89,19,17,89.5,825.22,-7.02,58.23,32.46,62.75,2.0,6,1,1901565.0,6,19.9,Corrective
INC-01588,N'Djamena_Nord,Urbaine_Dense,7.8027,18.312,Saison_Pluies,31.7,73.3,45.1,10,Connecteur,8,10,285,Obstruction_Physique,Faible,167,59.5,9,5,55.6,151.75,-0.2,109.17,9.68,92.79,5.2,37,0,645391.0,4,18.1,Corrective
INC-01589,Bongor,Rurale,8.1674,23.6636,Saison_Pluies,33.3,85.6,16.7,10,Boitier_Etanche,34,8,307,Obstruction_Physique,Critique,411,38.58,23,18,78.3,143.69,-9.49,111.2,21.01,74.23,6.9,48,1,250729.0,9,22.8,Urgente
INC-01590,Doba,Péri_Urbaine,11.0364,15.8385,Intersaison,39.9,52.1,1.5,7,Splitter,106,17,194,Perte_Signal,Moyenne,133,2.8,23,20,87.0,999.02,-34.35,97.63,9.95,92.96,6.4,4,1,961667.0,6,9.6,Préventive
INC-01591,N'Djamena_Sud,Péri_Urbaine,15.4208,17.3027,Saison_Pluies,28.7,89.4,5.8,10,ONT,19,15,102,Obstruction_Physique,Élevée,187,16.2,26,19,73.1,292.05,-25.43,14.66,44.44,97.27,7.3,48,1,2353870.0,5,16.9,Corrective
INC-01592,Sarh,Urbaine_Dense,8.9205,15.2446,Saison_Seche,42.1,26.6,39.4,1,OLT,9,10,22,Degradation_Lente,Faible,252,13.78,19,9,47.4,654.98,-10.66,177.14,29.21,76.05,5.5,49,0,902409.0,9,16.0,Urgente
INC-01593,N'Djamena_Sud,Urbaine_Dense,14.6647,14.0222,Saison_Pluies,30.9,70.1,12.8,10,ONT,77,7,51,Obstruction_Physique,Moyenne,367,38.66,18,11,61.1,364.54,-4.71,65.23,39.1,65.59,3.9,46,0,1658032.0,2,22.0,Urgente
INC-01594,N'Djamena_Centre,Urbaine_Moyenne,14.8552,16.376,Saison_Pluies,31.6,74.4,14.3,19,OLT,66,2,148,Degradation_Lente,Moyenne,435,11.36,18,14,77.8,132.11,-2.0,126.44,13.68,64.09,6.9,8,1,1952672.0,9,4.3,Corrective
INC-01595,Bongor,Rurale,10.7772,22.1082,Saison_Pluies,28.3,90.4,8.9,13,Cable_Fibre,34,18,363,Panne_OLT,Moyenne,150,31.15,18,12,66.7,78.33,-32.99,126.21,41.37,67.22,3.8,90,1,1837413.0,2,3.0,Corrective
INC-01596,Kélo,Urbaine_Dense,11.1946,16.3059,Saison_Pluies,34.8,70.8,15.4,14,Splitter,1,15,55,Surtension,Moyenne,222,14.02,2,1,50.0,141.84,-33.19,25.88,7.38,70.96,8.4,2,0,1458873.0,5,15.8,Urgente
INC-01597,Moundou,Rurale,11.5226,20.8116,Intersaison,39.3,46.2,45.6,2,Antenne_AirPON,95,7,300,Perte_Signal,Faible,129,20.61,0,0,100.0,722.04,-12.72,179.35,0.15,85.46,6.9,7,1,347412.0,5,18.5,Préventive
INC-01598,N'Djamena_Nord,Urbaine_Dense,13.6633,19.0232,Saison_Pluies,26.5,74.5,30.8,22,ONT,66,11,322,Perte_Signal,Élevée,480,21.7,31,22,71.0,885.39,-11.7,73.0,49.22,90.69,5.3,57,1,2393736.0,5,9.4,Urgente
INC-01599,N'Djamena_Nord,Urbaine_Dense,8.4898,18.957,Saison_Pluies,27.0,82.7,13.0,21,Connecteur,22,18,251,Obstruction_Physique,Moyenne,200,16.37,36,22,61.1,927.71,-19.46,14.64,1.98,78.14,7.5,19,1,1968500.0,1,10.7,Corrective
INC-01600,Kélo,Urbaine_Dense,10.1291,21.7062,Intersaison,31.8,40.9,14.9,3,ONT,72,13,339,Surtension,Moyenne,153,18.94,29,28,96.6,6.19,-1.78,182.17,14.53,94.52,6.7,73,1,2429714.0,6,22.7,Préventive
INC-01601,Bongor,Urbaine_Dense,8.8656,19.9866,Intersaison,37.6,54.1,22.7,3,OLT,101,2,165,Surtension,Critique,144,11.1,38,29,76.3,509.89,-3.98,44.01,11.83,92.23,1.3,15,0,1312405.0,3,16.7,Urgente
INC-01602,Kélo,Rurale,14.5273,15.1785,Saison_Seche,39.9,20.5,59.8,2,Cable_Fibre,100,11,211,Rupture_Cable,Élevée,80,55.67,36,21,58.3,502.13,-20.52,147.39,13.02,60.31,6.1,11,0,593366.0,3,2.6,Urgente
INC-01603,N'Djamena_Sud,Urbaine_Moyenne,8.0641,15.818,Saison_Pluies,30.3,87.2,10.4,12,Antenne_AirPON,107,17,157,Surtension,Moyenne,108,70.04,44,30,68.2,141.94,-15.47,191.3,11.14,82.85,2.4,1,0,2285273.0,1,13.7,Corrective
INC-01604,Abéché,Urbaine_Dense,13.4816,19.2097,Intersaison,29.6,55.3,48.2,7,Splitter,116,12,90,Surtension,Faible,285,56.3,23,12,52.2,589.98,-6.3,46.47,6.1,76.27,7.2,53,1,610505.0,9,3.7,Corrective
INC-01605,Doba,Urbaine_Dense,11.0179,22.3758,Intersaison,38.2,58.2,51.9,2,Cable_Fibre,47,17,173,Defaut_Connecteur,Élevée,484,26.39,22,19,86.4,517.09,-13.81,141.04,38.63,79.07,5.4,66,1,232132.0,1,16.6,Urgente
INC-01606,Kélo,Urbaine_Moyenne,13.2168,15.0994,Saison_Seche,46.0,33.4,57.3,1,Connecteur,3,5,234,Panne_OLT,Moyenne,47,54.46,9,7,77.8,934.32,-28.15,56.9,37.69,84.36,3.3,24,1,95261.0,5,17.2,Corrective
INC-01607,N'Djamena_Sud,Urbaine_Dense,14.6192,14.6224,Saison_Seche,40.2,20.4,36.3,1,OLT,35,5,179,Defaut_Connecteur,Moyenne,477,4.53,25,22,88.0,53.93,-25.03,163.94,35.99,83.35,9.3,8,1,74471.0,8,18.2,Corrective
INC-01608,Kélo,Urbaine_Dense,10.2173,18.9342,Saison_Seche,42.8,25.6,6.0,2,OLT,75,12,139,Rupture_Cable,Moyenne,493,25.46,15,12,80.0,597.85,-26.15,170.24,32.61,95.79,4.4,45,1,617646.0,2,21.9,Urgente
INC-01609,Bongor,Urbaine_Dense,9.316,15.4808,Saison_Pluies,25.8,77.2,1.4,21,Antenne_AirPON,36,6,339,Defaut_Connecteur,Élevée,371,28.57,0,0,100.0,6.98,-19.7,105.14,24.47,74.23,8.3,30,1,553294.0,3,4.7,Urgente
INC-01610,N'Djamena_Nord,Urbaine_Dense,12.7017,23.9395,Intersaison,37.5,53.4,26.6,2,OLT,117,3,364,Surtension,Moyenne,59,0.92,6,5,83.3,501.85,-10.02,107.48,29.22,84.06,8.6,99,1,2284048.0,5,14.6,Préventive
INC-01611,N'Djamena_Nord,Rurale,15.4802,13.5458,Saison_Pluies,32.9,79.5,21.0,15,Cable_Fibre,106,6,42,Rupture_Cable,Faible,463,68.41,12,10,83.3,854.64,-18.55,110.56,1.54,97.75,4.2,20,0,912531.0,4,20.4,Urgente
INC-01612,Sarh,Urbaine_Moyenne,13.3361,18.2131,Saison_Pluies,27.9,86.1,51.7,22,Connecteur,24,15,228,Panne_OLT,Faible,370,33.44,35,28,80.0,466.39,-1.76,165.54,23.89,74.36,1.5,70,0,139622.0,7,8.7,Urgente
INC-01613,Bongor,Péri_Urbaine,13.865,15.2067,Intersaison,38.8,53.9,35.8,9,ONT,10,11,190,Surtension,Faible,20,71.13,38,20,52.6,516.94,-3.59,25.27,42.62,79.93,3.3,42,1,1985002.0,6,20.4,Corrective
INC-01614,N'Djamena_Centre,Péri_Urbaine,12.5389,20.6513,Saison_Pluies,30.2,81.8,50.6,11,OLT,71,2,173,Degradation_Lente,Faible,121,20.1,20,10,50.0,241.66,-11.28,78.3,10.55,62.85,7.9,83,0,1805066.0,1,11.9,Corrective
INC-01615,Kélo,Rurale,10.4455,20.1164,Saison_Seche,40.1,21.8,34.2,0,Antenne_AirPON,21,1,214,Defaut_Connecteur,Élevée,273,70.48,19,16,84.2,310.92,-33.42,46.9,35.4,96.39,3.0,36,0,493352.0,5,18.0,Urgente
INC-01616,Kélo,Urbaine_Dense,12.7372,21.9742,Saison_Pluies,29.8,94.5,13.6,17,OLT,58,2,107,Obstruction_Physique,Critique,282,44.15,19,16,84.2,580.27,-24.04,155.67,4.75,92.17,7.2,29,1,1126774.0,1,4.1,Urgente
INC-01617,Moundou,Urbaine_Moyenne,8.5284,19.4157,Saison_Seche,42.1,34.9,12.0,2,Boitier_Etanche,45,4,85,Defaut_Connecteur,Moyenne,196,29.97,9,5,55.6,108.69,-6.18,121.84,3.87,62.24,3.5,46,1,899125.0,3,22.4,Corrective
INC-01618,Abéché,Urbaine_Dense,11.4105,15.4884,Saison_Pluies,32.3,74.4,23.7,20,Boitier_Etanche,68,10,303,Defaut_Connecteur,Faible,332,59.94,0,0,100.0,339.08,-29.05,97.9,36.95,88.47,6.0,33,1,1945871.0,6,22.0,Urgente
INC-01619,N'Djamena_Centre,Urbaine_Moyenne,12.0845,14.0598,Saison_Seche,39.5,25.2,1.8,2,OLT,87,17,64,Panne_OLT,Moyenne,409,39.0,44,25,56.8,85.79,-3.82,89.82,15.39,96.28,8.1,3,1,1482116.0,1,12.8,Corrective
INC-01620,Moundou,Urbaine_Dense,14.754,21.0825,Saison_Seche,40.9,32.9,29.8,1,OLT,80,6,181,Perte_Signal,Faible,444,59.53,43,31,72.1,883.47,-12.01,167.43,16.66,90.7,9.5,92,0,484395.0,2,19.0,Urgente
INC-01621,N'Djamena_Nord,Urbaine_Dense,14.8578,18.1192,Saison_Seche,43.1,23.5,16.4,1,Connecteur,11,1,256,Perte_Signal,Moyenne,83,36.42,26,25,96.2,557.16,-11.38,38.98,27.59,83.06,2.6,5,1,1975564.0,6,20.5,Préventive
INC-01622,Sarh,Péri_Urbaine,7.981,15.8332,Saison_Pluies,27.6,70.0,2.7,12,Boitier_Etanche,18,7,25,Obstruction_Physique,Faible,4,30.14,32,30,93.8,526.48,-29.9,81.33,38.84,96.64,5.0,39,0,1461399.0,5,19.1,Corrective
INC-01623,Doba,Urbaine_Dense,12.555,16.1441,Intersaison,32.2,38.3,28.5,8,Splitter,119,0,167,Surtension,Moyenne,268,43.79,13,7,53.8,736.39,-13.23,118.65,47.02,88.75,6.4,18,1,2082401.0,1,22.6,Urgente
INC-01624,Sarh,Rurale,13.8711,15.0648,Saison_Seche,36.4,30.3,38.5,1,OLT,16,19,8,Obstruction_Physique,Élevée,61,54.46,18,9,50.0,29.93,-5.18,36.61,12.81,64.12,1.5,9,1,2202807.0,6,12.7,Urgente
INC-01625,N'Djamena_Centre,Urbaine_Dense,11.7916,16.4776,Intersaison,33.8,57.9,6.0,3,Boitier_Etanche,79,15,54,Perte_Signal,Moyenne,313,3.39,26,14,53.8,726.93,-19.5,87.64,25.59,68.92,8.0,33,0,2108888.0,1,23.1,Urgente
INC-01626,N'Djamena_Sud,Urbaine_Moyenne,8.2654,21.8162,Saison_Seche,43.0,22.9,36.5,1,Splitter,56,14,125,Panne_OLT,Faible,423,29.02,40,25,62.5,920.41,-33.68,135.45,23.85,66.08,4.9,15,1,419325.0,1,18.0,Urgente
INC-01627,N'Djamena_Sud,Péri_Urbaine,9.3618,20.0169,Intersaison,29.7,66.5,56.6,2,Cable_Fibre,65,2,247,Degradation_Lente,Faible,420,12.15,23,17,73.9,880.6,-17.0,88.58,15.76,72.43,5.1,66,1,2252877.0,5,4.0,Préventive
INC-01628,Bongor,Urbaine_Dense,10.0092,23.8677,Intersaison,32.8,47.2,22.6,9,Cable_Fibre,64,17,11,Defaut_Connecteur,Élevée,47,68.39,10,9,90.0,166.55,-8.77,21.81,39.18,70.4,10.0,85,0,353986.0,8,8.6,Urgente
INC-01629,Kélo,Rurale,12.8024,19.005,Saison_Seche,45.9,27.1,58.9,0,Boitier_Etanche,14,1,84,Perte_Signal,Faible,168,69.99,30,15,50.0,319.33,-19.14,119.56,21.4,70.61,4.0,15,1,463281.0,2,2.8,Corrective
INC-01630,Moundou,Urbaine_Moyenne,8.0246,18.9756,Intersaison,31.6,45.4,46.9,3,ONT,52,4,7,Obstruction_Physique,Faible,172,65.51,11,8,72.7,123.75,-22.5,32.49,22.34,73.73,5.6,30,1,2099378.0,6,21.0,Corrective
INC-01631,Bongor,Rurale,11.897,15.5096,Saison_Pluies,34.1,92.1,0.6,23,OLT,88,14,203,Degradation_Lente,Moyenne,55,36.94,25,14,56.0,501.09,-6.51,62.62,1.42,60.9,9.9,80,1,2026964.0,5,20.9,Préventive
INC-01632,Bongor,Urbaine_Dense,8.3715,19.6578,Saison_Pluies,31.9,88.4,56.7,22,Cable_Fibre,39,6,87,Panne_OLT,Critique,89,54.43,20,16,80.0,236.95,-26.86,11.8,25.91,71.05,6.6,22,1,1021215.0,7,4.0,Urgente
INC-01633,Kélo,Péri_Urbaine,10.661,19.8879,Saison_Pluies,30.7,83.9,30.6,14,Connecteur,93,16,186,Surtension,Moyenne,270,66.39,33,28,84.8,163.92,-33.05,100.28,42.26,66.84,4.8,37,1,457495.0,1,17.6,Urgente
INC-01634,Bongor,Urbaine_Dense,10.9045,15.6686,Saison_Seche,37.4,27.8,36.0,1,Connecteur,14,5,44,Perte_Signal,Moyenne,200,62.75,37,22,59.5,256.91,-2.22,85.76,14.52,62.35,6.0,90,1,557933.0,4,17.6,Corrective
INC-01635,Bongor,Urbaine_Moyenne,11.1147,14.4236,Saison_Pluies,34.7,89.8,36.6,24,Splitter,4,9,285,Obstruction_Physique,Élevée,443,38.57,36,26,72.2,556.05,-17.05,154.3,47.35,77.12,1.2,68,1,2435737.0,8,23.0,Urgente
INC-01636,Kélo,Urbaine_Moyenne,13.187,17.3721,Saison_Seche,35.0,11.3,23.5,1,Connecteur,8,10,343,Degradation_Lente,Faible,278,10.72,2,1,50.0,429.85,-27.58,161.4,27.48,91.82,4.7,24,1,196939.0,5,20.8,Corrective
INC-01637,Sarh,Urbaine_Moyenne,8.1496,15.3071,Saison_Pluies,29.3,86.5,26.6,20,OLT,59,12,298,Perte_Signal,Faible,492,65.5,24,13,54.2,75.57,-1.31,177.84,22.81,79.82,2.1,74,1,935063.0,5,16.2,Corrective
INC-01638,Bongor,Urbaine_Dense,9.6459,18.7836,Saison_Pluies,27.9,92.0,31.1,15,Cable_Fibre,78,3,129,Obstruction_Physique,Moyenne,276,59.08,46,39,84.8,438.59,-1.53,26.63,25.33,88.15,5.3,72,1,1593702.0,8,18.2,Urgente
INC-01639,N'Djamena_Nord,Péri_Urbaine,12.629,19.0242,Saison_Pluies,25.2,80.6,57.9,16,Cable_Fibre,115,0,127,Defaut_Connecteur,Faible,434,28.89,5,4,80.0,304.64,-6.2,59.72,15.71,64.65,3.9,68,0,1940772.0,7,3.3,Urgente
INC-01640,Moundou,Péri_Urbaine,15.0485,19.8856,Saison_Pluies,28.5,84.2,13.1,23,Cable_Fibre,111,10,305,Perte_Signal,Faible,163,33.42,43,29,67.4,978.51,-12.77,126.6,34.76,77.72,7.1,51,1,1710380.0,6,11.5,Préventive
INC-01641,Abéché,Urbaine_Dense,12.4664,19.8297,Intersaison,31.7,41.0,54.9,4,Antenne_AirPON,83,10,188,Panne_OLT,Faible,417,71.22,44,23,52.3,703.95,-11.43,189.16,39.39,68.39,9.3,87,1,914016.0,3,15.3,Urgente
INC-01642,Kélo,Urbaine_Moyenne,14.5669,20.5862,Intersaison,31.8,64.8,58.6,3,Boitier_Etanche,81,3,47,Obstruction_Physique,Faible,449,43.3,22,15,68.2,367.99,-8.18,94.58,1.19,64.32,3.3,79,1,604804.0,2,3.1,Urgente
INC-01643,Doba,Urbaine_Moyenne,15.2472,15.9198,Saison_Seche,43.0,10.7,25.5,1,OLT,97,5,16,Panne_OLT,Élevée,209,12.2,38,26,68.4,120.17,-34.54,101.51,42.37,69.32,9.3,65,1,1914244.0,2,14.6,Urgente
INC-01644,Moundou,Urbaine_Moyenne,14.5712,21.1739,Saison_Seche,36.4,18.6,14.8,1,ONT,33,6,238,Panne_OLT,Moyenne,154,11.78,7,5,71.4,60.81,-20.09,83.07,1.39,91.54,1.5,65,1,1075604.0,1,11.5,Corrective
INC-01645,Bongor,Urbaine_Dense,15.2777,19.0106,Saison_Seche,39.8,11.7,27.7,0,Splitter,95,9,353,Corrosion,Moyenne,241,4.68,4,2,50.0,645.74,-20.42,59.4,36.89,82.99,3.1,83,1,311268.0,3,8.5,Préventive
INC-01646,N'Djamena_Nord,Péri_Urbaine,13.7163,18.0917,Intersaison,30.3,40.0,6.1,8,Connecteur,92,4,195,Degradation_Lente,Faible,256,42.32,35,34,97.1,72.64,-16.54,56.35,32.24,69.16,2.3,67,1,2439895.0,2,20.5,Urgente
INC-01647,N'Djamena_Nord,Péri_Urbaine,14.5973,20.3029,Intersaison,35.2,65.5,49.3,5,Splitter,48,2,161,Surtension,Faible,339,1.93,18,9,50.0,735.09,-24.52,60.37,33.06,69.02,7.5,33,0,1950688.0,1,9.4,Urgente
INC-01648,Sarh,Urbaine_Moyenne,11.4316,18.7632,Saison_Seche,43.6,21.1,18.9,1,Splitter,115,15,43,Perte_Signal,Faible,436,58.82,25,23,92.0,113.25,-27.99,80.75,29.28,69.68,5.3,71,1,1587617.0,4,20.3,Urgente
INC-01649,N'Djamena_Sud,Péri_Urbaine,10.2635,19.0195,Saison_Pluies,25.3,81.2,18.3,18,Cable_Fibre,26,8,3,Surtension,Moyenne,214,22.92,42,32,76.2,52.07,-32.19,94.47,48.66,91.65,2.0,65,1,845677.0,1,2.8,Corrective
INC-01650,N'Djamena_Centre,Rurale,15.4977,13.7441,Saison_Pluies,32.9,77.0,40.4,22,Boitier_Etanche,48,13,219,Corrosion,Moyenne,165,24.66,37,28,75.7,987.77,-28.18,13.9,1.43,85.28,9.0,14,0,2060465.0,5,10.1,Corrective
INC-01651,Bongor,Rurale,8.2821,21.9214,Saison_Pluies,33.8,86.2,33.7,19,Connecteur,117,0,3,Corrosion,Élevée,113,54.78,36,33,91.7,961.83,-10.89,151.0,37.25,70.33,2.8,71,1,615543.0,9,16.5,Urgente
INC-01652,Doba,Urbaine_Moyenne,15.1656,17.9538,Intersaison,37.2,37.0,35.1,9,Splitter,47,1,8,Corrosion,Faible,166,7.61,17,10,58.8,574.59,-17.73,21.07,19.34,75.2,2.8,87,1,138402.0,4,2.6,Corrective
INC-01653,N'Djamena_Nord,Urbaine_Moyenne,10.947,18.9398,Saison_Seche,44.3,26.6,29.1,1,Cable_Fibre,58,17,252,Degradation_Lente,Élevée,283,38.04,8,4,50.0,911.95,-2.44,120.42,28.38,73.96,9.3,63,0,973962.0,4,4.2,Urgente
INC-01654,Sarh,Urbaine_Moyenne,7.6791,17.5941,Intersaison,34.0,43.4,27.0,8,Antenne_AirPON,4,8,83,Surtension,Moyenne,372,26.63,31,16,51.6,972.43,-27.74,127.67,31.45,71.45,5.3,32,1,1744519.0,5,9.2,Urgente
INC-01655,Doba,Urbaine_Moyenne,13.9241,19.2911,Saison_Seche,35.3,28.2,18.9,2,OLT,45,5,188,Perte_Signal,Faible,238,7.26,22,21,95.5,443.4,-20.61,9.83,7.34,91.03,7.5,92,1,2362049.0,4,1.1,Corrective
INC-01656,N'Djamena_Sud,Urbaine_Moyenne,11.0537,14.0674,Saison_Seche,36.5,33.9,17.0,1,Cable_Fibre,108,5,20,Defaut_Connecteur,Moyenne,412,21.41,38,23,60.5,10.05,-25.43,70.71,5.95,77.4,6.1,0,1,670573.0,9,2.8,Corrective
INC-01657,Kélo,Péri_Urbaine,13.8895,17.531,Saison_Seche,40.9,14.2,59.6,1,Cable_Fibre,115,4,77,Perte_Signal,Élevée,416,45.28,15,8,53.3,620.7,-31.45,150.01,9.78,70.1,9.2,89,1,214639.0,1,14.6,Urgente
INC-01658,Bongor,Rurale,7.8585,20.5211,Intersaison,29.9,56.8,24.2,2,OLT,93,16,108,Surtension,Moyenne,240,47.75,1,0,0.0,398.54,-32.85,61.72,13.74,84.54,10.0,47,0,615902.0,1,2.6,Urgente
INC-01659,Moundou,Urbaine_Dense,15.2932,23.3537,Saison_Seche,39.1,14.3,30.4,2,Connecteur,86,16,62,Rupture_Cable,Élevée,68,9.09,6,5,83.3,673.88,-9.21,178.82,17.8,83.61,1.7,67,1,1865865.0,7,1.4,Corrective
INC-01660,N'Djamena_Sud,Urbaine_Dense,12.8683,22.4164,Saison_Seche,42.0,31.1,23.8,0,Connecteur,19,7,188,Defaut_Connecteur,Moyenne,33,67.58,5,4,80.0,178.15,-0.56,190.41,3.96,84.09,3.5,1,0,1305711.0,5,15.4,Corrective
INC-01661,Bongor,Urbaine_Dense,7.884,23.6096,Intersaison,35.5,52.0,43.6,6,Antenne_AirPON,20,13,109,Obstruction_Physique,Moyenne,391,13.2,25,20,80.0,986.73,-17.84,181.4,20.32,82.83,5.8,87,1,1764662.0,6,11.9,Corrective
INC-01662,N'Djamena_Centre,Péri_Urbaine,7.5372,21.7059,Saison_Pluies,29.1,85.7,10.4,17,Connecteur,96,6,327,Perte_Signal,Élevée,237,47.75,3,1,33.3,769.44,-34.55,120.44,46.07,96.97,7.6,4,0,2454790.0,1,5.7,Urgente
INC-01663,Abéché,Urbaine_Moyenne,12.252,20.1425,Intersaison,32.7,52.4,3.1,4,ONT,54,19,111,Corrosion,Moyenne,34,23.43,29,24,82.8,295.82,-4.21,31.98,37.11,76.94,5.5,69,1,1279575.0,2,16.0,Corrective
INC-01664,Doba,Urbaine_Moyenne,15.312,17.9444,Saison_Pluies,26.3,72.4,58.4,12,Antenne_AirPON,62,6,111,Panne_OLT,Moyenne,402,50.6,28,19,67.9,770.96,-30.53,99.07,36.56,95.81,1.9,56,0,245207.0,6,15.6,Urgente
INC-01665,N'Djamena_Sud,Urbaine_Moyenne,11.692,14.793,Saison_Seche,35.6,23.2,32.1,1,Splitter,51,19,90,Surtension,Moyenne,57,58.55,37,30,81.1,851.03,-30.36,198.28,18.17,93.73,8.4,94,1,2185612.0,2,14.5,Corrective
INC-01666,Kélo,Rurale,10.3312,16.1334,Saison_Seche,35.2,10.8,33.0,2,Cable_Fibre,10,8,245,Defaut_Connecteur,Faible,124,5.81,48,47,97.9,492.68,-32.34,14.78,29.97,97.78,2.3,26,0,310538.0,5,1.3,Corrective
INC-01667,Kélo,Urbaine_Moyenne,15.0114,16.3473,Saison_Seche,41.8,24.5,28.0,1,ONT,107,1,5,Perte_Signal,Critique,297,57.38,46,29,63.0,407.09,-32.59,74.5,13.67,86.78,5.3,48,1,1021779.0,3,11.0,Urgente
INC-01668,N'Djamena_Nord,Péri_Urbaine,15.3716,17.9928,Saison_Seche,35.8,19.7,3.0,2,Splitter,30,5,58,Degradation_Lente,Faible,183,8.71,38,29,76.3,236.38,-9.8,51.81,19.3,91.85,5.0,31,1,2462276.0,7,6.3,Corrective
INC-01669,Moundou,Urbaine_Dense,13.7759,19.9033,Saison_Seche,44.7,16.8,40.6,0,Cable_Fibre,38,2,307,Corrosion,Faible,202,37.36,47,34,72.3,835.24,-27.07,186.84,18.98,61.01,5.5,94,0,911884.0,7,6.4,Urgente
INC-01670,Doba,Péri_Urbaine,13.2433,19.9959,Intersaison,28.0,59.3,34.0,9,Boitier_Etanche,34,5,57,Degradation_Lente,Élevée,316,24.34,0,0,100.0,409.66,-24.84,90.43,38.8,93.7,2.2,16,1,1274169.0,5,12.5,Urgente
INC-01671,Abéché,Urbaine_Dense,7.5165,18.2832,Saison_Seche,40.2,31.2,8.6,0,Connecteur,74,17,179,Corrosion,Élevée,189,22.11,32,24,75.0,797.65,-19.61,2.5,26.09,73.59,2.5,35,1,2441988.0,7,10.6,Corrective
INC-01672,N'Djamena_Sud,Rurale,10.0095,16.3838,Saison_Seche,45.1,24.5,31.4,0,OLT,112,8,345,Defaut_Connecteur,Faible,157,10.96,25,19,76.0,873.9,-25.02,112.07,19.84,95.54,7.3,16,1,1328334.0,2,19.7,Préventive
INC-01673,Abéché,Péri_Urbaine,14.9014,14.0932,Intersaison,29.0,40.9,14.0,4,ONT,27,19,223,Corrosion,Moyenne,368,48.72,27,20,74.1,552.58,-25.73,68.58,8.44,75.83,3.4,61,0,2359614.0,5,22.4,Urgente
INC-01674,Kélo,Urbaine_Dense,10.4451,23.8828,Saison_Pluies,26.2,83.9,38.4,21,OLT,20,0,60,Perte_Signal,Élevée,64,21.79,28,15,53.6,174.9,-26.04,145.86,46.02,88.63,3.3,14,1,828636.0,1,2.5,Corrective
INC-01675,Doba,Urbaine_Dense,10.1766,23.3654,Saison_Pluies,30.2,80.4,40.1,16,Connecteur,16,12,84,Perte_Signal,Élevée,426,36.4,35,22,62.9,37.86,-15.69,28.76,17.8,98.85,4.7,96,0,275083.0,3,17.6,Urgente
INC-01676,Doba,Urbaine_Dense,11.7974,15.4207,Intersaison,32.4,36.7,17.8,9,Antenne_AirPON,31,15,282,Surtension,Faible,118,1.09,2,1,50.0,706.23,-22.96,148.3,16.73,89.26,3.5,85,1,875748.0,4,15.3,Corrective
INC-01677,Doba,Urbaine_Dense,11.0823,19.8567,Saison_Pluies,32.3,84.3,5.6,16,Splitter,59,18,2,Panne_OLT,Faible,302,43.51,38,24,63.2,859.75,-10.23,75.6,18.23,77.28,9.7,13,0,2226681.0,5,12.5,Urgente
INC-01678,Doba,Péri_Urbaine,14.3704,16.6044,Intersaison,38.7,54.0,47.9,3,OLT,38,17,347,Defaut_Connecteur,Moyenne,464,48.76,43,36,83.7,865.16,-21.37,198.61,12.84,84.05,7.2,89,0,862686.0,1,14.4,Urgente
INC-01679,Abéché,Rurale,8.1536,15.5415,Saison_Pluies,33.1,79.6,38.2,24,OLT,52,0,58,Defaut_Connecteur,Moyenne,246,4.49,44,43,97.7,357.21,-21.77,96.66,41.77,71.36,7.7,78,0,1988424.0,9,19.0,Urgente
INC-01680,N'Djamena_Centre,Péri_Urbaine,12.77,20.6863,Saison_Pluies,27.7,76.5,36.3,15,Boitier_Etanche,66,8,37,Defaut_Connecteur,Faible,265,38.34,12,7,58.3,211.71,-4.1,69.49,34.75,91.54,9.2,60,1,807258.0,2,3.7,Urgente
INC-01681,Moundou,Urbaine_Dense,13.0775,21.755,Saison_Pluies,33.0,76.5,35.9,14,Splitter,69,17,261,Surtension,Faible,75,51.43,43,28,65.1,57.59,-23.41,68.4,34.4,81.58,1.9,65,1,2484425.0,3,8.2,Préventive
INC-01682,N'Djamena_Sud,Urbaine_Moyenne,14.5409,17.7692,Saison_Pluies,31.3,76.4,43.2,17,ONT,33,19,318,Defaut_Connecteur,Critique,190,10.19,1,0,0.0,231.03,-5.32,11.82,25.41,67.37,4.8,27,0,582152.0,3,3.2,Urgente
INC-01683,Kélo,Péri_Urbaine,10.8263,14.1202,Saison_Seche,46.8,20.1,13.7,1,Antenne_AirPON,41,19,284,Surtension,Moyenne,317,3.15,8,5,62.5,258.03,-7.12,198.74,10.59,81.96,6.4,75,0,80806.0,1,14.7,Corrective
INC-01684,N'Djamena_Centre,Rurale,9.86,17.7157,Saison_Seche,41.5,15.1,24.4,0,ONT,81,15,182,Degradation_Lente,Faible,483,13.93,4,3,75.0,585.58,-10.08,142.63,22.19,81.07,7.9,59,1,2006261.0,4,9.1,Préventive
INC-01685,Sarh,Urbaine_Dense,12.5125,19.088,Saison_Seche,42.7,28.8,13.3,2,Cable_Fibre,103,4,174,Panne_OLT,Faible,221,25.32,1,0,0.0,238.2,-24.22,166.58,42.41,65.9,9.7,5,1,1220115.0,5,20.5,Urgente
INC-01686,Doba,Urbaine_Moyenne,13.2994,22.8788,Saison_Seche,45.9,17.6,4.3,0,Boitier_Etanche,42,15,278,Rupture_Cable,Moyenne,199,30.71,23,12,52.2,240.12,-16.61,108.72,36.47,66.16,7.2,41,0,1977114.0,2,4.7,Urgente
INC-01687,Moundou,Urbaine_Moyenne,8.8678,20.3964,Saison_Pluies,31.6,90.7,54.4,17,Cable_Fibre,69,10,269,Defaut_Connecteur,Moyenne,160,5.25,24,16,66.7,344.88,-33.2,187.47,26.58,81.86,9.3,3,1,1436027.0,1,22.8,Préventive
INC-01688,Kélo,Urbaine_Moyenne,8.7653,20.9602,Saison_Pluies,25.4,70.3,2.8,10,Connecteur,67,1,249,Degradation_Lente,Moyenne,441,70.51,4,2,50.0,659.09,-33.69,97.12,40.38,94.76,9.8,75,1,1100918.0,1,21.6,Urgente
INC-01689,Sarh,Urbaine_Moyenne,9.6088,15.6276,Saison_Pluies,33.3,72.1,2.8,14,Splitter,108,13,300,Defaut_Connecteur,Moyenne,312,49.64,31,22,71.0,398.76,-29.7,57.86,22.39,86.1,7.2,8,1,1333169.0,6,20.8,Préventive
INC-01690,N'Djamena_Centre,Urbaine_Moyenne,9.4833,21.0629,Intersaison,35.7,56.0,19.3,7,Splitter,94,19,322,Perte_Signal,Faible,56,9.63,29,20,69.0,732.1,-17.95,152.36,40.07,91.44,7.4,17,1,1702817.0,6,3.1,Préventive
INC-01691,N'Djamena_Sud,Urbaine_Dense,13.5052,18.7692,Saison_Pluies,31.1,75.4,19.1,19,Antenne_AirPON,3,6,194,Panne_OLT,Élevée,309,57.42,13,11,84.6,434.12,-6.11,142.73,27.6,83.85,9.8,3,1,1099166.0,6,17.2,Urgente
INC-01692,Sarh,Urbaine_Dense,11.7456,22.1143,Saison_Seche,45.2,19.2,2.4,0,Cable_Fibre,33,12,28,Perte_Signal,Élevée,268,23.03,16,12,75.0,794.81,-12.57,163.18,14.45,64.47,8.0,4,0,1823767.0,6,8.0,Urgente
INC-01693,Kélo,Urbaine_Moyenne,11.8823,15.7719,Saison_Seche,35.7,21.3,46.0,2,Boitier_Etanche,38,4,196,Surtension,Faible,289,27.01,9,5,55.6,460.52,-20.03,182.18,30.54,68.14,8.3,91,0,371981.0,7,7.1,Urgente
INC-01694,Kélo,Péri_Urbaine,7.6176,18.9061,Saison_Seche,44.7,16.2,7.0,1,ONT,85,12,297,Rupture_Cable,Faible,405,5.22,33,24,72.7,817.97,-19.24,39.8,35.21,92.85,1.8,62,1,1712282.0,8,20.6,Préventive
INC-01695,Bongor,Urbaine_Dense,15.4541,15.6995,Intersaison,34.5,37.6,5.3,4,Boitier_Etanche,42,9,104,Perte_Signal,Faible,298,30.45,18,17,94.4,841.03,-0.31,66.81,34.52,72.95,9.9,65,0,1592906.0,9,21.7,Urgente
INC-01696,N'Djamena_Nord,Péri_Urbaine,14.1383,16.5021,Saison_Pluies,31.0,90.3,5.2,14,ONT,17,5,268,Defaut_Connecteur,Faible,271,5.6,19,11,57.9,771.62,-21.41,76.75,36.36,91.19,5.7,87,0,2167517.0,9,10.8,Urgente
INC-01697,Moundou,Urbaine_Dense,11.0493,22.2381,Intersaison,30.6,50.9,38.7,4,Cable_Fibre,44,15,71,Surtension,Critique,73,48.98,11,8,72.7,535.37,-23.74,50.29,44.62,76.9,8.8,67,0,781225.0,5,5.0,Urgente
INC-01698,N'Djamena_Nord,Urbaine_Moyenne,8.0351,20.7218,Saison_Seche,45.3,10.9,10.2,0,Antenne_AirPON,38,14,31,Perte_Signal,Moyenne,345,24.72,36,21,58.3,642.0,-21.24,180.9,7.92,79.33,8.5,39,0,693198.0,2,7.4,Urgente
INC-01699,Doba,Rurale,13.0543,21.1491,Saison_Pluies,26.9,87.2,34.7,17,Splitter,81,14,300,Panne_OLT,Faible,39,21.33,41,29,70.7,22.11,-1.84,96.35,35.26,72.02,7.2,55,1,1712288.0,2,13.0,Préventive
INC-01700,Bongor,Péri_Urbaine,11.7804,14.2196,Saison_Pluies,30.1,88.3,12.1,16,OLT,100,3,36,Panne_OLT,Critique,24,46.68,25,24,96.0,282.27,-32.74,178.08,42.99,72.55,6.8,91,1,506728.0,9,23.1,Urgente
INC-01701,Doba,Péri_Urbaine,12.9203,21.1519,Intersaison,39.7,63.7,50.2,4,Antenne_AirPON,41,9,17,Rupture_Cable,Moyenne,356,49.54,10,7,70.0,400.99,-12.89,101.1,18.63,66.41,9.7,78,1,2344341.0,6,20.3,Urgente
INC-01702,N'Djamena_Sud,Urbaine_Moyenne,12.9206,18.6598,Saison_Pluies,28.7,77.7,11.2,20,OLT,40,8,187,Obstruction_Physique,Élevée,268,45.99,9,7,77.8,53.9,-4.38,95.4,20.08,84.11,1.1,53,0,1790752.0,9,17.6,Urgente
INC-01703,N'Djamena_Centre,Urbaine_Dense,8.7379,18.321,Saison_Pluies,29.1,75.7,25.8,17,Connecteur,6,11,310,Defaut_Connecteur,Critique,168,56.79,8,5,62.5,825.52,-16.79,67.73,9.27,83.4,5.8,67,0,1797521.0,6,4.3,Urgente
INC-01704,Sarh,Péri_Urbaine,10.1305,17.8326,Intersaison,33.7,42.7,33.1,9,ONT,37,10,178,Corrosion,Critique,436,45.96,26,24,92.3,274.66,-22.21,97.75,28.59,79.06,7.3,31,1,2294013.0,5,17.7,Urgente
INC-01705,N'Djamena_Sud,Urbaine_Moyenne,7.6421,22.4438,Intersaison,36.5,66.0,52.8,4,Splitter,59,7,118,Panne_OLT,Critique,433,68.05,9,5,55.6,177.22,-22.78,56.71,47.28,95.03,1.7,82,1,1404613.0,9,18.1,Urgente
INC-01706,N'Djamena_Nord,Péri_Urbaine,15.3581,15.3634,Saison_Seche,38.7,25.0,12.9,0,ONT,98,16,207,Panne_OLT,Élevée,250,40.77,31,20,64.5,922.39,-32.67,114.15,10.2,60.53,4.5,85,1,2375653.0,2,8.6,Urgente
INC-01707,Bongor,Urbaine_Moyenne,13.9517,22.0482,Saison_Pluies,30.0,73.5,37.2,22,OLT,49,14,68,Surtension,Élevée,306,63.71,4,3,75.0,6.74,-16.23,32.5,40.55,75.29,7.4,65,1,709776.0,8,16.6,Urgente
INC-01708,N'Djamena_Nord,Péri_Urbaine,14.9305,23.2474,Saison_Seche,46.6,33.8,1.9,0,Splitter,58,2,186,Corrosion,Faible,258,69.2,27,23,85.2,711.52,-6.28,162.95,10.8,83.76,1.2,71,1,914389.0,8,10.9,Corrective
INC-01709,N'Djamena_Centre,Péri_Urbaine,7.853,15.2665,Intersaison,32.0,41.3,46.5,9,Cable_Fibre,15,7,80,Degradation_Lente,Faible,92,11.79,27,24,88.9,41.44,-8.68,36.45,7.22,62.97,9.2,35,1,1971827.0,8,17.0,Corrective
INC-01710,Bongor,Péri_Urbaine,11.5028,23.9958,Intersaison,33.5,57.6,31.6,6,OLT,40,11,328,Panne_OLT,Moyenne,451,48.73,9,8,88.9,347.38,-22.6,99.48,29.62,60.87,5.2,57,1,1510610.0,4,12.0,Urgente
INC-01711,N'Djamena_Sud,Urbaine_Moyenne,13.4795,23.9006,Saison_Pluies,28.6,94.8,56.7,16,OLT,35,10,185,Surtension,Critique,494,47.24,9,7,77.8,278.92,-4.13,49.1,31.79,88.71,2.7,71,1,1417381.0,7,21.5,Urgente
INC-01712,Abéché,Urbaine_Moyenne,8.3296,20.0238,Intersaison,35.0,43.1,46.5,4,Antenne_AirPON,52,18,57,Rupture_Cable,Faible,101,62.6,35,30,85.7,417.95,-29.77,175.47,38.67,69.91,5.5,23,1,1253351.0,3,20.0,Corrective
INC-01713,Kélo,Rurale,13.7167,16.3196,Saison_Pluies,31.0,73.0,24.0,17,Splitter,72,11,190,Panne_OLT,Faible,104,24.26,45,28,62.2,323.42,-5.79,51.28,27.76,83.53,1.5,39,0,1554137.0,3,15.2,Préventive
INC-01714,Bongor,Urbaine_Dense,12.68,18.0111,Saison_Pluies,32.8,76.7,24.9,24,Boitier_Etanche,67,10,206,Obstruction_Physique,Moyenne,243,28.37,7,3,42.9,726.77,-4.5,173.56,20.36,85.2,3.7,96,1,1230996.0,1,18.3,Préventive
INC-01715,Doba,Urbaine_Dense,15.3796,15.289,Saison_Pluies,26.1,93.3,0.4,12,Boitier_Etanche,115,6,358,Defaut_Connecteur,Faible,341,3.4,14,13,92.9,635.65,-7.13,12.39,7.35,78.36,10.0,68,1,2126257.0,8,18.8,Préventive
INC-01716,Abéché,Urbaine_Dense,8.6269,14.7621,Saison_Seche,43.4,25.9,50.3,1,Antenne_AirPON,87,5,85,Defaut_Connecteur,Moyenne,205,55.17,6,5,83.3,504.43,-1.91,23.52,22.63,94.38,5.8,73,1,1232373.0,5,14.4,Corrective
INC-01717,Moundou,Urbaine_Dense,12.5342,20.8923,Intersaison,30.3,36.3,48.3,3,ONT,69,9,341,Obstruction_Physique,Élevée,320,19.17,48,41,85.4,356.65,-2.26,9.13,38.68,69.78,1.7,75,1,378683.0,2,14.8,Urgente
INC-01718,Moundou,Urbaine_Moyenne,15.0771,19.5884,Saison_Seche,46.6,29.9,34.1,1,OLT,43,5,43,Panne_OLT,Moyenne,35,66.89,10,5,50.0,73.2,-34.38,32.36,46.62,74.45,8.1,13,1,652773.0,5,14.4,Corrective
INC-01719,Moundou,Rurale,13.4494,19.4175,Intersaison,29.0,44.0,22.5,2,Boitier_Etanche,6,19,113,Surtension,Moyenne,407,47.74,31,20,64.5,637.58,-17.03,107.1,34.01,70.15,1.7,40,0,2267154.0,3,1.8,Urgente
INC-01720,N'Djamena_Sud,Urbaine_Dense,10.1892,16.1015,Saison_Seche,40.2,14.5,48.3,2,Connecteur,24,13,42,Perte_Signal,Moyenne,200,23.95,28,20,71.4,262.59,-30.02,118.53,40.56,66.02,5.0,24,1,1722483.0,3,19.4,Corrective
INC-01721,Kélo,Péri_Urbaine,8.454,15.9665,Saison_Pluies,28.0,81.4,36.6,17,Boitier_Etanche,44,13,37,Perte_Signal,Faible,18,58.92,42,24,57.1,243.95,-2.23,25.26,34.5,97.47,9.2,52,1,464432.0,5,22.7,Corrective
INC-01722,N'Djamena_Centre,Urbaine_Moyenne,15.2101,23.8922,Saison_Seche,39.3,13.7,11.4,2,OLT,86,14,23,Degradation_Lente,Faible,370,58.85,6,4,66.7,750.88,-17.41,37.9,11.8,65.88,1.3,47,0,1225784.0,4,14.7,Urgente
INC-01723,Sarh,Urbaine_Moyenne,8.0752,20.1021,Saison_Seche,43.0,26.9,14.5,0,ONT,11,17,204,Perte_Signal,Faible,263,11.63,12,6,50.0,301.83,-17.74,123.33,42.24,92.61,9.5,98,0,1585161.0,7,20.6,Urgente
INC-01724,Moundou,Péri_Urbaine,15.3013,22.1043,Intersaison,39.8,41.0,36.3,4,Cable_Fibre,64,1,285,Panne_OLT,Élevée,1,39.01,38,21,55.3,741.28,-12.7,39.08,37.89,89.66,4.2,24,1,1335818.0,4,0.7,Préventive
INC-01725,N'Djamena_Sud,Péri_Urbaine,9.9281,17.4744,Saison_Pluies,25.4,85.9,40.7,17,OLT,33,6,124,Degradation_Lente,Élevée,29,0.73,46,30,65.2,750.02,-29.02,152.12,10.67,87.27,1.4,43,1,2472550.0,3,13.0,Corrective
INC-01726,Bongor,Urbaine_Dense,14.3825,22.3587,Saison_Pluies,27.7,87.5,6.8,16,Splitter,105,2,364,Defaut_Connecteur,Moyenne,285,24.77,45,36,80.0,155.49,-13.68,183.43,25.28,60.48,5.8,85,0,1296889.0,1,8.1,Urgente
INC-01727,N'Djamena_Centre,Urbaine_Dense,11.9345,21.085,Saison_Pluies,32.5,72.8,50.4,15,ONT,24,9,309,Obstruction_Physique,Faible,299,50.0,34,29,85.3,292.85,-22.0,106.61,46.71,61.54,7.8,45,0,2323278.0,8,1.0,Urgente
INC-01728,Moundou,Rurale,14.8007,17.1763,Saison_Seche,36.3,30.3,30.2,2,OLT,88,2,185,Panne_OLT,Faible,448,23.77,47,31,66.0,570.96,-16.04,170.03,34.01,86.8,3.5,60,0,2112068.0,3,12.9,Urgente
INC-01729,Abéché,Urbaine_Dense,10.913,21.0358,Saison_Pluies,31.3,90.5,12.0,11,Cable_Fibre,90,10,179,Obstruction_Physique,Critique,90,9.65,25,21,84.0,982.55,-3.07,17.76,45.03,91.54,4.6,67,1,1504919.0,5,8.6,Corrective
INC-01730,Moundou,Urbaine_Dense,14.2984,23.219,Saison_Pluies,30.2,77.9,33.9,13,Antenne_AirPON,55,10,360,Degradation_Lente,Faible,488,41.57,24,14,58.3,344.78,-0.56,181.21,13.0,94.98,9.5,18,1,984950.0,3,18.6,Corrective
INC-01731,Moundou,Urbaine_Moyenne,9.4071,15.7442,Intersaison,32.1,49.4,52.6,7,Splitter,90,12,37,Defaut_Connecteur,Faible,165,69.23,49,44,89.8,860.04,-30.24,13.3,41.35,83.17,7.4,19,0,2493514.0,5,23.2,Corrective
INC-01732,N'Djamena_Sud,Péri_Urbaine,11.2339,19.2501,Intersaison,35.8,36.7,3.3,9,Connecteur,65,13,78,Perte_Signal,Faible,370,29.73,12,11,91.7,864.14,-20.09,3.3,8.97,72.69,9.0,26,1,256741.0,9,11.2,Urgente
INC-01733,Bongor,Urbaine_Moyenne,14.2704,23.6498,Saison_Seche,44.7,31.6,13.3,2,Antenne_AirPON,39,19,276,Degradation_Lente,Élevée,119,66.1,40,21,52.5,315.49,-28.05,180.96,38.75,80.9,9.7,22,1,2111509.0,1,22.2,Corrective
INC-01734,Bongor,Urbaine_Moyenne,8.4469,22.1247,Saison_Pluies,25.6,84.6,33.8,20,Antenne_AirPON,99,18,318,Panne_OLT,Élevée,256,65.2,12,10,83.3,963.52,-8.4,34.56,33.03,91.34,1.1,38,0,1575633.0,9,2.1,Urgente
INC-01735,N'Djamena_Centre,Péri_Urbaine,13.3291,20.0131,Saison_Pluies,33.0,76.8,0.1,11,OLT,76,5,288,Corrosion,Critique,286,48.13,40,21,52.5,56.9,-28.86,160.41,40.48,82.3,5.6,46,1,1462887.0,4,20.8,Urgente
INC-01736,N'Djamena_Centre,Péri_Urbaine,10.995,14.2325,Saison_Seche,42.1,34.5,10.8,2,Boitier_Etanche,52,13,152,Obstruction_Physique,Élevée,291,5.07,8,4,50.0,260.78,-24.13,93.45,37.79,77.09,1.5,76,1,2486228.0,4,4.5,Urgente
INC-01737,Doba,Urbaine_Dense,11.6057,17.7664,Intersaison,32.6,68.6,14.2,2,Boitier_Etanche,6,16,316,Perte_Signal,Faible,136,47.08,38,33,86.8,521.44,-13.61,77.85,23.39,66.05,7.2,43,0,805416.0,2,10.2,Urgente
INC-01738,Bongor,Urbaine_Dense,12.1323,20.333,Saison_Seche,40.3,14.7,53.0,0,Antenne_AirPON,53,10,23,Rupture_Cable,Élevée,258,42.56,29,16,55.2,90.08,-22.83,192.65,45.3,98.52,1.5,46,1,98676.0,8,12.2,Urgente
INC-01739,N'Djamena_Nord,Urbaine_Dense,9.7053,17.8014,Saison_Seche,44.8,24.1,31.5,2,OLT,35,13,69,Corrosion,Critique,112,41.86,48,34,70.8,804.58,-19.21,149.6,19.54,61.08,2.1,78,1,1879033.0,3,23.6,Urgente
INC-01740,N'Djamena_Nord,Urbaine_Dense,8.271,23.9694,Saison_Seche,45.1,27.6,37.9,0,Boitier_Etanche,102,0,305,Panne_OLT,Moyenne,438,24.37,22,13,59.1,183.96,-32.98,161.75,21.7,61.06,6.7,79,1,255558.0,2,21.9,Urgente
INC-01741,N'Djamena_Sud,Urbaine_Dense,7.6493,21.4106,Intersaison,28.4,62.7,0.2,6,ONT,86,15,143,Surtension,Faible,490,54.04,24,18,75.0,902.98,-18.58,56.07,38.04,71.53,1.5,38,1,770517.0,6,9.6,Urgente
INC-01742,Bongor,Péri_Urbaine,10.9474,15.4644,Saison_Pluies,29.8,75.4,23.2,14,Cable_Fibre,106,7,209,Obstruction_Physique,Faible,150,63.57,26,24,92.3,975.05,-17.13,15.73,40.41,85.05,8.7,61,1,2495330.0,1,12.8,Préventive
INC-01743,N'Djamena_Sud,Rurale,9.651,18.6491,Saison_Seche,39.0,10.6,26.8,2,ONT,10,8,281,Degradation_Lente,Élevée,310,48.58,5,4,80.0,734.74,-6.96,59.84,16.78,77.57,1.7,41,1,922539.0,1,20.0,Urgente
INC-01744,Kélo,Péri_Urbaine,12.5634,17.5317,Saison_Pluies,34.8,78.0,50.3,19,Connecteur,99,18,209,Rupture_Cable,Critique,263,10.65,7,4,57.1,628.7,-20.66,173.64,26.92,96.11,7.3,47,0,1200770.0,4,15.7,Urgente
INC-01745,N'Djamena_Sud,Urbaine_Dense,13.2275,19.7354,Saison_Seche,38.0,15.1,11.7,2,Connecteur,89,4,33,Perte_Signal,Critique,397,56.49,38,21,55.3,585.41,-25.38,165.81,9.74,73.15,9.5,89,1,784810.0,2,19.4,Urgente
INC-01746,Abéché,Urbaine_Moyenne,11.53,18.1889,Saison_Seche,45.3,32.5,3.9,2,OLT,2,5,13,Defaut_Connecteur,Moyenne,229,11.27,34,32,94.1,705.5,-2.02,164.5,3.41,68.15,8.6,57,0,2404080.0,2,17.7,Urgente
INC-01747,N'Djamena_Nord,Urbaine_Moyenne,12.4517,15.998,Intersaison,32.1,61.1,49.5,5,Antenne_AirPON,8,18,211,Rupture_Cable,Moyenne,121,57.59,32,21,65.6,881.32,-21.65,95.41,19.12,70.67,6.0,25,1,696798.0,3,5.2,Corrective
INC-01748,N'Djamena_Centre,Péri_Urbaine,11.986,21.1059,Intersaison,30.5,38.7,12.7,6,Connecteur,47,10,181,Obstruction_Physique,Élevée,236,43.76,43,42,97.7,712.66,-30.89,56.72,47.22,99.81,8.8,6,1,1609962.0,6,23.8,Urgente
INC-01749,Abéché,Rurale,7.5366,14.6199,Intersaison,33.5,40.6,41.4,3,Splitter,67,13,97,Degradation_Lente,Moyenne,396,24.68,22,14,63.6,797.08,-6.26,31.14,13.39,83.02,9.5,64,1,203932.0,1,13.7,Corrective
INC-01750,N'Djamena_Sud,Péri_Urbaine,14.2336,19.0874,Saison_Seche,41.4,33.9,5.5,2,OLT,112,7,142,Panne_OLT,Critique,139,40.79,34,23,67.6,280.2,-30.75,21.85,2.02,79.26,4.2,72,1,163513.0,2,13.9,Urgente
INC-01751,Kélo,Urbaine_Moyenne,7.9765,16.7567,Saison_Pluies,34.2,71.8,40.4,10,Splitter,116,14,117,Obstruction_Physique,Élevée,486,59.28,3,2,66.7,825.99,-18.23,81.98,32.27,68.92,9.0,71,1,90470.0,3,14.6,Urgente
INC-01752,Bongor,Urbaine_Moyenne,10.7827,23.6486,Saison_Seche,39.1,13.3,25.4,1,Connecteur,31,18,79,Panne_OLT,Faible,202,36.84,12,9,75.0,173.26,-4.5,137.22,18.96,67.19,5.6,86,0,2209353.0,8,1.7,Urgente
INC-01753,N'Djamena_Centre,Péri_Urbaine,8.3881,16.6874,Saison_Seche,43.5,13.1,55.7,1,ONT,96,8,236,Panne_OLT,Faible,139,34.31,16,11,68.8,27.97,-7.19,183.81,37.03,60.62,9.7,54,0,202176.0,4,23.1,Urgente
INC-01754,Moundou,Urbaine_Dense,12.7985,17.0799,Intersaison,33.2,39.8,12.0,8,OLT,69,12,121,Corrosion,Moyenne,77,15.28,39,34,87.2,502.03,-11.14,74.34,12.96,89.66,7.8,62,0,867349.0,5,16.0,Corrective
INC-01755,Sarh,Urbaine_Dense,10.1047,20.9244,Saison_Seche,40.1,20.3,4.0,2,ONT,61,9,321,Corrosion,Moyenne,203,26.34,11,9,81.8,424.5,-15.53,173.71,35.34,84.96,4.5,78,1,1230006.0,4,5.3,Urgente
INC-01756,Bongor,Urbaine_Dense,8.0692,14.849,Saison_Pluies,26.0,88.6,32.0,19,OLT,53,6,320,Panne_OLT,Faible,61,37.43,13,10,76.9,313.96,-5.97,169.09,43.07,80.75,7.2,17,1,1003669.0,4,18.4,Corrective
INC-01757,N'Djamena_Nord,Péri_Urbaine,7.8628,16.9086,Saison_Seche,37.7,12.8,55.1,1,ONT,1,10,53,Defaut_Connecteur,Moyenne,422,8.23,37,19,51.4,168.85,-33.19,146.14,24.87,77.91,4.6,53,0,738464.0,2,1.9,Corrective
INC-01758,Abéché,Urbaine_Dense,9.3971,20.8071,Saison_Pluies,31.1,74.6,12.2,19,Cable_Fibre,109,10,287,Defaut_Connecteur,Critique,264,51.3,31,24,77.4,417.45,-0.94,121.52,47.74,89.62,8.2,60,1,1961826.0,9,6.5,Urgente
INC-01759,Sarh,Urbaine_Dense,12.8381,13.8229,Saison_Seche,37.6,15.6,50.1,0,OLT,20,10,30,Perte_Signal,Moyenne,124,64.43,0,0,100.0,725.01,-34.76,11.25,40.16,88.02,9.9,55,0,2309502.0,5,7.3,Corrective
INC-01760,Sarh,Urbaine_Dense,13.2458,16.7655,Saison_Seche,39.2,13.8,20.4,2,OLT,66,11,249,Defaut_Connecteur,Élevée,278,56.91,46,44,95.7,838.47,-16.83,97.06,22.0,77.75,6.2,82,0,1840138.0,6,1.2,Urgente
INC-01761,N'Djamena_Sud,Urbaine_Moyenne,8.5274,13.5867,Saison_Pluies,26.0,84.3,5.9,22,Splitter,8,10,129,Surtension,Élevée,403,35.02,34,27,79.4,354.23,-27.3,162.6,16.72,74.32,1.0,25,1,163040.0,7,22.2,Urgente
INC-01762,Sarh,Urbaine_Moyenne,8.6129,15.0774,Saison_Pluies,34.5,91.8,35.4,19,Antenne_AirPON,62,4,237,Panne_OLT,Faible,175,0.59,32,30,93.8,37.73,-3.99,176.83,49.66,61.46,4.5,75,0,1586755.0,7,13.3,Préventive
INC-01763,N'Djamena_Nord,Péri_Urbaine,12.2458,19.8441,Saison_Pluies,25.7,73.3,31.3,24,Cable_Fibre,102,0,264,Corrosion,Faible,34,32.85,9,4,44.4,171.62,-3.14,87.31,46.6,65.23,5.2,35,1,1226836.0,8,8.1,Préventive
INC-01764,N'Djamena_Sud,Urbaine_Moyenne,15.1581,18.2955,Saison_Seche,41.9,12.8,50.3,2,Antenne_AirPON,88,2,296,Degradation_Lente,Critique,282,8.91,13,6,46.2,216.61,-26.07,114.78,36.57,88.15,8.9,6,0,2456389.0,7,11.6,Urgente
INC-01765,Abéché,Rurale,11.9233,15.1383,Saison_Seche,42.1,28.5,6.2,2,ONT,51,10,252,Rupture_Cable,Moyenne,481,53.43,9,6,66.7,871.84,-1.65,173.21,17.73,80.68,7.9,72,1,1582114.0,8,13.4,Corrective
INC-01766,N'Djamena_Centre,Urbaine_Dense,13.1939,14.3193,Intersaison,38.3,48.6,38.7,6,Cable_Fibre,104,17,174,Defaut_Connecteur,Critique,444,9.14,0,0,100.0,204.71,-10.36,94.2,4.7,69.44,2.0,30,0,406950.0,9,20.7,Urgente
INC-01767,Abéché,Urbaine_Moyenne,12.1033,14.0914,Saison_Seche,42.4,24.6,37.2,1,ONT,78,1,312,Rupture_Cable,Élevée,355,8.87,23,20,87.0,46.98,-3.5,120.81,6.63,76.89,3.3,21,0,319907.0,4,21.2,Urgente
INC-01768,Doba,Urbaine_Moyenne,8.3387,14.3963,Saison_Seche,39.5,18.8,59.7,1,OLT,40,19,5,Surtension,Faible,53,36.94,7,6,85.7,486.32,-11.87,169.88,37.97,93.36,3.5,62,0,374824.0,1,1.4,Corrective
INC-01769,N'Djamena_Nord,Urbaine_Dense,15.0717,14.5088,Saison_Pluies,25.7,71.1,19.7,22,Antenne_AirPON,62,8,37,Obstruction_Physique,Faible,385,17.35,42,24,57.1,76.92,-0.51,158.43,32.61,61.75,4.6,42,1,727882.0,1,11.9,Urgente
INC-01770,Kélo,Urbaine_Dense,8.0759,14.4063,Saison_Seche,42.1,30.2,2.7,0,Splitter,89,15,26,Rupture_Cable,Moyenne,45,17.39,37,35,94.6,97.43,-25.01,18.48,13.09,95.66,7.1,75,1,1955546.0,7,19.9,Corrective
INC-01771,N'Djamena_Nord,Urbaine_Dense,13.579,14.0783,Saison_Pluies,34.7,73.6,24.7,19,Antenne_AirPON,17,10,177,Defaut_Connecteur,Moyenne,234,69.09,17,13,76.5,369.83,-31.54,16.48,4.18,67.06,7.8,97,1,1634951.0,3,12.2,Urgente
INC-01772,Abéché,Péri_Urbaine,15.3348,20.8188,Intersaison,29.7,41.8,27.9,7,ONT,29,16,82,Degradation_Lente,Élevée,14,21.17,4,3,75.0,860.85,-9.91,83.72,49.37,97.82,4.9,39,0,1370051.0,4,18.5,Corrective
INC-01773,Kélo,Urbaine_Dense,10.052,23.3833,Saison_Seche,39.7,29.5,22.1,2,OLT,36,2,159,Obstruction_Physique,Moyenne,404,66.19,39,25,64.1,871.45,-15.45,170.68,34.5,88.92,9.6,1,0,1647535.0,8,0.6,Urgente
INC-01774,N'Djamena_Nord,Urbaine_Dense,8.873,22.4878,Saison_Pluies,29.4,79.5,37.8,11,Connecteur,9,0,137,Panne_OLT,Élevée,226,16.75,14,10,71.4,774.88,-6.1,184.58,0.43,66.37,6.3,52,0,1996030.0,8,15.9,Urgente
INC-01775,Sarh,Péri_Urbaine,12.0294,16.2915,Saison_Seche,43.7,34.7,16.0,0,Connecteur,1,0,41,Panne_OLT,Moyenne,235,64.69,4,3,75.0,125.5,-17.91,189.8,7.97,63.65,4.9,31,1,362827.0,8,3.2,Urgente
INC-01776,N'Djamena_Nord,Urbaine_Moyenne,13.8605,15.6449,Intersaison,29.2,62.8,11.0,5,Connecteur,46,9,168,Corrosion,Faible,184,14.65,21,18,85.7,414.86,-2.94,197.77,31.32,72.31,2.6,0,0,1840178.0,5,21.4,Corrective
INC-01777,Moundou,Urbaine_Dense,15.0958,14.0031,Saison_Seche,43.6,12.6,27.2,2,OLT,39,14,320,Obstruction_Physique,Moyenne,268,12.58,26,22,84.6,213.53,-17.31,101.59,6.53,86.72,9.0,88,0,1944238.0,7,22.6,Corrective
INC-01778,Sarh,Rurale,13.0494,15.1384,Saison_Seche,39.8,18.1,43.6,2,OLT,68,7,131,Obstruction_Physique,Moyenne,190,19.99,33,27,81.8,136.79,-5.59,183.67,18.5,62.06,8.4,67,0,2413132.0,6,20.7,Corrective
INC-01779,Kélo,Urbaine_Dense,10.187,19.4616,Saison_Seche,44.1,24.6,53.5,1,Antenne_AirPON,89,9,11,Perte_Signal,Critique,246,30.36,34,24,70.6,714.19,-6.35,145.69,33.32,97.16,1.8,37,1,2310156.0,9,15.0,Urgente
INC-01780,Moundou,Urbaine_Dense,11.4548,23.9803,Saison_Seche,37.5,24.4,39.8,1,ONT,92,18,66,Perte_Signal,Moyenne,97,15.02,24,16,66.7,216.24,-24.34,89.51,0.18,76.05,5.6,44,0,2269641.0,5,2.7,Corrective
INC-01781,Moundou,Urbaine_Dense,13.5896,22.5199,Saison_Pluies,28.2,80.1,22.6,15,Antenne_AirPON,49,16,265,Defaut_Connecteur,Faible,241,44.38,1,0,0.0,985.52,-13.59,185.82,0.13,71.42,7.1,3,0,1902727.0,2,21.8,Urgente
INC-01782,N'Djamena_Sud,Urbaine_Dense,13.8035,18.9067,Saison_Pluies,34.0,77.1,44.8,17,Splitter,72,0,13,Corrosion,Moyenne,280,33.71,22,20,90.9,794.46,-23.9,81.95,18.4,92.56,9.2,72,1,391306.0,3,17.0,Préventive
INC-01783,Sarh,Urbaine_Dense,8.0955,17.9463,Saison_Pluies,26.2,77.4,11.3,14,ONT,113,4,237,Defaut_Connecteur,Moyenne,233,38.8,20,17,85.0,797.09,-15.42,59.34,49.18,94.92,1.9,81,1,1816159.0,1,9.5,Urgente
INC-01784,N'Djamena_Nord,Urbaine_Moyenne,12.4099,15.0522,Intersaison,31.0,43.2,45.1,6,Cable_Fibre,6,0,128,Degradation_Lente,Moyenne,496,47.86,4,2,50.0,714.88,-10.83,137.64,9.93,88.28,9.8,40,1,1276063.0,1,13.2,Corrective
INC-01785,Moundou,Rurale,15.239,17.8952,Saison_Seche,45.7,32.4,28.9,0,OLT,114,11,212,Rupture_Cable,Moyenne,423,33.26,26,13,50.0,232.5,-7.68,25.74,22.24,80.44,7.9,47,1,827231.0,1,19.2,Préventive
INC-01786,Doba,Urbaine_Moyenne,13.7821,19.746,Saison_Pluies,25.7,83.2,16.2,16,OLT,91,1,122,Perte_Signal,Faible,149,6.8,17,10,58.8,201.1,-12.55,188.65,33.97,61.21,5.2,10,0,721761.0,6,8.2,Préventive
INC-01787,Moundou,Urbaine_Dense,7.5586,19.7525,Saison_Seche,42.6,31.7,41.5,1,Boitier_Etanche,41,3,278,Degradation_Lente,Faible,220,25.45,33,27,81.8,226.31,-1.24,153.99,19.12,93.87,4.8,60,1,1570253.0,5,21.6,Corrective
INC-01788,Abéché,Rurale,9.2995,19.3542,Saison_Pluies,32.9,80.6,25.0,12,Boitier_Etanche,46,12,318,Rupture_Cable,Faible,131,37.28,35,30,85.7,514.89,-22.55,113.21,29.92,66.56,3.1,69,0,976737.0,9,19.3,Urgente
INC-01789,N'Djamena_Nord,Urbaine_Dense,11.0601,22.1522,Intersaison,32.8,40.2,37.2,6,Splitter,45,8,110,Perte_Signal,Moyenne,143,12.88,45,43,95.6,134.49,-20.13,19.86,2.14,83.26,3.1,79,1,1178945.0,6,22.1,Corrective
INC-01790,N'Djamena_Centre,Urbaine_Moyenne,13.1502,18.8559,Intersaison,29.4,61.3,39.8,4,Antenne_AirPON,70,18,256,Perte_Signal,Élevée,373,35.48,37,32,86.5,715.66,-15.62,47.72,25.76,74.35,5.4,7,1,656533.0,3,4.1,Urgente
INC-01791,Moundou,Urbaine_Dense,11.942,18.4649,Saison_Pluies,31.4,87.2,23.6,10,ONT,114,8,21,Rupture_Cable,Moyenne,182,8.87,26,21,80.8,794.92,-13.64,101.26,14.54,81.04,6.6,18,0,994485.0,1,7.6,Corrective
INC-01792,Abéché,Urbaine_Moyenne,8.1186,16.7106,Intersaison,36.3,46.1,59.2,2,ONT,9,14,68,Surtension,Faible,91,25.37,27,25,92.6,786.71,-17.39,100.62,46.32,89.01,3.0,4,1,1198680.0,2,18.5,Corrective
INC-01793,Bongor,Urbaine_Moyenne,13.4061,15.3925,Saison_Pluies,25.8,70.7,27.4,13,Boitier_Etanche,102,14,45,Panne_OLT,Élevée,213,60.4,14,9,64.3,999.94,-24.82,94.99,26.41,92.8,4.8,89,1,1088040.0,5,3.7,Urgente
INC-01794,Sarh,Urbaine_Moyenne,14.2097,13.5147,Intersaison,34.3,45.1,59.0,5,OLT,60,2,64,Perte_Signal,Moyenne,381,3.38,24,22,91.7,887.64,-27.38,67.61,16.55,83.42,4.1,88,0,549766.0,5,21.6,Corrective
INC-01795,Kélo,Urbaine_Moyenne,9.1461,16.882,Intersaison,34.8,47.8,14.1,9,Connecteur,40,1,99,Perte_Signal,Élevée,76,2.63,18,15,83.3,852.19,-11.57,142.63,13.17,73.33,8.0,24,1,407069.0,6,9.2,Corrective
INC-01796,N'Djamena_Centre,Rurale,8.0394,20.1473,Saison_Seche,36.8,33.0,10.0,0,ONT,69,15,199,Corrosion,Élevée,229,28.74,16,11,68.8,24.61,-3.06,188.17,4.47,87.03,6.2,8,1,2422449.0,9,10.8,Urgente
INC-01797,Doba,Urbaine_Dense,13.8277,19.3684,Saison_Pluies,29.2,80.0,37.9,11,Cable_Fibre,27,9,326,Surtension,Moyenne,209,65.85,32,25,78.1,700.46,-4.58,109.2,29.6,68.59,1.8,98,0,386269.0,9,22.3,Urgente
INC-01798,Moundou,Péri_Urbaine,12.6236,19.0704,Saison_Seche,38.9,30.4,32.8,0,Connecteur,40,5,137,Degradation_Lente,Élevée,168,44.24,0,0,100.0,593.96,-14.07,165.71,9.11,95.64,6.2,64,0,383354.0,6,17.1,Urgente
INC-01799,Doba,Urbaine_Dense,13.928,21.61,Saison_Seche,45.4,26.5,32.4,0,Connecteur,105,7,118,Rupture_Cable,Moyenne,28,49.48,26,14,53.8,709.07,-26.97,123.83,45.15,61.27,9.9,46,0,2324488.0,8,13.5,Urgente
INC-01800,Bongor,Urbaine_Moyenne,12.0328,15.9449,Saison_Pluies,26.7,79.8,59.7,24,Boitier_Etanche,1,7,238,Surtension,Élevée,404,40.07,9,5,55.6,190.62,-1.93,7.16,47.08,92.0,2.5,65,1,982256.0,7,2.8,Urgente
INC-01801,N'Djamena_Nord,Urbaine_Dense,10.9283,20.6246,Saison_Seche,40.3,23.8,0.1,0,ONT,83,14,227,Defaut_Connecteur,Élevée,491,55.81,38,24,63.2,470.07,-20.0,28.87,23.21,64.36,4.4,43,1,134956.0,9,6.1,Urgente
INC-01802,Moundou,Rurale,15.2046,19.8752,Saison_Seche,46.8,23.4,27.2,0,Connecteur,63,13,340,Rupture_Cable,Faible,396,29.35,9,6,66.7,116.41,-31.9,175.88,18.56,96.73,3.0,41,0,1076702.0,1,11.7,Urgente
INC-01803,Abéché,Péri_Urbaine,13.7397,17.0594,Saison_Seche,37.6,30.6,18.4,0,Cable_Fibre,48,4,74,Obstruction_Physique,Faible,410,53.93,31,17,54.8,965.14,-11.52,95.71,21.11,75.43,1.5,24,0,1784146.0,6,13.9,Urgente
INC-01804,N'Djamena_Nord,Urbaine_Moyenne,10.7953,15.7947,Saison_Seche,41.8,16.6,25.7,2,ONT,36,15,11,Corrosion,Moyenne,255,67.26,20,11,55.0,44.17,-2.67,155.27,16.13,78.65,3.1,99,1,1529725.0,1,20.5,Corrective
INC-01805,Bongor,Rurale,14.7601,19.4082,Intersaison,38.8,38.5,56.3,8,Splitter,116,1,142,Corrosion,Moyenne,108,24.84,7,3,42.9,937.03,-29.39,167.18,46.05,77.57,7.1,99,1,1499173.0,8,17.8,Préventive
INC-01806,N'Djamena_Nord,Péri_Urbaine,15.448,23.4241,Intersaison,35.7,56.3,48.5,9,ONT,88,15,30,Panne_OLT,Moyenne,232,29.57,8,7,87.5,147.69,-15.54,109.15,47.31,82.83,3.5,11,1,2494701.0,7,19.7,Urgente
INC-01807,Kélo,Rurale,9.9659,14.3017,Intersaison,38.4,52.9,12.1,9,OLT,46,10,345,Defaut_Connecteur,Moyenne,254,12.6,49,34,69.4,108.79,-10.7,1.41,19.48,84.92,7.5,28,1,1083965.0,6,3.3,Corrective
INC-01808,Kélo,Péri_Urbaine,14.6398,23.5063,Intersaison,39.9,58.8,42.3,5,Splitter,1,9,317,Corrosion,Moyenne,452,8.48,35,20,57.1,822.6,-30.73,139.57,43.72,98.45,5.0,11,1,515739.0,3,20.4,Corrective
INC-01809,Sarh,Urbaine_Dense,7.8632,18.38,Saison_Pluies,34.2,75.3,34.8,24,ONT,67,14,360,Obstruction_Physique,Critique,392,53.98,17,16,94.1,649.97,-21.72,192.64,31.37,63.69,2.9,76,1,1023662.0,7,6.3,Urgente
INC-01810,Abéché,Urbaine_Moyenne,9.2148,20.9555,Saison_Pluies,29.3,81.2,24.5,12,Boitier_Etanche,88,14,12,Rupture_Cable,Moyenne,310,42.34,4,2,50.0,259.78,-12.47,107.92,41.86,89.4,8.1,74,0,1877820.0,5,18.8,Urgente
INC-01811,N'Djamena_Centre,Rurale,8.7873,21.9336,Saison_Seche,38.3,25.4,20.5,2,Antenne_AirPON,89,12,340,Surtension,Faible,125,51.54,45,24,53.3,151.36,-2.48,167.33,26.05,65.82,6.3,70,1,1408139.0,1,13.3,Préventive
INC-01812,N'Djamena_Nord,Urbaine_Dense,10.3527,15.0909,Saison_Seche,44.6,31.2,35.9,0,Connecteur,103,13,183,Perte_Signal,Moyenne,182,12.1,21,20,95.2,76.77,-25.32,67.19,5.85,80.73,5.1,38,1,1238908.0,2,18.0,Préventive
INC-01813,N'Djamena_Nord,Péri_Urbaine,12.001,13.9721,Saison_Pluies,32.3,86.0,28.1,10,OLT,78,10,350,Obstruction_Physique,Élevée,435,54.52,13,9,69.2,719.42,-33.37,27.76,21.67,78.47,4.6,85,0,1032908.0,5,19.9,Urgente
INC-01814,N'Djamena_Sud,Urbaine_Dense,13.2598,14.8492,Saison_Seche,43.8,16.5,33.0,1,OLT,97,14,94,Panne_OLT,Moyenne,207,22.61,31,22,71.0,169.01,-10.95,56.41,25.35,99.0,2.3,54,1,2432916.0,7,16.9,Corrective
INC-01815,N'Djamena_Centre,Urbaine_Moyenne,14.7224,17.08,Saison_Seche,41.9,11.1,46.4,1,Splitter,88,15,218,Perte_Signal,Faible,430,44.63,47,30,63.8,438.43,-20.61,87.98,35.34,63.12,1.4,72,1,1667012.0,9,23.9,Urgente
INC-01816,Bongor,Urbaine_Dense,8.7684,23.5438,Saison_Seche,44.5,29.6,58.0,1,Cable_Fibre,90,17,76,Corrosion,Moyenne,338,61.02,31,23,74.2,923.76,-2.98,165.16,39.19,70.58,8.6,38,0,1848452.0,3,22.5,Urgente
INC-01817,Moundou,Urbaine_Dense,12.1263,13.9491,Saison_Seche,44.9,26.3,24.7,0,Boitier_Etanche,75,6,251,Corrosion,Élevée,470,44.31,11,9,81.8,770.16,-27.01,125.46,5.74,60.54,4.1,95,0,1309293.0,5,8.2,Urgente
INC-01818,Doba,Péri_Urbaine,11.9375,23.1579,Saison_Seche,39.6,13.5,25.6,0,Antenne_AirPON,3,13,237,Panne_OLT,Faible,159,12.34,4,3,75.0,545.41,-32.38,39.1,32.58,95.5,5.4,77,0,1370810.0,9,15.0,Corrective
INC-01819,Kélo,Urbaine_Dense,11.1678,19.3936,Intersaison,31.0,63.4,50.4,6,Antenne_AirPON,20,19,298,Surtension,Élevée,450,36.0,27,23,85.2,690.14,-11.01,49.62,24.96,73.84,6.2,51,0,751217.0,9,20.9,Urgente
INC-01820,Abéché,Urbaine_Dense,13.0567,14.5746,Saison_Pluies,32.9,80.2,7.8,23,OLT,108,9,38,Panne_OLT,Faible,459,18.22,27,14,51.9,682.18,-1.99,157.51,27.52,60.4,2.9,28,1,570657.0,3,6.2,Urgente
INC-01821,N'Djamena_Centre,Urbaine_Moyenne,11.6069,15.1039,Saison_Seche,36.9,28.1,48.1,0,Boitier_Etanche,73,9,8,Perte_Signal,Critique,103,39.8,28,18,64.3,686.18,-15.42,133.25,8.93,88.91,3.7,98,1,1845085.0,5,13.8,Urgente
INC-01822,N'Djamena_Nord,Rurale,11.9015,20.738,Saison_Seche,37.6,11.3,23.5,1,Antenne_AirPON,56,18,78,Perte_Signal,Moyenne,391,5.69,49,47,95.9,781.33,-18.54,37.99,4.97,63.17,5.5,41,1,170137.0,7,15.5,Corrective
INC-01823,Sarh,Urbaine_Dense,14.7266,19.8888,Saison_Seche,43.8,15.3,24.9,0,ONT,110,6,125,Defaut_Connecteur,Moyenne,425,70.74,33,23,69.7,921.19,-26.7,125.59,15.42,82.2,3.1,11,1,2431651.0,9,1.3,Corrective
INC-01824,N'Djamena_Centre,Urbaine_Dense,14.3822,15.2583,Saison_Seche,39.5,18.1,17.8,1,Antenne_AirPON,105,5,85,Perte_Signal,Moyenne,144,44.66,16,15,93.8,916.59,-31.45,184.39,14.56,85.78,8.3,30,0,2193260.0,5,18.4,Corrective
INC-01825,N'Djamena_Centre,Urbaine_Dense,12.1187,22.9955,Saison_Seche,38.1,11.4,7.4,1,Connecteur,20,0,177,Degradation_Lente,Faible,74,27.48,13,11,84.6,158.04,-5.68,113.72,15.35,74.34,5.9,37,1,2000443.0,2,23.2,Corrective
INC-01826,Bongor,Urbaine_Dense,8.7497,14.8955,Saison_Pluies,29.7,75.3,44.7,17,Splitter,59,8,338,Corrosion,Moyenne,296,24.83,39,23,59.0,690.33,-23.53,18.17,49.82,81.35,4.3,34,0,1671898.0,4,5.2,Urgente
INC-01827,N'Djamena_Centre,Urbaine_Moyenne,15.1696,18.8715,Saison_Pluies,34.1,80.2,53.9,23,Cable_Fibre,8,10,256,Defaut_Connecteur,Moyenne,32,41.83,15,14,93.3,808.03,-30.38,147.27,26.92,95.5,4.3,60,1,1637513.0,5,1.8,Corrective
INC-01828,Moundou,Rurale,12.4816,19.0471,Saison_Seche,36.3,15.1,30.1,1,Connecteur,60,4,12,Surtension,Faible,35,48.39,20,16,80.0,237.59,-20.8,187.12,45.15,65.68,5.7,54,1,1867071.0,2,2.6,Corrective
INC-01829,Doba,Urbaine_Moyenne,13.9598,22.6403,Saison_Pluies,27.8,82.7,11.5,24,Boitier_Etanche,20,16,253,Obstruction_Physique,Faible,368,16.88,26,14,53.8,987.91,-7.48,111.96,33.34,90.6,5.5,14,1,2290011.0,5,14.6,Corrective
INC-01830,Bongor,Urbaine_Dense,7.9402,13.7326,Saison_Pluies,31.9,79.1,18.6,20,Boitier_Etanche,81,10,228,Rupture_Cable,Moyenne,90,39.67,13,8,61.5,7.8,-18.84,113.37,4.48,68.2,3.9,15,1,1307381.0,6,6.5,Préventive
INC-01831,Abéché,Péri_Urbaine,14.6746,14.9327,Intersaison,29.0,35.1,5.1,7,Cable_Fibre,100,17,213,Obstruction_Physique,Élevée,222,61.69,43,41,95.3,735.35,-22.81,181.76,20.66,86.59,3.9,18,1,442356.0,8,12.5,Urgente
INC-01832,Doba,Urbaine_Dense,13.048,15.2921,Saison_Pluies,27.1,91.9,49.8,12,Splitter,11,17,173,Corrosion,Moyenne,428,58.34,1,0,0.0,588.47,-25.43,57.06,28.6,93.18,4.2,57,0,238718.0,6,11.0,Urgente
INC-01833,Abéché,Urbaine_Dense,12.9834,14.1603,Saison_Pluies,32.4,74.9,31.2,21,Boitier_Etanche,97,4,318,Panne_OLT,Moyenne,392,13.28,6,3,50.0,72.68,-17.85,69.81,36.97,65.24,4.7,79,1,1330604.0,5,23.9,Urgente
INC-01834,Doba,Urbaine_Moyenne,8.3809,20.1306,Saison_Pluies,28.0,87.6,58.7,10,Splitter,110,7,337,Perte_Signal,Faible,274,27.59,18,15,83.3,378.53,-14.51,70.35,32.28,85.45,4.8,92,1,1636823.0,2,15.6,Urgente
INC-01835,Kélo,Urbaine_Dense,13.2029,15.9108,Saison_Seche,41.2,13.1,46.3,1,Cable_Fibre,13,6,1,Obstruction_Physique,Moyenne,88,56.94,21,14,66.7,329.5,-32.23,60.7,41.57,92.64,3.1,28,1,2189011.0,4,17.3,Corrective
INC-01836,Bongor,Urbaine_Moyenne,8.1131,19.555,Intersaison,36.7,35.1,43.6,9,OLT,70,14,320,Panne_OLT,Moyenne,338,22.26,17,9,52.9,16.85,-17.27,28.19,34.44,95.5,7.2,92,0,2264988.0,5,7.7,Urgente
INC-01837,Bongor,Urbaine_Dense,7.9466,21.7174,Saison_Pluies,31.6,80.7,26.3,13,Splitter,2,19,139,Corrosion,Faible,37,55.35,28,20,71.4,615.45,-31.86,123.73,1.03,69.3,9.1,29,0,1778200.0,4,23.4,Urgente
INC-01838,N'Djamena_Sud,Rurale,10.1028,17.7895,Saison_Pluies,32.9,81.9,20.9,23,Cable_Fibre,105,1,268,Panne_OLT,Critique,298,51.07,23,13,56.5,198.05,-22.92,93.34,3.91,68.87,5.3,84,1,2272372.0,5,19.3,Urgente
INC-01839,Sarh,Urbaine_Dense,7.6854,21.5729,Saison_Pluies,28.1,90.4,16.6,21,OLT,104,14,103,Defaut_Connecteur,Élevée,73,13.16,7,4,57.1,492.88,-17.64,70.85,33.87,75.83,7.9,55,1,2286293.0,9,2.5,Corrective
INC-01840,N'Djamena_Sud,Urbaine_Moyenne,8.777,21.6676,Saison_Seche,45.2,14.7,59.3,0,Antenne_AirPON,111,0,326,Defaut_Connecteur,Moyenne,165,50.17,34,24,70.6,938.46,-19.01,158.95,28.59,93.82,4.8,52,0,754796.0,2,24.0,Préventive
INC-01841,Abéché,Urbaine_Dense,13.309,16.2659,Intersaison,29.1,55.4,13.8,4,OLT,22,7,106,Degradation_Lente,Moyenne,72,60.28,34,24,70.6,302.0,-32.8,178.56,10.55,96.86,4.3,24,1,956436.0,9,8.2,Corrective
INC-01842,Moundou,Urbaine_Dense,14.1794,13.6653,Intersaison,30.0,51.0,8.8,5,Splitter,46,19,1,Obstruction_Physique,Élevée,71,65.32,42,33,78.6,125.89,-24.31,59.31,13.8,83.41,4.0,71,1,2084006.0,6,5.0,Corrective
INC-01843,Doba,Urbaine_Moyenne,8.9362,14.5845,Saison_Seche,38.7,21.3,28.3,0,ONT,25,10,265,Panne_OLT,Élevée,359,17.63,35,25,71.4,77.86,-22.24,44.1,18.43,95.3,7.7,13,1,2469338.0,5,6.5,Corrective
INC-01844,Moundou,Rurale,14.0864,22.147,Saison_Seche,37.2,13.7,31.1,1,Cable_Fibre,36,14,277,Degradation_Lente,Faible,59,71.78,37,20,54.1,210.62,-18.43,70.23,26.83,62.36,4.1,17,1,350689.0,6,15.3,Corrective
INC-01845,Abéché,Urbaine_Moyenne,11.3442,17.7557,Saison_Seche,44.3,16.0,10.6,0,Connecteur,46,17,279,Perte_Signal,Moyenne,384,35.3,9,7,77.8,859.67,-8.33,128.41,49.95,64.08,2.1,7,1,2119388.0,2,12.9,Urgente
INC-01846,N'Djamena_Centre,Péri_Urbaine,15.1632,22.3105,Saison_Seche,37.2,24.5,21.0,0,ONT,99,12,147,Perte_Signal,Faible,148,18.11,49,34,69.4,935.3,-33.45,26.57,47.88,67.35,5.9,31,0,650054.0,7,20.5,Corrective
INC-01847,Moundou,Urbaine_Dense,8.6145,19.2489,Saison_Seche,43.6,16.5,17.6,2,OLT,89,18,332,Corrosion,Élevée,445,51.97,48,39,81.2,183.54,-16.19,47.49,23.32,84.52,9.9,54,1,1503774.0,2,3.1,Urgente
INC-01848,Moundou,Urbaine_Dense,7.9285,15.5727,Intersaison,31.0,65.5,44.5,7,Antenne_AirPON,12,14,246,Defaut_Connecteur,Moyenne,487,51.33,41,21,51.2,889.65,-9.18,19.76,36.22,74.03,6.8,97,1,1238533.0,1,13.7,Urgente
INC-01849,Abéché,Urbaine_Dense,14.2606,20.9785,Saison_Pluies,32.7,88.0,29.3,10,Antenne_AirPON,85,12,82,Rupture_Cable,Faible,259,44.22,31,18,58.1,917.11,-23.31,172.61,8.98,68.27,8.1,14,0,1690472.0,9,21.1,Urgente
INC-01850,Doba,Urbaine_Moyenne,10.3959,19.361,Saison_Pluies,31.3,94.2,46.6,13,Connecteur,6,14,342,Surtension,Critique,498,10.43,35,22,62.9,640.29,-22.23,157.46,17.21,87.8,6.7,17,1,2234482.0,9,19.1,Urgente
INC-01851,Moundou,Rurale,11.1574,17.194,Intersaison,38.4,58.9,5.5,7,ONT,94,17,264,Defaut_Connecteur,Critique,428,2.3,29,27,93.1,433.95,-15.99,68.51,45.5,82.17,6.7,11,1,1038384.0,5,9.0,Urgente
INC-01852,Moundou,Urbaine_Moyenne,11.5944,14.421,Saison_Pluies,26.2,72.4,19.0,18,OLT,22,6,358,Rupture_Cable,Élevée,337,52.94,14,7,50.0,501.39,-0.63,168.25,6.68,99.84,7.5,13,1,1817498.0,5,17.0,Urgente
INC-01853,N'Djamena_Nord,Urbaine_Moyenne,14.1013,14.5741,Saison_Seche,36.0,13.2,17.9,2,Connecteur,81,19,330,Defaut_Connecteur,Faible,493,25.14,15,13,86.7,49.25,-33.01,9.11,42.65,97.33,3.3,57,0,1367084.0,5,9.6,Urgente
INC-01854,Doba,Rurale,8.108,15.4794,Saison_Seche,39.0,33.6,27.5,1,Antenne_AirPON,85,4,171,Corrosion,Élevée,489,7.03,37,21,56.8,429.54,-17.49,101.28,2.73,72.3,6.0,82,0,1352659.0,5,18.5,Urgente
INC-01855,Abéché,Urbaine_Moyenne,11.909,20.5658,Saison_Seche,39.2,29.2,24.2,1,Connecteur,11,6,339,Corrosion,Faible,333,67.04,22,15,68.2,733.05,-21.98,96.27,14.84,83.24,7.1,18,1,2226055.0,7,3.3,Corrective
INC-01856,Moundou,Urbaine_Moyenne,10.9445,21.1437,Saison_Seche,37.5,19.9,15.7,1,Boitier_Etanche,79,3,264,Corrosion,Faible,122,66.69,14,8,57.1,684.36,-10.33,49.59,13.41,75.02,9.3,37,1,1986122.0,3,7.1,Préventive
INC-01857,Sarh,Urbaine_Dense,10.2222,20.1246,Intersaison,37.9,61.8,49.1,3,OLT,14,3,323,Rupture_Cable,Faible,147,46.24,5,4,80.0,42.96,-33.06,95.88,29.76,86.11,1.5,63,0,962040.0,1,20.0,Corrective
INC-01858,N'Djamena_Sud,Urbaine_Dense,10.285,17.0413,Saison_Pluies,30.4,89.6,54.4,14,Splitter,25,3,339,Defaut_Connecteur,Élevée,303,17.48,6,3,50.0,396.19,-22.59,66.84,11.36,81.75,5.5,46,1,1196453.0,6,5.6,Corrective
INC-01859,Bongor,Péri_Urbaine,14.9427,18.1249,Saison_Seche,36.2,24.0,46.5,1,OLT,78,17,261,Surtension,Moyenne,291,70.89,14,9,64.3,946.63,-34.96,98.44,10.02,97.19,2.4,67,0,366140.0,5,4.6,Urgente
INC-01860,Doba,Péri_Urbaine,9.6449,20.9504,Saison_Pluies,29.2,76.4,42.0,24,Cable_Fibre,8,11,74,Obstruction_Physique,Élevée,1,17.36,23,22,95.7,915.18,-16.99,25.8,30.71,84.79,2.0,27,1,86886.0,8,9.5,Corrective
INC-01861,N'Djamena_Sud,Péri_Urbaine,11.137,20.4285,Saison_Seche,38.1,35.0,35.3,1,OLT,62,8,93,Corrosion,Élevée,431,0.77,2,1,50.0,308.28,-32.05,89.68,46.92,76.14,8.8,89,1,1060139.0,9,17.4,Urgente
INC-01862,Doba,Urbaine_Dense,11.4424,21.6166,Saison_Seche,42.7,11.4,20.1,0,Cable_Fibre,65,8,176,Perte_Signal,Élevée,206,64.77,47,40,85.1,545.49,-5.62,143.35,0.18,86.69,1.6,20,1,1327293.0,1,2.8,Urgente
INC-01863,Abéché,Urbaine_Dense,13.2589,16.0319,Saison_Seche,43.2,28.2,55.1,2,Connecteur,67,7,268,Corrosion,Critique,17,14.12,13,12,92.3,709.82,-4.74,182.65,47.15,87.96,4.7,35,0,1361417.0,8,8.7,Urgente
INC-01864,N'Djamena_Centre,Péri_Urbaine,11.6519,13.5471,Intersaison,39.6,48.7,38.9,5,OLT,48,1,201,Perte_Signal,Moyenne,344,45.34,20,12,60.0,33.16,-8.73,136.94,16.24,91.75,2.0,79,0,2477239.0,2,18.7,Urgente
INC-01865,Moundou,Rurale,12.4699,16.2976,Saison_Seche,45.3,29.8,53.4,1,ONT,82,17,248,Corrosion,Élevée,413,17.16,8,6,75.0,265.48,-31.95,172.27,9.98,74.05,2.5,1,1,845798.0,6,23.5,Urgente
INC-01866,Sarh,Péri_Urbaine,10.6906,17.1529,Intersaison,39.1,63.9,27.2,2,OLT,23,16,242,Corrosion,Faible,354,32.18,40,22,55.0,634.66,-25.66,16.72,21.44,76.87,7.1,16,1,1423970.0,8,4.8,Corrective
INC-01867,N'Djamena_Sud,Urbaine_Dense,13.2489,23.5854,Saison_Pluies,27.1,92.7,24.7,23,Splitter,118,12,326,Corrosion,Critique,380,29.02,47,38,80.9,772.98,-34.71,124.33,49.87,71.46,5.5,64,1,1315186.0,5,16.7,Urgente
INC-01868,Sarh,Urbaine_Dense,11.2268,15.7862,Saison_Pluies,26.0,77.0,4.6,11,Antenne_AirPON,66,19,85,Defaut_Connecteur,Critique,391,27.0,42,28,66.7,165.58,-8.84,17.3,28.47,72.22,4.8,26,1,1445974.0,5,13.7,Urgente
INC-01869,N'Djamena_Centre,Rurale,9.2817,22.1772,Intersaison,29.5,39.7,20.2,8,OLT,116,13,338,Degradation_Lente,Moyenne,93,22.88,11,7,63.6,371.16,-4.92,74.68,45.74,75.88,7.2,41,0,2083263.0,8,2.9,Préventive
INC-01870,N'Djamena_Sud,Urbaine_Dense,14.0354,20.0364,Saison_Seche,46.2,18.1,23.2,0,Antenne_AirPON,96,14,290,Obstruction_Physique,Moyenne,216,1.1,23,17,73.9,99.67,-15.57,176.98,34.64,69.17,2.7,6,0,409095.0,7,16.6,Urgente
INC-01871,N'Djamena_Centre,Urbaine_Dense,13.6236,15.2591,Intersaison,37.9,55.9,29.7,3,OLT,56,16,16,Degradation_Lente,Faible,326,15.45,43,39,90.7,154.65,-3.6,110.81,30.96,72.38,4.0,80,1,960063.0,6,15.7,Urgente
INC-01872,N'Djamena_Sud,Urbaine_Moyenne,12.5199,17.7368,Saison_Seche,41.4,25.3,28.5,1,Connecteur,112,2,175,Degradation_Lente,Moyenne,80,71.58,40,31,77.5,120.98,-33.23,109.61,7.68,89.46,9.8,65,0,1387686.0,4,1.7,Corrective
INC-01873,N'Djamena_Sud,Urbaine_Dense,11.6756,18.8567,Intersaison,30.8,56.4,55.1,8,Boitier_Etanche,70,9,267,Obstruction_Physique,Élevée,223,0.56,19,17,89.5,884.92,-15.87,54.56,21.53,66.12,1.7,64,1,180909.0,8,21.3,Urgente
INC-01874,Kélo,Urbaine_Dense,9.168,17.1136,Intersaison,37.7,60.4,30.4,2,Splitter,84,12,22,Defaut_Connecteur,Moyenne,152,5.18,34,33,97.1,542.58,-8.04,63.26,25.92,77.37,8.3,43,0,892128.0,2,10.3,Corrective
INC-01875,Kélo,Urbaine_Dense,14.4468,15.8746,Intersaison,30.4,65.0,50.7,6,OLT,70,9,2,Degradation_Lente,Moyenne,495,2.33,34,27,79.4,13.7,-5.65,178.61,40.74,76.21,8.9,17,1,969188.0,7,2.4,Corrective
INC-01876,Kélo,Rurale,8.2775,16.1549,Intersaison,28.9,65.4,7.7,3,ONT,5,15,129,Obstruction_Physique,Faible,347,37.01,33,28,84.8,302.04,-32.13,59.06,39.42,78.73,9.1,30,1,389133.0,7,14.4,Urgente
INC-01877,N'Djamena_Sud,Urbaine_Dense,10.5655,19.6447,Saison_Seche,44.6,14.2,34.3,0,Connecteur,81,11,293,Degradation_Lente,Élevée,371,2.65,27,19,70.4,3.64,-21.75,40.62,44.24,70.99,3.4,78,1,2375806.0,7,18.0,Urgente
INC-01878,N'Djamena_Nord,Rurale,14.3205,20.7251,Intersaison,28.8,45.9,32.3,4,Cable_Fibre,76,13,359,Corrosion,Faible,37,38.63,48,36,75.0,461.29,-32.75,55.48,41.48,71.85,9.0,98,0,838099.0,8,3.3,Urgente
INC-01879,N'Djamena_Sud,Urbaine_Dense,12.2645,18.4242,Saison_Seche,40.9,28.5,9.4,0,Splitter,96,2,31,Degradation_Lente,Élevée,7,23.5,4,3,75.0,502.51,-13.74,69.65,42.78,64.14,3.7,78,1,1601670.0,3,9.7,Corrective
INC-01880,Sarh,Péri_Urbaine,11.009,23.3882,Saison_Pluies,32.1,71.6,14.7,20,Splitter,93,15,133,Defaut_Connecteur,Moyenne,59,63.19,47,42,89.4,480.27,-23.49,142.25,0.19,68.63,3.6,53,1,2280399.0,2,6.6,Corrective
INC-01881,N'Djamena_Nord,Rurale,13.8309,21.1499,Intersaison,32.5,59.0,30.0,3,Boitier_Etanche,111,16,355,Surtension,Moyenne,277,25.85,46,34,73.9,618.04,-2.32,180.64,8.93,87.42,7.6,41,1,1202998.0,3,22.8,Préventive
INC-01882,Abéché,Urbaine_Moyenne,15.4161,22.8635,Saison_Seche,40.5,18.7,31.3,2,Boitier_Etanche,5,16,194,Rupture_Cable,Faible,165,59.03,17,9,52.9,704.43,-24.51,69.27,5.13,61.47,6.7,74,1,251864.0,7,15.2,Corrective
INC-01883,Abéché,Péri_Urbaine,9.0105,18.4945,Saison_Seche,35.5,29.8,54.0,1,Antenne_AirPON,8,0,188,Surtension,Élevée,325,50.73,8,4,50.0,644.9,-16.84,12.35,5.58,77.39,4.9,80,0,1179405.0,9,19.4,Urgente
INC-01884,Sarh,Urbaine_Dense,7.9059,13.6563,Intersaison,34.2,46.7,9.9,5,Connecteur,99,8,51,Degradation_Lente,Critique,203,69.81,5,3,60.0,966.81,-29.55,97.85,5.29,93.29,5.5,65,0,652784.0,8,8.3,Urgente
INC-01885,N'Djamena_Sud,Urbaine_Moyenne,11.2039,19.7167,Saison_Seche,35.8,27.4,18.3,1,Cable_Fibre,15,3,22,Degradation_Lente,Faible,92,31.86,6,4,66.7,972.08,-22.32,194.54,23.22,62.87,5.4,90,1,1771755.0,4,20.5,Corrective
INC-01886,Doba,Urbaine_Moyenne,9.7992,22.0917,Saison_Seche,40.4,26.0,14.4,1,Connecteur,78,5,312,Degradation_Lente,Faible,221,68.74,46,38,82.6,208.61,-2.06,6.13,21.31,62.18,4.4,9,0,971179.0,3,7.9,Urgente
INC-01887,Abéché,Rurale,12.834,19.1336,Saison_Pluies,25.7,75.7,47.0,19,Splitter,119,19,86,Corrosion,Faible,443,46.56,0,0,100.0,93.52,-6.81,99.54,20.45,62.05,5.4,98,1,2124816.0,1,6.7,Urgente
INC-01888,N'Djamena_Sud,Urbaine_Moyenne,11.4541,19.463,Intersaison,28.8,63.9,13.0,7,Connecteur,48,7,158,Obstruction_Physique,Faible,479,27.56,29,21,72.4,500.97,-30.59,170.14,10.57,84.44,3.8,7,0,1709871.0,9,5.5,Urgente
INC-01889,N'Djamena_Centre,Urbaine_Dense,11.492,23.7372,Intersaison,39.5,51.3,53.9,3,Boitier_Etanche,24,1,217,Corrosion,Moyenne,263,35.27,21,17,81.0,724.74,-8.43,178.44,21.58,94.66,3.0,70,0,2277828.0,5,7.0,Urgente
INC-01890,Abéché,Urbaine_Dense,10.3399,17.3445,Saison_Pluies,28.9,83.4,55.8,10,Connecteur,44,10,355,Rupture_Cable,Faible,252,52.58,32,21,65.6,976.19,-22.55,127.7,6.5,90.98,8.5,4,1,984409.0,5,13.4,Corrective
INC-01891,N'Djamena_Sud,Rurale,9.1854,21.9197,Saison_Pluies,26.9,93.3,6.7,23,Connecteur,102,1,103,Degradation_Lente,Faible,114,63.72,35,18,51.4,444.62,-24.81,4.21,39.14,94.79,9.3,72,0,1972552.0,8,2.6,Préventive
INC-01892,Moundou,Urbaine_Dense,9.2076,18.8033,Intersaison,29.6,50.8,13.0,5,Antenne_AirPON,52,13,216,Panne_OLT,Moyenne,125,29.22,48,35,72.9,145.12,-4.52,60.32,40.37,83.94,6.9,9,0,2045193.0,1,1.7,Corrective
INC-01893,Moundou,Urbaine_Moyenne,10.5958,18.369,Saison_Pluies,29.5,91.5,23.1,13,Splitter,90,3,341,Obstruction_Physique,Moyenne,496,67.89,4,2,50.0,515.35,-21.62,52.37,42.14,74.5,8.8,89,0,169094.0,2,7.6,Urgente
INC-01894,Bongor,Urbaine_Moyenne,12.9547,15.0286,Saison_Pluies,30.7,90.7,52.0,17,OLT,91,14,35,Obstruction_Physique,Faible,473,34.44,46,43,93.5,326.43,-2.09,130.8,49.7,87.47,3.7,24,1,490864.0,4,6.2,Urgente
INC-01895,Kélo,Urbaine_Dense,10.1972,21.3581,Saison_Seche,40.5,14.0,7.3,1,Cable_Fibre,65,17,289,Obstruction_Physique,Critique,176,55.47,26,22,84.6,339.58,-33.32,193.11,1.81,68.43,2.2,7,1,1852295.0,4,18.1,Urgente
INC-01896,Bongor,Urbaine_Dense,10.1081,22.1446,Intersaison,38.3,59.8,20.7,2,Boitier_Etanche,10,17,101,Rupture_Cable,Faible,181,65.35,49,43,87.8,473.73,-22.76,124.78,28.48,64.15,3.4,54,0,1497214.0,2,2.0,Urgente
INC-01897,Abéché,Péri_Urbaine,10.9,18.0242,Saison_Pluies,34.2,72.5,42.1,17,Splitter,81,17,59,Defaut_Connecteur,Faible,20,15.83,44,33,75.0,138.82,-9.1,35.29,12.13,98.95,3.1,29,0,409777.0,3,11.1,Corrective
INC-01898,N'Djamena_Centre,Péri_Urbaine,15.4269,21.5171,Saison_Pluies,33.3,73.8,43.4,20,OLT,111,14,26,Surtension,Moyenne,54,14.47,19,14,73.7,68.91,-30.27,95.48,20.12,71.46,3.3,50,1,1867936.0,7,23.4,Corrective
INC-01899,Doba,Urbaine_Moyenne,8.2299,19.6018,Saison_Seche,46.0,12.9,21.4,2,Cable_Fibre,111,3,258,Degradation_Lente,Faible,483,49.1,33,20,60.6,601.46,-32.35,17.9,41.67,84.08,2.2,29,0,2022958.0,9,7.7,Urgente
INC-01900,Moundou,Péri_Urbaine,9.8572,16.2043,Saison_Pluies,30.3,78.3,57.8,11,Boitier_Etanche,9,18,44,Perte_Signal,Élevée,12,45.51,35,29,82.9,283.76,-16.34,39.16,11.62,97.0,6.8,9,1,1309183.0,1,10.8,Corrective
INC-01901,Doba,Urbaine_Moyenne,9.836,23.199,Saison_Pluies,33.2,75.2,21.1,10,Connecteur,71,14,235,Panne_OLT,Faible,261,59.64,20,16,80.0,717.91,-13.03,76.74,44.18,94.59,8.8,43,1,2431925.0,9,15.3,Urgente
INC-01902,N'Djamena_Nord,Urbaine_Dense,15.296,20.8161,Saison_Seche,38.6,20.7,36.8,2,OLT,60,4,281,Perte_Signal,Élevée,149,38.98,14,10,71.4,674.33,-34.13,107.2,37.81,74.0,7.3,10,1,831369.0,7,11.1,Urgente
INC-01903,Abéché,Péri_Urbaine,10.7574,22.7225,Intersaison,39.9,40.2,36.9,7,ONT,92,7,274,Perte_Signal,Faible,335,52.32,17,14,82.4,781.51,-17.27,23.32,16.78,77.75,6.2,45,1,1911477.0,4,8.7,Préventive
INC-01904,Moundou,Rurale,12.0358,16.4554,Intersaison,34.6,56.6,48.0,7,Antenne_AirPON,97,4,184,Rupture_Cable,Faible,209,12.24,48,47,97.9,51.9,-10.76,36.07,15.48,86.36,2.5,44,0,2428422.0,8,19.2,Préventive
INC-01905,Moundou,Urbaine_Dense,9.085,23.1218,Saison_Seche,35.7,11.9,21.4,2,Cable_Fibre,88,10,80,Panne_OLT,Élevée,159,39.26,21,20,95.2,61.6,-13.33,104.36,14.21,81.23,5.0,38,1,223856.0,1,7.4,Corrective
INC-01906,N'Djamena_Sud,Rurale,7.6017,17.329,Saison_Seche,45.0,30.3,24.6,1,OLT,32,5,259,Degradation_Lente,Faible,125,0.74,38,37,97.4,15.89,-30.91,167.01,2.63,99.44,4.4,50,1,1698404.0,9,10.1,Corrective
INC-01907,Moundou,Rurale,10.2142,13.6001,Saison_Seche,43.4,34.4,25.1,1,Cable_Fibre,50,12,50,Perte_Signal,Critique,400,49.1,49,26,53.1,456.85,-4.58,156.89,2.19,68.2,2.8,65,0,481117.0,4,11.5,Urgente
INC-01908,N'Djamena_Centre,Urbaine_Dense,12.6123,14.2878,Saison_Pluies,29.3,93.7,3.5,24,Antenne_AirPON,91,14,147,Defaut_Connecteur,Moyenne,496,69.88,5,4,80.0,148.57,-31.72,77.63,9.61,96.42,3.1,62,0,469107.0,4,16.3,Urgente
INC-01909,N'Djamena_Centre,Rurale,13.0323,14.4381,Saison_Pluies,30.7,87.2,44.0,17,Connecteur,21,15,112,Obstruction_Physique,Moyenne,103,12.63,44,42,95.5,828.15,-20.46,19.44,36.9,91.04,5.1,22,0,766197.0,8,16.0,Corrective
INC-01910,Sarh,Péri_Urbaine,13.531,15.675,Saison_Pluies,29.1,89.1,46.1,12,ONT,22,11,359,Corrosion,Faible,485,9.84,15,13,86.7,586.27,-26.26,159.62,37.51,84.04,6.7,4,1,1996563.0,5,22.7,Corrective
INC-01911,N'Djamena_Centre,Urbaine_Moyenne,14.3853,15.4585,Saison_Seche,41.3,27.1,49.2,0,Boitier_Etanche,64,1,73,Panne_OLT,Élevée,397,34.1,45,29,64.4,245.56,-13.2,95.65,32.56,94.97,1.9,64,1,1732888.0,5,22.1,Urgente
INC-01912,N'Djamena_Nord,Urbaine_Dense,8.425,14.1079,Saison_Seche,45.6,24.3,42.9,0,OLT,106,16,181,Rupture_Cable,Moyenne,167,32.14,27,19,70.4,648.59,-22.27,58.1,29.92,62.18,4.3,31,1,1976589.0,3,10.9,Préventive
INC-01913,N'Djamena_Nord,Urbaine_Moyenne,8.1623,22.9016,Saison_Pluies,31.8,87.9,35.6,23,Splitter,23,11,122,Surtension,Faible,382,31.88,29,16,55.2,995.66,-16.84,104.97,3.91,61.01,5.7,46,1,44606.0,2,4.7,Urgente
INC-01914,Moundou,Péri_Urbaine,13.8015,22.1973,Intersaison,34.2,40.5,33.9,6,Antenne_AirPON,62,8,174,Degradation_Lente,Critique,114,20.91,37,29,78.4,314.15,-9.48,116.41,4.89,95.59,5.9,48,1,657312.0,1,5.6,Corrective
INC-01915,N'Djamena_Centre,Urbaine_Dense,10.986,21.5096,Intersaison,30.4,57.2,38.6,4,Antenne_AirPON,23,15,215,Perte_Signal,Critique,39,9.95,46,23,50.0,19.09,-19.17,61.01,30.71,73.09,3.6,93,0,1318124.0,7,14.7,Urgente
INC-01916,Kélo,Urbaine_Moyenne,15.0769,18.5309,Saison_Pluies,32.9,79.7,0.5,16,Antenne_AirPON,81,4,99,Rupture_Cable,Moyenne,372,66.45,9,7,77.8,264.33,-10.82,124.37,36.16,60.73,6.6,89,1,1387337.0,2,1.3,Urgente
INC-01917,Moundou,Péri_Urbaine,15.0479,17.9641,Saison_Seche,41.2,13.0,26.9,1,Cable_Fibre,5,8,263,Perte_Signal,Moyenne,106,25.1,9,5,55.6,26.76,-4.82,3.57,6.6,94.25,3.7,8,1,1525595.0,1,7.6,Corrective
INC-01918,Kélo,Urbaine_Dense,8.6332,17.9663,Saison_Seche,38.3,11.0,2.4,0,OLT,78,17,326,Obstruction_Physique,Faible,171,29.32,2,1,50.0,646.77,-28.12,61.62,12.15,99.56,1.2,54,1,1156406.0,3,13.1,Préventive
INC-01919,Sarh,Rurale,13.0298,16.2486,Saison_Pluies,25.0,78.5,29.3,13,Connecteur,77,4,42,Degradation_Lente,Faible,122,30.34,40,26,65.0,793.31,-18.83,190.07,25.34,63.65,7.8,11,0,1121153.0,3,6.6,Urgente
INC-01920,N'Djamena_Centre,Rurale,8.0369,19.8867,Saison_Seche,42.7,11.2,8.9,2,Boitier_Etanche,72,11,29,Defaut_Connecteur,Élevée,311,9.2,46,45,97.8,871.86,-12.65,162.84,9.32,88.84,4.8,62,1,2315587.0,8,2.4,Corrective
INC-01921,Moundou,Urbaine_Moyenne,10.7273,14.1203,Saison_Seche,36.7,23.7,0.6,2,Cable_Fibre,95,11,69,Surtension,Faible,272,14.25,17,11,64.7,834.57,-13.77,3.34,5.88,65.45,9.8,6,0,1700483.0,2,1.5,Urgente
INC-01922,Sarh,Urbaine_Dense,14.2337,20.4172,Intersaison,38.1,51.6,43.8,3,OLT,69,8,333,Perte_Signal,Faible,16,0.92,21,19,90.5,923.33,-20.63,115.9,43.62,65.9,2.2,28,1,1473560.0,9,2.0,Préventive
INC-01923,Moundou,Rurale,11.1877,18.8955,Saison_Seche,43.7,34.9,42.3,0,Connecteur,31,13,251,Degradation_Lente,Moyenne,15,35.81,28,16,57.1,740.3,-25.92,160.02,11.24,77.6,4.7,42,0,189081.0,7,7.3,Corrective
INC-01924,Kélo,Péri_Urbaine,7.7689,22.0735,Intersaison,34.9,39.6,23.2,7,Cable_Fibre,12,11,207,Obstruction_Physique,Moyenne,208,39.91,7,5,71.4,1.79,-34.42,57.02,2.68,66.74,6.2,7,1,1915221.0,6,4.3,Urgente
INC-01925,N'Djamena_Centre,Urbaine_Dense,9.4226,23.7138,Saison_Seche,35.8,32.5,3.9,1,Connecteur,12,13,363,Defaut_Connecteur,Élevée,213,15.37,7,5,71.4,687.15,-1.7,114.37,45.29,77.07,5.7,67,1,1973992.0,2,7.1,Urgente
INC-01926,Bongor,Urbaine_Moyenne,8.191,22.7044,Saison_Seche,41.0,22.2,58.5,2,OLT,45,19,333,Panne_OLT,Moyenne,27,30.46,2,1,50.0,635.43,-32.33,154.15,2.88,70.42,3.3,93,1,2493474.0,4,12.8,Corrective
INC-01927,Abéché,Urbaine_Dense,10.7659,21.0592,Saison_Pluies,28.1,73.5,9.0,19,OLT,116,2,105,Corrosion,Faible,429,49.75,29,25,86.2,238.95,-19.21,49.22,36.98,78.75,9.3,86,1,555741.0,5,18.9,Urgente
INC-01928,Doba,Urbaine_Dense,13.0736,18.0442,Saison_Seche,43.4,31.0,29.3,2,Splitter,88,6,76,Panne_OLT,Faible,444,18.67,9,7,77.8,990.34,-20.16,155.32,44.12,97.4,5.6,63,1,1565243.0,2,19.4,Corrective
INC-01929,Doba,Urbaine_Dense,12.7829,15.7525,Intersaison,31.1,61.7,16.3,7,Connecteur,112,3,276,Perte_Signal,Moyenne,142,26.44,7,5,71.4,583.8,-2.69,145.14,19.2,93.12,8.6,54,0,1116983.0,7,5.8,Préventive
INC-01930,Bongor,Urbaine_Moyenne,13.2515,20.4812,Saison_Pluies,26.0,74.0,7.9,18,Cable_Fibre,27,1,329,Obstruction_Physique,Critique,376,50.69,6,3,50.0,386.31,-27.53,37.11,17.37,82.15,7.7,28,1,1518977.0,4,17.7,Urgente
INC-01931,Sarh,Rurale,10.5705,15.6168,Saison_Pluies,30.1,86.1,30.8,17,Cable_Fibre,84,11,213,Panne_OLT,Moyenne,102,42.97,37,33,89.2,352.32,-7.82,76.88,9.74,97.24,4.7,47,1,1722956.0,9,19.8,Préventive
INC-01932,Doba,Urbaine_Dense,9.6222,13.7127,Saison_Pluies,30.4,71.6,11.8,24,Splitter,100,1,333,Rupture_Cable,Faible,405,36.44,38,20,52.6,665.61,-31.03,156.09,18.9,70.19,7.1,38,1,1817923.0,6,3.1,Urgente
INC-01933,Doba,Péri_Urbaine,7.9555,19.5189,Intersaison,29.6,61.0,21.6,2,ONT,25,11,261,Surtension,Faible,313,62.51,18,11,61.1,490.26,-32.93,127.4,22.3,73.87,2.1,48,0,819611.0,9,14.0,Urgente
INC-01934,Abéché,Rurale,15.0326,17.6384,Intersaison,34.3,52.7,36.4,8,Boitier_Etanche,99,8,101,Obstruction_Physique,Moyenne,404,5.07,13,12,92.3,755.28,-1.45,102.72,6.33,67.69,9.6,11,1,1814095.0,7,9.9,Corrective
INC-01935,Doba,Urbaine_Moyenne,8.4462,22.6982,Saison_Pluies,29.9,79.0,23.2,15,Splitter,28,0,349,Obstruction_Physique,Moyenne,330,37.88,49,42,85.7,63.46,-32.44,78.54,10.81,65.13,6.6,75,1,563698.0,5,8.0,Urgente
INC-01936,Sarh,Péri_Urbaine,8.926,20.2807,Intersaison,31.9,62.7,31.2,4,Cable_Fibre,23,4,170,Rupture_Cable,Élevée,204,50.38,32,30,93.8,267.38,-29.14,67.37,18.68,94.34,2.0,81,0,31557.0,5,2.7,Urgente
INC-01937,Doba,Rurale,7.7,20.2961,Saison_Pluies,32.9,73.6,13.9,24,Connecteur,94,11,101,Degradation_Lente,Critique,291,19.88,46,23,50.0,158.39,-8.6,92.66,18.35,66.6,8.4,84,0,2308073.0,7,13.4,Urgente
INC-01938,N'Djamena_Nord,Péri_Urbaine,10.0373,21.7729,Saison_Pluies,25.3,88.0,41.8,16,Splitter,90,14,331,Defaut_Connecteur,Faible,147,20.71,27,15,55.6,75.27,-7.28,83.86,6.95,93.89,8.2,90,1,2186518.0,9,10.6,Préventive
INC-01939,Moundou,Péri_Urbaine,14.0508,17.0243,Saison_Seche,36.1,18.0,38.1,2,Connecteur,85,7,311,Obstruction_Physique,Élevée,228,35.9,19,18,94.7,163.96,-32.21,45.03,48.64,78.49,4.6,82,0,1667777.0,8,5.1,Urgente
INC-01940,N'Djamena_Nord,Urbaine_Dense,10.158,23.5608,Saison_Seche,38.9,27.3,41.6,0,ONT,65,6,288,Degradation_Lente,Faible,69,24.55,39,32,82.1,711.73,-28.27,160.62,44.22,84.2,2.3,67,0,1984932.0,8,14.0,Préventive
INC-01941,Sarh,Urbaine_Moyenne,12.8279,15.8239,Saison_Pluies,31.7,73.1,20.4,18,Cable_Fibre,32,3,350,Perte_Signal,Moyenne,114,30.52,43,24,55.8,298.58,-29.18,195.32,44.5,71.32,4.4,54,0,1036881.0,1,10.6,Urgente
INC-01942,Sarh,Urbaine_Moyenne,15.2244,22.6526,Saison_Seche,41.7,23.5,56.4,2,ONT,27,18,346,Rupture_Cable,Moyenne,384,49.75,0,0,100.0,56.95,-10.51,99.63,7.24,67.53,6.5,49,1,302914.0,7,21.4,Urgente
INC-01943,Sarh,Urbaine_Moyenne,14.6402,23.0638,Saison_Pluies,27.2,74.3,37.4,10,Connecteur,20,6,167,Panne_OLT,Faible,272,26.85,25,16,64.0,265.53,-5.76,195.36,24.31,64.81,8.8,19,1,1685428.0,1,19.6,Urgente
INC-01944,N'Djamena_Sud,Urbaine_Moyenne,8.9398,13.9099,Saison_Pluies,25.3,84.7,7.6,14,Boitier_Etanche,108,1,261,Panne_OLT,Faible,21,1.98,9,7,77.8,719.7,-27.09,73.72,34.27,69.45,3.3,79,1,1793042.0,7,17.0,Préventive
INC-01945,Bongor,Rurale,10.3737,20.1341,Saison_Seche,47.0,25.2,58.5,2,ONT,28,19,359,Degradation_Lente,Faible,470,6.71,31,29,93.5,340.37,-2.74,68.8,2.17,97.03,4.5,5,1,2165035.0,9,2.2,Corrective
INC-01946,Kélo,Rurale,13.5091,21.3689,Saison_Pluies,32.9,94.4,34.1,11,OLT,54,9,127,Defaut_Connecteur,Élevée,5,36.41,48,45,93.8,975.7,-32.43,180.58,1.12,97.63,9.6,85,1,747720.0,2,4.7,Corrective
INC-01947,Doba,Urbaine_Dense,15.3213,23.5152,Saison_Pluies,31.0,82.6,41.9,18,Connecteur,75,2,133,Corrosion,Critique,338,67.33,31,16,51.6,153.16,-8.97,192.66,9.61,67.9,8.1,50,1,2048831.0,3,18.1,Urgente
INC-01948,N'Djamena_Sud,Urbaine_Moyenne,13.2275,16.1395,Saison_Seche,35.4,32.9,22.3,1,Splitter,1,7,297,Obstruction_Physique,Faible,93,20.55,19,10,52.6,791.09,-32.53,55.13,18.41,84.9,5.7,87,0,2034109.0,5,17.9,Corrective
INC-01949,Kélo,Rurale,9.5177,19.3994,Saison_Seche,45.2,25.3,26.5,2,Boitier_Etanche,101,19,180,Corrosion,Élevée,423,1.72,35,20,57.1,767.75,-4.68,185.52,6.63,77.77,4.7,36,0,339092.0,3,9.5,Urgente
INC-01950,N'Djamena_Nord,Urbaine_Moyenne,8.5626,21.6177,Saison_Seche,40.7,28.8,43.9,1,Antenne_AirPON,111,8,261,Obstruction_Physique,Moyenne,365,58.6,29,19,65.5,276.46,-1.51,27.02,8.59,84.09,7.1,31,1,495089.0,7,14.9,Préventive
INC-01951,Sarh,Péri_Urbaine,11.4613,15.0577,Saison_Pluies,29.6,75.8,51.9,11,Connecteur,73,9,204,Obstruction_Physique,Faible,458,55.57,33,25,75.8,642.71,-32.27,134.68,40.84,87.77,8.5,96,0,622338.0,4,13.1,Urgente
INC-01952,Kélo,Urbaine_Moyenne,9.0436,22.4563,Saison_Pluies,31.1,71.4,57.6,23,Splitter,77,9,6,Panne_OLT,Faible,464,62.72,32,30,93.8,392.4,-20.84,176.96,39.86,61.42,2.1,70,1,1268439.0,3,16.4,Urgente
INC-01953,Bongor,Urbaine_Moyenne,9.3209,17.7382,Saison_Seche,41.9,13.9,59.4,1,Boitier_Etanche,118,10,222,Perte_Signal,Moyenne,446,33.57,13,8,61.5,395.94,-5.02,82.3,38.79,63.93,9.4,59,1,439851.0,1,17.3,Urgente
INC-01954,N'Djamena_Centre,Urbaine_Dense,12.5755,20.2174,Saison_Seche,39.5,13.0,35.7,1,ONT,110,8,235,Corrosion,Élevée,191,5.45,21,16,76.2,81.21,-1.46,31.19,12.02,82.01,2.7,40,1,543676.0,3,17.3,Préventive
INC-01955,Abéché,Urbaine_Dense,11.6187,13.9414,Saison_Seche,43.0,33.8,5.2,1,Antenne_AirPON,109,15,242,Rupture_Cable,Faible,284,10.64,27,21,77.8,29.36,-18.62,179.49,10.92,70.3,7.4,92,1,565913.0,1,20.2,Préventive
INC-01956,Abéché,Rurale,8.4655,15.8408,Intersaison,28.0,37.5,34.7,4,Cable_Fibre,20,9,363,Panne_OLT,Moyenne,175,69.15,29,27,93.1,449.21,-17.32,154.89,44.38,89.81,2.2,29,0,402806.0,2,4.2,Corrective
INC-01957,N'Djamena_Sud,Urbaine_Dense,8.7294,18.5209,Saison_Pluies,27.5,82.3,12.3,23,Boitier_Etanche,106,17,51,Panne_OLT,Faible,466,61.63,48,47,97.9,525.7,-29.77,13.32,43.36,64.3,2.0,18,1,186179.0,2,23.8,Urgente
INC-01958,Bongor,Urbaine_Moyenne,7.6555,16.5367,Saison_Pluies,26.7,73.7,38.9,17,OLT,119,18,8,Rupture_Cable,Élevée,430,43.68,46,30,65.2,635.9,-28.42,87.01,18.38,89.79,2.6,76,1,628881.0,3,15.0,Urgente
INC-01959,Sarh,Péri_Urbaine,9.2573,23.5574,Saison_Seche,36.7,24.1,20.1,1,ONT,116,18,201,Corrosion,Moyenne,427,3.73,7,5,71.4,488.75,-7.13,145.28,28.85,73.07,1.3,21,1,997762.0,1,9.9,Urgente
INC-01960,Bongor,Urbaine_Moyenne,14.5985,21.8468,Saison_Seche,45.8,24.0,31.3,0,Connecteur,93,11,81,Defaut_Connecteur,Élevée,111,4.8,27,21,77.8,650.47,-19.02,97.32,35.78,69.33,9.4,59,1,1596605.0,3,15.9,Corrective
INC-01961,Moundou,Urbaine_Moyenne,13.8443,22.5812,Intersaison,33.5,43.6,39.7,9,Antenne_AirPON,83,17,108,Corrosion,Moyenne,331,13.19,20,19,95.0,150.64,-8.38,183.4,46.68,89.4,2.1,28,0,176238.0,3,10.8,Urgente
INC-01962,Sarh,Rurale,10.8183,18.3963,Intersaison,33.0,49.1,54.5,3,Boitier_Etanche,99,4,173,Defaut_Connecteur,Moyenne,443,47.43,8,7,87.5,262.68,-17.16,8.6,2.99,72.56,8.1,41,1,663772.0,1,7.2,Urgente
INC-01963,Sarh,Péri_Urbaine,13.4355,18.4732,Saison_Pluies,33.2,87.3,47.6,17,Boitier_Etanche,41,7,92,Defaut_Connecteur,Élevée,376,70.04,44,36,81.8,303.67,-2.06,143.22,28.57,88.03,7.6,53,1,996209.0,4,19.5,Urgente
INC-01964,Sarh,Rurale,10.7558,21.9545,Saison_Seche,44.0,27.9,1.3,2,Antenne_AirPON,72,3,98,Degradation_Lente,Faible,212,41.71,15,11,73.3,59.64,-29.03,187.21,45.85,82.36,7.1,49,0,976906.0,7,2.7,Urgente
INC-01965,Bongor,Urbaine_Moyenne,13.8368,17.5691,Saison_Pluies,34.7,74.4,9.2,24,Cable_Fibre,95,18,157,Defaut_Connecteur,Faible,442,60.34,27,26,96.3,513.21,-32.52,50.25,13.09,87.56,9.4,17,1,2197381.0,8,4.3,Corrective
INC-01966,N'Djamena_Centre,Péri_Urbaine,8.9556,18.5489,Saison_Pluies,31.9,91.0,52.1,24,Splitter,85,16,339,Defaut_Connecteur,Critique,14,55.15,0,0,100.0,395.25,-21.99,149.52,3.8,63.78,9.8,7,1,347555.0,3,7.3,Urgente
INC-01967,Doba,Urbaine_Dense,8.7201,19.0502,Saison_Seche,41.4,15.4,44.6,2,Connecteur,99,6,155,Degradation_Lente,Faible,190,18.87,36,19,52.8,367.71,-6.9,74.12,6.2,83.81,1.5,6,0,354742.0,4,1.2,Corrective
INC-01968,Kélo,Urbaine_Dense,8.1235,19.8752,Saison_Pluies,26.7,85.2,8.9,14,ONT,13,11,122,Corrosion,Élevée,477,41.98,49,28,57.1,75.02,-20.17,67.81,4.75,93.39,9.1,56,1,274368.0,9,16.3,Urgente
INC-01969,N'Djamena_Centre,Urbaine_Dense,9.4345,20.3247,Saison_Seche,39.6,15.8,35.3,1,ONT,106,11,262,Corrosion,Moyenne,448,50.93,4,2,50.0,140.07,-9.75,104.96,3.7,79.22,1.0,36,1,1100812.0,7,13.8,Préventive
INC-01970,N'Djamena_Sud,Urbaine_Moyenne,8.6705,20.6479,Saison_Seche,44.4,24.4,35.3,0,Cable_Fibre,88,5,212,Corrosion,Faible,208,23.2,11,7,63.6,61.41,-11.63,125.9,8.48,76.82,7.3,33,0,91619.0,8,20.7,Préventive
INC-01971,N'Djamena_Centre,Urbaine_Dense,13.8891,18.1621,Saison_Seche,37.7,12.1,46.5,2,Connecteur,44,14,346,Degradation_Lente,Moyenne,29,43.97,9,7,77.8,736.29,-3.29,136.91,33.92,60.81,4.7,99,1,139568.0,6,13.6,Corrective
INC-01972,Moundou,Rurale,9.4198,16.599,Saison_Pluies,32.7,74.0,48.8,12,Boitier_Etanche,100,2,113,Surtension,Moyenne,148,9.32,17,15,88.2,711.88,-14.32,96.66,1.26,98.56,1.4,73,1,2476418.0,3,2.3,Corrective
INC-01973,Bongor,Péri_Urbaine,11.6297,23.1616,Saison_Seche,37.3,32.3,40.4,1,Antenne_AirPON,115,2,154,Corrosion,Faible,248,57.66,14,9,64.3,60.71,-17.06,185.48,15.95,99.55,5.5,39,0,794720.0,8,3.0,Urgente
INC-01974,N'Djamena_Centre,Urbaine_Dense,13.5496,22.1806,Intersaison,30.7,68.5,42.8,7,Connecteur,80,1,176,Surtension,Élevée,91,22.38,44,24,54.5,161.35,-31.23,44.93,24.04,89.8,4.5,34,1,1397334.0,5,20.4,Corrective
INC-01975,N'Djamena_Nord,Urbaine_Dense,12.9166,13.5361,Saison_Seche,37.9,30.1,40.0,2,Splitter,37,14,168,Obstruction_Physique,Faible,147,21.94,1,0,0.0,540.29,-33.05,169.22,9.06,65.15,3.6,4,0,259767.0,3,14.4,Corrective
INC-01976,Kélo,Péri_Urbaine,9.1367,18.8857,Saison_Seche,43.7,22.0,9.1,2,ONT,60,7,260,Defaut_Connecteur,Faible,242,52.53,15,10,66.7,617.06,-34.68,167.86,6.39,85.61,3.1,89,1,1137478.0,3,13.2,Corrective
INC-01977,Moundou,Péri_Urbaine,8.1166,16.3833,Intersaison,32.4,47.0,41.1,7,OLT,9,7,307,Rupture_Cable,Moyenne,402,56.48,39,29,74.4,372.15,-5.61,26.65,2.95,72.9,7.6,70,1,1127793.0,3,20.4,Urgente
INC-01978,Abéché,Péri_Urbaine,14.7941,20.2487,Saison_Pluies,29.6,88.0,28.3,10,Boitier_Etanche,118,7,142,Corrosion,Élevée,124,52.56,8,4,50.0,456.5,-22.21,74.29,49.93,81.56,3.2,6,1,1939593.0,5,13.5,Corrective
INC-01979,Kélo,Urbaine_Moyenne,12.4759,18.7777,Saison_Seche,38.2,23.3,58.7,1,Boitier_Etanche,103,8,252,Obstruction_Physique,Moyenne,343,23.95,28,14,50.0,983.76,-31.11,111.96,7.37,62.17,4.2,11,1,2190877.0,7,7.6,Préventive
INC-01980,Abéché,Urbaine_Dense,13.1525,13.7222,Saison_Seche,41.7,34.6,42.5,0,ONT,110,14,2,Perte_Signal,Faible,266,66.28,15,11,73.3,350.66,-14.08,147.6,34.13,90.39,7.9,39,0,895150.0,3,23.5,Urgente
INC-01981,Doba,Péri_Urbaine,10.5881,21.1416,Saison_Seche,44.0,18.6,22.4,1,Antenne_AirPON,63,11,258,Surtension,Moyenne,409,42.85,11,7,63.6,274.94,-21.08,179.61,33.39,83.69,5.8,62,1,363171.0,6,20.5,Urgente
INC-01982,N'Djamena_Sud,Péri_Urbaine,9.4329,16.3916,Saison_Pluies,30.6,75.6,54.6,19,OLT,111,2,63,Corrosion,Élevée,336,25.88,13,9,69.2,607.26,-27.73,193.93,30.17,69.39,8.7,88,1,603478.0,7,8.0,Urgente
INC-01983,N'Djamena_Centre,Péri_Urbaine,11.7449,16.2325,Saison_Pluies,28.9,71.0,13.8,15,Antenne_AirPON,74,11,220,Obstruction_Physique,Faible,295,24.96,39,23,59.0,385.98,-11.97,57.46,38.47,85.67,8.2,41,0,952488.0,5,16.9,Urgente
INC-01984,Kélo,Urbaine_Dense,8.1231,13.8352,Saison_Pluies,25.7,92.0,28.0,22,Cable_Fibre,54,1,130,Panne_OLT,Élevée,315,5.68,37,21,56.8,409.71,-20.47,139.17,18.12,78.74,1.6,47,1,357862.0,6,1.8,Corrective
INC-01985,N'Djamena_Nord,Péri_Urbaine,13.8998,22.1975,Saison_Seche,37.2,22.0,3.8,0,Cable_Fibre,115,15,129,Corrosion,Moyenne,409,12.04,32,23,71.9,884.39,-21.31,153.9,29.21,80.47,6.5,5,1,374349.0,9,12.2,Corrective
INC-01986,Moundou,Rurale,12.736,19.5778,Saison_Seche,35.5,29.6,37.7,1,ONT,91,4,92,Rupture_Cable,Critique,44,47.05,45,27,60.0,707.3,-5.08,83.15,8.38,63.17,2.8,7,1,350793.0,9,16.9,Urgente
INC-01987,Kélo,Urbaine_Dense,13.5931,18.5908,Intersaison,33.5,47.9,33.5,4,ONT,115,15,149,Corrosion,Moyenne,101,22.65,24,14,58.3,438.44,-3.54,49.0,18.78,60.88,2.4,8,1,512020.0,2,9.6,Corrective
INC-01988,N'Djamena_Sud,Péri_Urbaine,12.0541,20.596,Intersaison,32.9,46.5,30.3,6,Antenne_AirPON,50,3,74,Perte_Signal,Élevée,14,18.57,22,12,54.5,406.96,-10.21,149.0,48.71,73.4,5.2,0,1,784033.0,4,17.6,Corrective
INC-01989,Kélo,Urbaine_Dense,12.1233,17.1264,Intersaison,31.0,60.5,12.4,8,OLT,32,2,126,Surtension,Moyenne,268,0.37,6,4,66.7,392.93,-2.44,81.68,31.42,61.87,7.7,55,1,1674396.0,5,8.0,Urgente
INC-01990,Moundou,Urbaine_Dense,12.303,19.4795,Saison_Pluies,31.1,87.2,29.7,16,Antenne_AirPON,74,11,364,Perte_Signal,Élevée,336,60.76,46,36,78.3,984.9,-5.78,38.82,8.67,73.6,9.1,38,1,1196863.0,1,11.7,Urgente
INC-01991,Bongor,Urbaine_Moyenne,13.7733,16.1174,Intersaison,39.4,64.9,27.6,6,ONT,113,10,147,Panne_OLT,Moyenne,205,19.57,32,22,68.8,567.53,-30.85,4.77,46.12,75.09,8.5,72,0,1412181.0,2,12.7,Urgente
INC-01992,N'Djamena_Centre,Rurale,9.3031,14.161,Saison_Pluies,33.0,83.9,1.3,20,Cable_Fibre,62,12,22,Rupture_Cable,Faible,466,22.11,6,5,83.3,803.0,-10.99,76.34,21.08,70.49,9.8,32,1,1378332.0,4,13.1,Corrective
INC-01993,N'Djamena_Nord,Urbaine_Dense,12.9523,19.3941,Saison_Pluies,31.1,79.2,9.7,12,Antenne_AirPON,12,8,22,Corrosion,Faible,169,71.57,20,16,80.0,288.38,-33.03,40.24,18.0,90.2,2.2,86,0,2418920.0,3,23.8,Corrective
INC-01994,Doba,Rurale,11.9216,15.8225,Saison_Pluies,27.4,88.5,54.1,19,Cable_Fibre,41,16,13,Corrosion,Moyenne,410,34.46,10,6,60.0,711.59,-29.41,130.14,20.8,76.91,4.1,70,1,1324996.0,5,22.2,Corrective
INC-01995,Kélo,Péri_Urbaine,11.4609,21.3754,Saison_Pluies,31.1,79.0,47.3,20,Splitter,44,1,84,Rupture_Cable,Moyenne,77,38.66,17,11,64.7,699.69,-0.07,153.27,23.56,63.65,2.5,61,1,1465258.0,3,16.8,Corrective
INC-01996,N'Djamena_Sud,Urbaine_Moyenne,11.8273,18.2444,Saison_Pluies,27.7,88.4,7.2,23,OLT,50,18,131,Corrosion,Moyenne,321,4.24,10,6,60.0,989.96,-5.67,39.87,17.38,77.22,4.7,13,0,1923252.0,8,9.8,Corrective
INC-01997,Sarh,Urbaine_Moyenne,9.6776,16.1292,Saison_Seche,36.3,24.3,58.4,1,Connecteur,84,8,206,Corrosion,Faible,390,36.57,20,13,65.0,311.24,-26.14,193.03,9.21,62.42,6.6,16,1,1614088.0,4,16.6,Urgente
INC-01998,Kélo,Urbaine_Moyenne,7.7966,19.8876,Saison_Seche,46.7,26.4,27.9,1,ONT,60,7,271,Corrosion,Élevée,128,30.66,44,30,68.2,517.55,-24.5,39.26,7.34,77.91,9.5,96,1,312488.0,1,9.0,Corrective
INC-01999,Sarh,Rurale,13.5733,14.7245,Intersaison,29.4,45.0,45.0,8,Cable_Fibre,19,15,21,Obstruction_Physique,Élevée,84,62.65,18,11,61.1,499.57,-1.38,62.56,26.55,90.53,1.2,50,0,199050.0,2,19.2,Urgente
INC-02000,N'Djamena_Centre,Urbaine_Dense,14.8294,21.495,Saison_Seche,39.5,30.1,32.5,0,OLT,52,4,293,Obstruction_Physique,Moyenne,479,37.65,26,14,53.8,878.41,-23.71,79.86,11.74,91.74,8.9,5,0,158690.0,6,3.7,Urgente
INC-02001,Sarh,Urbaine_Moyenne,11.3461,18.2479,Saison_Seche,38.0,33.4,45.9,1,Splitter,20,5,17,Surtension,Élevée,375,62.58,11,8,72.7,264.67,-16.18,143.78,44.37,77.54,8.7,14,0,936129.0,9,1.8,Urgente
INC-02002,N'Djamena_Nord,Urbaine_Dense,14.2032,22.0328,Saison_Seche,37.7,29.7,39.7,1,Antenne_AirPON,74,8,359,Rupture_Cable,Élevée,52,54.35,1,0,0.0,384.45,-1.52,168.42,45.43,96.24,5.8,63,1,614662.0,9,8.3,Préventive
INC-02003,N'Djamena_Centre,Urbaine_Dense,11.9421,14.95,Saison_Seche,46.5,18.5,3.9,2,Boitier_Etanche,101,14,281,Perte_Signal,Moyenne,40,0.91,5,4,80.0,949.04,-23.33,114.29,16.69,63.01,3.7,30,1,2158102.0,5,9.1,Préventive
INC-02004,Moundou,Péri_Urbaine,14.9424,17.5167,Saison_Pluies,30.5,82.4,54.8,10,Antenne_AirPON,1,4,331,Panne_OLT,Élevée,294,70.06,38,36,94.7,113.74,-31.61,17.43,8.7,97.22,3.6,38,0,2236838.0,4,23.0,Urgente
INC-02005,Kélo,Urbaine_Dense,11.5673,15.3903,Saison_Pluies,31.6,89.5,46.1,22,OLT,30,13,171,Degradation_Lente,Élevée,247,5.27,13,10,76.9,194.2,-7.09,181.04,38.77,96.74,8.7,47,1,1129249.0,6,22.5,Urgente
INC-02006,Kélo,Urbaine_Dense,9.1388,14.1426,Saison_Pluies,29.9,91.5,13.3,20,ONT,96,11,50,Degradation_Lente,Moyenne,452,2.52,47,40,85.1,440.41,-29.63,54.53,5.05,97.02,4.8,99,1,1298322.0,4,12.3,Corrective
INC-02007,N'Djamena_Sud,Urbaine_Dense,14.4609,23.5312,Saison_Seche,46.6,33.3,13.6,0,Connecteur,71,6,271,Degradation_Lente,Faible,319,22.33,24,18,75.0,438.33,-10.61,130.68,44.4,79.04,7.1,4,1,496940.0,4,11.7,Préventive
INC-02008,N'Djamena_Sud,Urbaine_Dense,13.9022,21.1298,Saison_Seche,35.1,22.2,41.2,2,OLT,79,14,323,Rupture_Cable,Faible,27,30.54,38,26,68.4,529.1,-33.19,165.43,19.4,63.2,9.8,37,1,209001.0,4,17.1,Préventive
INC-02009,N'Djamena_Centre,Péri_Urbaine,10.6841,16.9189,Saison_Pluies,33.8,76.4,42.1,12,ONT,22,1,286,Defaut_Connecteur,Élevée,485,16.08,14,7,50.0,409.55,-27.51,172.86,11.72,81.44,7.1,28,0,686449.0,4,21.7,Urgente
INC-02010,N'Djamena_Sud,Urbaine_Moyenne,14.2353,16.0846,Saison_Seche,35.9,29.4,5.2,2,Splitter,48,5,263,Corrosion,Moyenne,138,35.8,23,15,65.2,533.95,-29.02,37.6,42.67,79.83,3.9,7,0,643111.0,8,22.4,Corrective
INC-02011,Bongor,Péri_Urbaine,7.5724,15.6454,Intersaison,34.6,53.4,54.3,7,Antenne_AirPON,75,19,78,Corrosion,Faible,373,69.69,20,15,75.0,804.39,-20.8,1.63,32.17,69.0,8.9,39,1,1471502.0,8,6.8,Urgente
INC-02012,Bongor,Urbaine_Moyenne,13.898,13.9516,Saison_Pluies,32.7,70.1,44.8,20,OLT,63,17,357,Rupture_Cable,Faible,230,39.99,32,20,62.5,451.62,-26.73,188.95,1.28,90.75,9.1,30,0,794908.0,2,20.9,Urgente
INC-02013,Kélo,Urbaine_Dense,13.0043,14.578,Saison_Pluies,25.6,92.8,59.0,15,ONT,69,1,113,Corrosion,Moyenne,240,8.05,19,12,63.2,60.35,-0.63,70.01,48.48,60.88,7.9,29,1,404274.0,1,14.0,Urgente
INC-02014,N'Djamena_Nord,Péri_Urbaine,10.5374,14.5805,Saison_Seche,41.6,15.6,26.0,0,Boitier_Etanche,2,2,307,Surtension,Moyenne,418,65.66,43,28,65.1,980.32,-25.07,117.62,49.01,94.38,9.6,96,1,2316604.0,3,15.9,Urgente
INC-02015,Doba,Urbaine_Dense,13.8327,20.4958,Intersaison,35.7,58.0,5.2,5,Antenne_AirPON,36,8,274,Perte_Signal,Critique,460,7.92,47,36,76.6,945.07,-24.01,160.87,42.2,85.4,8.4,31,0,150881.0,9,10.0,Urgente
INC-02016,Moundou,Urbaine_Moyenne,8.5133,19.7444,Saison_Pluies,33.1,83.4,54.3,11,OLT,31,9,212,Corrosion,Faible,154,32.94,5,4,80.0,265.51,-29.54,61.34,41.64,95.7,3.1,63,1,1634883.0,5,12.0,Corrective
INC-02017,Sarh,Urbaine_Dense,9.1266,19.466,Saison_Pluies,30.8,86.6,48.8,18,Antenne_AirPON,14,4,80,Panne_OLT,Faible,128,33.24,7,4,57.1,143.14,-5.97,197.87,5.55,75.14,8.9,96,0,836466.0,8,12.1,Corrective
INC-02018,Sarh,Urbaine_Dense,11.7686,21.2119,Saison_Pluies,32.9,89.0,0.0,13,Boitier_Etanche,41,3,310,Obstruction_Physique,Critique,182,52.43,30,20,66.7,317.74,-0.89,15.17,4.89,66.64,3.5,38,1,1654036.0,5,17.4,Urgente
INC-02019,N'Djamena_Sud,Urbaine_Moyenne,14.5482,16.1373,Intersaison,34.1,52.8,31.8,2,Boitier_Etanche,106,3,176,Defaut_Connecteur,Faible,114,48.94,6,5,83.3,720.11,-20.27,76.09,3.05,72.55,9.7,90,1,1134741.0,5,7.8,Corrective
INC-02020,Bongor,Urbaine_Dense,8.5408,17.096,Saison_Seche,41.6,12.5,0.4,2,OLT,111,14,351,Corrosion,Élevée,432,44.39,35,24,68.6,900.78,-3.76,46.97,16.05,97.67,6.2,0,0,2442179.0,1,9.4,Urgente
INC-02021,Abéché,Urbaine_Moyenne,12.0141,14.8304,Saison_Seche,43.3,30.6,21.1,2,Splitter,100,6,153,Defaut_Connecteur,Élevée,295,45.83,27,24,88.9,32.63,-4.53,30.4,10.66,73.6,7.9,49,1,445353.0,9,18.1,Urgente
INC-02022,Abéché,Urbaine_Moyenne,13.5251,19.671,Saison_Seche,39.0,30.6,52.2,2,OLT,73,17,77,Corrosion,Faible,8,54.76,36,25,69.4,945.33,-11.05,70.42,16.05,60.75,8.6,19,1,412275.0,9,20.9,Corrective
INC-02023,N'Djamena_Centre,Rurale,13.4468,23.2955,Saison_Pluies,25.3,80.4,40.4,14,Boitier_Etanche,118,16,210,Corrosion,Moyenne,246,12.4,33,24,72.7,30.71,-6.74,78.67,32.87,87.81,9.5,41,0,748733.0,5,2.9,Urgente
INC-02024,N'Djamena_Sud,Urbaine_Moyenne,12.5237,22.5629,Saison_Seche,39.2,15.1,51.0,0,Antenne_AirPON,61,1,287,Rupture_Cable,Critique,483,70.3,49,43,87.8,910.14,-9.33,169.9,13.4,91.46,1.2,54,0,621639.0,3,9.2,Urgente
INC-02025,Moundou,Urbaine_Dense,15.0274,19.3275,Saison_Pluies,31.9,77.5,33.4,17,Splitter,60,18,276,Rupture_Cable,Moyenne,363,39.29,23,17,73.9,549.12,-11.24,137.68,24.29,84.73,2.8,94,0,1830829.0,8,2.0,Urgente
INC-02026,Doba,Urbaine_Moyenne,11.3571,20.2684,Saison_Pluies,28.4,73.1,46.4,21,Boitier_Etanche,13,15,349,Panne_OLT,Élevée,197,51.95,35,25,71.4,174.17,-26.64,150.45,34.05,90.08,2.7,14,1,1287707.0,9,4.9,Corrective
INC-02027,Doba,Urbaine_Moyenne,14.542,23.9192,Saison_Pluies,31.8,72.8,29.2,22,OLT,4,9,287,Rupture_Cable,Élevée,362,41.68,5,2,40.0,835.48,-15.22,130.15,7.67,82.4,2.4,2,1,1121114.0,7,7.9,Urgente
INC-02028,Bongor,Urbaine_Dense,12.4567,18.9322,Saison_Seche,45.5,26.6,30.2,2,Antenne_AirPON,22,2,141,Obstruction_Physique,Moyenne,10,63.03,23,22,95.7,689.9,-32.29,136.11,49.57,73.58,9.2,3,1,1057076.0,3,7.5,Corrective
INC-02029,N'Djamena_Centre,Urbaine_Dense,13.3997,22.6412,Saison_Pluies,31.3,79.6,35.9,18,Cable_Fibre,117,15,74,Surtension,Faible,481,42.28,11,6,54.5,966.54,-13.78,49.24,43.41,83.86,4.7,17,1,1479846.0,9,6.6,Urgente
INC-02030,Doba,Urbaine_Moyenne,11.2187,18.7569,Intersaison,29.1,62.1,8.4,2,Connecteur,119,0,255,Surtension,Moyenne,166,6.89,48,34,70.8,330.59,-11.96,146.22,36.8,88.51,3.5,11,1,2483177.0,6,21.2,Préventive
INC-02031,Moundou,Péri_Urbaine,8.841,14.0026,Saison_Seche,46.5,25.6,38.6,0,Connecteur,63,16,236,Panne_OLT,Faible,5,62.91,30,24,80.0,160.96,-6.96,117.76,49.44,87.86,1.2,95,1,1596028.0,8,9.5,Préventive
INC-02032,Sarh,Urbaine_Dense,8.3728,23.3139,Saison_Pluies,34.3,80.3,51.3,14,Cable_Fibre,53,11,344,Rupture_Cable,Moyenne,251,7.37,29,15,51.7,982.65,-17.26,154.68,4.24,90.72,5.1,12,1,2078996.0,9,17.4,Corrective
INC-02033,Sarh,Péri_Urbaine,12.9586,14.6747,Saison_Pluies,32.9,83.8,9.6,24,Connecteur,104,12,347,Defaut_Connecteur,Faible,227,37.56,18,10,55.6,862.56,-29.33,75.76,2.61,94.88,6.7,18,1,1574172.0,1,21.7,Préventive
INC-02034,Kélo,Urbaine_Dense,10.5118,20.894,Saison_Seche,41.0,15.9,22.6,2,Splitter,92,18,240,Corrosion,Moyenne,111,14.53,21,18,85.7,766.98,-20.51,66.59,12.84,61.08,6.9,50,0,2069528.0,2,6.1,Préventive
INC-02035,N'Djamena_Nord,Urbaine_Moyenne,12.0399,15.9986,Saison_Seche,45.4,10.3,55.2,1,Antenne_AirPON,81,11,124,Panne_OLT,Faible,322,8.71,28,23,82.1,432.01,-1.32,32.18,16.81,89.55,4.8,83,1,1348966.0,7,0.9,Corrective
INC-02036,Sarh,Rurale,13.4684,22.9609,Intersaison,31.4,39.7,18.7,5,ONT,74,18,361,Rupture_Cable,Moyenne,155,8.8,18,12,66.7,616.22,-4.62,113.52,33.26,87.07,8.8,34,1,249864.0,3,7.8,Préventive
INC-02037,Kélo,Rurale,13.7919,15.6051,Saison_Pluies,30.0,85.4,52.5,23,Antenne_AirPON,20,12,316,Corrosion,Faible,197,62.34,21,16,76.2,265.58,-0.48,65.7,49.87,99.05,7.2,57,1,1050656.0,1,9.0,Corrective
INC-02038,Abéché,Urbaine_Moyenne,11.5773,14.9708,Saison_Seche,37.6,25.7,38.5,0,Splitter,100,18,286,Obstruction_Physique,Moyenne,319,24.9,47,33,70.2,40.96,-20.3,143.65,45.41,65.72,1.3,72,0,2397359.0,9,2.9,Urgente
INC-02039,N'Djamena_Sud,Urbaine_Dense,10.016,18.1065,Intersaison,38.0,42.5,50.6,3,ONT,94,1,356,Defaut_Connecteur,Moyenne,135,25.41,10,7,70.0,390.23,-6.88,164.55,32.53,82.22,4.9,89,1,1942631.0,1,4.1,Préventive
INC-02040,Doba,Rurale,13.707,18.7151,Saison_Pluies,31.2,81.5,8.6,11,Splitter,18,13,364,Defaut_Connecteur,Faible,471,49.34,35,25,71.4,891.07,-29.55,157.99,10.3,75.32,7.7,66,0,1714977.0,3,2.8,Urgente
INC-02041,Bongor,Urbaine_Dense,10.8228,22.0987,Saison_Seche,37.1,34.5,47.2,2,Antenne_AirPON,73,9,227,Corrosion,Critique,174,59.89,18,9,50.0,499.81,-0.1,123.23,27.79,72.04,9.9,3,1,418249.0,5,1.7,Urgente
INC-02042,Bongor,Rurale,14.9938,21.5052,Saison_Pluies,32.5,94.1,1.8,12,Splitter,39,19,3,Corrosion,Faible,142,59.0,3,1,33.3,1.15,-2.79,29.58,37.62,83.54,1.4,76,1,233639.0,2,19.1,Corrective
INC-02043,Bongor,Péri_Urbaine,14.0966,16.9468,Saison_Seche,36.8,22.1,23.7,0,Boitier_Etanche,97,15,344,Panne_OLT,Moyenne,247,46.63,14,10,71.4,92.25,-2.0,90.48,39.59,84.84,2.9,9,1,684026.0,6,12.7,Urgente
INC-02044,N'Djamena_Sud,Rurale,13.4753,17.542,Saison_Seche,46.0,16.1,16.8,1,ONT,87,5,89,Surtension,Faible,440,51.68,5,3,60.0,751.05,-33.51,166.17,49.49,88.57,1.7,89,0,1855711.0,4,14.0,Urgente
INC-02045,N'Djamena_Nord,Péri_Urbaine,9.43,19.555,Saison_Seche,43.3,28.7,38.5,1,Cable_Fibre,64,6,259,Panne_OLT,Élevée,51,44.34,20,10,50.0,723.79,-20.3,128.41,3.27,97.62,4.1,73,1,1648130.0,2,17.6,Préventive
INC-02046,Moundou,Rurale,10.4021,19.2915,Saison_Seche,36.3,22.1,45.9,1,Cable_Fibre,22,1,276,Corrosion,Élevée,27,59.89,0,0,100.0,472.44,-12.34,127.6,47.12,80.09,9.2,45,1,186619.0,9,19.9,Préventive
INC-02047,N'Djamena_Sud,Urbaine_Moyenne,14.2918,22.5515,Intersaison,30.6,66.8,20.7,6,Cable_Fibre,29,0,281,Rupture_Cable,Élevée,439,24.81,3,2,66.7,955.05,-3.23,148.96,8.27,93.39,5.6,29,0,180781.0,5,15.4,Urgente
INC-02048,Abéché,Urbaine_Dense,7.6851,18.461,Saison_Seche,46.1,20.8,50.2,1,Cable_Fibre,65,12,293,Degradation_Lente,Faible,456,17.14,15,13,86.7,626.95,-21.25,26.65,31.77,93.46,9.4,60,0,778390.0,3,16.6,Urgente
INC-02049,Kélo,Urbaine_Moyenne,13.7517,22.8818,Saison_Seche,41.1,19.3,33.1,1,Splitter,22,19,273,Defaut_Connecteur,Moyenne,32,14.16,28,19,67.9,487.44,-10.26,134.61,33.57,65.13,2.7,70,0,2426527.0,2,11.7,Corrective
INC-02050,Bongor,Urbaine_Moyenne,10.7332,15.6533,Saison_Pluies,30.1,92.7,45.2,14,Splitter,89,19,283,Perte_Signal,Faible,347,43.46,25,22,88.0,972.69,-19.82,54.73,13.59,79.93,8.9,25,0,392555.0,5,22.0,Urgente
INC-02051,N'Djamena_Centre,Urbaine_Moyenne,13.8948,22.6101,Intersaison,37.9,47.9,43.5,7,OLT,78,3,32,Defaut_Connecteur,Élevée,329,17.07,31,19,61.3,74.54,-6.31,118.77,7.84,83.8,1.9,85,0,1045566.0,3,9.9,Urgente
INC-02052,Kélo,Rurale,11.9191,16.6951,Saison_Seche,36.0,20.4,8.3,2,Connecteur,114,2,68,Obstruction_Physique,Élevée,370,9.36,19,18,94.7,548.59,-34.34,120.31,15.57,66.71,6.4,44,1,1577593.0,1,10.3,Urgente
INC-02053,Sarh,Urbaine_Moyenne,11.7145,21.7872,Intersaison,29.9,62.0,43.9,3,OLT,4,3,65,Degradation_Lente,Critique,152,69.44,0,0,100.0,838.78,-19.95,37.04,14.81,84.91,3.9,41,1,1455385.0,3,13.8,Urgente
INC-02054,N'Djamena_Nord,Péri_Urbaine,13.1127,19.4366,Saison_Seche,44.3,14.3,49.6,1,Boitier_Etanche,104,12,25,Defaut_Connecteur,Critique,195,27.22,16,9,56.2,886.55,-5.69,134.76,39.6,85.99,8.6,49,1,930748.0,1,7.3,Urgente
INC-02055,Sarh,Urbaine_Dense,13.9507,22.6934,Saison_Seche,45.4,17.5,2.1,2,Connecteur,7,14,146,Degradation_Lente,Critique,414,64.37,3,1,33.3,281.61,-19.89,142.2,10.54,66.92,3.5,96,0,547276.0,8,2.6,Urgente
INC-02056,Abéché,Rurale,13.0476,15.9282,Saison_Pluies,27.3,91.4,9.7,12,Boitier_Etanche,93,9,297,Degradation_Lente,Moyenne,140,50.72,35,19,54.3,861.27,-31.48,83.72,36.44,96.99,8.6,69,1,2329363.0,2,19.7,Préventive
INC-02057,Moundou,Urbaine_Dense,11.1057,20.8657,Saison_Seche,38.9,25.8,31.2,0,Connecteur,20,16,169,Defaut_Connecteur,Faible,153,25.09,35,20,57.1,150.66,-15.53,115.86,7.47,95.79,3.9,10,1,130689.0,2,0.8,Corrective
INC-02058,Bongor,Urbaine_Dense,10.0667,22.4141,Intersaison,36.8,37.0,3.5,3,Splitter,112,14,360,Defaut_Connecteur,Critique,290,10.23,19,10,52.6,770.69,-21.43,74.19,20.13,70.32,2.0,41,1,310028.0,7,22.7,Urgente
INC-02059,N'Djamena_Centre,Péri_Urbaine,14.265,21.6553,Intersaison,33.7,40.1,22.0,9,Cable_Fibre,72,18,205,Perte_Signal,Élevée,390,60.59,17,10,58.8,387.72,-24.17,170.7,8.46,89.05,8.9,22,0,291253.0,1,22.3,Urgente
INC-02060,Abéché,Péri_Urbaine,11.6662,19.443,Saison_Pluies,34.5,89.9,50.4,10,ONT,73,18,130,Panne_OLT,Moyenne,257,64.19,38,21,55.3,659.51,-4.85,129.75,46.37,85.3,1.9,56,0,1201976.0,2,22.8,Urgente
INC-02061,N'Djamena_Sud,Urbaine_Moyenne,13.7677,20.5917,Saison_Seche,46.3,17.9,6.1,1,Splitter,38,14,261,Obstruction_Physique,Moyenne,310,13.16,3,2,66.7,548.73,-19.56,109.12,40.25,86.71,6.7,44,1,1744255.0,2,11.9,Corrective
INC-02062,Kélo,Urbaine_Moyenne,15.4657,15.5634,Saison_Seche,42.7,18.8,8.4,1,ONT,70,8,282,Defaut_Connecteur,Faible,392,45.25,12,9,75.0,358.72,-28.08,188.72,0.88,83.81,5.6,56,1,1230205.0,6,17.6,Préventive
INC-02063,Bongor,Urbaine_Moyenne,12.6511,15.7729,Saison_Pluies,25.3,92.6,7.2,17,OLT,97,12,30,Rupture_Cable,Moyenne,182,40.53,44,28,63.6,494.32,-31.4,153.02,17.9,74.78,7.9,40,0,1701546.0,1,8.0,Urgente
INC-02064,Abéché,Urbaine_Dense,9.7268,16.3066,Saison_Seche,46.5,15.2,32.7,1,Cable_Fibre,31,5,25,Rupture_Cable,Élevée,485,66.84,25,13,52.0,696.92,-2.46,61.52,17.44,61.1,7.2,26,1,2084977.0,5,15.8,Urgente
INC-02065,Bongor,Péri_Urbaine,14.4245,22.1941,Saison_Seche,46.4,15.4,18.2,1,OLT,51,9,316,Degradation_Lente,Critique,272,46.63,8,7,87.5,825.31,-10.2,30.64,23.89,77.01,7.0,88,0,100672.0,5,4.6,Urgente
INC-02066,Doba,Péri_Urbaine,9.6894,15.2581,Saison_Seche,46.4,12.4,49.0,0,Cable_Fibre,6,0,53,Perte_Signal,Moyenne,494,19.49,20,17,85.0,907.97,-30.87,7.6,10.89,94.63,4.7,17,1,2375330.0,1,10.2,Corrective
INC-02067,Sarh,Urbaine_Moyenne,9.5832,16.6387,Saison_Seche,45.7,23.3,34.9,1,Antenne_AirPON,23,15,243,Surtension,Faible,306,51.53,15,14,93.3,376.31,-32.5,112.19,26.69,61.08,6.9,50,0,1993957.0,5,9.3,Urgente
INC-02068,Doba,Urbaine_Moyenne,8.0915,23.1646,Saison_Seche,37.2,28.2,40.2,2,Splitter,118,10,88,Obstruction_Physique,Élevée,243,38.02,25,18,72.0,104.78,-16.05,48.05,15.97,87.43,4.4,30,0,506695.0,8,11.4,Urgente
INC-02069,Sarh,Urbaine_Dense,8.1285,21.43,Saison_Seche,46.7,27.4,18.5,0,ONT,100,17,158,Defaut_Connecteur,Élevée,232,25.01,37,35,94.6,582.6,-22.79,171.3,20.69,63.75,5.1,68,0,1490824.0,2,23.9,Urgente
INC-02070,Doba,Urbaine_Moyenne,14.3986,21.1978,Saison_Seche,44.1,28.6,29.5,0,Cable_Fibre,111,1,51,Degradation_Lente,Moyenne,310,43.75,29,25,86.2,184.82,-13.55,2.18,20.77,84.74,2.3,63,0,1214218.0,1,11.5,Urgente
INC-02071,Kélo,Rurale,9.3458,18.279,Saison_Pluies,27.3,82.9,22.2,22,Connecteur,84,1,66,Surtension,Moyenne,468,69.29,25,12,48.0,839.73,-12.68,32.63,39.93,78.77,2.5,31,0,857583.0,7,4.1,Urgente
INC-02072,Sarh,Péri_Urbaine,8.3695,20.8748,Saison_Seche,46.3,24.7,29.8,0,Splitter,58,14,242,Degradation_Lente,Élevée,28,58.86,33,29,87.9,823.41,-23.3,74.55,30.38,83.69,9.7,86,1,2301083.0,3,19.9,Corrective
INC-02073,Doba,Urbaine_Moyenne,10.3207,19.4401,Saison_Seche,39.6,12.3,41.3,1,Boitier_Etanche,23,3,315,Defaut_Connecteur,Élevée,479,53.45,19,18,94.7,341.06,-18.81,137.58,16.79,79.18,8.5,29,1,1621888.0,3,10.7,Urgente
INC-02074,Abéché,Urbaine_Dense,13.2084,14.2504,Saison_Seche,46.2,34.2,27.0,0,Splitter,55,17,176,Panne_OLT,Faible,38,5.5,22,19,86.4,29.81,-4.09,109.56,40.81,66.66,8.4,83,0,1104133.0,4,22.2,Corrective
INC-02075,Kélo,Rurale,10.217,19.5535,Saison_Seche,42.3,12.6,4.0,1,Cable_Fibre,15,16,300,Rupture_Cable,Critique,15,8.7,40,39,97.5,582.06,-7.11,67.11,13.3,99.42,1.5,8,1,1946950.0,3,16.3,Corrective
INC-02076,Sarh,Urbaine_Dense,9.9742,18.2486,Saison_Pluies,34.9,80.5,22.3,16,Antenne_AirPON,97,14,305,Corrosion,Élevée,35,44.09,31,23,74.2,917.97,-11.17,48.37,8.85,99.1,4.1,62,1,1058369.0,5,16.5,Préventive
INC-02077,Doba,Urbaine_Dense,11.4045,14.6966,Saison_Seche,42.8,11.0,53.3,1,Cable_Fibre,7,14,134,Obstruction_Physique,Moyenne,263,2.28,29,20,69.0,68.23,-4.96,46.7,5.16,68.83,2.4,65,1,2446141.0,7,16.7,Corrective
INC-02078,Doba,Urbaine_Moyenne,7.6696,17.1148,Intersaison,33.6,68.8,49.4,6,Boitier_Etanche,33,3,29,Degradation_Lente,Faible,212,46.27,25,19,76.0,656.44,-9.21,165.39,34.01,92.33,5.0,74,1,1495169.0,6,4.6,Urgente
INC-02079,N'Djamena_Centre,Urbaine_Moyenne,11.4286,22.8954,Intersaison,37.1,35.5,50.0,9,Boitier_Etanche,61,7,14,Obstruction_Physique,Faible,188,21.74,42,21,50.0,975.01,-9.89,61.93,14.06,92.83,7.5,15,1,270392.0,9,15.7,Corrective
INC-02080,Doba,Rurale,15.4202,21.9389,Intersaison,33.6,52.1,10.9,7,OLT,36,17,272,Degradation_Lente,Critique,229,11.59,23,17,73.9,774.03,-19.37,181.25,20.5,79.16,5.0,6,0,1457918.0,7,17.9,Urgente
INC-02081,Doba,Urbaine_Dense,13.8948,23.096,Intersaison,32.0,69.9,4.8,3,Splitter,17,3,269,Rupture_Cable,Élevée,105,3.32,43,35,81.4,614.26,-20.84,6.16,45.93,95.8,8.8,99,1,1653731.0,1,4.9,Corrective
INC-02082,Kélo,Péri_Urbaine,8.0639,21.0293,Saison_Pluies,27.4,81.5,48.8,20,Connecteur,69,16,1,Surtension,Faible,249,15.23,2,1,50.0,825.91,-26.34,8.91,23.12,92.0,6.2,49,1,406113.0,1,6.8,Corrective
INC-02083,Abéché,Urbaine_Dense,12.7386,20.1418,Intersaison,34.2,39.3,40.0,3,Boitier_Etanche,45,2,181,Corrosion,Élevée,70,50.11,23,15,65.2,174.23,-2.59,199.39,11.53,86.89,4.4,26,1,1874288.0,4,21.4,Corrective
INC-02084,N'Djamena_Nord,Urbaine_Dense,11.1889,14.962,Saison_Pluies,29.4,94.1,30.5,10,Boitier_Etanche,46,11,193,Panne_OLT,Faible,396,32.36,40,39,97.5,866.67,-14.0,123.52,36.17,82.08,3.6,43,1,1703464.0,3,6.5,Urgente
INC-02085,Kélo,Péri_Urbaine,14.11,14.6257,Saison_Seche,39.4,21.5,41.2,1,ONT,68,5,44,Perte_Signal,Moyenne,404,2.36,30,26,86.7,958.11,-9.69,191.93,37.44,85.29,5.7,62,1,192367.0,9,2.0,Corrective
INC-02086,Moundou,Péri_Urbaine,8.2882,16.0909,Saison_Pluies,33.7,81.2,55.9,22,Connecteur,61,11,21,Corrosion,Moyenne,388,4.97,21,19,90.5,894.07,-33.11,37.11,49.52,70.76,8.6,39,0,994916.0,2,2.8,Urgente
INC-02087,Doba,Urbaine_Moyenne,9.3618,16.7991,Saison_Pluies,32.0,75.9,7.7,18,ONT,9,16,152,Surtension,Critique,132,42.02,21,14,66.7,99.64,-4.85,175.83,5.77,97.02,8.9,43,1,2367698.0,9,12.5,Urgente
INC-02088,Sarh,Péri_Urbaine,13.8291,19.8739,Saison_Seche,45.0,34.3,10.2,1,OLT,91,19,155,Defaut_Connecteur,Faible,168,60.28,8,4,50.0,117.51,-27.93,132.81,13.97,93.26,1.5,76,1,355815.0,8,22.3,Corrective
INC-02089,N'Djamena_Nord,Rurale,14.2936,22.7117,Saison_Pluies,30.7,90.5,35.4,16,Cable_Fibre,59,3,224,Panne_OLT,Faible,411,42.92,22,13,59.1,940.04,-11.65,42.11,10.1,86.8,4.1,11,0,1263347.0,9,7.3,Urgente
INC-02090,Abéché,Rurale,11.7345,22.8527,Intersaison,32.0,52.9,42.4,3,ONT,36,4,83,Rupture_Cable,Élevée,96,27.73,22,15,68.2,593.58,-29.12,155.72,27.79,85.42,6.0,83,1,1951004.0,3,23.4,Corrective
INC-02091,Abéché,Urbaine_Dense,7.6576,20.6647,Saison_Pluies,30.0,71.0,38.6,19,Connecteur,2,15,148,Panne_OLT,Critique,58,31.42,19,12,63.2,271.33,-31.95,79.38,46.68,65.96,7.9,37,1,286916.0,1,22.5,Urgente
INC-02092,Abéché,Urbaine_Dense,14.6497,19.5261,Saison_Pluies,26.6,87.0,15.2,11,Cable_Fibre,11,10,265,Corrosion,Élevée,426,28.8,26,18,69.2,783.04,-26.46,103.45,28.28,89.09,2.8,80,1,2043651.0,8,15.9,Urgente
INC-02093,Doba,Péri_Urbaine,10.5621,16.0661,Saison_Seche,39.8,17.4,37.3,2,Antenne_AirPON,118,2,285,Perte_Signal,Élevée,259,64.57,26,16,61.5,138.66,-22.68,182.86,12.39,99.92,6.3,34,1,1391721.0,2,12.6,Urgente
INC-02094,N'Djamena_Centre,Péri_Urbaine,7.8174,23.3484,Saison_Pluies,35.0,75.8,33.6,12,Connecteur,24,14,338,Panne_OLT,Moyenne,311,10.99,28,27,96.4,257.95,-32.28,74.73,19.81,77.76,4.4,88,0,985745.0,5,6.0,Corrective
INC-02095,N'Djamena_Centre,Urbaine_Moyenne,14.0505,20.5467,Saison_Seche,37.4,14.4,1.4,0,OLT,55,19,79,Degradation_Lente,Moyenne,339,27.48,3,1,33.3,715.74,-25.3,107.25,38.65,88.25,3.8,20,0,292599.0,2,14.4,Urgente
INC-02096,Kélo,Urbaine_Dense,10.8446,19.1013,Saison_Pluies,25.6,92.4,37.3,19,OLT,115,19,315,Surtension,Faible,36,22.2,14,8,57.1,34.14,-14.4,57.66,25.48,67.48,6.7,35,1,1057244.0,1,9.1,Préventive
INC-02097,N'Djamena_Nord,Urbaine_Moyenne,9.0199,14.5915,Saison_Seche,45.8,14.6,27.1,0,Boitier_Etanche,29,15,34,Defaut_Connecteur,Faible,355,42.42,6,5,83.3,336.87,-18.45,92.07,10.45,68.21,1.9,46,1,1571633.0,3,14.0,Urgente
INC-02098,Doba,Urbaine_Moyenne,13.9126,22.1718,Saison_Seche,39.4,11.7,51.2,0,Connecteur,114,14,287,Panne_OLT,Moyenne,167,49.83,19,13,68.4,127.56,-9.58,46.66,34.82,90.7,2.6,80,1,1887920.0,3,16.5,Préventive
INC-02099,N'Djamena_Nord,Urbaine_Dense,11.1617,17.1644,Intersaison,28.4,50.5,39.3,6,Antenne_AirPON,79,2,240,Corrosion,Critique,356,37.25,8,4,50.0,304.8,-14.38,132.41,34.89,66.52,3.7,99,0,1184918.0,9,0.6,Urgente
INC-02100,Abéché,Urbaine_Moyenne,12.3625,22.9562,Saison_Seche,42.5,19.5,32.8,0,Connecteur,103,7,336,Panne_OLT,Moyenne,485,71.39,47,26,55.3,893.58,-6.53,93.96,48.03,67.77,4.2,6,1,1255490.0,1,1.7,Urgente
INC-02101,N'Djamena_Centre,Péri_Urbaine,14.085,15.2684,Intersaison,32.4,69.7,53.7,6,Connecteur,118,6,334,Corrosion,Élevée,392,18.3,28,20,71.4,499.43,-12.59,151.06,42.68,80.81,4.0,51,1,1850833.0,1,9.0,Urgente
INC-02102,N'Djamena_Sud,Urbaine_Moyenne,11.6794,14.0102,Intersaison,28.6,50.9,39.8,5,ONT,3,14,101,Corrosion,Faible,295,1.33,10,7,70.0,84.1,-30.92,173.82,42.38,64.08,9.1,78,1,993349.0,9,13.6,Urgente
INC-02103,Kélo,Péri_Urbaine,8.3838,18.0646,Saison_Seche,45.2,26.1,15.0,1,Splitter,18,5,102,Defaut_Connecteur,Moyenne,226,52.09,1,0,0.0,180.13,-10.36,123.93,45.1,64.33,5.9,25,0,298163.0,6,9.0,Urgente
INC-02104,Abéché,Urbaine_Dense,15.2101,14.3222,Intersaison,35.7,54.2,28.1,2,Boitier_Etanche,109,1,25,Defaut_Connecteur,Élevée,415,17.63,23,19,82.6,772.05,-23.6,29.41,31.24,60.18,7.0,81,1,2212269.0,9,2.0,Urgente
INC-02105,N'Djamena_Centre,Urbaine_Moyenne,9.7923,14.1489,Saison_Pluies,26.5,89.2,40.3,21,Splitter,102,10,15,Rupture_Cable,Faible,121,69.89,1,0,0.0,112.97,-34.1,81.25,23.89,95.64,9.8,42,0,2277157.0,5,20.3,Corrective
INC-02106,Kélo,Rurale,15.454,20.9942,Saison_Seche,44.3,24.1,49.2,1,Antenne_AirPON,21,9,28,Corrosion,Faible,288,57.86,40,32,80.0,490.35,-34.74,46.33,2.39,68.11,7.9,63,1,979362.0,2,2.7,Urgente
INC-02107,Moundou,Urbaine_Dense,7.5482,16.2024,Saison_Pluies,27.8,75.4,17.0,19,Splitter,44,9,139,Panne_OLT,Moyenne,474,45.08,11,8,72.7,423.38,-27.18,181.27,19.74,60.98,4.3,11,1,2466319.0,5,13.1,Urgente
INC-02108,N'Djamena_Centre,Urbaine_Dense,11.3703,20.2079,Intersaison,33.5,46.2,43.6,2,Antenne_AirPON,34,10,81,Panne_OLT,Élevée,117,50.71,21,15,71.4,259.9,-28.34,95.81,25.0,96.89,4.6,91,1,1002903.0,3,19.7,Corrective
INC-02109,Bongor,Urbaine_Moyenne,13.1395,19.4937,Saison_Pluies,26.7,76.6,41.0,17,Antenne_AirPON,42,2,40,Rupture_Cable,Moyenne,249,57.58,4,3,75.0,931.41,-21.24,71.73,47.18,64.58,4.5,91,1,1868164.0,2,5.4,Urgente
INC-02110,N'Djamena_Nord,Urbaine_Dense,14.7504,14.9779,Saison_Pluies,32.6,73.2,8.8,17,Antenne_AirPON,67,15,96,Panne_OLT,Élevée,433,49.28,15,14,93.3,165.68,-2.64,175.79,27.17,92.62,4.3,61,1,1272781.0,9,14.2,Urgente
INC-02111,Bongor,Urbaine_Dense,13.7427,17.5507,Saison_Seche,44.7,10.0,9.2,2,ONT,56,15,180,Perte_Signal,Moyenne,59,22.61,6,3,50.0,547.45,-14.9,93.9,29.76,82.73,5.4,44,1,2427163.0,8,17.0,Corrective
INC-02112,Kélo,Rurale,9.545,14.1937,Saison_Pluies,25.4,74.3,30.1,13,Splitter,8,7,148,Defaut_Connecteur,Élevée,165,36.46,42,40,95.2,471.83,-34.64,64.83,31.65,76.52,1.8,23,1,2305340.0,4,9.7,Corrective
INC-02113,Doba,Urbaine_Dense,9.4464,17.9276,Saison_Seche,37.2,23.5,24.7,1,Splitter,60,14,284,Degradation_Lente,Faible,231,22.62,7,6,85.7,49.57,-4.26,197.28,46.07,77.81,3.1,15,0,1876255.0,9,9.6,Urgente
INC-02114,Kélo,Urbaine_Dense,10.3527,15.4148,Saison_Seche,41.4,31.0,8.0,2,Splitter,58,18,103,Rupture_Cable,Moyenne,352,50.59,19,13,68.4,829.0,-33.3,47.2,19.72,71.21,5.0,23,1,2399032.0,4,1.4,Urgente
INC-02115,Bongor,Rurale,8.3843,14.5112,Saison_Pluies,28.0,90.9,5.3,18,Connecteur,99,2,284,Panne_OLT,Faible,483,0.6,45,23,51.1,400.62,-1.63,80.68,45.74,87.0,7.2,56,0,353647.0,8,19.6,Urgente
INC-02116,N'Djamena_Nord,Urbaine_Moyenne,12.8566,16.8283,Saison_Pluies,27.9,89.5,53.9,22,ONT,3,4,211,Perte_Signal,Faible,87,27.76,26,21,80.8,814.0,-2.99,140.96,29.06,77.53,2.9,5,1,2054818.0,7,3.5,Corrective
INC-02117,Doba,Péri_Urbaine,15.0301,13.5359,Saison_Seche,39.1,33.4,11.5,1,Connecteur,104,12,237,Degradation_Lente,Critique,41,11.42,16,9,56.2,30.64,-19.62,66.9,2.79,86.84,3.1,24,1,847543.0,9,3.4,Préventive
INC-02118,N'Djamena_Sud,Urbaine_Moyenne,12.6368,21.4566,Saison_Pluies,31.2,83.0,22.1,17,Boitier_Etanche,13,8,347,Obstruction_Physique,Moyenne,272,68.36,17,8,47.1,415.29,-15.39,101.83,20.17,73.22,4.5,91,1,1992946.0,4,3.7,Urgente
INC-02119,Moundou,Rurale,11.767,15.1609,Saison_Seche,42.8,13.5,28.0,0,Connecteur,80,13,355,Obstruction_Physique,Faible,53,51.79,16,10,62.5,686.05,-21.14,5.35,4.35,72.76,6.0,18,1,2001595.0,2,17.6,Préventive
INC-02120,Moundou,Urbaine_Dense,11.5268,20.0713,Saison_Pluies,33.0,93.2,5.0,20,Cable_Fibre,43,4,158,Defaut_Connecteur,Moyenne,369,36.25,11,10,90.9,809.2,-31.85,45.19,10.5,80.04,8.0,26,1,1748913.0,1,4.1,Corrective
INC-02121,Abéché,Péri_Urbaine,12.2409,22.2421,Saison_Pluies,25.8,72.3,8.3,24,ONT,94,18,196,Perte_Signal,Moyenne,266,17.43,30,17,56.7,268.02,-34.49,164.9,18.09,71.16,6.6,38,1,1032704.0,1,10.1,Préventive
INC-02122,N'Djamena_Nord,Péri_Urbaine,13.1849,23.131,Saison_Pluies,29.0,88.1,31.5,23,OLT,48,10,226,Defaut_Connecteur,Élevée,225,1.38,47,45,95.7,3.16,-18.45,21.17,48.08,97.98,1.5,5,1,264882.0,7,20.3,Urgente
INC-02123,N'Djamena_Centre,Urbaine_Dense,13.86,19.3545,Saison_Pluies,30.6,73.4,42.0,22,ONT,9,18,119,Rupture_Cable,Faible,401,54.41,33,17,51.5,474.12,-2.59,115.35,29.38,74.08,1.9,17,1,1894572.0,2,9.5,Urgente
INC-02124,Doba,Péri_Urbaine,13.0866,21.777,Saison_Seche,45.9,15.3,50.7,0,Antenne_AirPON,109,1,311,Degradation_Lente,Moyenne,468,35.73,46,23,50.0,38.74,-33.09,43.81,49.16,69.1,3.5,64,0,738161.0,8,13.4,Urgente
INC-02125,Bongor,Péri_Urbaine,13.1403,18.2751,Saison_Pluies,33.7,72.0,51.8,12,Splitter,86,15,289,Panne_OLT,Faible,146,6.45,2,1,50.0,937.68,-9.39,87.02,15.34,71.69,4.7,54,0,504483.0,5,14.6,Préventive
INC-02126,Kélo,Rurale,15.1139,18.6469,Intersaison,38.0,37.9,32.7,8,OLT,93,1,41,Rupture_Cable,Moyenne,482,41.4,5,3,60.0,204.4,-30.07,145.45,33.43,95.91,5.9,38,1,117030.0,2,16.6,Urgente
INC-02127,Bongor,Rurale,14.6947,19.2411,Intersaison,39.1,51.4,17.2,5,Connecteur,77,5,44,Surtension,Élevée,118,2.88,7,5,71.4,676.78,-9.48,90.22,27.37,62.11,5.4,59,1,2110284.0,4,6.3,Corrective
INC-02128,Abéché,Urbaine_Moyenne,14.0914,20.5364,Saison_Pluies,28.7,73.0,34.8,16,ONT,68,16,81,Obstruction_Physique,Élevée,82,31.19,42,39,92.9,516.61,-19.13,99.83,19.55,96.04,2.2,74,0,1153907.0,6,6.1,Urgente
INC-02129,N'Djamena_Nord,Urbaine_Moyenne,7.8469,20.5341,Intersaison,36.3,37.3,37.4,9,Splitter,46,13,119,Rupture_Cable,Faible,51,31.67,15,13,86.7,597.12,-19.53,194.87,45.41,84.64,3.5,72,1,1257019.0,3,6.6,Corrective
INC-02130,Bongor,Rurale,12.8509,21.7465,Saison_Pluies,33.5,82.7,17.2,20,OLT,90,12,105,Degradation_Lente,Faible,294,62.18,15,14,93.3,950.02,-6.81,36.73,23.51,84.26,8.9,65,0,1471894.0,8,17.2,Urgente
INC-02131,N'Djamena_Centre,Urbaine_Dense,11.1398,19.9779,Saison_Seche,43.6,13.8,40.0,0,Cable_Fibre,51,12,136,Surtension,Critique,59,71.09,28,26,92.9,816.99,-28.84,125.62,19.65,63.25,6.4,71,0,1767581.0,6,20.0,Urgente
INC-02132,N'Djamena_Centre,Urbaine_Moyenne,12.4408,22.7677,Saison_Pluies,31.8,86.6,10.5,18,Cable_Fibre,30,7,304,Panne_OLT,Faible,126,10.37,19,12,63.2,604.09,-19.05,41.96,12.08,75.32,8.8,69,0,1182020.0,7,8.9,Corrective
INC-02133,N'Djamena_Sud,Urbaine_Dense,12.9903,20.947,Intersaison,30.1,58.4,17.7,3,ONT,115,17,49,Defaut_Connecteur,Moyenne,353,50.55,15,10,66.7,608.66,-32.23,170.43,37.13,97.23,4.6,69,0,2102087.0,1,8.5,Urgente
INC-02134,Moundou,Péri_Urbaine,13.2172,23.254,Saison_Seche,38.5,11.6,55.8,1,Antenne_AirPON,54,9,309,Obstruction_Physique,Élevée,66,62.76,9,8,88.9,318.06,-10.94,140.23,30.62,60.01,6.4,85,1,1699247.0,5,3.8,Urgente
INC-02135,N'Djamena_Nord,Péri_Urbaine,14.4554,21.3796,Saison_Seche,40.4,13.8,30.6,2,Cable_Fibre,66,15,259,Defaut_Connecteur,Élevée,188,30.97,22,20,90.9,14.65,-27.91,157.13,12.11,75.64,1.4,27,0,1934194.0,3,19.3,Urgente
INC-02136,N'Djamena_Centre,Péri_Urbaine,14.7799,21.2564,Intersaison,37.2,42.1,9.0,3,Antenne_AirPON,104,5,152,Rupture_Cable,Élevée,423,23.51,32,17,53.1,213.2,-13.99,150.0,41.03,81.88,5.0,69,1,499817.0,4,15.9,Urgente
INC-02137,Kélo,Rurale,12.3546,22.5342,Saison_Pluies,28.3,76.7,40.1,15,Splitter,38,6,272,Perte_Signal,Moyenne,409,1.44,29,17,58.6,327.0,-19.98,55.34,47.43,77.6,8.9,67,1,2154186.0,5,1.3,Corrective
INC-02138,Moundou,Urbaine_Moyenne,14.6533,20.386,Saison_Seche,38.9,26.1,13.8,0,OLT,45,6,253,Corrosion,Faible,189,40.57,18,17,94.4,327.23,-3.59,144.32,34.46,92.32,2.8,24,1,2078941.0,1,22.9,Corrective
INC-02139,N'Djamena_Centre,Urbaine_Moyenne,13.617,15.3855,Saison_Pluies,30.2,88.4,2.1,21,ONT,70,18,229,Corrosion,Moyenne,295,12.99,8,5,62.5,424.48,-17.16,91.74,21.09,81.21,2.7,85,1,1906272.0,2,5.9,Préventive
INC-02140,Abéché,Urbaine_Moyenne,9.1218,14.3712,Saison_Seche,42.2,30.5,52.3,1,Splitter,38,16,183,Obstruction_Physique,Moyenne,346,5.35,32,20,62.5,230.23,-6.66,77.91,39.58,86.28,8.4,56,1,143731.0,4,17.0,Corrective
INC-02141,Abéché,Rurale,7.7825,16.8162,Saison_Seche,40.1,24.5,26.1,0,ONT,118,7,355,Defaut_Connecteur,Élevée,322,0.29,24,22,91.7,769.27,-3.31,72.92,27.71,64.81,5.3,17,1,2153204.0,6,8.5,Urgente
INC-02142,N'Djamena_Centre,Rurale,7.5791,22.0511,Saison_Seche,46.6,21.8,46.6,0,Boitier_Etanche,57,6,10,Defaut_Connecteur,Critique,70,69.19,48,37,77.1,188.98,-32.94,138.75,1.4,69.61,1.8,72,0,1074259.0,8,21.1,Urgente
INC-02143,Kélo,Rurale,12.193,13.7279,Saison_Seche,40.3,21.5,51.3,2,Boitier_Etanche,55,18,72,Panne_OLT,Moyenne,123,61.78,3,2,66.7,802.0,-26.57,111.93,32.73,95.57,7.8,14,0,2321673.0,6,7.9,Corrective
INC-02144,Doba,Rurale,11.6727,15.0754,Saison_Pluies,30.9,73.9,34.4,11,Boitier_Etanche,17,6,25,Panne_OLT,Critique,2,69.28,36,25,69.4,561.52,-30.6,86.34,38.0,82.71,5.2,87,1,439529.0,2,21.8,Urgente
INC-02145,Sarh,Rurale,13.0709,14.6142,Saison_Seche,46.9,31.0,5.8,2,Boitier_Etanche,115,12,325,Surtension,Faible,340,67.8,39,32,82.1,460.0,-30.78,166.38,14.47,87.01,8.1,90,1,228207.0,8,11.3,Préventive
INC-02146,Kélo,Rurale,14.2426,13.8903,Intersaison,35.8,47.5,19.2,8,Antenne_AirPON,5,6,76,Panne_OLT,Faible,242,45.02,19,12,63.2,335.54,-34.11,144.25,14.88,70.76,4.2,28,1,505072.0,4,22.4,Urgente
INC-02147,Doba,Urbaine_Dense,8.8155,22.008,Saison_Pluies,25.9,78.9,15.2,13,Cable_Fibre,12,4,112,Defaut_Connecteur,Faible,484,43.64,38,37,97.4,122.71,-15.49,23.17,16.45,95.28,9.2,34,1,70029.0,7,5.6,Corrective
INC-02148,Kélo,Urbaine_Dense,14.3515,16.4357,Saison_Seche,40.4,16.8,36.3,2,Splitter,34,0,309,Defaut_Connecteur,Faible,401,60.99,6,4,66.7,804.77,-24.85,66.09,33.96,66.48,7.8,94,1,1577070.0,5,20.0,Urgente
INC-02149,N'Djamena_Nord,Rurale,8.2847,21.1537,Saison_Seche,41.9,28.5,24.7,2,Cable_Fibre,61,1,362,Obstruction_Physique,Moyenne,43,68.15,38,22,57.9,497.21,-20.33,155.55,11.16,90.47,5.3,89,0,130299.0,7,15.8,Préventive
INC-02150,N'Djamena_Sud,Péri_Urbaine,14.5659,14.9901,Intersaison,29.2,47.9,24.7,4,Cable_Fibre,3,15,256,Defaut_Connecteur,Moyenne,90,42.43,5,2,40.0,209.32,-13.1,130.62,35.48,67.65,9.7,87,0,2175208.0,4,0.8,Urgente
INC-02151,Bongor,Rurale,14.3039,17.7938,Saison_Pluies,31.3,70.5,39.3,21,Splitter,106,1,82,Surtension,Moyenne,73,8.63,42,33,78.6,970.34,-15.06,86.01,5.72,89.95,5.1,36,1,1579434.0,7,9.2,Préventive
INC-02152,Sarh,Péri_Urbaine,13.0756,14.7229,Saison_Seche,37.6,22.7,1.9,2,OLT,75,8,189,Perte_Signal,Moyenne,258,9.48,6,4,66.7,173.99,-19.43,92.77,25.71,99.25,8.7,22,1,298227.0,7,11.7,Préventive
INC-02153,Bongor,Urbaine_Dense,9.9002,13.526,Saison_Seche,45.2,19.3,7.9,2,Connecteur,51,7,264,Degradation_Lente,Moyenne,362,47.51,5,3,60.0,365.73,-14.3,115.79,37.77,84.01,3.5,43,1,224210.0,9,7.6,Urgente
INC-02154,Moundou,Rurale,8.2473,19.9382,Saison_Seche,45.0,21.6,53.3,2,OLT,18,1,212,Degradation_Lente,Faible,344,5.82,1,0,0.0,304.52,-29.17,26.31,33.39,89.12,8.4,52,1,754246.0,8,0.7,Préventive
INC-02155,N'Djamena_Centre,Péri_Urbaine,13.7247,18.5503,Saison_Pluies,26.4,87.3,50.2,21,Antenne_AirPON,113,1,16,Panne_OLT,Faible,478,44.04,10,5,50.0,175.51,-17.27,38.9,31.16,87.44,6.5,39,0,825759.0,8,12.4,Urgente
INC-02156,Doba,Urbaine_Moyenne,9.243,17.8747,Saison_Pluies,25.8,77.3,56.5,23,OLT,22,4,66,Degradation_Lente,Faible,96,69.4,42,32,76.2,592.24,-1.32,26.93,36.63,76.57,6.7,41,1,365160.0,7,13.0,Corrective
INC-02157,Sarh,Urbaine_Moyenne,11.0275,14.3259,Intersaison,28.9,57.9,12.6,7,OLT,4,0,194,Corrosion,Moyenne,275,0.24,23,20,87.0,16.01,-1.91,19.92,6.08,70.96,4.1,55,1,447492.0,4,14.8,Préventive
INC-02158,Moundou,Urbaine_Moyenne,11.7469,19.6762,Intersaison,35.1,38.0,20.5,3,ONT,59,3,152,Panne_OLT,Élevée,459,13.37,5,3,60.0,828.63,-7.11,136.73,26.47,85.14,5.5,85,0,1688940.0,7,23.7,Urgente
INC-02159,Bongor,Urbaine_Moyenne,12.9835,21.69,Saison_Seche,45.6,31.6,6.7,1,Connecteur,23,15,24,Defaut_Connecteur,Faible,413,68.01,45,36,80.0,702.46,-13.62,41.37,41.19,96.18,3.9,83,1,1223123.0,1,20.2,Urgente
INC-02160,Bongor,Péri_Urbaine,11.3995,14.2061,Intersaison,38.5,42.5,38.4,2,ONT,29,18,61,Degradation_Lente,Faible,225,35.2,49,44,89.8,240.98,-21.7,29.46,21.92,96.61,5.4,96,1,1477604.0,4,21.6,Corrective
INC-02161,N'Djamena_Sud,Rurale,13.0563,17.8413,Intersaison,36.4,58.5,46.9,7,Antenne_AirPON,47,14,238,Rupture_Cable,Élevée,97,20.65,23,20,87.0,830.24,-30.28,150.05,11.46,72.42,5.0,29,1,1806391.0,5,0.6,Corrective
INC-02162,N'Djamena_Centre,Urbaine_Dense,14.0123,16.7713,Saison_Pluies,27.1,80.9,37.1,16,ONT,92,0,238,Surtension,Critique,72,17.91,1,0,0.0,895.94,-4.66,103.9,4.6,94.27,9.7,84,1,2024138.0,9,4.3,Préventive
INC-02163,Doba,Urbaine_Dense,13.2045,22.8647,Saison_Seche,45.8,12.8,35.8,0,Cable_Fibre,53,4,202,Panne_OLT,Moyenne,68,62.2,39,38,97.4,733.32,-6.89,89.38,42.2,66.82,1.7,47,1,602317.0,7,23.2,Corrective
INC-02164,Bongor,Urbaine_Dense,9.896,16.2579,Saison_Seche,35.3,28.0,48.1,1,Boitier_Etanche,71,2,43,Defaut_Connecteur,Moyenne,215,30.93,14,13,92.9,49.51,-20.05,71.73,46.95,85.15,8.8,44,1,1907777.0,1,19.3,Urgente
INC-02165,Moundou,Péri_Urbaine,14.6543,23.4149,Saison_Seche,36.7,15.6,5.3,0,Boitier_Etanche,107,15,74,Rupture_Cable,Moyenne,52,45.77,6,4,66.7,462.97,-14.51,119.2,31.35,79.84,1.9,80,1,271298.0,7,9.6,Corrective
INC-02166,N'Djamena_Centre,Rurale,11.9046,22.1982,Saison_Seche,37.3,14.3,44.5,1,ONT,54,7,24,Surtension,Faible,452,22.32,25,13,52.0,88.5,-15.88,166.5,0.38,72.35,5.0,42,1,158300.0,6,22.3,Corrective
INC-02167,Kélo,Urbaine_Dense,11.223,14.5517,Intersaison,33.4,61.4,53.6,6,OLT,16,18,303,Rupture_Cable,Moyenne,390,39.24,32,19,59.4,18.59,-31.2,79.77,2.32,90.95,2.7,61,1,1283657.0,2,18.9,Corrective
INC-02168,Sarh,Urbaine_Dense,12.1004,18.5467,Intersaison,32.8,59.7,38.8,4,OLT,41,0,314,Corrosion,Moyenne,288,57.31,33,29,87.9,226.65,-9.17,2.62,8.6,88.84,7.2,11,1,1818396.0,5,16.9,Préventive
INC-02169,Sarh,Rurale,11.3658,20.3145,Saison_Pluies,28.5,85.8,41.0,23,Cable_Fibre,104,3,103,Defaut_Connecteur,Faible,315,24.38,10,7,70.0,913.87,-23.15,177.47,0.56,93.62,6.6,92,1,2414786.0,1,17.3,Corrective
INC-02170,Sarh,Urbaine_Dense,13.5409,19.7273,Saison_Pluies,34.6,73.2,38.6,19,Connecteur,59,16,43,Obstruction_Physique,Faible,175,28.64,22,17,77.3,378.41,-19.94,107.93,25.95,85.29,3.2,6,1,1079595.0,6,21.1,Corrective
INC-02171,Bongor,Urbaine_Dense,10.8653,20.6319,Saison_Seche,42.3,12.8,49.4,1,Boitier_Etanche,118,11,247,Corrosion,Faible,198,31.92,24,12,50.0,822.4,-14.94,26.78,13.88,68.31,5.0,89,0,1055402.0,6,6.6,Urgente
INC-02172,Kélo,Urbaine_Dense,13.7138,17.9762,Saison_Pluies,33.9,91.4,23.8,19,Splitter,43,2,11,Degradation_Lente,Moyenne,364,43.12,11,10,90.9,881.73,-1.03,11.01,9.29,83.17,4.4,42,1,1508273.0,3,24.0,Corrective
INC-02173,N'Djamena_Sud,Rurale,13.5812,22.9998,Saison_Pluies,32.4,79.5,51.5,24,Splitter,56,7,334,Degradation_Lente,Élevée,140,21.91,22,15,68.2,319.81,-13.61,109.39,20.11,68.87,4.5,8,0,2340199.0,9,23.7,Urgente
INC-02174,Bongor,Urbaine_Dense,9.715,16.3388,Saison_Seche,46.0,23.5,16.2,2,Connecteur,45,14,235,Surtension,Moyenne,323,32.09,32,28,87.5,891.27,-24.72,98.99,8.1,96.4,1.7,69,1,1723075.0,3,7.1,Corrective
INC-02175,Moundou,Urbaine_Dense,8.2675,14.4881,Saison_Pluies,31.2,90.0,6.9,14,Antenne_AirPON,25,9,221,Corrosion,Élevée,117,39.45,41,35,85.4,610.46,-34.19,22.16,29.43,85.47,3.0,89,0,2018721.0,4,21.2,Urgente
INC-02176,Sarh,Rurale,14.3077,23.7687,Saison_Seche,45.9,33.6,3.7,1,Connecteur,26,19,7,Obstruction_Physique,Critique,465,25.53,20,14,70.0,99.33,-24.21,118.85,3.87,77.53,3.7,51,1,1308404.0,8,5.5,Urgente
INC-02177,N'Djamena_Sud,Urbaine_Dense,8.8514,20.3456,Saison_Seche,43.0,13.6,5.9,2,ONT,64,11,268,Obstruction_Physique,Moyenne,426,0.51,8,7,87.5,743.62,-14.91,133.84,12.52,65.52,4.1,82,1,1713674.0,8,12.5,Préventive
INC-02178,N'Djamena_Nord,Péri_Urbaine,7.7495,20.4216,Saison_Pluies,33.0,77.9,27.4,14,ONT,37,15,13,Defaut_Connecteur,Critique,154,19.43,40,26,65.0,425.37,-16.49,128.24,4.51,86.69,3.9,60,0,320196.0,1,13.3,Urgente
INC-02179,Sarh,Urbaine_Dense,10.7186,22.084,Saison_Pluies,33.1,86.6,35.7,24,ONT,15,14,122,Defaut_Connecteur,Moyenne,411,58.75,13,6,46.2,607.92,-7.03,80.06,44.89,63.5,9.3,67,1,1159565.0,1,2.9,Urgente
INC-02180,N'Djamena_Centre,Péri_Urbaine,9.5332,17.9251,Saison_Pluies,30.7,79.1,38.1,19,OLT,91,5,50,Defaut_Connecteur,Faible,49,20.41,26,17,65.4,485.14,-34.77,72.85,15.72,63.35,1.0,95,1,2186300.0,6,1.5,Corrective
INC-02181,N'Djamena_Centre,Urbaine_Dense,9.2629,17.5555,Saison_Pluies,32.7,87.2,33.9,16,Antenne_AirPON,32,8,155,Rupture_Cable,Faible,151,59.21,8,6,75.0,979.87,-2.52,125.93,37.72,62.34,3.4,50,1,427989.0,4,19.5,Corrective
INC-02182,N'Djamena_Centre,Urbaine_Moyenne,8.8785,23.466,Saison_Seche,36.9,13.6,12.4,0,Boitier_Etanche,58,6,215,Perte_Signal,Moyenne,77,29.45,43,22,51.2,700.03,-6.0,72.47,6.45,96.76,4.8,14,1,1981931.0,7,18.2,Corrective
INC-02183,Kélo,Urbaine_Moyenne,13.4936,17.5612,Intersaison,33.3,60.3,51.9,6,Connecteur,60,1,155,Defaut_Connecteur,Faible,203,62.37,44,36,81.8,220.79,-27.13,119.68,38.72,77.78,6.3,2,1,2307279.0,7,3.8,Urgente
INC-02184,Moundou,Péri_Urbaine,13.7674,14.324,Saison_Pluies,31.2,89.6,12.7,10,Connecteur,97,2,9,Perte_Signal,Faible,392,27.03,26,25,96.2,789.87,-31.38,182.3,24.23,66.24,10.0,65,0,2296772.0,1,20.4,Urgente
INC-02185,Moundou,Péri_Urbaine,7.8711,16.7322,Intersaison,32.8,44.1,49.5,6,Antenne_AirPON,8,7,63,Surtension,Faible,76,21.05,9,5,55.6,681.19,-9.7,123.75,37.26,89.28,4.7,41,0,2418605.0,5,11.2,Corrective
INC-02186,N'Djamena_Nord,Rurale,11.8745,22.6722,Intersaison,38.7,47.6,42.8,2,ONT,53,14,196,Surtension,Faible,218,17.11,46,24,52.2,520.91,-15.94,143.35,24.4,77.83,1.7,77,0,462309.0,9,3.0,Corrective
INC-02187,N'Djamena_Sud,Urbaine_Moyenne,8.5812,14.4971,Saison_Seche,40.5,31.4,21.3,0,Connecteur,116,7,8,Panne_OLT,Élevée,199,21.79,3,1,33.3,954.75,-8.0,161.8,8.59,96.99,4.4,49,1,2327181.0,1,0.8,Corrective
INC-02188,Moundou,Péri_Urbaine,11.4964,21.0254,Intersaison,29.5,41.5,25.3,4,OLT,70,17,230,Perte_Signal,Élevée,329,14.28,38,20,52.6,476.7,-28.25,199.32,6.48,62.83,7.9,18,1,1770650.0,6,20.3,Urgente
INC-02189,N'Djamena_Sud,Rurale,10.2834,16.2972,Intersaison,39.1,59.5,48.8,9,Connecteur,96,6,44,Surtension,Faible,190,54.04,1,0,0.0,551.8,-14.28,125.44,11.09,70.17,8.1,44,0,2497870.0,3,7.4,Urgente
INC-02190,Kélo,Urbaine_Dense,9.1145,21.3306,Saison_Seche,36.0,15.7,59.1,0,Splitter,119,2,278,Obstruction_Physique,Faible,324,70.69,39,23,59.0,763.96,-3.21,84.97,23.23,98.52,8.5,74,1,2340017.0,8,6.9,Préventive
INC-02191,Abéché,Urbaine_Dense,15.0845,18.9028,Saison_Seche,44.3,26.6,14.6,2,OLT,45,5,237,Perte_Signal,Faible,427,28.6,23,15,65.2,826.12,-0.68,88.78,24.7,88.56,5.7,96,1,1696325.0,9,20.4,Corrective
INC-02192,Abéché,Péri_Urbaine,15.154,20.184,Intersaison,34.3,61.9,41.3,4,ONT,105,19,211,Rupture_Cable,Élevée,480,23.99,35,33,94.3,643.66,-8.73,150.71,24.5,79.47,6.1,20,1,2280692.0,2,0.7,Préventive
INC-02193,N'Djamena_Sud,Urbaine_Moyenne,12.0118,16.0536,Saison_Seche,44.9,19.4,4.5,0,Cable_Fibre,8,19,130,Corrosion,Élevée,306,45.91,45,24,53.3,758.93,-0.31,194.18,30.09,92.72,3.5,55,1,684327.0,5,17.9,Urgente
INC-02194,Sarh,Urbaine_Moyenne,9.0044,15.2652,Intersaison,36.4,57.0,4.9,9,Antenne_AirPON,64,16,300,Rupture_Cable,Élevée,75,30.99,9,7,77.8,783.09,-1.39,26.94,5.96,88.19,4.3,84,1,1996698.0,4,15.4,Préventive
INC-02195,Doba,Urbaine_Moyenne,12.1661,14.1647,Saison_Seche,37.1,19.8,27.1,0,Splitter,3,7,271,Degradation_Lente,Faible,479,3.46,36,22,61.1,854.63,-1.21,136.45,42.88,64.04,4.4,55,1,1325765.0,3,20.6,Urgente
INC-02196,N'Djamena_Sud,Rurale,14.928,22.1686,Saison_Pluies,27.5,84.9,1.1,21,Antenne_AirPON,86,3,165,Degradation_Lente,Critique,305,24.79,21,20,95.2,706.35,-20.55,86.18,43.18,87.17,5.9,82,0,2006861.0,9,1.9,Urgente
INC-02197,Doba,Urbaine_Dense,10.5221,20.9601,Saison_Pluies,32.7,89.8,54.6,19,Boitier_Etanche,64,11,38,Obstruction_Physique,Élevée,319,57.61,18,9,50.0,584.17,-30.62,116.55,31.04,69.79,8.6,49,1,2250401.0,8,11.0,Urgente
INC-02198,Bongor,Urbaine_Moyenne,8.6019,16.5802,Intersaison,32.6,67.1,23.2,3,OLT,119,6,277,Degradation_Lente,Moyenne,110,4.94,4,2,50.0,290.78,-30.25,83.51,41.03,65.68,1.5,92,1,1789033.0,2,5.5,Préventive
INC-02199,N'Djamena_Nord,Urbaine_Dense,13.0495,22.2876,Saison_Pluies,30.8,73.0,22.9,12,Cable_Fibre,53,6,20,Obstruction_Physique,Élevée,131,18.63,45,43,95.6,295.54,-31.97,29.76,9.89,60.06,9.3,37,1,1394545.0,1,12.9,Corrective
INC-02200,Moundou,Rurale,12.7502,22.2538,Saison_Seche,45.8,17.9,19.5,2,OLT,38,0,361,Corrosion,Moyenne,8,70.19,28,22,78.6,191.21,-34.99,91.04,24.89,81.56,8.9,7,0,107408.0,1,13.6,Préventive
INC-02201,Doba,Urbaine_Dense,7.5111,14.9465,Saison_Pluies,33.6,93.5,17.9,13,Splitter,55,17,72,Rupture_Cable,Moyenne,488,20.38,31,19,61.3,295.92,-21.15,190.14,6.6,88.21,5.8,39,1,1340444.0,1,14.1,Corrective
INC-02202,N'Djamena_Sud,Urbaine_Dense,14.3288,20.9937,Saison_Seche,40.4,25.5,5.6,1,Connecteur,54,2,299,Obstruction_Physique,Moyenne,72,61.31,41,35,85.4,795.54,-1.0,17.34,28.21,72.51,7.1,31,1,490463.0,5,16.6,Corrective
INC-02203,N'Djamena_Sud,Rurale,12.786,16.569,Saison_Pluies,31.5,71.8,36.4,18,Antenne_AirPON,36,16,56,Defaut_Connecteur,Élevée,264,64.74,15,12,80.0,704.21,-32.29,198.59,49.16,82.0,8.3,54,0,2174584.0,4,7.7,Urgente
INC-02204,N'Djamena_Centre,Urbaine_Moyenne,9.0656,18.4055,Saison_Seche,43.7,10.7,15.2,2,ONT,43,10,329,Corrosion,Moyenne,364,49.09,2,1,50.0,281.41,-16.34,11.0,9.65,82.25,8.2,43,0,1626423.0,8,1.3,Urgente
INC-02205,N'Djamena_Sud,Péri_Urbaine,7.5259,18.0165,Saison_Seche,36.5,27.4,20.8,0,Antenne_AirPON,32,1,156,Defaut_Connecteur,Critique,50,34.16,32,31,96.9,318.71,-6.12,79.83,9.59,92.28,6.5,33,0,635781.0,9,6.7,Urgente
INC-02206,Bongor,Urbaine_Moyenne,15.2784,19.8019,Saison_Pluies,33.1,72.7,20.2,12,Boitier_Etanche,89,3,38,Rupture_Cable,Critique,306,68.8,39,36,92.3,980.3,-1.45,144.21,40.64,73.65,9.6,20,0,1000466.0,5,7.7,Urgente
INC-02207,Sarh,Urbaine_Moyenne,13.5374,17.1449,Saison_Seche,46.8,11.8,20.4,1,Antenne_AirPON,92,0,359,Defaut_Connecteur,Faible,454,69.37,10,8,80.0,321.14,-12.1,126.69,20.2,66.19,8.7,19,1,818536.0,3,11.2,Urgente
INC-02208,Moundou,Rurale,10.4204,14.2692,Intersaison,36.6,65.7,52.8,4,OLT,60,9,83,Obstruction_Physique,Élevée,375,45.81,39,29,74.4,206.77,-3.48,43.71,13.32,72.82,1.2,26,1,2310899.0,5,4.0,Urgente
INC-02209,N'Djamena_Sud,Rurale,10.9623,20.5628,Saison_Seche,43.6,23.0,28.3,2,Antenne_AirPON,94,14,56,Perte_Signal,Faible,293,53.68,8,5,62.5,389.03,-18.59,60.7,10.28,60.21,6.1,49,1,2353256.0,9,17.3,Urgente
INC-02210,N'Djamena_Sud,Urbaine_Moyenne,11.8109,23.586,Saison_Pluies,30.9,92.0,30.6,13,ONT,94,9,44,Corrosion,Faible,60,63.41,27,18,66.7,717.92,-26.17,109.36,28.57,66.53,1.3,55,0,2102085.0,3,9.0,Urgente
INC-02211,Abéché,Rurale,13.249,20.5126,Intersaison,34.9,58.0,47.0,7,OLT,70,15,348,Defaut_Connecteur,Faible,129,7.72,28,20,71.4,350.37,-32.24,198.1,26.33,69.41,4.6,22,1,847292.0,5,9.4,Préventive
INC-02212,Kélo,Rurale,8.8834,19.1659,Intersaison,37.4,69.0,18.5,5,OLT,106,1,307,Degradation_Lente,Moyenne,185,40.69,28,14,50.0,832.01,-22.85,41.01,45.89,72.63,1.6,62,1,1900691.0,5,8.4,Préventive
INC-02213,Moundou,Urbaine_Moyenne,9.0658,15.218,Saison_Pluies,26.3,73.0,45.6,21,Cable_Fibre,80,7,210,Perte_Signal,Critique,73,62.18,38,30,78.9,409.95,-14.45,107.46,23.82,94.99,4.9,57,1,1476643.0,1,11.9,Urgente
INC-02214,Kélo,Rurale,7.8862,20.0644,Saison_Seche,35.9,21.5,10.8,1,Antenne_AirPON,91,1,324,Corrosion,Faible,484,65.75,40,21,52.5,992.33,-0.62,111.26,29.32,75.74,3.8,79,1,813302.0,9,2.0,Urgente
INC-02215,N'Djamena_Centre,Urbaine_Dense,15.3864,19.9164,Saison_Pluies,29.3,71.8,42.5,19,Splitter,74,3,311,Obstruction_Physique,Moyenne,343,71.97,36,25,69.4,150.61,-27.72,115.12,24.12,76.26,9.1,76,1,2325274.0,4,20.7,Préventive
INC-02216,Doba,Rurale,14.5046,19.9969,Intersaison,29.7,41.1,8.6,3,OLT,87,11,307,Obstruction_Physique,Moyenne,294,52.77,35,29,82.9,11.07,-15.75,150.13,42.73,80.37,8.8,84,0,1141447.0,5,17.6,Urgente
INC-02217,N'Djamena_Nord,Urbaine_Dense,11.9237,22.8693,Saison_Seche,43.3,30.7,41.3,1,Cable_Fibre,20,4,228,Perte_Signal,Moyenne,395,15.06,15,10,66.7,362.68,-16.03,44.94,6.1,69.88,3.7,6,1,646656.0,2,1.3,Corrective
INC-02218,Kélo,Urbaine_Dense,10.9422,21.0214,Saison_Seche,46.2,16.6,28.1,2,Splitter,26,14,328,Degradation_Lente,Moyenne,42,45.67,36,24,66.7,251.51,-30.04,39.99,21.68,69.17,6.5,88,1,581232.0,2,20.8,Corrective
INC-02219,Kélo,Péri_Urbaine,9.3995,21.7257,Saison_Pluies,28.0,84.6,3.9,24,Splitter,99,9,334,Corrosion,Élevée,486,71.25,33,20,60.6,389.64,-34.07,183.32,43.41,74.49,3.4,79,1,1626837.0,9,18.1,Urgente
INC-02220,N'Djamena_Nord,Rurale,12.2599,16.7901,Saison_Pluies,34.8,74.0,36.1,13,Antenne_AirPON,19,10,193,Surtension,Moyenne,374,42.31,36,18,50.0,126.84,-1.33,106.38,1.93,86.32,3.8,84,0,1632886.0,1,19.8,Urgente
INC-02221,Sarh,Urbaine_Dense,13.0241,16.3389,Saison_Seche,37.6,12.8,41.5,0,Antenne_AirPON,18,9,322,Rupture_Cable,Élevée,486,27.77,48,31,64.6,711.25,-1.35,48.13,37.68,96.62,1.7,28,1,2359042.0,2,13.5,Urgente
INC-02222,N'Djamena_Sud,Urbaine_Moyenne,13.0135,15.6712,Saison_Seche,46.4,32.8,12.1,2,Antenne_AirPON,112,18,10,Rupture_Cable,Moyenne,35,19.54,48,37,77.1,862.6,-21.96,40.47,13.03,75.87,8.3,48,0,308351.0,2,20.0,Corrective
INC-02223,Bongor,Péri_Urbaine,7.5515,21.6729,Saison_Seche,40.6,27.0,56.1,2,OLT,30,11,141,Rupture_Cable,Faible,66,25.13,28,17,60.7,642.4,-27.88,21.05,38.86,76.99,1.3,35,1,493924.0,8,8.6,Corrective
INC-02224,Sarh,Urbaine_Dense,13.1163,20.8352,Saison_Seche,41.5,31.0,13.6,1,Splitter,87,3,199,Rupture_Cable,Moyenne,130,52.99,22,18,81.8,531.89,-6.83,36.58,29.6,63.94,3.7,29,1,562686.0,8,21.4,Préventive
INC-02225,Moundou,Urbaine_Dense,14.431,17.092,Intersaison,34.1,66.6,18.7,9,Splitter,83,5,103,Obstruction_Physique,Critique,399,15.15,43,30,69.8,746.72,-29.61,189.35,20.29,86.68,3.5,84,0,986689.0,9,21.9,Urgente
INC-02226,N'Djamena_Nord,Urbaine_Moyenne,8.4193,14.9816,Saison_Pluies,32.5,88.3,44.2,22,Boitier_Etanche,36,19,85,Corrosion,Moyenne,169,46.14,41,29,70.7,24.94,-5.17,92.12,39.22,87.12,5.8,33,1,1300870.0,6,2.1,Corrective
INC-02227,N'Djamena_Centre,Urbaine_Moyenne,13.543,22.39,Saison_Seche,41.2,23.5,12.0,2,Connecteur,101,8,353,Perte_Signal,Moyenne,214,45.14,45,29,64.4,762.02,-19.65,105.65,12.04,86.36,3.2,52,1,1163394.0,1,10.2,Préventive
INC-02228,Kélo,Péri_Urbaine,14.0859,17.5349,Intersaison,31.4,43.7,55.3,5,ONT,79,7,15,Defaut_Connecteur,Faible,0,19.01,44,38,86.4,530.01,-31.3,28.26,20.22,95.27,4.3,48,1,2304080.0,5,9.5,Corrective
INC-02229,N'Djamena_Nord,Urbaine_Dense,9.7094,15.4924,Saison_Seche,41.9,16.5,38.5,1,Boitier_Etanche,42,12,49,Panne_OLT,Moyenne,413,36.31,22,14,63.6,596.34,-0.93,110.55,6.27,71.03,3.6,27,0,1710803.0,6,21.8,Urgente
INC-02230,N'Djamena_Centre,Péri_Urbaine,13.1968,15.0163,Saison_Seche,44.2,25.8,44.9,2,Connecteur,97,9,342,Degradation_Lente,Faible,223,62.38,41,27,65.9,927.0,-33.3,141.18,9.08,77.99,2.2,83,0,2013193.0,9,19.5,Urgente
INC-02231,Doba,Urbaine_Moyenne,8.274,23.1566,Intersaison,36.7,68.0,7.1,7,Splitter,24,18,184,Perte_Signal,Moyenne,225,57.26,48,42,87.5,793.34,-21.77,72.28,25.45,82.47,3.8,2,0,2128099.0,1,10.8,Urgente
INC-02232,Doba,Rurale,12.6937,14.8667,Saison_Seche,46.3,10.5,49.3,2,Connecteur,91,16,312,Degradation_Lente,Élevée,232,42.2,35,23,65.7,916.2,-13.57,191.31,12.18,88.49,7.8,23,0,1308594.0,4,15.7,Urgente
INC-02233,N'Djamena_Nord,Urbaine_Moyenne,11.5826,17.2766,Intersaison,28.5,53.6,34.1,8,Connecteur,33,8,348,Obstruction_Physique,Moyenne,226,48.04,12,6,50.0,562.06,-28.07,131.6,7.26,71.63,8.9,77,0,1560448.0,3,17.9,Urgente
INC-02234,N'Djamena_Nord,Urbaine_Moyenne,14.2988,20.138,Saison_Pluies,31.9,83.3,46.2,20,Cable_Fibre,70,8,84,Obstruction_Physique,Élevée,413,2.52,14,10,71.4,489.81,-12.93,151.1,21.73,87.36,3.8,19,0,809997.0,6,6.2,Urgente
INC-02235,N'Djamena_Sud,Urbaine_Dense,11.1157,17.7848,Saison_Seche,35.1,24.6,4.3,1,ONT,34,5,354,Rupture_Cable,Faible,27,6.43,26,14,53.8,268.24,-17.03,142.91,8.73,60.01,2.6,7,0,1911977.0,2,17.3,Corrective
INC-02236,Doba,Urbaine_Dense,10.9248,18.5133,Saison_Pluies,26.7,87.8,36.5,22,OLT,63,17,201,Surtension,Faible,351,26.98,5,4,80.0,667.73,-15.56,159.95,44.04,93.51,9.9,17,0,1654708.0,9,20.1,Urgente
INC-02237,Bongor,Urbaine_Moyenne,14.9703,21.9275,Saison_Pluies,32.8,85.7,41.4,13,OLT,50,3,89,Defaut_Connecteur,Élevée,168,27.62,0,0,100.0,298.01,-22.78,97.63,44.38,84.94,7.2,48,1,1342885.0,3,19.9,Corrective
INC-02238,Moundou,Urbaine_Moyenne,14.9741,23.992,Intersaison,33.8,37.9,29.7,2,Cable_Fibre,9,7,300,Degradation_Lente,Élevée,238,21.45,0,0,100.0,159.34,-3.07,178.96,45.39,71.23,7.9,16,0,617784.0,2,20.5,Urgente
INC-02239,Moundou,Urbaine_Moyenne,7.7857,18.4058,Saison_Seche,37.5,12.2,50.1,1,OLT,92,6,275,Rupture_Cable,Moyenne,123,46.84,2,1,50.0,662.82,-7.12,170.61,48.07,74.18,3.2,63,1,2207955.0,5,17.5,Préventive
INC-02240,Sarh,Rurale,11.3845,17.4777,Intersaison,30.6,43.4,56.4,6,Connecteur,77,14,173,Obstruction_Physique,Critique,403,43.7,7,6,85.7,539.33,-20.66,116.11,12.35,67.34,4.9,3,0,712107.0,9,19.7,Urgente
INC-02241,N'Djamena_Nord,Urbaine_Moyenne,8.7877,17.771,Intersaison,37.8,46.0,13.4,7,Boitier_Etanche,35,16,243,Defaut_Connecteur,Moyenne,102,49.29,49,41,83.7,326.4,-10.96,51.02,28.3,71.56,6.9,22,1,1260448.0,6,21.3,Corrective
INC-02242,Sarh,Urbaine_Dense,9.6896,17.3756,Saison_Seche,38.9,18.4,3.6,1,Splitter,107,3,135,Degradation_Lente,Élevée,195,16.63,42,21,50.0,513.62,-24.84,129.77,14.8,93.99,3.1,49,0,1776785.0,6,3.0,Corrective
INC-02243,Moundou,Rurale,12.8291,18.4746,Saison_Seche,39.1,33.0,46.4,2,Connecteur,34,3,42,Perte_Signal,Faible,415,0.19,30,28,93.3,194.4,-3.5,14.25,8.74,91.46,3.3,75,0,469844.0,3,4.2,Corrective
INC-02244,Doba,Péri_Urbaine,8.5343,16.9976,Saison_Seche,38.5,30.5,28.8,0,Antenne_AirPON,81,13,290,Corrosion,Moyenne,463,69.64,42,24,57.1,562.53,-16.14,144.89,13.6,67.64,9.4,33,1,2305272.0,5,19.4,Urgente
INC-02245,Sarh,Urbaine_Dense,7.5902,18.3575,Saison_Seche,45.6,11.1,3.5,0,Connecteur,80,0,65,Rupture_Cable,Élevée,34,55.63,31,19,61.3,680.75,-15.69,107.25,16.2,87.87,1.8,49,1,314674.0,1,0.6,Corrective
INC-02246,Kélo,Urbaine_Dense,13.317,23.4273,Saison_Seche,36.2,27.5,5.3,0,Cable_Fibre,32,11,47,Surtension,Élevée,77,32.9,45,41,91.1,472.38,-34.6,136.57,22.99,67.74,6.8,0,1,1883883.0,3,11.6,Urgente
INC-02247,Moundou,Urbaine_Dense,12.6308,16.5052,Saison_Seche,42.0,14.3,13.7,1,ONT,83,8,3,Degradation_Lente,Élevée,403,3.15,26,21,80.8,158.87,-12.58,110.01,7.45,94.47,5.5,34,0,2128647.0,2,6.2,Urgente
INC-02248,N'Djamena_Sud,Urbaine_Dense,14.7213,20.3447,Saison_Pluies,30.2,81.5,0.3,14,Connecteur,38,18,46,Rupture_Cable,Moyenne,419,14.34,15,10,66.7,740.84,-34.03,166.42,3.74,97.25,7.4,93,1,1611842.0,2,14.8,Corrective
INC-02249,Doba,Rurale,11.8385,18.6128,Saison_Seche,44.1,15.5,28.2,2,Cable_Fibre,55,2,124,Surtension,Faible,421,3.81,47,42,89.4,944.13,-10.99,146.53,19.46,78.35,3.4,20,0,238099.0,8,21.2,Corrective
INC-02250,Moundou,Urbaine_Moyenne,15.0626,21.1902,Intersaison,39.3,61.6,22.2,5,Antenne_AirPON,89,4,206,Rupture_Cable,Faible,27,34.36,15,10,66.7,469.02,-19.01,179.56,28.5,61.64,1.1,34,1,170454.0,5,14.5,Préventive
INC-02251,Bongor,Rurale,12.3745,18.4591,Saison_Pluies,26.2,91.0,2.7,17,Boitier_Etanche,114,10,313,Defaut_Connecteur,Élevée,141,15.64,39,27,69.2,977.63,-16.91,62.42,40.69,70.4,1.1,86,1,1857257.0,9,9.8,Préventive
INC-02252,Abéché,Péri_Urbaine,10.5972,15.1857,Saison_Seche,36.2,28.9,14.5,1,Cable_Fibre,45,11,11,Surtension,Élevée,450,38.78,32,16,50.0,61.31,-2.07,181.41,24.86,81.58,9.1,78,0,1737486.0,7,11.4,Urgente
INC-02253,Doba,Urbaine_Dense,12.3677,22.6604,Saison_Seche,44.2,14.5,44.4,2,Antenne_AirPON,2,18,27,Perte_Signal,Faible,343,4.47,44,38,86.4,987.78,-2.78,84.71,34.88,63.66,8.3,22,1,2415038.0,3,23.8,Urgente
INC-02254,Bongor,Urbaine_Moyenne,13.4934,20.5956,Saison_Pluies,34.1,86.8,48.4,22,Splitter,65,2,69,Defaut_Connecteur,Moyenne,27,51.18,15,8,53.3,644.19,-33.09,187.25,43.1,98.15,7.1,58,1,2129685.0,1,7.0,Corrective
INC-02255,Bongor,Rurale,10.2803,19.0216,Saison_Pluies,29.5,74.9,0.2,18,Cable_Fibre,55,13,362,Panne_OLT,Critique,368,7.25,35,20,57.1,952.26,-1.78,75.99,33.82,71.44,2.2,64,1,204413.0,7,18.5,Urgente
INC-02256,Bongor,Urbaine_Dense,10.4802,22.2264,Saison_Pluies,30.9,71.7,6.4,15,Antenne_AirPON,106,1,9,Corrosion,Faible,454,22.28,6,3,50.0,181.88,-31.84,150.7,9.01,87.68,6.1,30,0,969147.0,3,11.8,Préventive
INC-02257,Kélo,Urbaine_Dense,12.5395,23.7499,Saison_Seche,41.9,22.2,59.9,0,Connecteur,115,13,134,Degradation_Lente,Moyenne,495,46.45,28,22,78.6,477.35,-24.36,167.62,32.05,96.37,3.7,26,1,1520606.0,2,1.4,Urgente
INC-02258,N'Djamena_Nord,Urbaine_Dense,11.1447,17.7987,Intersaison,33.6,39.0,38.9,8,Antenne_AirPON,40,14,127,Defaut_Connecteur,Moyenne,206,7.75,39,25,64.1,977.31,-15.07,84.02,49.01,64.48,2.7,86,0,283420.0,2,5.2,Urgente
INC-02259,Doba,Urbaine_Moyenne,11.7158,17.2071,Saison_Seche,38.4,19.2,41.1,0,OLT,42,9,339,Perte_Signal,Faible,24,70.45,42,26,61.9,390.27,-10.41,109.76,40.84,71.41,3.2,83,1,616275.0,1,20.6,Corrective
INC-02260,Kélo,Urbaine_Dense,15.3567,21.4127,Saison_Seche,40.2,12.2,22.8,0,OLT,4,5,102,Rupture_Cable,Élevée,134,13.77,27,17,63.0,682.55,-6.22,121.72,27.34,94.87,3.0,31,1,380962.0,5,12.6,Corrective
INC-02261,Bongor,Urbaine_Moyenne,7.8502,18.2734,Saison_Pluies,31.6,90.4,30.3,15,Antenne_AirPON,68,17,284,Degradation_Lente,Faible,23,2.6,38,29,76.3,190.18,-16.88,11.51,44.32,60.99,6.8,95,1,1516165.0,5,19.5,Préventive
INC-02262,Sarh,Urbaine_Dense,12.6832,14.4006,Saison_Pluies,33.4,75.5,30.5,11,Boitier_Etanche,79,1,291,Corrosion,Critique,54,48.14,15,14,93.3,856.3,-23.81,92.18,2.69,71.45,6.1,83,1,1777917.0,8,21.9,Urgente
INC-02263,Moundou,Urbaine_Dense,14.8831,17.2214,Saison_Pluies,25.2,91.5,20.9,24,Boitier_Etanche,88,3,308,Surtension,Faible,330,27.47,1,0,0.0,263.69,-16.07,38.67,38.99,85.72,2.5,27,1,476985.0,7,20.2,Urgente
INC-02264,N'Djamena_Sud,Urbaine_Dense,9.3897,21.9906,Saison_Seche,36.7,28.4,41.4,2,Connecteur,44,3,8,Perte_Signal,Élevée,319,69.65,28,14,50.0,154.48,-31.93,126.85,31.77,62.49,6.4,21,0,2153160.0,5,3.9,Urgente
INC-02265,Kélo,Urbaine_Dense,9.1962,20.9203,Saison_Seche,41.7,21.5,34.4,2,OLT,115,4,257,Corrosion,Moyenne,112,6.29,35,22,62.9,550.72,-31.0,187.38,9.05,64.82,3.6,4,0,738192.0,6,3.5,Préventive
INC-02266,Abéché,Urbaine_Dense,10.404,22.5599,Saison_Seche,35.2,22.2,56.6,0,Boitier_Etanche,35,15,170,Panne_OLT,Moyenne,227,25.56,4,2,50.0,247.06,-12.57,65.07,39.02,77.04,4.9,2,0,2163430.0,9,13.8,Urgente
INC-02267,Abéché,Urbaine_Moyenne,8.0926,15.0396,Saison_Pluies,26.6,84.0,0.4,22,Splitter,86,7,147,Rupture_Cable,Faible,206,42.72,12,6,50.0,765.46,-22.36,78.53,46.73,66.41,2.7,96,0,1657082.0,3,12.7,Urgente
INC-02268,Doba,Rurale,11.9823,16.0612,Saison_Pluies,25.6,78.0,53.1,16,ONT,5,11,133,Corrosion,Critique,265,39.19,5,4,80.0,838.71,-33.36,168.74,37.75,72.6,4.0,80,0,1744530.0,9,3.4,Urgente
INC-02269,N'Djamena_Centre,Péri_Urbaine,12.6637,15.7547,Saison_Pluies,33.6,81.3,56.9,13,Boitier_Etanche,12,15,59,Defaut_Connecteur,Élevée,92,35.14,48,35,72.9,519.14,-14.44,151.34,35.03,77.96,8.8,61,1,911473.0,4,10.5,Corrective
INC-02270,N'Djamena_Centre,Péri_Urbaine,14.0591,23.699,Intersaison,35.9,59.4,8.8,2,Cable_Fibre,30,3,57,Obstruction_Physique,Moyenne,267,27.64,7,5,71.4,21.18,-1.77,174.48,37.48,67.99,4.2,99,0,2156341.0,3,5.4,Urgente
INC-02271,Moundou,Péri_Urbaine,8.0294,15.2737,Saison_Seche,37.2,32.8,13.3,2,ONT,1,12,167,Surtension,Moyenne,215,60.1,8,4,50.0,389.76,-22.41,140.05,5.61,81.36,8.3,50,0,1573711.0,1,8.5,Urgente
INC-02272,Doba,Rurale,10.9895,19.7783,Saison_Pluies,31.5,72.6,3.0,12,OLT,85,10,3,Surtension,Faible,198,9.94,16,10,62.5,29.24,-16.04,99.95,44.64,74.76,2.1,98,1,1184106.0,6,7.6,Corrective
INC-02273,Sarh,Rurale,13.7737,20.1456,Saison_Seche,35.3,32.7,14.1,1,ONT,100,5,72,Corrosion,Moyenne,156,36.1,1,0,0.0,899.26,-1.33,63.76,31.29,65.88,3.3,74,1,507125.0,7,5.7,Corrective
INC-02274,Bongor,Péri_Urbaine,13.6464,19.9984,Saison_Pluies,30.7,85.5,38.4,18,Splitter,90,8,297,Perte_Signal,Moyenne,441,41.22,34,17,50.0,273.63,-26.32,189.83,14.34,81.27,6.5,99,1,181026.0,1,18.9,Préventive
INC-02275,N'Djamena_Nord,Péri_Urbaine,8.0891,20.7625,Saison_Pluies,28.3,91.7,13.0,23,Antenne_AirPON,61,12,210,Corrosion,Faible,379,63.7,9,5,55.6,974.21,-6.57,128.95,3.7,61.8,1.9,72,1,2405699.0,1,9.2,Urgente
INC-02276,Abéché,Urbaine_Dense,7.5912,18.5812,Saison_Pluies,29.2,77.8,51.1,10,Boitier_Etanche,27,0,255,Corrosion,Faible,340,20.34,33,17,51.5,297.14,-25.55,84.48,38.06,97.77,4.7,47,1,2426255.0,5,16.1,Préventive
INC-02277,Abéché,Urbaine_Dense,13.7666,14.3787,Saison_Seche,42.1,33.9,54.9,1,OLT,69,5,85,Rupture_Cable,Élevée,347,19.71,3,2,66.7,436.31,-4.94,118.69,32.83,90.03,7.8,66,1,1376410.0,6,5.1,Urgente
INC-02278,Moundou,Urbaine_Dense,8.6038,20.863,Saison_Seche,38.1,28.8,1.7,2,Cable_Fibre,2,18,38,Degradation_Lente,Moyenne,412,58.31,34,20,58.8,8.9,-28.35,171.96,33.23,78.1,2.2,90,1,1055744.0,8,16.1,Urgente
INC-02279,N'Djamena_Sud,Péri_Urbaine,12.1223,16.4516,Intersaison,39.3,60.9,30.4,3,Connecteur,3,10,357,Panne_OLT,Critique,305,19.93,48,35,72.9,959.68,-28.01,51.46,23.1,60.22,1.1,22,0,2046785.0,3,8.2,Urgente
INC-02280,Abéché,Urbaine_Dense,8.254,14.2967,Intersaison,37.0,44.5,0.9,7,Splitter,15,5,154,Degradation_Lente,Faible,254,3.88,38,32,84.2,497.65,-34.09,155.37,43.04,61.75,8.5,58,0,1032945.0,6,17.2,Urgente
INC-02281,N'Djamena_Nord,Péri_Urbaine,9.8641,15.2828,Saison_Seche,35.4,11.0,37.2,1,OLT,2,5,34,Degradation_Lente,Critique,431,37.61,23,14,60.9,126.58,-29.18,111.07,45.1,92.85,2.2,6,0,1099089.0,3,16.9,Urgente
INC-02282,Doba,Urbaine_Moyenne,8.7643,16.5158,Saison_Pluies,27.9,82.1,20.8,15,Splitter,5,2,215,Corrosion,Élevée,104,54.65,49,33,67.3,825.05,-22.34,132.88,28.16,71.6,6.6,50,0,2243598.0,3,17.7,Urgente
INC-02283,N'Djamena_Sud,Urbaine_Dense,13.3912,18.0406,Saison_Seche,44.3,17.0,50.8,0,Connecteur,119,19,149,Surtension,Moyenne,420,11.05,18,9,50.0,280.06,-16.66,149.18,39.54,67.47,6.6,10,0,827737.0,1,20.5,Urgente
INC-02284,N'Djamena_Nord,Urbaine_Moyenne,12.8818,22.5439,Saison_Pluies,31.8,75.2,55.0,13,Cable_Fibre,49,5,161,Rupture_Cable,Faible,274,54.87,6,5,83.3,9.84,-3.88,44.54,39.42,76.77,8.6,57,0,675622.0,9,12.7,Urgente
INC-02285,Bongor,Péri_Urbaine,8.5824,19.1333,Saison_Pluies,31.0,75.8,29.9,15,ONT,46,4,20,Corrosion,Critique,248,25.53,29,20,69.0,674.2,-12.96,193.77,33.97,80.5,5.1,40,0,2359645.0,4,11.5,Urgente
INC-02286,N'Djamena_Sud,Urbaine_Dense,7.9746,18.4557,Saison_Seche,43.7,28.8,57.2,2,Splitter,53,19,126,Corrosion,Moyenne,221,68.29,22,16,72.7,257.95,-19.16,75.83,19.55,65.58,4.2,46,0,230160.0,5,14.9,Urgente
INC-02287,N'Djamena_Centre,Urbaine_Dense,11.2307,15.5082,Saison_Seche,44.3,25.7,52.0,0,Antenne_AirPON,43,13,344,Surtension,Moyenne,408,6.27,5,3,60.0,957.6,-2.33,122.5,19.58,84.85,9.8,98,0,338527.0,4,17.9,Corrective
INC-02288,N'Djamena_Nord,Péri_Urbaine,9.0644,23.5723,Saison_Pluies,26.7,88.7,5.8,19,Antenne_AirPON,40,13,101,Panne_OLT,Critique,29,22.7,4,2,50.0,174.29,-21.99,131.36,10.75,94.79,1.4,56,0,1214529.0,4,15.8,Urgente
INC-02289,Abéché,Rurale,7.5651,23.0394,Saison_Seche,37.6,12.9,21.4,2,Antenne_AirPON,44,12,3,Degradation_Lente,Faible,183,15.13,26,15,57.7,280.6,-31.27,100.35,1.81,78.22,6.8,41,1,2426512.0,9,1.6,Corrective
INC-02290,Doba,Urbaine_Moyenne,9.6142,22.0688,Saison_Pluies,33.9,76.4,20.4,10,Connecteur,21,2,59,Rupture_Cable,Faible,116,64.58,49,25,51.0,568.96,-1.88,16.46,18.19,92.56,7.3,82,1,2271244.0,6,20.4,Corrective
INC-02291,Sarh,Urbaine_Moyenne,9.2219,16.8931,Saison_Seche,38.2,11.2,18.2,1,Antenne_AirPON,96,15,354,Obstruction_Physique,Faible,433,20.1,21,17,81.0,936.77,-13.55,139.61,32.98,70.0,2.0,73,1,1998042.0,3,16.4,Urgente
INC-02292,N'Djamena_Sud,Péri_Urbaine,12.9797,19.3971,Intersaison,29.9,38.4,47.8,3,Splitter,82,11,51,Corrosion,Faible,158,19.13,12,6,50.0,341.42,-5.58,33.5,20.24,91.87,3.5,27,0,1703645.0,7,19.4,Corrective
INC-02293,Doba,Péri_Urbaine,14.3869,17.5829,Saison_Seche,43.8,33.9,18.1,1,Antenne_AirPON,30,13,3,Obstruction_Physique,Élevée,150,50.74,10,7,70.0,470.88,-32.7,158.16,31.38,63.22,2.5,45,1,1437454.0,8,19.7,Urgente
INC-02294,N'Djamena_Sud,Urbaine_Dense,9.4011,17.7306,Saison_Seche,41.8,34.9,22.8,1,Connecteur,4,1,275,Surtension,Faible,418,68.33,20,10,50.0,95.24,-1.8,145.43,41.28,80.57,4.1,72,1,1470818.0,4,2.0,Urgente
INC-02295,Moundou,Urbaine_Dense,9.2844,14.2574,Saison_Seche,43.0,19.9,5.1,2,Splitter,90,7,269,Perte_Signal,Faible,393,42.5,31,27,87.1,97.64,-0.7,175.37,27.54,82.53,9.6,68,0,1558790.0,7,6.7,Urgente
INC-02296,Bongor,Rurale,10.6021,14.9705,Intersaison,34.9,57.6,31.2,6,Connecteur,61,8,72,Perte_Signal,Élevée,118,67.82,46,24,52.2,835.51,-34.59,99.11,20.16,69.76,5.1,91,1,548309.0,5,8.7,Urgente
INC-02297,Kélo,Rurale,8.8805,23.5923,Saison_Seche,44.1,12.4,7.0,1,Boitier_Etanche,40,13,281,Corrosion,Critique,440,47.38,5,4,80.0,255.77,-14.65,50.1,1.79,66.11,6.3,82,1,81610.0,3,20.4,Urgente
INC-02298,N'Djamena_Nord,Urbaine_Moyenne,15.0745,19.9059,Saison_Pluies,26.5,79.3,52.1,23,Antenne_AirPON,33,10,340,Corrosion,Moyenne,57,14.19,11,8,72.7,693.35,-20.51,87.88,19.33,73.19,7.7,14,0,624753.0,7,2.2,Corrective
INC-02299,N'Djamena_Centre,Urbaine_Moyenne,9.4482,13.5663,Saison_Seche,40.8,29.8,47.9,0,Boitier_Etanche,37,3,27,Panne_OLT,Moyenne,135,53.61,37,23,62.2,151.31,-17.14,69.43,30.69,77.51,3.7,47,1,2006068.0,5,10.1,Corrective
INC-02300,Abéché,Urbaine_Dense,8.2466,21.9965,Saison_Seche,36.5,11.2,18.1,1,Antenne_AirPON,72,3,323,Surtension,Faible,431,21.34,6,3,50.0,306.55,-28.74,125.68,43.57,79.12,8.3,60,1,108463.0,3,21.6,Préventive
INC-02301,Bongor,Péri_Urbaine,11.9551,14.4139,Saison_Pluies,34.5,73.8,0.3,18,ONT,8,19,177,Rupture_Cable,Moyenne,51,22.23,10,7,70.0,623.82,-8.14,22.35,14.4,77.62,10.0,49,0,1916473.0,8,16.3,Corrective
INC-02302,Moundou,Urbaine_Dense,11.801,20.9356,Saison_Seche,39.1,24.7,4.3,1,Splitter,106,10,141,Panne_OLT,Moyenne,5,58.23,27,21,77.8,61.79,-25.8,107.99,18.34,76.21,5.9,45,1,1428527.0,7,14.3,Corrective
INC-02303,Kélo,Urbaine_Dense,12.5553,20.0189,Intersaison,35.9,52.2,13.1,6,ONT,32,14,171,Corrosion,Moyenne,65,18.63,28,14,50.0,331.63,-13.05,124.59,19.82,81.83,6.7,52,1,1532141.0,2,11.2,Corrective
INC-02304,N'Djamena_Nord,Urbaine_Dense,15.2336,14.161,Saison_Pluies,31.6,93.4,29.9,23,Connecteur,106,1,321,Panne_OLT,Critique,252,23.99,39,37,94.9,313.44,-30.97,67.24,39.18,95.72,3.6,26,1,360086.0,4,15.6,Urgente
INC-02305,N'Djamena_Centre,Péri_Urbaine,10.0879,19.0749,Saison_Seche,42.5,22.6,43.9,0,Antenne_AirPON,25,4,65,Defaut_Connecteur,Faible,55,71.08,26,18,69.2,108.75,-15.76,8.99,35.17,80.7,2.3,64,1,1444965.0,6,18.3,Corrective
INC-02306,Sarh,Urbaine_Moyenne,10.3766,13.9981,Saison_Seche,44.4,19.7,5.9,0,Antenne_AirPON,7,9,246,Perte_Signal,Élevée,483,12.24,31,27,87.1,363.7,-19.96,71.15,4.9,99.21,6.6,53,1,166751.0,2,22.2,Corrective
INC-02307,N'Djamena_Centre,Urbaine_Dense,10.1963,14.1761,Saison_Seche,44.2,10.3,42.5,0,Splitter,17,14,219,Surtension,Élevée,14,45.51,8,5,62.5,665.03,-31.12,107.13,15.12,73.34,3.2,27,0,1993813.0,8,1.3,Urgente
INC-02308,N'Djamena_Sud,Péri_Urbaine,12.529,14.0374,Saison_Seche,46.9,12.8,32.8,2,Splitter,118,15,50,Defaut_Connecteur,Moyenne,420,28.41,39,27,69.2,799.77,-33.45,11.55,45.01,71.13,5.0,3,1,1944989.0,6,7.6,Urgente
INC-02309,Kélo,Péri_Urbaine,12.3326,16.1821,Saison_Seche,37.5,30.7,37.2,2,Connecteur,39,3,57,Panne_OLT,Élevée,24,23.02,19,10,52.6,319.65,-5.13,121.31,36.22,84.92,5.5,12,0,1795841.0,1,21.4,Corrective
INC-02310,N'Djamena_Centre,Rurale,11.7305,21.9186,Saison_Seche,46.0,27.5,55.7,2,Boitier_Etanche,101,16,25,Rupture_Cable,Moyenne,181,9.58,22,15,68.2,614.14,-16.07,148.44,41.57,71.93,1.1,59,0,84977.0,3,22.8,Corrective
INC-02311,Abéché,Urbaine_Moyenne,10.4146,17.3058,Intersaison,39.7,60.8,57.2,8,Antenne_AirPON,66,13,298,Surtension,Faible,313,38.34,43,27,62.8,78.38,-11.38,77.71,31.8,79.94,4.6,58,1,408763.0,9,1.1,Urgente
INC-02312,Kélo,Péri_Urbaine,10.9212,20.2152,Saison_Seche,43.5,34.3,44.2,0,ONT,28,8,150,Defaut_Connecteur,Faible,206,41.03,36,32,88.9,649.86,-11.07,105.6,41.22,66.5,4.5,78,1,543929.0,9,11.1,Urgente
INC-02313,Moundou,Rurale,13.8401,14.8109,Intersaison,31.3,51.2,41.6,2,Boitier_Etanche,16,18,138,Degradation_Lente,Moyenne,263,49.53,31,18,58.1,504.33,-25.11,108.92,37.23,72.08,2.9,62,1,1291909.0,5,18.5,Urgente
INC-02314,Moundou,Rurale,12.374,23.2951,Saison_Seche,41.5,25.2,45.8,0,Antenne_AirPON,96,2,148,Corrosion,Élevée,134,56.73,49,48,98.0,581.06,-9.53,146.02,37.99,86.15,1.3,43,0,2041300.0,5,21.7,Urgente
INC-02315,N'Djamena_Sud,Urbaine_Moyenne,13.2305,18.7945,Intersaison,31.7,64.4,40.4,8,Connecteur,36,3,121,Panne_OLT,Moyenne,201,29.72,1,0,0.0,688.59,-33.66,181.62,23.75,99.53,2.3,11,0,452459.0,7,3.8,Urgente
INC-02316,Sarh,Urbaine_Moyenne,9.7138,13.7582,Saison_Pluies,29.8,94.2,0.6,12,Antenne_AirPON,85,8,11,Perte_Signal,Faible,123,38.78,43,33,76.7,797.4,-32.36,176.46,29.51,73.22,8.6,44,1,1293952.0,4,6.7,Corrective
INC-02317,Kélo,Rurale,14.7919,19.1428,Saison_Seche,36.8,32.3,59.8,2,Antenne_AirPON,116,19,333,Panne_OLT,Moyenne,491,4.69,8,5,62.5,26.7,-29.57,37.09,33.39,75.24,2.4,11,1,2110956.0,8,11.5,Préventive
INC-02318,Moundou,Urbaine_Dense,7.7813,15.4376,Intersaison,30.6,56.7,38.2,8,Antenne_AirPON,101,11,290,Surtension,Élevée,399,30.04,11,9,81.8,67.28,-16.09,12.22,6.22,77.51,8.0,31,1,949554.0,8,11.0,Urgente
INC-02319,Doba,Péri_Urbaine,12.2656,15.5561,Saison_Seche,35.2,13.5,29.3,2,Antenne_AirPON,45,13,283,Perte_Signal,Critique,98,9.5,33,32,97.0,737.28,-4.95,71.37,45.26,63.75,2.7,52,1,1156623.0,7,7.5,Urgente
INC-02320,Doba,Rurale,13.9988,19.8039,Saison_Seche,43.9,31.1,27.2,2,Cable_Fibre,115,6,310,Panne_OLT,Élevée,470,0.05,18,17,94.4,607.07,-18.84,181.35,15.3,74.07,5.8,88,1,1270015.0,4,15.4,Urgente
INC-02321,Kélo,Péri_Urbaine,14.4303,15.877,Intersaison,37.1,64.3,14.1,2,Boitier_Etanche,29,4,218,Corrosion,Moyenne,225,4.3,26,13,50.0,336.78,-10.08,165.31,13.57,93.51,6.3,81,0,1734843.0,1,21.7,Corrective
INC-02322,N'Djamena_Nord,Péri_Urbaine,10.0564,15.7468,Saison_Seche,37.2,26.0,28.6,1,Connecteur,71,1,145,Degradation_Lente,Faible,258,1.78,2,1,50.0,742.81,-23.67,135.83,23.89,95.06,7.5,63,0,828965.0,3,16.8,Préventive
INC-02323,Bongor,Urbaine_Dense,11.178,19.1801,Saison_Pluies,32.9,77.5,44.0,15,Boitier_Etanche,29,9,109,Panne_OLT,Élevée,257,28.24,39,29,74.4,542.84,-26.23,12.05,34.58,99.53,1.9,30,1,1090756.0,1,10.0,Urgente
INC-02324,Doba,Urbaine_Dense,7.7791,15.9723,Intersaison,39.3,66.0,15.3,3,ONT,89,9,21,Surtension,Critique,29,27.67,37,34,91.9,541.38,-6.47,35.95,31.14,79.86,6.5,75,1,1875277.0,7,10.3,Urgente
INC-02325,N'Djamena_Centre,Péri_Urbaine,13.8181,14.6604,Saison_Pluies,34.2,71.0,50.7,10,Cable_Fibre,19,11,16,Rupture_Cable,Critique,28,14.33,47,43,91.5,657.7,-25.4,186.12,25.75,97.1,6.9,17,1,1070309.0,1,21.5,Corrective
INC-02326,Bongor,Péri_Urbaine,8.4966,17.7867,Saison_Pluies,29.3,72.9,12.6,19,Cable_Fibre,58,19,308,Corrosion,Moyenne,184,33.49,18,14,77.8,840.16,-20.32,7.73,4.8,98.45,9.5,5,1,1668374.0,8,20.5,Corrective
INC-02327,Kélo,Urbaine_Dense,10.9247,14.046,Saison_Pluies,32.1,88.2,51.5,11,Cable_Fibre,88,6,153,Perte_Signal,Élevée,191,5.73,0,0,100.0,266.74,-5.52,160.25,47.71,78.89,4.1,2,1,705764.0,5,16.0,Corrective
INC-02328,Moundou,Urbaine_Dense,15.4265,23.0059,Saison_Pluies,26.6,85.2,35.0,13,Boitier_Etanche,68,18,153,Corrosion,Élevée,315,21.01,30,15,50.0,993.26,-14.02,93.21,0.08,63.43,6.6,12,0,2283162.0,5,2.6,Urgente
INC-02329,Sarh,Urbaine_Dense,14.8419,18.2411,Intersaison,38.4,67.9,50.3,2,Cable_Fibre,15,5,158,Panne_OLT,Moyenne,427,3.27,13,11,84.6,367.23,-14.0,149.74,21.55,65.75,8.1,60,1,2013312.0,1,12.5,Corrective
INC-02330,Kélo,Urbaine_Moyenne,10.1402,13.6375,Saison_Pluies,33.2,86.0,25.0,23,Splitter,85,7,124,Rupture_Cable,Critique,392,0.48,32,17,53.1,565.44,-31.69,12.46,42.23,85.64,8.5,69,1,2291358.0,1,17.5,Urgente
INC-02331,Doba,Urbaine_Moyenne,9.291,15.8588,Saison_Pluies,32.0,83.2,19.3,15,OLT,22,0,42,Defaut_Connecteur,Faible,290,42.27,28,24,85.7,841.74,-25.92,68.87,1.02,91.56,3.7,11,0,331050.0,2,5.6,Urgente
INC-02332,Moundou,Urbaine_Dense,9.5135,23.5571,Saison_Pluies,34.1,70.8,41.9,11,Boitier_Etanche,53,8,38,Obstruction_Physique,Moyenne,361,51.64,10,7,70.0,471.34,-22.2,124.68,30.2,92.73,4.0,6,1,1316061.0,3,2.1,Urgente
INC-02333,Kélo,Urbaine_Dense,12.9783,18.7121,Saison_Pluies,34.1,90.2,21.8,10,Boitier_Etanche,23,6,144,Obstruction_Physique,Faible,367,18.62,36,27,75.0,165.67,-17.98,43.24,46.01,73.34,8.1,84,0,263451.0,1,19.1,Urgente
INC-02334,Abéché,Péri_Urbaine,13.3064,17.2683,Intersaison,37.4,54.4,57.2,6,Antenne_AirPON,82,5,220,Corrosion,Moyenne,279,49.88,45,26,57.8,999.74,-14.03,28.76,7.05,97.52,6.2,53,1,87578.0,1,15.9,Préventive
INC-02335,Bongor,Urbaine_Dense,9.2319,16.8087,Saison_Seche,40.0,31.7,44.4,0,Connecteur,103,12,347,Surtension,Élevée,187,45.21,20,10,50.0,826.16,-33.4,6.01,22.57,62.96,1.8,3,1,2123186.0,1,14.2,Urgente
INC-02336,Moundou,Urbaine_Dense,9.4199,17.8782,Saison_Seche,39.1,12.8,25.8,1,Cable_Fibre,64,10,323,Obstruction_Physique,Faible,449,55.84,5,4,80.0,134.41,-2.02,191.85,47.39,90.17,3.6,95,1,721203.0,2,0.7,Urgente
INC-02337,Moundou,Urbaine_Dense,10.0871,15.7235,Saison_Pluies,31.7,86.6,10.4,11,Antenne_AirPON,111,8,352,Panne_OLT,Élevée,257,14.79,40,22,55.0,636.33,-3.19,146.09,44.2,95.15,6.9,11,1,1645850.0,8,23.6,Urgente
INC-02338,N'Djamena_Nord,Rurale,10.9654,21.3658,Saison_Seche,41.1,27.8,33.4,2,Splitter,53,5,133,Corrosion,Élevée,18,34.62,18,10,55.6,297.78,-5.23,53.18,3.1,98.42,4.5,60,0,1600017.0,1,5.3,Urgente
INC-02339,Doba,Urbaine_Moyenne,14.8398,18.8372,Intersaison,39.8,41.0,35.7,5,ONT,41,7,303,Defaut_Connecteur,Moyenne,266,15.18,13,6,46.2,578.99,-15.24,112.29,24.26,61.71,6.7,70,1,2197651.0,8,22.5,Corrective
INC-02340,Doba,Urbaine_Moyenne,7.7121,21.3901,Intersaison,32.7,35.4,58.1,3,Cable_Fibre,108,2,234,Corrosion,Élevée,343,62.69,48,31,64.6,133.91,-12.52,130.57,46.79,73.35,9.8,42,1,1097439.0,6,19.0,Urgente
INC-02341,Moundou,Urbaine_Dense,12.6056,16.171,Saison_Seche,44.8,11.4,44.6,2,Cable_Fibre,71,18,339,Rupture_Cable,Moyenne,241,46.47,38,25,65.8,753.67,-8.66,86.98,35.96,75.24,8.9,29,1,2457495.0,5,15.5,Urgente
INC-02342,N'Djamena_Nord,Urbaine_Moyenne,14.3936,13.5153,Saison_Seche,43.9,32.4,15.2,2,ONT,45,5,20,Rupture_Cable,Faible,271,6.14,17,11,64.7,749.06,-28.74,14.96,25.21,62.49,3.1,50,1,989796.0,9,10.2,Urgente
INC-02343,Abéché,Urbaine_Moyenne,13.2869,23.6454,Saison_Pluies,30.6,92.1,15.7,24,Antenne_AirPON,103,1,19,Corrosion,Élevée,31,26.34,45,35,77.8,217.4,-1.45,78.68,0.25,78.23,2.0,18,1,2344807.0,1,13.5,Corrective
INC-02344,Bongor,Urbaine_Dense,9.2339,18.8767,Saison_Seche,44.5,13.8,34.8,0,OLT,115,6,76,Rupture_Cable,Critique,57,2.76,1,0,0.0,386.95,-10.46,24.4,25.88,92.22,7.4,96,0,2485150.0,1,21.6,Urgente
INC-02345,Doba,Rurale,11.314,14.3373,Intersaison,34.8,59.9,7.2,9,OLT,86,2,23,Rupture_Cable,Moyenne,88,70.9,37,29,78.4,513.76,-31.34,30.08,46.0,92.7,1.3,28,0,112850.0,4,13.3,Corrective
INC-02346,Kélo,Péri_Urbaine,14.7822,14.5894,Saison_Seche,37.4,33.6,41.7,2,Splitter,46,11,55,Surtension,Élevée,180,59.28,19,15,78.9,679.24,-15.77,129.81,27.26,88.31,4.3,44,1,1219106.0,9,11.2,Corrective
INC-02347,Kélo,Péri_Urbaine,8.4257,18.0641,Intersaison,31.2,42.9,4.8,6,Antenne_AirPON,107,1,311,Surtension,Élevée,50,25.41,1,0,0.0,353.0,-26.99,68.24,7.62,89.4,2.6,75,1,572401.0,4,8.7,Préventive
INC-02348,Sarh,Urbaine_Moyenne,15.4001,20.8003,Saison_Pluies,32.2,83.5,34.4,19,ONT,10,16,57,Corrosion,Faible,359,27.67,49,44,89.8,45.06,-26.55,64.52,37.3,84.02,1.1,20,1,1219435.0,9,10.3,Urgente
INC-02349,N'Djamena_Sud,Urbaine_Dense,8.649,17.6647,Saison_Pluies,31.8,80.2,58.9,24,OLT,30,5,192,Defaut_Connecteur,Faible,185,26.6,2,1,50.0,273.84,-9.94,176.05,20.5,94.74,8.1,66,1,1754341.0,9,5.0,Corrective
INC-02350,Bongor,Urbaine_Moyenne,8.6393,22.1116,Saison_Seche,41.1,28.1,52.4,0,Cable_Fibre,70,19,351,Perte_Signal,Moyenne,326,47.34,38,25,65.8,535.51,-20.13,88.31,30.69,87.26,8.5,22,1,117072.0,9,3.0,Urgente
INC-02351,N'Djamena_Nord,Urbaine_Dense,14.0029,16.9551,Intersaison,33.5,57.2,50.7,4,Cable_Fibre,35,0,75,Defaut_Connecteur,Élevée,123,25.07,17,13,76.5,402.8,-31.1,166.85,49.47,75.34,3.0,77,1,2008613.0,2,9.2,Corrective
INC-02352,Bongor,Urbaine_Dense,14.1268,13.9789,Saison_Seche,39.5,10.7,45.0,2,Connecteur,93,17,228,Surtension,Moyenne,17,15.29,20,14,70.0,984.1,-29.67,180.91,46.63,90.84,5.2,62,1,402960.0,3,12.7,Préventive
INC-02353,N'Djamena_Sud,Urbaine_Moyenne,7.8033,13.5871,Saison_Seche,42.3,21.8,55.7,1,Connecteur,49,1,214,Degradation_Lente,Élevée,263,19.3,29,21,72.4,374.24,-31.89,188.01,24.83,93.63,6.8,60,0,1180813.0,1,7.9,Urgente
INC-02354,N'Djamena_Centre,Urbaine_Moyenne,8.8464,22.5242,Saison_Seche,37.7,30.0,55.8,0,OLT,26,2,169,Rupture_Cable,Moyenne,427,57.28,22,16,72.7,828.94,-33.94,157.83,12.74,64.79,4.4,60,1,1209017.0,6,3.4,Urgente
INC-02355,Kélo,Urbaine_Dense,15.0882,23.8369,Saison_Pluies,26.9,83.6,9.7,14,Connecteur,75,7,14,Degradation_Lente,Moyenne,114,7.41,8,5,62.5,19.06,-5.52,87.13,1.23,96.06,8.7,86,1,1342901.0,6,20.8,Corrective
INC-02356,N'Djamena_Centre,Urbaine_Moyenne,9.7348,14.8944,Saison_Seche,37.8,14.6,13.7,0,Splitter,68,18,271,Degradation_Lente,Moyenne,287,30.97,2,1,50.0,449.3,-33.02,32.57,20.4,71.69,6.2,75,0,128255.0,8,19.2,Urgente
INC-02357,Doba,Urbaine_Moyenne,7.5979,14.1514,Saison_Pluies,26.9,81.9,55.5,13,Connecteur,9,2,206,Surtension,Moyenne,387,28.5,25,17,68.0,432.08,-17.66,106.69,6.96,86.94,4.1,17,1,1052553.0,1,9.4,Corrective
INC-02358,N'Djamena_Nord,Rurale,9.5323,23.1013,Intersaison,32.8,53.3,16.5,3,Antenne_AirPON,73,10,117,Surtension,Moyenne,340,40.1,19,18,94.7,912.89,-33.86,79.29,11.26,70.63,8.4,44,0,404093.0,9,3.3,Urgente
INC-02359,N'Djamena_Nord,Péri_Urbaine,13.3835,14.5579,Saison_Pluies,32.6,88.1,22.8,13,Splitter,90,10,247,Perte_Signal,Moyenne,204,4.37,43,30,69.8,274.76,-9.03,34.42,35.46,77.09,2.4,25,0,821077.0,9,1.0,Urgente
INC-02360,Bongor,Urbaine_Dense,14.8316,15.8982,Saison_Seche,44.7,21.5,2.5,1,Cable_Fibre,3,19,189,Perte_Signal,Faible,480,2.42,22,13,59.1,455.12,-33.06,191.83,7.07,68.58,2.0,96,1,200903.0,6,14.3,Corrective
INC-02361,N'Djamena_Centre,Péri_Urbaine,8.7413,21.9173,Saison_Seche,40.8,17.8,54.0,1,Antenne_AirPON,92,1,32,Defaut_Connecteur,Moyenne,343,50.01,49,25,51.0,653.38,-32.94,175.33,48.97,69.41,9.6,16,0,1281424.0,9,10.6,Urgente
INC-02362,Kélo,Rurale,9.2953,23.9788,Saison_Seche,35.8,20.4,4.3,2,OLT,104,18,45,Degradation_Lente,Moyenne,433,37.67,48,36,75.0,732.89,-22.31,158.73,7.7,79.24,7.5,18,0,1100392.0,3,13.4,Urgente
INC-02363,N'Djamena_Sud,Péri_Urbaine,11.0323,18.6031,Intersaison,39.6,41.3,31.8,6,Splitter,35,16,35,Surtension,Faible,261,8.73,32,26,81.2,975.05,-22.36,42.38,44.78,68.22,8.8,16,1,1194862.0,4,7.1,Urgente
INC-02364,N'Djamena_Nord,Péri_Urbaine,13.4864,15.7131,Saison_Seche,38.2,11.2,13.2,1,OLT,107,15,262,Degradation_Lente,Moyenne,340,27.73,36,27,75.0,981.87,-25.65,184.5,17.01,76.92,9.6,72,0,1478026.0,4,23.1,Urgente
INC-02365,Doba,Urbaine_Dense,12.7696,22.401,Saison_Seche,41.8,18.3,1.6,1,Boitier_Etanche,83,17,230,Rupture_Cable,Faible,158,37.73,22,18,81.8,556.8,-1.91,46.56,31.07,86.51,6.5,11,1,396049.0,5,18.3,Préventive
INC-02366,N'Djamena_Nord,Rurale,10.1203,17.6403,Intersaison,28.4,59.4,17.4,6,Connecteur,90,18,37,Defaut_Connecteur,Moyenne,427,25.43,37,25,67.6,681.03,-23.58,187.51,26.66,73.53,5.0,40,1,2496479.0,1,21.8,Urgente
INC-02367,N'Djamena_Sud,Urbaine_Dense,8.0308,16.3627,Saison_Pluies,32.5,71.7,39.8,22,Splitter,86,8,112,Panne_OLT,Moyenne,107,8.21,36,19,52.8,97.3,-30.77,159.65,2.48,94.0,9.8,6,1,1989688.0,3,14.0,Corrective
INC-02368,Kélo,Péri_Urbaine,9.5237,18.6494,Saison_Seche,38.1,24.6,5.4,0,Antenne_AirPON,102,15,262,Obstruction_Physique,Moyenne,378,10.84,4,2,50.0,857.89,-1.42,150.2,38.77,74.58,6.4,65,1,936210.0,2,17.7,Urgente
INC-02369,N'Djamena_Nord,Urbaine_Moyenne,9.2565,22.4859,Intersaison,29.1,43.5,51.1,2,ONT,42,1,257,Perte_Signal,Élevée,57,17.66,13,9,69.2,342.54,-13.16,199.75,8.49,97.33,9.9,2,1,1791876.0,6,19.9,Préventive
INC-02370,Doba,Urbaine_Moyenne,7.6684,15.9465,Saison_Pluies,35.0,75.2,41.5,20,Boitier_Etanche,98,10,335,Defaut_Connecteur,Élevée,456,0.09,49,43,87.8,557.45,-34.99,101.54,10.12,88.31,3.3,52,1,928959.0,5,2.6,Préventive
INC-02371,Moundou,Urbaine_Dense,15.3003,17.9503,Saison_Seche,41.9,30.7,3.5,2,Connecteur,103,4,126,Defaut_Connecteur,Critique,33,52.47,37,35,94.6,898.99,-23.2,80.35,25.9,69.62,9.1,35,1,2325784.0,8,8.1,Urgente
INC-02372,Abéché,Urbaine_Moyenne,9.543,18.1646,Saison_Pluies,34.8,90.3,24.2,17,OLT,87,19,35,Corrosion,Faible,192,49.43,22,18,81.8,131.58,-3.48,170.24,1.09,77.18,5.2,72,1,2370962.0,7,1.0,Corrective
INC-02373,Doba,Péri_Urbaine,14.1923,22.244,Saison_Seche,39.1,27.0,48.5,0,Connecteur,83,19,312,Surtension,Moyenne,18,63.45,38,30,78.9,857.88,-15.16,145.2,35.14,60.84,3.1,53,1,2493953.0,1,10.4,Préventive
INC-02374,Moundou,Rurale,11.3789,20.5981,Saison_Seche,42.9,33.5,55.9,0,Cable_Fibre,27,9,147,Rupture_Cable,Faible,129,8.24,47,27,57.4,157.89,-23.87,132.04,11.4,66.48,7.9,91,0,640905.0,4,21.2,Corrective
INC-02375,Sarh,Urbaine_Moyenne,15.2783,21.6951,Intersaison,34.6,43.0,37.7,3,ONT,108,6,181,Panne_OLT,Faible,211,44.33,45,22,48.9,310.89,-29.25,69.06,26.36,83.42,2.2,39,1,347135.0,8,8.9,Urgente
INC-02376,N'Djamena_Nord,Péri_Urbaine,8.6964,20.7806,Intersaison,35.9,56.0,40.9,7,OLT,71,12,307,Defaut_Connecteur,Élevée,310,51.98,11,7,63.6,665.08,-10.09,141.25,8.34,88.62,9.7,68,1,732270.0,1,21.5,Urgente
INC-02377,Moundou,Péri_Urbaine,8.3854,19.7231,Saison_Pluies,31.4,71.5,52.6,23,ONT,32,11,120,Corrosion,Élevée,68,43.72,16,9,56.2,735.53,-15.55,63.27,34.81,65.0,9.9,22,0,647131.0,2,23.0,Urgente
INC-02378,Doba,Urbaine_Dense,7.5197,14.8903,Saison_Pluies,32.7,70.8,27.3,17,ONT,119,18,186,Panne_OLT,Moyenne,35,25.61,12,6,50.0,749.35,-7.46,106.8,0.74,73.29,8.4,5,0,1244398.0,3,2.4,Urgente
INC-02379,Kélo,Rurale,13.2476,22.246,Saison_Seche,39.4,30.2,42.4,2,Antenne_AirPON,9,5,188,Surtension,Faible,464,23.48,15,14,93.3,913.69,-14.11,71.91,16.71,78.04,3.2,40,1,115592.0,9,3.3,Corrective
INC-02380,Abéché,Urbaine_Dense,9.951,19.8764,Saison_Pluies,26.7,83.3,34.7,22,ONT,97,6,115,Rupture_Cable,Moyenne,188,9.96,26,24,92.3,290.78,-6.88,49.98,24.09,73.88,5.6,91,1,1358137.0,3,21.3,Corrective
INC-02381,Sarh,Rurale,14.4628,20.8623,Saison_Seche,40.8,18.6,41.7,2,Boitier_Etanche,67,10,321,Degradation_Lente,Moyenne,11,69.94,23,22,95.7,768.87,-25.83,31.29,8.46,86.76,6.3,34,1,388404.0,9,1.3,Préventive
INC-02382,Bongor,Rurale,12.5704,21.6769,Saison_Pluies,30.5,72.4,52.9,23,Boitier_Etanche,9,12,26,Panne_OLT,Moyenne,85,7.99,36,19,52.8,992.58,-28.54,28.13,0.05,92.02,7.5,32,1,520541.0,1,17.1,Corrective
INC-02383,Moundou,Urbaine_Dense,12.1195,16.7728,Saison_Pluies,31.5,82.9,47.4,15,OLT,27,11,40,Perte_Signal,Moyenne,492,49.14,49,27,55.1,73.68,-13.63,179.62,44.88,67.86,3.6,21,0,108439.0,3,11.6,Urgente
INC-02384,N'Djamena_Nord,Rurale,11.3951,18.0918,Saison_Pluies,33.3,93.1,7.6,22,Boitier_Etanche,32,17,290,Corrosion,Faible,359,63.75,8,5,62.5,200.06,-9.52,135.93,41.96,77.93,9.4,3,1,1827551.0,8,16.4,Urgente
INC-02385,Abéché,Urbaine_Moyenne,9.5654,19.1836,Saison_Seche,44.8,25.6,55.9,0,Cable_Fibre,77,12,41,Panne_OLT,Moyenne,216,64.81,16,15,93.8,914.39,-1.0,26.04,2.45,82.44,8.7,90,1,361762.0,6,5.0,Corrective
INC-02386,N'Djamena_Sud,Péri_Urbaine,8.0175,17.0996,Saison_Seche,40.4,21.6,3.0,0,ONT,65,7,121,Rupture_Cable,Moyenne,100,66.55,42,25,59.5,258.85,-13.28,180.44,37.99,99.13,3.6,35,1,1479220.0,1,18.1,Corrective
INC-02387,Bongor,Urbaine_Dense,11.0485,16.2146,Saison_Seche,39.0,15.4,45.4,1,ONT,114,7,7,Rupture_Cable,Faible,443,47.51,22,18,81.8,946.19,-9.42,134.36,12.7,81.8,4.4,58,1,2210050.0,7,12.7,Corrective
INC-02388,Abéché,Péri_Urbaine,8.293,21.6567,Saison_Seche,41.0,18.4,17.1,2,Splitter,22,14,97,Rupture_Cable,Élevée,29,9.39,11,6,54.5,524.12,-22.01,132.04,1.63,60.5,1.2,36,1,723394.0,7,1.6,Corrective
INC-02389,N'Djamena_Nord,Urbaine_Moyenne,14.7458,21.4142,Saison_Seche,37.7,13.2,46.8,0,Connecteur,50,3,354,Degradation_Lente,Élevée,456,37.44,3,2,66.7,540.31,-10.48,151.56,26.48,89.05,9.0,83,0,130971.0,9,9.9,Urgente
INC-02390,N'Djamena_Sud,Urbaine_Moyenne,14.1346,22.2339,Intersaison,36.2,37.8,0.9,5,OLT,2,15,335,Surtension,Critique,432,31.56,4,3,75.0,104.92,-7.94,136.27,45.75,61.16,8.9,57,1,1199283.0,8,14.3,Urgente
INC-02391,Bongor,Urbaine_Moyenne,12.4581,20.8153,Saison_Pluies,27.8,94.5,13.2,13,Boitier_Etanche,117,15,327,Corrosion,Moyenne,466,48.36,30,23,76.7,186.5,-21.69,96.28,10.39,67.53,3.0,31,0,988374.0,7,17.8,Urgente
INC-02392,N'Djamena_Nord,Péri_Urbaine,11.1195,16.7731,Intersaison,35.7,35.4,4.8,5,OLT,26,5,307,Defaut_Connecteur,Faible,302,33.01,6,4,66.7,873.9,-4.47,37.05,8.85,69.98,9.7,98,1,1167364.0,8,14.3,Urgente
INC-02393,Abéché,Urbaine_Dense,11.1336,16.9335,Saison_Pluies,25.8,80.4,45.1,24,Connecteur,13,15,174,Surtension,Moyenne,185,59.2,10,9,90.0,722.17,-13.47,52.5,45.78,86.41,9.7,14,0,136719.0,2,20.6,Corrective
INC-02394,Bongor,Rurale,11.2161,19.0418,Saison_Seche,35.4,29.1,11.6,1,Cable_Fibre,8,7,266,Degradation_Lente,Moyenne,262,29.67,49,30,61.2,128.01,-33.92,51.78,8.33,92.55,5.0,96,0,949284.0,9,14.2,Urgente
INC-02395,N'Djamena_Nord,Urbaine_Dense,13.4637,22.2738,Saison_Seche,45.6,29.2,55.7,1,Splitter,115,18,74,Corrosion,Moyenne,277,54.27,11,8,72.7,140.13,-26.33,148.48,0.52,75.85,2.0,59,0,160963.0,4,2.0,Urgente
INC-02396,Bongor,Rurale,8.5096,17.1361,Saison_Seche,36.7,29.0,24.7,1,Splitter,63,4,74,Obstruction_Physique,Moyenne,376,68.51,37,29,78.4,914.43,-9.75,43.09,42.91,78.61,8.3,19,0,2310863.0,1,0.8,Urgente
INC-02397,N'Djamena_Sud,Urbaine_Dense,11.7504,21.5424,Saison_Pluies,25.5,81.9,43.2,15,OLT,52,16,38,Surtension,Élevée,84,52.34,0,0,100.0,783.87,-17.1,59.77,2.3,89.35,5.1,22,1,1229731.0,4,17.4,Corrective
INC-02398,Moundou,Rurale,14.0013,16.7098,Saison_Seche,40.9,10.8,49.5,1,Splitter,21,5,220,Corrosion,Moyenne,91,54.92,7,4,57.1,119.36,-19.56,125.83,14.25,94.64,1.1,97,1,2374245.0,9,4.5,Corrective
INC-02399,N'Djamena_Nord,Rurale,11.581,17.0545,Saison_Seche,41.4,19.6,57.2,2,Connecteur,114,4,94,Perte_Signal,Faible,217,51.18,16,13,81.2,568.54,-1.07,15.13,12.82,97.22,8.6,21,1,301150.0,7,0.8,Corrective
INC-02400,Kélo,Urbaine_Dense,7.6099,21.3998,Intersaison,32.5,43.8,27.7,2,ONT,95,14,291,Rupture_Cable,Moyenne,102,60.52,20,14,70.0,983.23,-20.97,137.45,32.57,61.34,8.6,7,1,941979.0,1,23.9,Préventive
INC-02401,Moundou,Péri_Urbaine,9.4575,20.625,Saison_Seche,45.9,10.5,40.3,2,OLT,79,2,308,Surtension,Critique,227,21.0,3,2,66.7,528.17,-30.78,117.67,11.59,95.92,3.4,8,0,1198127.0,7,8.5,Urgente
INC-02402,Moundou,Urbaine_Moyenne,12.8487,15.6864,Saison_Pluies,34.2,81.3,21.9,18,Antenne_AirPON,114,10,72,Obstruction_Physique,Moyenne,281,71.43,48,29,60.4,94.05,-22.23,83.99,18.44,87.67,6.2,66,0,2475153.0,9,3.1,Urgente
INC-02403,N'Djamena_Centre,Urbaine_Moyenne,14.9736,22.1837,Saison_Seche,46.3,20.5,17.0,1,Antenne_AirPON,101,10,329,Defaut_Connecteur,Élevée,89,57.3,27,19,70.4,478.42,-1.24,10.12,35.7,68.08,8.9,42,1,345747.0,5,18.4,Urgente
INC-02404,N'Djamena_Nord,Urbaine_Dense,14.65,21.7384,Intersaison,29.3,53.9,41.2,8,Antenne_AirPON,57,4,247,Panne_OLT,Faible,486,54.57,36,19,52.8,294.12,-3.65,46.96,24.82,97.99,6.3,89,1,1853635.0,2,6.8,Corrective
INC-02405,Sarh,Urbaine_Dense,14.0816,21.8729,Saison_Pluies,32.8,79.7,24.3,14,Boitier_Etanche,73,13,74,Defaut_Connecteur,Critique,290,6.44,30,16,53.3,516.86,-5.54,57.1,33.16,66.44,2.1,18,0,2374446.0,1,9.2,Urgente
INC-02406,Sarh,Rurale,15.1013,18.4387,Saison_Pluies,30.1,77.4,34.3,14,OLT,25,19,60,Degradation_Lente,Faible,401,23.98,21,16,76.2,743.18,-7.7,5.35,8.39,74.99,3.0,12,1,1335016.0,8,10.4,Corrective
INC-02407,Moundou,Urbaine_Moyenne,9.7393,16.9507,Intersaison,28.2,49.5,11.9,5,Boitier_Etanche,24,17,21,Degradation_Lente,Critique,81,18.25,8,5,62.5,497.28,-16.4,32.83,47.45,78.22,6.2,93,0,2361646.0,8,23.5,Urgente
INC-02408,Kélo,Urbaine_Dense,7.5992,22.4227,Saison_Pluies,29.6,92.5,42.9,18,OLT,112,16,89,Panne_OLT,Faible,319,8.06,47,41,87.2,133.29,-22.71,2.93,26.21,78.15,3.6,38,1,600417.0,3,10.5,Corrective
INC-02409,Moundou,Urbaine_Moyenne,10.335,19.6762,Intersaison,38.9,46.3,58.2,7,Antenne_AirPON,52,2,304,Corrosion,Moyenne,208,65.81,25,15,60.0,762.29,-7.54,10.47,0.68,92.93,4.0,27,1,737330.0,1,23.7,Corrective
INC-02410,Kélo,Rurale,12.1161,23.2753,Intersaison,36.8,41.7,32.3,6,Splitter,76,0,223,Degradation_Lente,Faible,25,43.93,44,23,52.3,245.6,-27.36,24.84,18.34,93.98,9.8,86,1,120265.0,6,1.7,Préventive
INC-02411,Abéché,Urbaine_Dense,10.0317,16.1652,Saison_Seche,45.1,23.0,31.2,0,OLT,119,2,184,Rupture_Cable,Moyenne,97,64.58,32,19,59.4,13.91,-19.48,68.38,36.96,61.24,3.3,34,1,1532040.0,6,5.4,Préventive
INC-02412,Abéché,Urbaine_Dense,7.8536,23.7441,Saison_Seche,35.6,18.7,51.3,1,OLT,46,7,19,Obstruction_Physique,Élevée,434,38.33,35,29,82.9,147.5,-5.48,69.52,17.95,95.64,4.8,55,0,1443153.0,1,8.3,Urgente
INC-02413,Sarh,Urbaine_Moyenne,11.5575,17.4818,Saison_Pluies,30.7,80.2,9.1,18,Cable_Fibre,100,11,30,Panne_OLT,Faible,173,65.57,36,30,83.3,650.1,-22.42,163.84,23.21,82.83,5.0,58,1,1645715.0,6,2.6,Corrective
INC-02414,Doba,Rurale,9.0976,17.537,Saison_Pluies,25.5,87.8,23.6,16,OLT,80,1,81,Perte_Signal,Moyenne,484,66.68,23,15,65.2,942.99,-9.8,109.99,8.61,92.03,3.1,98,0,2191509.0,4,16.8,Urgente
INC-02415,Bongor,Rurale,13.3206,16.0076,Intersaison,31.2,38.5,10.4,8,Connecteur,38,6,329,Surtension,Faible,98,46.97,3,2,66.7,760.02,-19.33,12.36,12.18,84.72,7.8,24,1,1457688.0,7,1.9,Corrective
INC-02416,Bongor,Péri_Urbaine,8.2136,23.6328,Saison_Seche,44.1,21.4,32.8,2,Splitter,75,16,19,Defaut_Connecteur,Moyenne,392,36.07,8,7,87.5,322.94,-30.09,10.03,1.51,66.18,4.6,63,1,445261.0,1,5.7,Urgente
INC-02417,Abéché,Urbaine_Dense,15.165,13.917,Saison_Seche,43.2,14.2,37.0,1,OLT,63,19,130,Rupture_Cable,Moyenne,305,15.96,14,13,92.9,415.4,-18.72,69.83,26.7,93.9,3.8,92,1,98242.0,7,21.1,Corrective
INC-02418,Sarh,Péri_Urbaine,14.5134,18.4703,Saison_Pluies,27.7,76.2,54.8,16,Connecteur,118,9,146,Corrosion,Moyenne,399,65.81,32,25,78.1,575.14,-34.99,132.97,29.11,95.81,8.0,81,1,167983.0,4,7.7,Urgente
INC-02419,N'Djamena_Centre,Péri_Urbaine,14.4908,17.3376,Saison_Pluies,31.1,84.2,49.9,17,Antenne_AirPON,37,10,194,Panne_OLT,Critique,435,56.14,4,2,50.0,67.88,-8.19,111.17,6.46,78.91,8.4,44,1,1579800.0,5,12.0,Urgente
INC-02420,N'Djamena_Nord,Péri_Urbaine,13.8191,15.1723,Saison_Seche,35.5,30.1,38.8,0,Splitter,97,18,283,Panne_OLT,Faible,212,24.16,25,23,92.0,930.81,-27.44,36.19,17.05,96.82,5.5,33,1,1765738.0,8,6.6,Préventive
INC-02421,Doba,Urbaine_Moyenne,12.5687,20.9891,Saison_Seche,43.4,27.3,46.5,2,Antenne_AirPON,70,1,227,Obstruction_Physique,Moyenne,464,48.05,2,1,50.0,356.85,-22.01,102.54,23.22,91.43,8.6,43,0,765996.0,2,1.4,Urgente
INC-02422,N'Djamena_Centre,Urbaine_Moyenne,7.9274,22.9324,Saison_Seche,46.4,28.5,37.7,0,Splitter,114,10,52,Perte_Signal,Faible,447,44.0,31,28,90.3,425.77,-22.77,166.11,49.23,86.79,9.9,74,0,1956792.0,5,4.1,Urgente
INC-02423,N'Djamena_Centre,Urbaine_Dense,12.7994,16.0575,Saison_Pluies,29.9,86.0,34.3,10,OLT,107,18,15,Panne_OLT,Faible,205,7.75,41,34,82.9,59.33,-17.63,41.45,20.59,81.22,4.9,52,0,837088.0,8,6.8,Corrective
INC-02424,Doba,Péri_Urbaine,13.4754,18.7254,Saison_Seche,36.5,12.0,2.9,2,Boitier_Etanche,47,7,308,Perte_Signal,Moyenne,60,67.04,47,31,66.0,153.15,-8.91,124.74,14.87,90.25,2.6,97,0,1645977.0,8,14.2,Corrective
INC-02425,Kélo,Péri_Urbaine,8.5466,19.5712,Saison_Seche,36.5,32.0,1.5,2,Splitter,92,7,320,Obstruction_Physique,Critique,256,0.43,20,17,85.0,285.1,-12.07,184.45,26.76,86.27,7.8,6,1,2269931.0,7,15.7,Urgente
INC-02426,N'Djamena_Sud,Urbaine_Dense,12.426,17.6001,Saison_Pluies,29.6,93.2,51.1,20,Connecteur,29,4,303,Panne_OLT,Faible,307,59.63,0,0,100.0,248.37,-12.45,114.5,32.4,71.21,7.8,14,0,510125.0,8,9.9,Urgente
INC-02427,Abéché,Urbaine_Dense,11.3309,23.1762,Intersaison,28.5,56.7,16.9,8,Cable_Fibre,15,10,78,Corrosion,Faible,228,36.82,25,14,56.0,305.37,-1.43,178.61,24.74,93.38,7.5,42,1,2096271.0,6,22.3,Corrective
INC-02428,Bongor,Rurale,11.2795,18.3459,Saison_Seche,42.4,33.5,21.1,2,ONT,7,13,261,Panne_OLT,Moyenne,296,59.45,26,21,80.8,315.45,-32.42,42.48,21.48,81.21,3.2,83,1,47466.0,2,4.9,Corrective
INC-02429,Doba,Urbaine_Dense,9.0957,23.8192,Saison_Pluies,27.0,92.7,27.0,21,OLT,112,14,163,Perte_Signal,Faible,426,40.01,35,27,77.1,729.75,-29.46,84.35,28.98,76.81,6.3,37,1,1962419.0,5,19.3,Urgente
INC-02430,Abéché,Urbaine_Moyenne,13.4155,16.5997,Saison_Seche,37.8,34.1,2.5,1,Boitier_Etanche,99,8,185,Panne_OLT,Faible,468,11.03,46,36,78.3,62.56,-33.05,114.86,27.06,99.1,4.0,77,1,642927.0,2,20.8,Préventive
INC-02431,N'Djamena_Sud,Urbaine_Moyenne,14.901,14.2691,Intersaison,37.7,42.0,57.7,7,Splitter,111,6,110,Surtension,Moyenne,110,34.11,32,24,75.0,416.14,-25.0,21.79,15.8,90.56,9.0,73,1,46709.0,3,19.5,Corrective
INC-02432,N'Djamena_Nord,Péri_Urbaine,13.8024,19.5372,Intersaison,30.7,58.1,6.2,9,Cable_Fibre,22,6,352,Surtension,Élevée,323,63.28,20,14,70.0,127.03,-29.48,114.94,21.41,96.83,2.6,40,1,54084.0,7,10.0,Urgente
INC-02433,N'Djamena_Nord,Urbaine_Dense,10.4523,22.1451,Saison_Seche,43.7,34.0,58.1,1,Connecteur,32,9,332,Rupture_Cable,Élevée,98,16.53,29,27,93.1,789.51,-23.11,99.12,16.97,87.74,6.7,27,0,1137895.0,9,3.6,Corrective
INC-02434,Bongor,Péri_Urbaine,15.3734,17.5781,Saison_Pluies,34.1,81.7,42.5,24,Splitter,42,19,221,Obstruction_Physique,Moyenne,465,8.62,43,42,97.7,991.96,-15.08,111.78,22.85,62.42,8.4,15,0,299353.0,2,3.7,Urgente
INC-02435,Bongor,Urbaine_Moyenne,10.4134,15.4435,Saison_Seche,39.0,27.9,56.6,1,Connecteur,83,3,276,Defaut_Connecteur,Élevée,9,29.84,20,18,90.0,615.54,-30.14,153.83,42.31,71.48,1.9,22,0,1266045.0,7,2.0,Urgente
INC-02436,Sarh,Rurale,9.3754,21.2515,Intersaison,30.3,51.6,3.1,6,ONT,63,5,105,Rupture_Cable,Faible,156,58.39,15,12,80.0,630.86,-30.69,50.16,25.59,79.01,8.7,52,1,2039966.0,6,1.9,Corrective
INC-02437,Sarh,Urbaine_Moyenne,15.2447,16.3443,Saison_Pluies,28.4,70.4,26.8,11,Antenne_AirPON,1,15,304,Surtension,Faible,488,50.8,36,31,86.1,9.24,-13.5,93.86,18.4,74.0,5.6,94,1,1574575.0,5,12.6,Urgente
INC-02438,Doba,Péri_Urbaine,13.8185,21.5822,Saison_Pluies,25.7,80.8,57.2,13,Splitter,4,2,195,Degradation_Lente,Faible,497,71.77,8,7,87.5,490.3,-26.45,98.05,44.92,63.02,9.0,94,0,1953423.0,8,1.6,Urgente
INC-02439,N'Djamena_Nord,Urbaine_Moyenne,13.59,16.2544,Saison_Pluies,32.8,79.2,38.8,17,Boitier_Etanche,71,1,301,Surtension,Critique,129,63.38,28,17,60.7,542.79,-25.53,147.35,16.02,75.23,8.5,23,0,1331110.0,5,14.1,Urgente
INC-02440,Bongor,Rurale,8.1195,19.3515,Saison_Seche,42.1,33.7,32.8,1,ONT,105,13,235,Defaut_Connecteur,Élevée,199,12.34,19,13,68.4,960.01,-24.82,122.36,27.73,97.54,1.0,51,1,1654923.0,5,2.3,Préventive
INC-02441,Sarh,Urbaine_Moyenne,9.0362,22.8206,Saison_Seche,46.8,11.5,40.3,1,Connecteur,7,0,306,Perte_Signal,Élevée,314,56.73,7,6,85.7,62.76,-26.69,176.24,24.63,72.89,8.4,50,0,1565278.0,6,19.2,Urgente
INC-02442,Bongor,Péri_Urbaine,7.6481,15.6485,Saison_Seche,40.9,21.1,11.2,0,ONT,64,6,345,Rupture_Cable,Élevée,353,51.71,13,8,61.5,110.02,-14.1,13.24,46.75,81.25,3.8,0,1,444440.0,9,2.6,Urgente
INC-02443,Bongor,Urbaine_Dense,13.7132,22.1173,Saison_Pluies,27.8,90.3,44.8,18,Cable_Fibre,67,2,234,Defaut_Connecteur,Faible,120,14.07,46,42,91.3,378.45,-30.23,52.54,17.61,98.81,4.9,69,0,999394.0,5,14.2,Préventive
INC-02444,Moundou,Urbaine_Moyenne,9.7259,16.287,Saison_Pluies,30.0,81.6,16.5,20,Cable_Fibre,98,19,331,Surtension,Faible,74,56.18,37,29,78.4,423.38,-25.32,57.05,35.17,73.55,7.3,7,1,1745750.0,1,19.8,Préventive
INC-02445,N'Djamena_Sud,Urbaine_Dense,8.5578,20.437,Intersaison,33.1,42.4,16.9,6,Boitier_Etanche,12,2,94,Defaut_Connecteur,Élevée,491,17.47,40,33,82.5,569.83,-0.63,167.34,32.0,71.2,4.0,29,1,1764968.0,3,11.4,Urgente
INC-02446,Kélo,Urbaine_Dense,8.9551,16.059,Saison_Pluies,32.0,75.2,35.8,21,Connecteur,4,19,224,Rupture_Cable,Moyenne,201,32.8,41,37,90.2,951.7,-21.35,18.99,0.1,78.13,6.0,95,1,514003.0,7,18.5,Corrective
INC-02447,N'Djamena_Centre,Urbaine_Moyenne,12.6291,14.703,Saison_Pluies,28.4,84.5,1.3,11,Splitter,11,4,202,Obstruction_Physique,Élevée,32,19.97,6,5,83.3,609.7,-16.92,167.43,35.81,96.36,3.2,80,0,1412511.0,7,13.4,Corrective
INC-02448,Kélo,Urbaine_Moyenne,10.9644,20.4722,Saison_Seche,36.9,30.7,3.2,0,Connecteur,82,4,80,Panne_OLT,Faible,48,32.49,40,32,80.0,839.87,-25.11,144.54,30.54,84.37,6.1,37,1,259313.0,3,16.0,Corrective
INC-02449,N'Djamena_Centre,Urbaine_Moyenne,15.0312,19.7463,Saison_Pluies,29.2,77.9,1.0,16,Antenne_AirPON,66,17,58,Defaut_Connecteur,Faible,493,21.74,16,12,75.0,581.49,-9.07,40.2,19.3,72.83,7.8,99,1,1902054.0,3,10.7,Corrective
INC-02450,Sarh,Urbaine_Moyenne,10.4271,17.7156,Saison_Seche,37.7,16.2,46.0,0,ONT,58,5,92,Degradation_Lente,Élevée,3,47.46,9,7,77.8,476.28,-16.39,134.39,42.71,91.57,6.4,71,0,1817514.0,4,1.1,Urgente
INC-02451,N'Djamena_Centre,Urbaine_Dense,14.171,13.8852,Saison_Seche,46.8,21.0,1.6,2,OLT,85,19,203,Perte_Signal,Faible,115,57.75,36,21,58.3,897.01,-20.79,39.59,9.42,82.43,8.0,89,1,1932599.0,3,20.2,Préventive
INC-02452,Doba,Urbaine_Moyenne,11.8717,18.4904,Saison_Pluies,32.8,75.8,5.7,16,OLT,109,15,252,Obstruction_Physique,Faible,344,1.34,24,19,79.2,26.05,-0.75,56.89,41.61,79.92,7.9,88,1,336166.0,3,21.1,Préventive
INC-02453,N'Djamena_Centre,Rurale,13.1428,15.0614,Saison_Seche,38.0,22.8,36.4,2,Cable_Fibre,82,12,42,Degradation_Lente,Moyenne,51,28.99,22,19,86.4,638.34,-34.03,134.71,49.79,82.41,3.6,39,1,809169.0,8,8.5,Corrective
INC-02454,Abéché,Rurale,8.8493,17.2745,Saison_Seche,43.0,30.9,28.5,2,Cable_Fibre,76,9,60,Defaut_Connecteur,Moyenne,125,10.47,43,24,55.8,810.97,-28.0,58.43,22.29,99.77,1.5,98,1,798695.0,1,6.3,Corrective
INC-02455,N'Djamena_Centre,Urbaine_Moyenne,13.4919,19.6551,Intersaison,32.4,42.9,22.0,9,OLT,17,2,247,Degradation_Lente,Moyenne,54,1.39,39,23,59.0,247.47,-2.25,11.41,22.61,83.36,3.4,61,1,441801.0,1,5.5,Corrective
INC-02456,N'Djamena_Sud,Péri_Urbaine,8.1852,23.3632,Saison_Pluies,30.4,81.1,21.3,10,Boitier_Etanche,19,12,204,Defaut_Connecteur,Critique,213,70.79,45,36,80.0,56.8,-0.17,71.4,41.4,92.44,8.2,20,1,127443.0,2,20.2,Urgente
INC-02457,Moundou,Péri_Urbaine,13.029,18.8688,Saison_Seche,43.8,17.2,51.6,2,Boitier_Etanche,16,3,64,Perte_Signal,Élevée,196,48.51,35,23,65.7,105.85,-16.35,127.6,28.06,73.48,6.1,4,0,1714133.0,7,22.6,Urgente
INC-02458,Doba,Urbaine_Dense,11.2241,15.5452,Saison_Pluies,28.9,74.8,4.7,19,Boitier_Etanche,19,2,43,Panne_OLT,Moyenne,487,32.57,40,32,80.0,789.33,-3.26,38.9,19.65,63.35,9.7,64,1,1496261.0,6,12.6,Urgente
INC-02459,N'Djamena_Nord,Urbaine_Moyenne,9.3282,23.4354,Intersaison,30.4,69.1,55.6,7,ONT,109,10,169,Perte_Signal,Faible,125,31.03,49,35,71.4,180.42,-10.62,159.93,20.67,89.6,1.2,58,0,977123.0,7,0.8,Corrective
INC-02460,Doba,Péri_Urbaine,11.3431,13.7721,Saison_Pluies,32.2,78.5,14.1,19,Connecteur,66,4,318,Rupture_Cable,Faible,431,60.54,17,12,70.6,209.76,-1.63,26.05,4.44,70.32,8.4,73,1,923121.0,2,15.0,Urgente
INC-02461,Kélo,Urbaine_Moyenne,14.3454,20.2496,Intersaison,39.1,46.5,29.3,7,Antenne_AirPON,50,9,166,Perte_Signal,Faible,494,41.09,41,29,70.7,461.5,-20.83,138.6,25.66,94.28,4.3,2,1,754757.0,6,6.1,Urgente
INC-02462,Abéché,Urbaine_Moyenne,8.7378,16.2551,Saison_Seche,38.1,17.4,57.4,1,Splitter,23,19,81,Corrosion,Critique,428,53.93,29,19,65.5,274.25,-13.63,65.54,10.04,94.04,9.3,96,1,309514.0,5,10.6,Urgente
INC-02463,N'Djamena_Centre,Urbaine_Moyenne,8.857,21.4539,Saison_Pluies,32.8,86.2,38.3,16,Antenne_AirPON,35,12,232,Corrosion,Élevée,155,66.27,38,26,68.4,943.15,-5.53,112.06,35.01,87.37,9.1,86,1,770440.0,1,17.4,Corrective
INC-02464,Abéché,Urbaine_Moyenne,11.772,16.9778,Saison_Seche,37.3,15.2,15.1,2,OLT,10,18,347,Surtension,Faible,316,63.62,5,2,40.0,352.61,-28.99,187.55,39.69,68.62,9.5,92,1,1447301.0,2,1.5,Urgente
INC-02465,Abéché,Péri_Urbaine,12.502,18.0018,Saison_Pluies,31.3,88.7,58.9,13,Antenne_AirPON,35,10,198,Obstruction_Physique,Moyenne,301,6.84,14,9,64.3,101.48,-29.54,196.19,23.56,75.39,5.0,98,0,66309.0,8,15.0,Corrective
INC-02466,Doba,Urbaine_Moyenne,10.8616,21.5894,Saison_Pluies,34.3,72.6,48.9,12,ONT,86,18,157,Rupture_Cable,Moyenne,203,34.99,23,15,65.2,262.94,-20.41,106.61,16.42,67.74,8.8,61,1,406822.0,8,4.9,Urgente
INC-02467,Abéché,Urbaine_Dense,9.6311,22.9271,Saison_Pluies,25.6,77.7,18.8,22,Connecteur,107,10,295,Panne_OLT,Moyenne,429,45.61,28,22,78.6,198.0,-30.42,29.17,30.2,70.32,2.9,93,0,1181671.0,7,11.6,Urgente
INC-02468,N'Djamena_Sud,Urbaine_Moyenne,8.0375,15.4168,Saison_Pluies,27.6,84.2,36.0,10,Antenne_AirPON,50,7,328,Panne_OLT,Faible,451,33.35,41,33,80.5,384.97,-26.24,171.02,0.43,67.4,8.0,5,0,499420.0,3,10.3,Urgente
INC-02469,N'Djamena_Nord,Urbaine_Moyenne,7.8983,16.6111,Saison_Pluies,34.0,85.8,33.4,13,OLT,51,11,82,Defaut_Connecteur,Moyenne,295,20.89,44,31,70.5,263.72,-11.6,148.05,28.86,76.61,2.9,32,0,477376.0,1,8.0,Urgente
INC-02470,N'Djamena_Sud,Urbaine_Moyenne,7.8266,13.5454,Intersaison,33.1,49.4,37.0,9,Splitter,59,9,144,Surtension,Élevée,210,65.98,15,8,53.3,953.03,-29.12,103.97,34.31,88.92,3.0,96,1,894001.0,2,3.2,Urgente
INC-02471,N'Djamena_Nord,Urbaine_Dense,14.7103,22.494,Saison_Seche,36.5,27.8,7.3,0,Connecteur,40,1,87,Surtension,Faible,254,64.7,8,7,87.5,904.11,-11.35,62.1,12.01,81.23,9.2,95,0,954295.0,8,11.6,Urgente
INC-02472,N'Djamena_Centre,Urbaine_Dense,8.5509,23.4448,Saison_Seche,41.6,34.6,38.7,2,ONT,76,16,142,Defaut_Connecteur,Faible,216,60.61,5,4,80.0,701.78,-20.49,93.92,39.2,62.75,6.8,62,0,655685.0,9,14.5,Urgente
INC-02473,Kélo,Urbaine_Dense,9.861,16.4342,Saison_Seche,38.3,15.6,12.8,0,Splitter,40,1,275,Rupture_Cable,Moyenne,401,67.2,13,10,76.9,909.02,-0.33,69.07,31.81,66.71,8.6,33,0,353656.0,6,14.2,Urgente
INC-02474,Sarh,Urbaine_Dense,15.3871,17.5378,Saison_Seche,39.0,32.6,19.2,0,OLT,29,18,199,Defaut_Connecteur,Élevée,364,53.5,16,11,68.8,644.25,-5.34,149.56,22.95,99.71,7.3,57,0,1311922.0,4,18.4,Urgente
INC-02475,Bongor,Urbaine_Moyenne,14.9198,18.004,Saison_Seche,35.1,24.0,32.7,1,Cable_Fibre,13,8,359,Panne_OLT,Faible,110,28.07,10,9,90.0,771.73,-7.17,148.86,1.56,85.49,1.5,27,1,1426313.0,4,8.0,Corrective
INC-02476,Kélo,Péri_Urbaine,7.8429,17.8024,Saison_Pluies,34.2,82.1,12.8,22,Cable_Fibre,60,11,205,Panne_OLT,Critique,223,35.83,27,24,88.9,822.03,-24.61,2.59,1.42,77.95,2.4,5,1,862786.0,6,23.7,Urgente
INC-02477,N'Djamena_Centre,Rurale,11.9101,17.6252,Saison_Pluies,25.7,82.7,53.5,14,ONT,16,6,101,Rupture_Cable,Élevée,208,59.33,6,4,66.7,150.35,-7.32,25.4,3.71,98.24,5.9,71,1,2165822.0,1,9.5,Urgente
INC-02478,N'Djamena_Centre,Rurale,12.568,18.4967,Saison_Seche,46.1,27.2,25.1,1,Cable_Fibre,26,16,304,Rupture_Cable,Moyenne,271,65.56,32,21,65.6,651.37,-21.01,104.13,29.84,80.41,3.4,96,1,2145844.0,6,0.8,Urgente
INC-02479,N'Djamena_Sud,Péri_Urbaine,7.9329,15.1147,Intersaison,28.7,54.1,9.9,4,Boitier_Etanche,115,3,185,Perte_Signal,Élevée,52,48.27,28,22,78.6,532.28,-14.96,165.29,30.87,92.42,5.0,11,1,2445592.0,2,5.5,Préventive
INC-02480,Kélo,Péri_Urbaine,13.325,14.1056,Saison_Seche,46.0,13.0,3.6,0,Boitier_Etanche,46,6,346,Obstruction_Physique,Moyenne,401,41.84,28,14,50.0,864.18,-18.82,191.36,31.39,77.79,3.0,35,0,1345689.0,5,11.4,Urgente
INC-02481,Kélo,Urbaine_Moyenne,15.403,21.097,Intersaison,29.6,57.7,46.9,3,Connecteur,79,12,70,Rupture_Cable,Faible,163,64.28,1,0,0.0,618.28,-8.01,125.9,1.37,95.41,9.2,4,1,1677018.0,9,12.8,Corrective
INC-02482,Bongor,Urbaine_Dense,10.935,22.3889,Saison_Seche,44.6,19.4,49.7,1,Cable_Fibre,70,2,171,Panne_OLT,Faible,440,54.0,29,28,96.6,659.31,-15.9,66.14,32.34,83.54,6.6,91,1,2443513.0,9,13.3,Urgente
INC-02483,N'Djamena_Nord,Urbaine_Moyenne,11.0953,22.007,Saison_Seche,45.8,18.0,4.8,1,Cable_Fibre,24,16,196,Obstruction_Physique,Faible,225,65.75,18,17,94.4,573.43,-13.05,46.68,18.98,90.48,8.8,93,1,2186719.0,1,21.1,Corrective
INC-02484,N'Djamena_Nord,Urbaine_Dense,12.7748,20.0796,Saison_Pluies,30.2,94.1,32.6,13,Connecteur,22,5,24,Perte_Signal,Élevée,492,63.57,43,29,67.4,271.1,-15.45,169.27,30.31,90.75,5.8,65,1,1981983.0,4,8.2,Urgente
INC-02485,Doba,Urbaine_Moyenne,13.3923,23.6725,Saison_Pluies,34.3,93.5,39.2,10,ONT,50,2,94,Degradation_Lente,Moyenne,33,23.67,43,27,62.8,559.39,-3.64,172.01,41.41,83.41,9.1,32,1,2116471.0,6,18.4,Corrective
INC-02486,Abéché,Urbaine_Dense,13.8182,13.5162,Saison_Pluies,30.6,70.5,54.5,15,OLT,32,15,318,Defaut_Connecteur,Élevée,446,9.43,48,44,91.7,981.1,-1.87,100.28,1.25,65.35,6.2,66,0,1544081.0,8,14.6,Urgente
INC-02487,N'Djamena_Nord,Urbaine_Dense,8.1206,16.8552,Saison_Pluies,25.3,83.5,2.9,17,ONT,55,18,70,Surtension,Élevée,92,50.56,9,8,88.9,631.53,-19.96,102.93,42.67,73.06,1.8,95,1,2210216.0,4,8.0,Urgente
INC-02488,Doba,Péri_Urbaine,13.9055,16.7552,Saison_Pluies,31.9,71.6,20.9,17,Antenne_AirPON,118,1,117,Panne_OLT,Faible,117,67.23,0,0,100.0,865.1,-17.24,44.32,18.39,60.76,5.2,9,0,2190261.0,6,17.5,Urgente
INC-02489,N'Djamena_Nord,Urbaine_Dense,14.4126,17.1716,Intersaison,31.0,65.5,7.2,2,Cable_Fibre,22,6,356,Surtension,Faible,303,65.48,49,34,69.4,515.98,-28.94,92.44,28.68,60.93,7.7,14,1,1495389.0,5,7.1,Urgente
INC-02490,Abéché,Urbaine_Moyenne,7.8618,21.8999,Saison_Seche,43.3,21.0,25.7,1,ONT,57,13,128,Panne_OLT,Critique,436,66.24,34,30,88.2,431.53,-24.1,125.01,38.62,86.45,4.6,69,0,884577.0,7,10.1,Urgente
INC-02491,N'Djamena_Centre,Péri_Urbaine,7.8131,17.1907,Saison_Seche,36.4,14.8,22.3,2,OLT,115,3,329,Panne_OLT,Faible,24,62.72,16,12,75.0,279.63,-8.45,76.35,35.75,98.08,8.9,91,0,1251335.0,4,9.3,Préventive
INC-02492,Moundou,Urbaine_Dense,11.9071,19.0344,Intersaison,37.9,66.7,35.7,2,Connecteur,17,3,223,Obstruction_Physique,Moyenne,73,31.56,33,18,54.5,978.46,-12.46,177.89,0.8,69.27,1.6,46,0,33069.0,7,1.0,Urgente
INC-02493,Abéché,Urbaine_Dense,11.4745,19.9464,Saison_Seche,37.0,19.8,40.5,0,Antenne_AirPON,116,7,298,Corrosion,Faible,190,67.43,33,28,84.8,952.77,-13.73,175.67,22.65,89.13,5.1,21,1,2421696.0,2,2.2,Préventive
INC-02494,Sarh,Urbaine_Dense,15.3408,22.3765,Saison_Seche,43.5,11.9,57.9,2,Connecteur,1,12,184,Defaut_Connecteur,Critique,392,45.87,36,21,58.3,868.46,-18.79,185.06,40.32,82.23,4.7,37,1,847624.0,6,2.8,Urgente
INC-02495,Moundou,Péri_Urbaine,9.8552,19.9665,Saison_Seche,46.7,11.3,9.8,1,Connecteur,21,13,35,Perte_Signal,Faible,366,59.78,49,30,61.2,852.56,-20.83,6.26,10.46,82.45,6.5,89,0,1318986.0,3,18.7,Urgente
INC-02496,N'Djamena_Centre,Urbaine_Dense,12.2216,17.5037,Saison_Pluies,31.4,72.4,48.0,22,ONT,14,18,231,Obstruction_Physique,Élevée,337,21.54,15,14,93.3,483.43,-26.82,20.8,45.38,93.19,1.9,16,0,2094482.0,7,9.6,Urgente
INC-02497,Moundou,Rurale,11.5534,20.7948,Saison_Pluies,30.0,87.1,50.8,20,Boitier_Etanche,102,8,88,Defaut_Connecteur,Élevée,22,36.0,4,2,50.0,640.22,-3.05,22.89,23.33,82.97,8.5,23,1,448594.0,8,15.3,Corrective
INC-02498,N'Djamena_Centre,Urbaine_Moyenne,11.7859,18.9131,Saison_Seche,35.9,24.8,33.9,1,Cable_Fibre,83,6,118,Obstruction_Physique,Critique,325,8.46,12,10,83.3,57.1,-0.88,118.25,41.0,97.69,3.7,61,0,2266082.0,1,21.7,Urgente
INC-02499,Moundou,Urbaine_Dense,12.7773,19.0482,Saison_Seche,37.2,16.1,47.3,2,Connecteur,67,14,92,Panne_OLT,Moyenne,164,11.1,0,0,100.0,32.36,-27.5,33.18,42.72,98.93,8.7,74,1,444896.0,1,12.8,Corrective
INC-02500,N'Djamena_Nord,Urbaine_Dense,11.8008,17.0191,Saison_Seche,39.3,15.8,21.0,0,Boitier_Etanche,111,7,145,Obstruction_Physique,Moyenne,374,58.12,15,9,60.0,309.25,-20.59,101.29,10.35,89.68,1.1,83,1,297593.0,6,20.5,Corrective
INC-02501,Kélo,Urbaine_Moyenne,7.5556,13.5169,Saison_Seche,46.2,21.0,2.1,1,Boitier_Etanche,92,4,348,Degradation_Lente,Moyenne,126,67.96,7,4,57.1,611.0,-28.97,163.32,47.16,63.43,4.5,46,1,1788717.0,5,22.7,Préventive
INC-02502,Abéché,Rurale,14.2497,17.2364,Saison_Seche,39.0,19.7,9.0,1,Cable_Fibre,83,16,138,Defaut_Connecteur,Moyenne,149,37.99,5,3,60.0,732.46,-10.16,139.34,38.0,87.29,3.3,73,1,1023265.0,3,5.1,Corrective
INC-02503,Abéché,Urbaine_Moyenne,9.1092,16.6785,Saison_Pluies,32.0,94.8,10.0,11,Splitter,20,13,333,Obstruction_Physique,Faible,475,34.98,42,28,66.7,401.79,-11.77,53.71,20.83,98.03,5.1,47,1,911176.0,7,19.6,Corrective
INC-02504,N'Djamena_Nord,Urbaine_Dense,9.3492,14.5536,Saison_Seche,36.2,20.2,52.5,0,Connecteur,51,12,314,Obstruction_Physique,Moyenne,199,67.84,43,27,62.8,777.55,-34.25,111.23,41.75,96.61,3.1,86,1,1146856.0,5,17.8,Corrective
INC-02505,Abéché,Urbaine_Moyenne,12.6838,15.5857,Saison_Seche,42.9,33.9,57.5,1,OLT,64,15,96,Panne_OLT,Faible,202,59.85,12,8,66.7,842.23,-24.1,124.12,5.49,68.13,1.4,61,1,1079925.0,2,22.1,Urgente
INC-02506,N'Djamena_Nord,Rurale,11.322,23.7993,Saison_Pluies,25.5,70.4,24.2,23,Cable_Fibre,9,4,225,Defaut_Connecteur,Moyenne,227,13.15,8,4,50.0,337.36,-23.66,83.76,3.76,95.83,3.2,83,1,189383.0,1,15.3,Corrective
INC-02507,Kélo,Urbaine_Dense,12.0958,16.4381,Intersaison,31.6,38.9,39.4,7,Splitter,31,7,87,Panne_OLT,Élevée,391,3.01,38,19,50.0,971.93,-9.92,30.1,39.73,66.46,3.8,50,0,125761.0,7,17.8,Urgente
INC-02508,N'Djamena_Sud,Péri_Urbaine,11.48,18.9407,Saison_Seche,44.2,25.1,18.2,0,Boitier_Etanche,108,17,26,Panne_OLT,Faible,392,68.41,49,38,77.6,278.6,-28.86,174.27,13.99,63.14,9.7,58,1,1059595.0,4,8.3,Urgente
INC-02509,Bongor,Urbaine_Dense,10.8429,19.268,Saison_Seche,43.7,34.7,26.7,2,Connecteur,46,15,165,Corrosion,Élevée,409,38.91,33,32,97.0,602.45,-2.77,177.43,43.81,61.49,3.6,30,1,256277.0,9,5.1,Urgente
INC-02510,N'Djamena_Sud,Péri_Urbaine,11.3664,19.3803,Saison_Pluies,26.1,70.2,37.2,13,Cable_Fibre,46,7,142,Perte_Signal,Moyenne,46,46.54,8,5,62.5,197.16,-32.14,163.37,2.6,98.5,1.9,49,1,599744.0,2,10.8,Corrective
INC-02511,N'Djamena_Centre,Rurale,8.6287,13.9969,Saison_Seche,45.4,10.1,51.4,0,Cable_Fibre,72,6,205,Corrosion,Moyenne,304,38.22,1,0,0.0,669.42,-27.5,172.89,8.33,69.35,5.0,55,1,2137887.0,7,17.7,Urgente
INC-02512,Moundou,Urbaine_Moyenne,15.2544,21.6004,Saison_Pluies,30.3,92.8,25.6,16,Antenne_AirPON,32,9,181,Perte_Signal,Faible,285,53.18,11,10,90.9,43.02,-34.12,134.77,37.56,66.49,9.1,32,0,665659.0,5,14.1,Urgente
INC-02513,Doba,Rurale,12.098,21.1686,Intersaison,37.3,47.6,41.9,2,Splitter,25,9,240,Corrosion,Critique,299,64.62,45,38,84.4,634.15,-0.29,82.83,44.76,69.56,6.7,1,1,2307783.0,2,6.2,Urgente
INC-02514,Kélo,Urbaine_Moyenne,9.7945,23.7605,Saison_Seche,41.5,29.2,14.9,2,OLT,22,13,284,Corrosion,Moyenne,418,71.55,4,3,75.0,963.28,-5.96,23.96,32.47,86.53,4.9,61,1,1118041.0,5,8.0,Urgente
INC-02515,Abéché,Rurale,13.2027,15.4393,Saison_Pluies,31.4,76.6,19.7,22,ONT,86,8,102,Defaut_Connecteur,Critique,90,26.18,22,12,54.5,355.63,-11.25,162.42,46.88,66.28,9.3,97,0,1472766.0,2,20.4,Urgente
INC-02516,Kélo,Péri_Urbaine,14.5408,19.3148,Intersaison,35.2,46.5,13.2,2,Boitier_Etanche,100,1,217,Surtension,Élevée,61,37.4,7,3,42.9,808.73,-0.47,54.54,22.35,85.21,4.5,4,1,586076.0,8,19.3,Préventive
INC-02517,Moundou,Péri_Urbaine,9.8717,21.9402,Intersaison,37.5,56.3,51.9,4,OLT,102,18,333,Perte_Signal,Élevée,115,63.61,29,17,58.6,220.18,-34.44,35.2,40.8,60.82,9.0,97,0,71740.0,8,15.9,Urgente
INC-02518,Doba,Péri_Urbaine,10.0961,14.8056,Saison_Pluies,25.9,94.3,7.1,20,ONT,41,2,176,Perte_Signal,Faible,293,31.37,11,9,81.8,585.21,-5.67,79.68,12.72,75.77,5.7,72,1,1134153.0,5,15.5,Corrective
INC-02519,Moundou,Urbaine_Dense,11.0084,21.7905,Saison_Seche,41.9,10.5,46.2,1,Antenne_AirPON,101,8,363,Defaut_Connecteur,Moyenne,391,25.85,2,1,50.0,172.95,-11.04,132.7,49.07,90.4,8.8,80,1,1594787.0,6,13.2,Urgente
INC-02520,Doba,Urbaine_Dense,9.2383,16.3346,Saison_Pluies,28.8,71.5,37.9,11,Antenne_AirPON,6,9,47,Panne_OLT,Moyenne,55,69.76,49,25,51.0,859.64,-29.43,113.86,17.51,70.58,7.5,88,1,502484.0,5,8.7,Corrective
INC-02521,Sarh,Urbaine_Dense,13.9783,16.4489,Saison_Pluies,27.9,78.5,39.0,12,OLT,118,10,57,Defaut_Connecteur,Élevée,249,52.7,29,22,75.9,97.18,-7.12,108.53,46.55,73.61,6.9,13,0,2294606.0,3,14.0,Urgente
INC-02522,Bongor,Urbaine_Dense,12.1734,23.4288,Saison_Pluies,29.8,85.4,52.6,16,OLT,60,19,250,Panne_OLT,Critique,197,36.5,19,9,47.4,787.6,-7.79,25.42,11.4,64.2,9.0,57,1,491278.0,5,6.6,Urgente
INC-02523,Kélo,Rurale,7.9564,16.7957,Intersaison,28.3,35.1,31.8,3,Connecteur,13,10,67,Defaut_Connecteur,Faible,241,57.31,38,36,94.7,733.33,-24.57,31.39,4.6,87.15,10.0,24,1,1881616.0,1,8.9,Corrective
INC-02524,Abéché,Urbaine_Dense,15.4736,19.6345,Saison_Pluies,33.3,77.0,4.6,19,Cable_Fibre,9,11,44,Corrosion,Élevée,37,22.97,31,20,64.5,885.27,-18.35,4.8,18.18,74.09,9.1,31,0,1462394.0,4,23.4,Urgente
INC-02525,N'Djamena_Sud,Urbaine_Dense,12.0998,18.121,Saison_Pluies,27.3,70.2,55.9,14,OLT,85,13,76,Defaut_Connecteur,Élevée,17,42.42,46,41,89.1,482.78,-33.8,50.46,0.48,67.14,2.1,52,1,170518.0,8,16.6,Urgente
INC-02526,Abéché,Urbaine_Dense,14.6195,14.3207,Saison_Pluies,26.4,74.7,20.2,18,Cable_Fibre,16,13,68,Defaut_Connecteur,Moyenne,0,51.17,48,28,58.3,912.81,-34.79,110.22,2.13,60.54,2.8,90,0,1148578.0,3,0.6,Urgente
INC-02527,N'Djamena_Centre,Urbaine_Moyenne,11.5129,23.4801,Saison_Seche,45.5,31.4,1.8,2,Antenne_AirPON,61,10,69,Perte_Signal,Faible,263,51.55,38,26,68.4,498.33,-25.82,25.62,46.62,84.29,9.8,9,0,352980.0,4,10.7,Urgente
INC-02528,N'Djamena_Sud,Péri_Urbaine,12.1596,15.7441,Saison_Seche,46.0,21.1,32.0,1,Cable_Fibre,81,1,290,Panne_OLT,Moyenne,496,14.1,24,20,83.3,452.27,-24.31,32.34,47.37,79.35,4.8,20,0,908061.0,6,16.3,Urgente
INC-02529,Sarh,Urbaine_Moyenne,11.1358,16.3108,Saison_Pluies,25.3,71.1,21.5,17,Cable_Fibre,52,12,80,Corrosion,Faible,267,71.62,33,28,84.8,117.96,-5.07,151.02,0.63,88.46,2.8,79,1,1295905.0,5,18.9,Corrective
INC-02530,Kélo,Péri_Urbaine,10.8821,17.4611,Saison_Seche,45.6,29.6,54.7,0,Cable_Fibre,69,0,152,Surtension,Élevée,448,54.29,13,12,92.3,888.07,-18.85,57.33,1.67,80.42,2.2,54,0,871518.0,6,15.9,Urgente
INC-02531,N'Djamena_Centre,Urbaine_Moyenne,9.2464,18.7346,Saison_Seche,40.9,21.6,30.6,2,OLT,109,2,263,Obstruction_Physique,Élevée,315,53.5,35,30,85.7,845.46,-2.05,128.72,23.41,76.18,1.4,7,1,664092.0,6,22.8,Urgente
INC-02532,N'Djamena_Sud,Rurale,15.197,15.015,Saison_Seche,35.5,26.7,3.2,2,ONT,6,4,139,Degradation_Lente,Élevée,348,42.18,42,28,66.7,128.15,-11.99,192.09,7.08,95.35,4.1,95,1,1143950.0,2,7.8,Urgente
INC-02533,Moundou,Urbaine_Dense,8.9542,20.1143,Intersaison,35.6,52.1,14.3,5,Cable_Fibre,20,15,254,Perte_Signal,Élevée,226,24.68,31,21,67.7,197.38,-13.14,166.99,30.17,82.01,1.0,96,1,1551524.0,1,22.1,Urgente
INC-02534,Bongor,Urbaine_Moyenne,11.7112,18.9044,Saison_Pluies,25.5,80.9,13.4,18,Cable_Fibre,20,4,244,Perte_Signal,Moyenne,400,35.18,37,30,81.1,333.81,-23.7,184.02,45.79,92.03,3.6,33,1,2181887.0,4,14.8,Urgente
INC-02535,Doba,Péri_Urbaine,8.1968,16.6816,Saison_Seche,39.8,10.9,45.8,2,Boitier_Etanche,57,7,160,Rupture_Cable,Critique,69,30.66,12,8,66.7,205.41,-26.89,178.07,45.09,94.86,6.5,87,1,1454491.0,3,2.1,Urgente
INC-02536,Bongor,Urbaine_Dense,15.447,20.7728,Intersaison,28.6,35.4,4.0,2,Connecteur,117,4,4,Perte_Signal,Élevée,120,8.25,42,25,59.5,543.92,-18.81,17.28,34.87,80.79,1.5,50,0,647377.0,1,20.7,Corrective
INC-02537,Moundou,Péri_Urbaine,11.9454,18.8978,Saison_Pluies,32.3,86.7,19.5,14,OLT,49,8,212,Corrosion,Critique,405,66.58,11,8,72.7,163.03,-8.81,130.01,32.36,73.32,2.7,78,0,2337253.0,6,16.0,Urgente
INC-02538,Kélo,Urbaine_Moyenne,14.0167,22.3272,Saison_Seche,45.1,24.9,40.2,2,Boitier_Etanche,15,5,244,Degradation_Lente,Moyenne,174,36.55,32,24,75.0,874.05,-22.15,161.04,24.81,66.41,9.0,88,0,462788.0,3,0.7,Urgente
INC-02539,N'Djamena_Nord,Urbaine_Dense,12.0034,22.4818,Saison_Pluies,30.3,76.6,36.8,15,OLT,87,15,278,Panne_OLT,Faible,71,3.1,32,24,75.0,858.5,-5.69,74.17,19.58,69.94,3.4,90,0,647818.0,7,23.1,Préventive
INC-02540,Doba,Urbaine_Moyenne,13.9399,23.7911,Saison_Seche,36.1,23.0,38.9,2,OLT,57,3,355,Defaut_Connecteur,Moyenne,227,30.2,40,22,55.0,476.65,-10.45,17.74,47.62,64.79,5.5,24,1,294153.0,9,8.7,Urgente
INC-02541,Kélo,Péri_Urbaine,11.7753,14.207,Saison_Pluies,27.0,70.4,33.6,11,ONT,8,12,252,Corrosion,Élevée,276,30.28,40,25,62.5,552.35,-29.5,11.04,37.3,90.19,1.7,55,1,1546653.0,9,3.6,Urgente
INC-02542,Doba,Urbaine_Dense,11.0598,17.7544,Saison_Seche,45.5,21.5,10.5,0,Cable_Fibre,89,8,46,Obstruction_Physique,Élevée,4,6.24,41,40,97.6,260.89,-23.04,68.12,43.83,72.64,6.5,17,0,401560.0,2,0.6,Urgente
INC-02543,Bongor,Urbaine_Moyenne,11.1472,18.7659,Saison_Seche,41.9,13.6,40.5,0,Boitier_Etanche,116,2,347,Corrosion,Moyenne,414,14.1,36,34,94.4,697.59,-33.36,160.1,40.68,95.25,5.4,19,0,306580.0,9,17.8,Urgente
INC-02544,Abéché,Péri_Urbaine,7.5187,15.955,Saison_Pluies,33.2,79.1,57.1,10,Splitter,6,18,129,Rupture_Cable,Moyenne,347,5.6,3,1,33.3,612.51,-21.41,141.36,49.4,88.43,6.6,99,1,1975848.0,7,17.0,Corrective
INC-02545,Moundou,Péri_Urbaine,10.4652,23.1814,Saison_Seche,41.6,20.3,2.5,0,ONT,49,11,361,Perte_Signal,Faible,285,11.54,44,33,75.0,917.85,-18.09,149.4,37.2,86.61,4.0,91,1,1789092.0,4,21.3,Corrective
INC-02546,N'Djamena_Nord,Urbaine_Moyenne,15.1156,14.4253,Saison_Pluies,30.2,71.6,21.7,15,Antenne_AirPON,118,14,156,Defaut_Connecteur,Moyenne,117,8.24,49,30,61.2,36.14,-5.92,18.96,25.74,70.43,3.9,13,1,2186411.0,4,15.4,Corrective
INC-02547,N'Djamena_Nord,Urbaine_Moyenne,12.9046,17.9993,Saison_Pluies,25.7,92.2,17.5,16,Cable_Fibre,79,9,74,Perte_Signal,Moyenne,460,64.97,15,13,86.7,492.34,-20.66,37.46,48.28,61.71,7.1,51,1,1424933.0,7,17.5,Urgente
INC-02548,Abéché,Rurale,14.8546,15.4445,Intersaison,34.5,59.8,8.9,2,Connecteur,91,15,166,Obstruction_Physique,Faible,300,55.87,46,36,78.3,611.78,-13.31,141.87,47.1,85.42,4.4,37,1,661787.0,4,22.9,Urgente
INC-02549,Doba,Urbaine_Dense,9.1021,20.6625,Saison_Pluies,29.2,73.9,15.9,19,Splitter,40,12,29,Perte_Signal,Moyenne,424,62.85,45,41,91.1,581.16,-22.44,196.0,5.26,60.57,8.4,10,0,1847694.0,5,2.1,Urgente
INC-02550,Doba,Rurale,11.4293,20.9024,Saison_Seche,45.4,28.1,1.5,1,Antenne_AirPON,31,17,276,Perte_Signal,Moyenne,156,9.98,17,11,64.7,818.29,-10.97,34.85,5.61,73.25,6.6,27,1,1201307.0,4,23.3,Corrective
INC-02551,Doba,Urbaine_Moyenne,7.7759,22.6614,Saison_Pluies,34.7,81.8,38.6,20,Connecteur,71,10,358,Degradation_Lente,Élevée,480,48.19,27,18,66.7,537.61,-28.94,78.38,16.03,98.53,6.2,78,1,1208211.0,6,0.6,Urgente
INC-02552,Bongor,Urbaine_Dense,12.9164,17.7942,Saison_Pluies,27.8,87.0,36.7,21,Boitier_Etanche,97,5,327,Degradation_Lente,Élevée,424,64.92,4,2,50.0,27.42,-27.36,85.23,39.96,81.76,3.4,29,1,502338.0,4,13.0,Urgente
INC-02553,N'Djamena_Centre,Urbaine_Dense,13.7721,21.6387,Intersaison,38.6,68.1,30.2,3,OLT,100,10,205,Obstruction_Physique,Moyenne,309,68.64,7,5,71.4,991.59,-4.93,174.91,40.91,85.05,3.4,4,1,1886357.0,8,6.2,Urgente
INC-02554,Kélo,Urbaine_Dense,13.4824,19.2706,Saison_Pluies,26.4,72.0,18.8,19,Antenne_AirPON,18,17,145,Panne_OLT,Élevée,265,4.2,37,32,86.5,791.83,-22.53,30.42,33.48,65.57,6.9,67,1,2166696.0,3,3.0,Urgente
INC-02555,Bongor,Péri_Urbaine,8.1942,22.0288,Saison_Seche,37.1,29.4,58.6,2,Boitier_Etanche,52,10,144,Rupture_Cable,Faible,375,27.3,42,26,61.9,85.53,-26.25,73.68,38.88,62.08,5.4,70,1,1056315.0,1,5.9,Urgente
INC-02556,N'Djamena_Sud,Urbaine_Moyenne,9.4802,14.3965,Saison_Seche,45.1,29.6,37.2,1,ONT,108,1,361,Corrosion,Moyenne,302,26.17,49,37,75.5,950.81,-34.59,85.48,43.0,78.98,6.2,38,1,542157.0,2,22.1,Urgente
INC-02557,Moundou,Urbaine_Dense,12.7466,18.3662,Saison_Pluies,34.9,79.0,53.2,12,Antenne_AirPON,94,18,61,Defaut_Connecteur,Moyenne,402,13.47,42,39,92.9,640.3,-9.89,15.22,12.76,88.03,7.1,39,1,370830.0,1,9.0,Corrective
INC-02558,Abéché,Rurale,13.5719,15.0809,Saison_Seche,46.2,25.7,18.4,1,Splitter,91,2,189,Perte_Signal,Moyenne,360,11.11,16,11,68.8,391.95,-18.62,140.31,8.74,87.98,5.0,34,1,331756.0,9,16.8,Préventive
INC-02559,Moundou,Péri_Urbaine,9.6937,21.7987,Saison_Seche,41.0,24.3,45.3,1,Splitter,74,17,308,Panne_OLT,Faible,456,26.71,18,15,83.3,207.86,-28.93,184.8,25.14,94.6,3.8,2,0,836253.0,4,4.6,Urgente
INC-02560,Bongor,Urbaine_Dense,10.7499,15.103,Saison_Pluies,31.6,90.5,0.4,13,OLT,88,14,12,Perte_Signal,Faible,447,51.25,40,22,55.0,835.94,-4.38,158.69,33.23,86.79,6.2,91,1,1985884.0,5,15.8,Urgente
INC-02561,N'Djamena_Centre,Urbaine_Dense,10.3101,13.5846,Saison_Seche,45.9,19.0,40.6,1,Cable_Fibre,35,14,306,Panne_OLT,Moyenne,303,52.61,40,21,52.5,100.69,-7.06,29.52,35.98,60.11,5.9,36,0,2293617.0,6,16.2,Urgente
INC-02562,Bongor,Urbaine_Dense,7.5365,23.26,Saison_Seche,43.7,19.6,44.9,1,Boitier_Etanche,30,1,172,Surtension,Élevée,318,41.56,32,20,62.5,687.29,-25.3,52.32,3.37,89.63,1.0,67,1,2009248.0,5,2.4,Urgente
INC-02563,N'Djamena_Centre,Urbaine_Moyenne,12.1121,18.5883,Saison_Seche,35.9,17.0,16.2,2,Splitter,50,7,155,Obstruction_Physique,Moyenne,399,56.59,21,14,66.7,561.76,-27.21,101.12,24.28,98.91,5.5,57,1,963802.0,5,8.5,Corrective
INC-02564,N'Djamena_Centre,Péri_Urbaine,12.8529,23.8445,Saison_Pluies,28.4,82.7,59.9,11,ONT,3,14,246,Rupture_Cable,Moyenne,43,50.67,25,18,72.0,860.69,-20.41,24.01,22.99,61.3,7.9,10,1,1595815.0,9,23.1,Corrective
INC-02565,Sarh,Urbaine_Moyenne,9.7115,18.2565,Saison_Pluies,32.7,94.2,29.9,24,ONT,73,9,177,Surtension,Élevée,474,57.28,14,11,78.6,381.57,-22.23,113.0,2.99,65.17,6.5,3,1,360979.0,6,12.2,Urgente
INC-02566,N'Djamena_Centre,Péri_Urbaine,13.0023,19.7033,Saison_Seche,39.4,25.8,22.2,0,Connecteur,80,9,310,Surtension,Faible,486,70.19,32,30,93.8,137.62,-29.5,36.56,21.0,72.17,1.3,67,1,1896232.0,2,21.3,Urgente
INC-02567,Bongor,Rurale,9.442,21.3138,Saison_Seche,37.2,21.8,11.1,1,ONT,98,19,74,Corrosion,Moyenne,369,41.72,9,5,55.6,162.35,-0.66,179.32,48.19,91.09,9.4,43,1,1676909.0,9,8.6,Urgente
INC-02568,Abéché,Urbaine_Moyenne,13.2242,16.4484,Saison_Seche,43.8,11.6,9.3,2,OLT,65,19,326,Perte_Signal,Élevée,431,55.19,4,2,50.0,617.35,-23.3,87.05,4.66,80.5,8.1,89,1,1178469.0,5,17.3,Urgente
INC-02569,Bongor,Urbaine_Moyenne,11.1575,14.895,Intersaison,31.8,55.0,12.4,3,Boitier_Etanche,3,5,212,Rupture_Cable,Faible,46,60.0,15,13,86.7,426.21,-16.44,32.0,8.96,88.45,3.1,89,1,1895013.0,9,9.0,Corrective
INC-02570,Sarh,Urbaine_Moyenne,14.4755,20.4419,Saison_Seche,37.5,31.1,32.2,2,ONT,5,14,49,Rupture_Cable,Moyenne,422,65.73,40,23,57.5,391.59,-9.0,53.94,13.49,61.79,5.7,49,1,1776518.0,6,13.0,Urgente
INC-02571,Abéché,Urbaine_Dense,11.8579,18.8622,Intersaison,29.1,55.1,32.2,8,Antenne_AirPON,89,3,280,Panne_OLT,Moyenne,69,39.26,48,24,50.0,817.94,-2.53,6.34,23.42,73.38,2.0,72,0,2251237.0,1,24.0,Urgente
INC-02572,N'Djamena_Sud,Rurale,8.9772,22.1814,Intersaison,38.6,63.6,31.8,2,ONT,53,10,243,Defaut_Connecteur,Moyenne,111,66.16,8,4,50.0,163.36,-29.78,75.99,24.08,68.1,4.1,76,0,1246018.0,9,10.6,Urgente
INC-02573,Bongor,Péri_Urbaine,14.0761,13.9732,Saison_Seche,35.2,16.1,51.6,0,OLT,37,8,300,Degradation_Lente,Élevée,82,38.81,29,25,86.2,799.38,-30.04,80.88,24.47,92.52,1.4,51,1,2038788.0,8,6.3,Corrective
INC-02574,N'Djamena_Nord,Péri_Urbaine,13.7214,19.2201,Saison_Pluies,31.2,72.0,0.1,24,Antenne_AirPON,12,4,307,Panne_OLT,Moyenne,158,49.9,14,12,85.7,660.65,-13.78,122.72,40.08,66.16,6.1,78,1,1556715.0,1,16.2,Corrective
INC-02575,Sarh,Urbaine_Dense,8.1738,15.4504,Saison_Pluies,33.1,91.1,16.0,19,Cable_Fibre,2,0,308,Panne_OLT,Élevée,82,25.07,37,22,59.5,940.46,-25.87,53.42,38.49,77.57,1.7,26,1,1783149.0,7,1.0,Préventive
INC-02576,Doba,Péri_Urbaine,7.8843,19.9818,Intersaison,35.8,61.9,53.1,4,Splitter,78,12,71,Degradation_Lente,Moyenne,415,70.92,21,13,61.9,627.08,-11.7,177.36,38.38,60.9,9.1,8,0,390148.0,5,8.1,Urgente
INC-02577,Sarh,Péri_Urbaine,8.5903,21.4846,Saison_Pluies,33.8,87.4,6.0,12,OLT,29,18,8,Obstruction_Physique,Moyenne,178,15.65,2,1,50.0,337.95,-29.45,19.58,27.9,83.15,4.6,17,0,866406.0,3,17.1,Corrective
INC-02578,Moundou,Urbaine_Moyenne,14.2625,16.2616,Saison_Pluies,32.7,94.4,11.7,11,Cable_Fibre,57,5,300,Rupture_Cable,Critique,488,18.58,17,10,58.8,176.31,-14.79,162.71,31.77,61.11,8.8,95,0,589148.0,2,9.9,Urgente
INC-02579,Moundou,Urbaine_Moyenne,10.0631,18.5588,Saison_Pluies,28.1,90.8,19.6,23,Antenne_AirPON,28,5,242,Surtension,Moyenne,44,18.12,21,19,90.5,17.6,-9.36,72.45,4.42,95.63,5.4,9,1,320948.0,9,19.3,Corrective
INC-02580,Sarh,Rurale,11.538,17.9121,Saison_Seche,45.1,10.5,48.8,2,OLT,84,10,281,Obstruction_Physique,Faible,122,30.31,46,29,63.0,922.37,-9.73,28.77,31.49,65.53,2.6,37,1,1310036.0,7,12.5,Préventive
INC-02581,N'Djamena_Nord,Urbaine_Dense,12.3237,21.4261,Saison_Seche,41.5,27.3,35.0,2,OLT,43,0,295,Defaut_Connecteur,Moyenne,258,55.3,31,25,80.6,475.43,-9.53,80.44,10.62,64.92,3.3,35,1,393378.0,2,2.9,Urgente
INC-02582,Moundou,Urbaine_Dense,13.4479,19.7986,Saison_Pluies,26.5,90.2,33.3,10,Connecteur,72,1,122,Obstruction_Physique,Critique,213,70.86,35,19,54.3,5.35,-12.28,146.73,31.22,60.12,6.0,37,0,537155.0,5,19.3,Urgente
INC-02583,Sarh,Rurale,14.1396,14.7674,Saison_Seche,43.6,30.5,55.5,2,Splitter,7,3,289,Perte_Signal,Élevée,10,44.47,4,2,50.0,919.95,-0.25,32.32,47.92,60.9,2.0,40,0,1214855.0,1,23.1,Urgente
INC-02584,Moundou,Urbaine_Dense,11.6269,23.7559,Saison_Seche,44.7,11.8,29.2,2,Splitter,110,2,329,Degradation_Lente,Moyenne,367,44.46,47,24,51.1,992.21,-1.36,7.88,25.68,65.69,2.6,9,1,1448269.0,9,2.2,Urgente
INC-02585,N'Djamena_Nord,Rurale,10.8261,23.0795,Saison_Pluies,27.0,88.0,56.8,17,Connecteur,75,4,169,Surtension,Moyenne,479,37.99,0,0,100.0,960.52,-31.66,39.14,0.61,70.59,9.3,6,1,641486.0,9,23.5,Urgente
INC-02586,N'Djamena_Centre,Urbaine_Dense,9.0675,19.5766,Intersaison,28.4,41.3,8.0,6,Splitter,81,4,351,Surtension,Critique,131,64.94,47,23,48.9,82.9,-22.03,140.05,3.25,85.12,2.6,78,1,350419.0,6,7.5,Urgente
INC-02587,N'Djamena_Sud,Péri_Urbaine,12.3602,21.6635,Intersaison,34.6,50.8,24.0,2,Splitter,5,5,229,Rupture_Cable,Élevée,489,23.89,27,13,48.1,265.73,-6.65,63.97,2.24,98.26,5.9,10,1,1907057.0,2,13.9,Corrective
INC-02588,Bongor,Rurale,11.899,13.7097,Intersaison,31.1,53.5,49.3,5,ONT,65,5,113,Degradation_Lente,Faible,180,13.67,5,3,60.0,142.28,-18.97,194.18,30.83,89.27,5.5,63,0,1843754.0,5,2.4,Corrective
INC-02589,N'Djamena_Sud,Urbaine_Moyenne,9.8293,15.6157,Saison_Pluies,25.2,70.2,9.0,13,Boitier_Etanche,77,10,311,Obstruction_Physique,Moyenne,75,16.48,22,11,50.0,117.84,-24.63,12.64,2.21,87.75,1.0,42,0,613761.0,6,19.8,Préventive
INC-02590,N'Djamena_Sud,Urbaine_Moyenne,11.0696,21.5626,Intersaison,38.6,56.4,10.5,2,OLT,41,19,202,Corrosion,Critique,126,61.92,22,19,86.4,706.27,-3.9,167.6,25.45,78.93,6.8,9,0,1832319.0,9,10.9,Urgente
INC-02591,Sarh,Urbaine_Dense,13.4172,14.615,Saison_Pluies,33.7,83.6,22.9,17,Splitter,59,9,55,Panne_OLT,Faible,220,12.22,46,29,63.0,302.16,-21.42,187.6,4.66,93.42,7.1,4,1,578288.0,1,10.5,Corrective
INC-02592,Bongor,Urbaine_Dense,12.5166,13.9486,Saison_Pluies,28.6,73.5,55.7,12,Cable_Fibre,86,14,226,Defaut_Connecteur,Élevée,3,35.97,0,0,100.0,194.48,-34.07,56.62,21.53,60.63,2.7,82,0,1573777.0,8,22.6,Urgente
INC-02593,N'Djamena_Nord,Rurale,11.3539,19.965,Saison_Seche,37.1,22.1,10.9,1,Connecteur,80,17,180,Degradation_Lente,Moyenne,495,23.16,14,10,71.4,769.06,-18.94,88.85,33.12,72.38,5.2,31,1,1762462.0,2,9.7,Urgente
INC-02594,Bongor,Péri_Urbaine,9.6785,13.8595,Intersaison,34.3,54.8,57.3,2,Splitter,95,3,71,Obstruction_Physique,Faible,111,13.2,48,42,87.5,814.53,-20.89,111.82,46.09,89.6,9.3,76,1,882438.0,3,16.9,Corrective
INC-02595,Moundou,Urbaine_Dense,12.844,15.4227,Saison_Pluies,33.8,81.7,40.3,19,Cable_Fibre,61,5,94,Panne_OLT,Élevée,194,41.2,8,7,87.5,864.95,-27.32,80.8,5.4,88.79,9.9,40,0,681265.0,1,22.8,Urgente
INC-02596,N'Djamena_Nord,Péri_Urbaine,12.5213,14.3398,Saison_Pluies,34.7,80.9,28.3,21,Boitier_Etanche,67,6,154,Degradation_Lente,Moyenne,406,61.57,13,11,84.6,784.22,-22.42,46.27,36.52,90.57,9.0,71,1,1472092.0,7,22.6,Urgente
INC-02597,Sarh,Urbaine_Moyenne,11.1659,19.1099,Saison_Seche,36.5,10.3,1.1,0,OLT,54,3,315,Perte_Signal,Faible,457,23.01,47,37,78.7,622.27,-30.69,72.76,29.47,88.93,1.6,50,1,118426.0,4,19.8,Corrective
INC-02598,Kélo,Urbaine_Moyenne,9.4082,20.6078,Saison_Seche,44.1,12.6,31.5,0,OLT,54,8,32,Rupture_Cable,Élevée,439,8.62,44,42,95.5,26.11,-14.94,137.06,44.98,72.37,9.6,10,1,2448682.0,7,22.5,Urgente
INC-02599,Kélo,Urbaine_Dense,8.899,15.4247,Intersaison,33.1,46.8,24.9,4,Boitier_Etanche,59,0,31,Panne_OLT,Moyenne,400,44.86,25,18,72.0,306.43,-20.31,76.89,35.12,96.23,9.4,1,0,160734.0,9,9.7,Urgente
INC-02600,N'Djamena_Sud,Urbaine_Moyenne,10.2152,18.422,Saison_Pluies,26.6,89.0,47.4,21,OLT,49,1,363,Panne_OLT,Moyenne,476,53.26,16,13,81.2,765.7,-31.27,70.67,17.43,93.53,3.9,45,0,2326315.0,3,14.7,Urgente
INC-02601,Kélo,Urbaine_Moyenne,14.7697,13.7118,Intersaison,34.5,35.2,33.6,3,Boitier_Etanche,73,5,280,Perte_Signal,Moyenne,228,40.25,19,11,57.9,246.38,-0.18,53.11,40.71,71.23,4.5,75,0,2481636.0,3,11.4,Urgente
INC-02602,Kélo,Péri_Urbaine,13.5311,16.2789,Saison_Seche,36.9,13.4,58.4,1,Splitter,52,9,278,Rupture_Cable,Moyenne,489,8.46,37,26,70.3,927.39,-0.83,195.49,24.65,96.13,4.6,61,1,330282.0,6,12.2,Corrective
INC-02603,N'Djamena_Sud,Péri_Urbaine,14.6286,15.3858,Saison_Seche,44.0,11.1,6.7,1,Antenne_AirPON,115,10,337,Degradation_Lente,Faible,395,0.34,36,25,69.4,903.14,-5.04,185.27,14.43,65.9,8.2,16,1,1409281.0,8,17.1,Préventive
INC-02604,Bongor,Urbaine_Moyenne,14.2408,15.2426,Saison_Seche,46.4,29.4,54.9,1,ONT,94,16,223,Rupture_Cable,Élevée,492,6.21,41,20,48.8,656.39,-26.3,155.99,38.13,76.7,9.7,9,0,1730270.0,8,1.7,Urgente
INC-02605,Doba,Urbaine_Dense,11.1711,15.8627,Saison_Seche,39.5,24.0,22.8,1,Antenne_AirPON,100,16,235,Defaut_Connecteur,Élevée,422,66.43,6,3,50.0,877.94,-31.66,185.43,19.37,92.57,3.6,11,1,2015106.0,5,21.3,Urgente
INC-02606,N'Djamena_Sud,Urbaine_Dense,11.7435,21.9561,Saison_Seche,35.0,21.9,30.4,2,Splitter,34,17,232,Panne_OLT,Élevée,465,41.58,27,19,70.4,532.69,-21.34,94.64,35.65,89.29,9.9,42,1,143398.0,6,22.9,Urgente
INC-02607,Abéché,Urbaine_Dense,8.8567,23.4724,Saison_Pluies,29.0,94.4,51.2,14,ONT,99,19,355,Rupture_Cable,Moyenne,213,26.84,30,21,70.0,91.75,-7.92,68.57,14.86,73.33,9.9,49,0,929972.0,4,8.1,Urgente
INC-02608,Doba,Rurale,13.267,20.9135,Saison_Seche,45.8,12.0,41.1,1,Connecteur,28,8,81,Surtension,Faible,338,13.18,35,33,94.3,891.77,-4.52,150.06,38.32,93.3,5.4,36,1,564477.0,1,10.5,Corrective
INC-02609,Bongor,Rurale,10.8756,14.2587,Intersaison,37.4,48.6,56.8,8,Boitier_Etanche,58,18,304,Defaut_Connecteur,Moyenne,336,50.33,2,1,50.0,122.24,-21.28,135.31,48.22,63.7,8.4,35,0,2220585.0,4,22.2,Urgente
INC-02610,N'Djamena_Centre,Péri_Urbaine,8.7902,20.0957,Intersaison,38.5,42.2,59.1,2,ONT,15,15,39,Degradation_Lente,Faible,425,55.03,33,24,72.7,815.58,-20.58,182.22,46.86,91.55,4.7,44,1,2430819.0,2,6.5,Urgente
INC-02611,Kélo,Urbaine_Dense,8.2628,21.2082,Saison_Seche,44.5,16.6,38.5,0,Antenne_AirPON,19,13,159,Degradation_Lente,Moyenne,432,58.14,4,3,75.0,919.26,-34.72,24.73,18.53,87.68,7.6,45,1,1625388.0,5,21.9,Corrective
INC-02612,Sarh,Péri_Urbaine,13.0691,14.6668,Saison_Pluies,31.0,84.9,33.6,23,Cable_Fibre,32,6,142,Rupture_Cable,Faible,361,1.32,29,19,65.5,474.68,-5.22,153.75,14.72,70.26,5.7,80,1,1569259.0,9,19.9,Corrective
INC-02613,Bongor,Urbaine_Dense,11.3576,16.5904,Saison_Pluies,27.3,92.1,15.2,24,Boitier_Etanche,88,3,153,Surtension,Critique,4,55.44,7,4,57.1,326.57,-21.78,87.16,18.74,99.82,7.5,35,1,1144022.0,6,22.6,Urgente
INC-02614,Bongor,Urbaine_Moyenne,7.572,17.998,Saison_Seche,42.1,21.2,16.5,1,OLT,90,13,256,Perte_Signal,Faible,270,11.51,6,3,50.0,723.82,-0.46,156.58,4.86,89.01,1.8,41,0,540233.0,6,5.6,Préventive
INC-02615,N'Djamena_Nord,Péri_Urbaine,14.0961,16.7626,Intersaison,34.5,54.2,15.2,2,Splitter,103,1,202,Panne_OLT,Élevée,249,57.36,13,6,46.2,258.52,-22.86,95.69,3.03,94.73,2.2,95,1,523389.0,5,17.8,Urgente
INC-02616,Kélo,Urbaine_Dense,12.4557,18.9423,Saison_Seche,44.3,29.9,47.1,2,ONT,80,11,176,Rupture_Cable,Moyenne,446,10.88,16,11,68.8,61.4,-34.9,132.94,27.51,70.45,2.5,20,1,1083982.0,4,7.4,Urgente
INC-02617,N'Djamena_Nord,Urbaine_Moyenne,7.807,14.8747,Saison_Pluies,34.5,73.5,36.9,14,OLT,97,8,17,Degradation_Lente,Moyenne,104,17.63,14,12,85.7,10.69,-27.39,137.22,49.75,89.96,9.2,87,1,379097.0,9,18.9,Corrective
INC-02618,Moundou,Urbaine_Dense,9.9375,18.1699,Saison_Seche,45.5,28.9,44.1,0,OLT,2,3,92,Panne_OLT,Élevée,153,56.01,6,3,50.0,140.44,-16.02,143.46,41.72,61.94,7.1,84,0,954682.0,1,19.2,Urgente
INC-02619,Doba,Urbaine_Moyenne,13.2792,21.1994,Intersaison,38.7,53.7,49.0,8,ONT,56,7,82,Obstruction_Physique,Critique,103,45.3,8,6,75.0,632.74,-7.03,93.51,18.94,99.87,5.5,4,1,1726698.0,9,3.1,Urgente
INC-02620,N'Djamena_Centre,Urbaine_Moyenne,7.9722,18.3398,Saison_Pluies,33.1,88.9,53.6,16,Connecteur,80,0,80,Surtension,Faible,407,2.51,4,2,50.0,573.46,-34.19,122.6,37.72,60.86,1.7,42,1,2211535.0,6,1.7,Urgente
INC-02621,Moundou,Péri_Urbaine,13.39,15.7096,Intersaison,31.6,47.8,8.8,6,OLT,46,11,224,Surtension,Élevée,42,11.93,33,21,63.6,588.39,-34.52,158.28,42.0,69.12,6.0,95,0,1395177.0,6,9.7,Urgente
INC-02622,Moundou,Urbaine_Moyenne,11.5392,21.9222,Saison_Seche,45.6,15.9,52.5,1,Connecteur,29,9,225,Surtension,Élevée,467,16.63,30,26,86.7,200.71,-25.54,93.04,25.71,80.41,2.6,47,0,1357609.0,6,20.0,Urgente
INC-02623,N'Djamena_Nord,Urbaine_Dense,13.7629,17.6412,Saison_Seche,36.1,26.2,38.7,1,Antenne_AirPON,91,17,71,Rupture_Cable,Élevée,115,60.71,47,34,72.3,577.96,-28.69,19.45,5.21,72.25,3.2,53,1,502130.0,9,4.9,Urgente
INC-02624,N'Djamena_Sud,Rurale,14.3419,17.9635,Saison_Seche,46.9,17.3,55.1,1,Antenne_AirPON,77,4,353,Rupture_Cable,Faible,468,44.21,36,27,75.0,569.62,-18.01,74.58,31.85,97.69,9.7,14,1,2027234.0,6,14.0,Urgente
INC-02625,Doba,Rurale,13.6421,17.255,Intersaison,32.3,53.7,55.7,4,Connecteur,64,3,305,Defaut_Connecteur,Élevée,354,13.27,22,13,59.1,969.58,-3.56,76.26,17.31,83.18,7.5,30,1,1476695.0,6,2.7,Préventive
INC-02626,Abéché,Péri_Urbaine,8.1246,16.5422,Saison_Seche,43.5,11.4,25.6,1,Boitier_Etanche,2,15,2,Degradation_Lente,Faible,90,18.38,35,30,85.7,371.79,-26.86,194.45,1.25,75.04,2.0,18,1,2392450.0,3,3.4,Corrective
INC-02627,N'Djamena_Sud,Urbaine_Moyenne,11.183,19.8205,Saison_Seche,36.5,25.1,42.9,0,Splitter,97,9,241,Defaut_Connecteur,Faible,419,32.75,30,28,93.3,644.1,-22.23,130.11,36.04,80.74,8.1,63,1,1630865.0,2,15.5,Urgente
INC-02628,Doba,Rurale,10.0499,15.472,Saison_Seche,40.9,11.9,49.6,1,ONT,37,13,27,Panne_OLT,Moyenne,457,6.03,19,10,52.6,822.85,-9.67,121.15,9.67,70.44,6.5,73,0,1498681.0,2,17.0,Urgente
INC-02629,Doba,Urbaine_Moyenne,11.5679,21.5769,Saison_Seche,35.5,30.0,15.4,0,Cable_Fibre,62,2,24,Degradation_Lente,Faible,356,29.74,19,12,63.2,411.15,-15.68,90.47,31.63,88.17,3.8,72,1,745304.0,1,6.3,Urgente
INC-02630,Kélo,Urbaine_Dense,15.2264,18.5578,Intersaison,36.7,45.5,29.2,7,Cable_Fibre,52,14,213,Surtension,Moyenne,494,57.12,45,25,55.6,262.08,-28.56,12.12,25.82,96.56,4.8,10,0,1522475.0,4,16.9,Urgente
INC-02631,Doba,Urbaine_Dense,8.4952,22.7777,Saison_Seche,40.4,17.6,15.6,1,Splitter,63,10,356,Corrosion,Moyenne,97,28.47,6,3,50.0,828.88,-25.2,172.38,20.5,92.02,3.8,23,0,1674780.0,1,3.4,Préventive
INC-02632,Bongor,Péri_Urbaine,14.4248,23.3584,Saison_Pluies,26.7,75.4,5.3,20,ONT,84,13,206,Perte_Signal,Moyenne,235,56.58,29,15,51.7,367.63,-8.16,156.8,17.63,64.63,6.6,67,1,743741.0,7,13.0,Urgente
INC-02633,N'Djamena_Nord,Péri_Urbaine,15.4268,17.5212,Saison_Pluies,30.2,82.5,41.9,10,Connecteur,11,13,131,Perte_Signal,Élevée,409,44.97,10,6,60.0,892.08,-31.03,13.85,5.03,87.62,4.6,61,0,171766.0,1,10.2,Urgente
INC-02634,N'Djamena_Sud,Rurale,15.4202,15.1676,Saison_Seche,35.8,34.7,34.3,2,Connecteur,67,16,97,Obstruction_Physique,Faible,191,29.11,33,25,75.8,934.63,-33.59,80.53,0.05,71.4,4.4,96,0,1721877.0,3,10.2,Urgente
INC-02635,Kélo,Péri_Urbaine,13.8735,18.8052,Saison_Seche,41.1,11.3,24.0,2,Connecteur,49,3,132,Obstruction_Physique,Faible,266,64.32,36,18,50.0,240.18,-6.63,174.52,43.44,61.52,9.0,47,0,1261602.0,5,1.6,Urgente
INC-02636,N'Djamena_Sud,Urbaine_Moyenne,11.2246,16.3397,Saison_Pluies,26.7,93.9,12.8,10,Cable_Fibre,70,9,285,Obstruction_Physique,Moyenne,116,31.79,47,31,66.0,770.58,-33.55,85.17,35.33,75.6,2.0,49,1,990845.0,2,3.9,Préventive
INC-02637,N'Djamena_Nord,Urbaine_Dense,8.924,17.9785,Saison_Seche,35.8,25.0,11.4,2,Cable_Fibre,36,10,68,Surtension,Moyenne,403,52.91,0,0,100.0,260.54,-25.42,59.24,0.77,78.18,5.5,94,1,1801282.0,7,21.0,Corrective
INC-02638,Abéché,Urbaine_Moyenne,12.3657,17.4632,Saison_Seche,42.5,32.1,16.8,0,Cable_Fibre,25,4,235,Rupture_Cable,Moyenne,307,57.56,37,28,75.7,364.89,-14.73,47.05,6.31,60.85,4.0,23,0,1847467.0,8,23.4,Urgente
INC-02639,Bongor,Urbaine_Moyenne,12.383,18.23,Saison_Seche,36.4,27.3,58.9,2,OLT,110,4,38,Defaut_Connecteur,Faible,32,65.95,42,41,97.6,885.26,-34.28,48.44,2.91,93.77,1.2,65,1,827193.0,6,5.3,Corrective
INC-02640,Bongor,Urbaine_Dense,10.0315,18.7349,Saison_Pluies,27.9,87.5,57.8,21,Splitter,84,5,56,Degradation_Lente,Critique,371,19.99,41,37,90.2,299.04,-3.54,46.46,7.66,97.7,3.1,5,0,168593.0,2,19.0,Urgente
INC-02641,N'Djamena_Sud,Péri_Urbaine,12.4346,20.088,Saison_Seche,37.4,29.7,50.7,1,Cable_Fibre,85,14,234,Defaut_Connecteur,Élevée,5,14.48,47,45,95.7,167.39,-2.93,24.41,31.72,78.85,5.4,32,1,535312.0,8,23.1,Préventive
INC-02642,N'Djamena_Centre,Urbaine_Dense,8.4324,13.54,Intersaison,37.1,63.3,4.1,6,Antenne_AirPON,100,13,218,Perte_Signal,Faible,1,32.26,32,21,65.6,217.5,-21.41,63.56,1.28,62.81,6.8,55,0,2307668.0,5,10.7,Urgente
INC-02643,Abéché,Urbaine_Moyenne,12.5721,16.1924,Saison_Seche,41.3,31.0,49.9,0,Antenne_AirPON,9,16,239,Degradation_Lente,Moyenne,110,63.01,47,35,74.5,547.48,-5.43,161.72,25.07,86.18,8.3,50,1,752952.0,8,18.6,Corrective
INC-02644,Kélo,Urbaine_Moyenne,14.6738,15.2877,Intersaison,28.4,64.3,45.3,2,OLT,92,6,354,Perte_Signal,Moyenne,111,23.72,19,15,78.9,568.6,-34.27,171.78,31.13,63.54,8.5,66,1,400175.0,5,15.1,Préventive
INC-02645,Doba,Urbaine_Dense,11.2765,20.9597,Saison_Pluies,27.6,79.6,56.3,11,Cable_Fibre,82,0,109,Perte_Signal,Faible,328,19.68,39,35,89.7,958.51,-30.77,11.8,2.78,94.34,7.2,35,0,2185673.0,6,5.8,Préventive
INC-02646,Moundou,Urbaine_Moyenne,13.6165,22.2394,Saison_Pluies,28.5,82.5,28.0,18,Antenne_AirPON,10,0,112,Defaut_Connecteur,Critique,351,2.57,10,5,50.0,131.92,-27.81,110.36,29.81,95.87,5.5,32,1,120613.0,5,14.8,Urgente
INC-02647,Kélo,Urbaine_Dense,12.5851,21.1204,Saison_Seche,43.0,33.0,30.9,2,OLT,1,16,226,Obstruction_Physique,Élevée,115,50.44,1,0,0.0,971.05,-25.55,166.17,24.79,98.67,5.2,3,0,2023963.0,7,15.9,Urgente
INC-02648,Bongor,Urbaine_Dense,7.5245,23.734,Saison_Seche,43.1,31.4,34.1,1,Boitier_Etanche,4,15,298,Rupture_Cable,Élevée,18,50.38,3,2,66.7,944.9,-13.62,56.1,4.94,62.04,8.9,37,0,1942106.0,5,23.2,Urgente
INC-02649,N'Djamena_Centre,Urbaine_Dense,8.476,14.3111,Saison_Pluies,32.8,94.0,32.8,15,Cable_Fibre,26,15,193,Obstruction_Physique,Élevée,88,60.08,33,20,60.6,553.73,-1.05,58.77,25.06,66.68,9.1,87,1,1426556.0,5,3.5,Urgente
INC-02650,N'Djamena_Nord,Urbaine_Dense,13.6987,18.3799,Saison_Pluies,28.4,71.9,18.8,20,OLT,75,3,118,Perte_Signal,Moyenne,413,35.7,37,20,54.1,388.84,-29.52,123.86,14.71,83.9,2.6,6,1,1599954.0,4,20.3,Corrective
INC-02651,Sarh,Rurale,7.8236,22.9434,Saison_Pluies,26.9,90.1,9.7,12,Antenne_AirPON,53,10,18,Degradation_Lente,Moyenne,208,64.11,21,14,66.7,232.2,-5.41,108.17,20.68,69.83,5.0,40,0,433820.0,9,9.7,Urgente
INC-02652,Kélo,Urbaine_Moyenne,15.15,16.8504,Saison_Seche,40.8,26.9,42.7,1,OLT,117,4,72,Degradation_Lente,Faible,204,6.19,43,38,88.4,814.8,-8.14,128.64,24.74,75.83,8.2,69,1,1427327.0,9,20.4,Corrective
INC-02653,Sarh,Urbaine_Dense,14.6526,21.9243,Saison_Pluies,34.8,86.3,54.8,22,ONT,23,4,114,Degradation_Lente,Moyenne,152,40.54,31,25,80.6,871.0,-21.68,48.94,1.43,77.36,6.8,71,0,1369016.0,1,4.2,Corrective
INC-02654,N'Djamena_Centre,Rurale,10.399,19.3983,Saison_Pluies,26.5,94.2,40.0,15,Cable_Fibre,68,1,168,Defaut_Connecteur,Élevée,498,34.33,31,17,54.8,952.22,-15.09,14.07,35.45,80.63,4.1,10,1,467258.0,9,9.7,Urgente
INC-02655,N'Djamena_Centre,Urbaine_Moyenne,9.9831,23.7748,Saison_Seche,42.3,23.9,49.7,2,Boitier_Etanche,2,14,114,Perte_Signal,Élevée,141,64.62,21,14,66.7,909.24,-22.64,36.5,31.77,89.49,4.8,4,0,1861142.0,7,18.6,Urgente
INC-02656,N'Djamena_Centre,Urbaine_Dense,12.4035,17.3957,Intersaison,33.1,50.8,31.3,7,Splitter,116,12,328,Perte_Signal,Élevée,81,65.4,4,2,50.0,872.93,-26.5,23.09,6.63,71.04,9.7,75,0,115393.0,2,7.8,Urgente
INC-02657,Doba,Péri_Urbaine,12.3943,17.8803,Intersaison,37.3,58.3,30.3,9,Cable_Fibre,1,1,27,Defaut_Connecteur,Faible,271,70.3,4,2,50.0,831.26,-30.34,2.8,11.62,88.54,8.0,30,1,903933.0,2,8.3,Corrective
INC-02658,Kélo,Urbaine_Moyenne,8.2123,15.22,Saison_Seche,36.2,20.8,59.1,1,Boitier_Etanche,9,10,131,Obstruction_Physique,Faible,391,25.36,27,16,59.3,710.06,-11.91,78.77,2.02,89.69,6.5,83,0,1635568.0,7,22.7,Urgente
INC-02659,N'Djamena_Nord,Urbaine_Moyenne,9.2231,15.1762,Saison_Pluies,31.1,92.6,59.7,11,Antenne_AirPON,59,2,132,Surtension,Moyenne,362,27.34,13,11,84.6,246.53,-28.66,68.49,18.41,75.57,9.9,14,1,2005156.0,4,3.4,Corrective
INC-02660,Moundou,Urbaine_Moyenne,12.5917,22.5405,Saison_Pluies,27.5,72.0,36.5,21,Splitter,73,3,48,Surtension,Moyenne,340,13.88,46,37,80.4,214.46,-4.65,189.34,36.29,82.83,8.0,64,1,1429301.0,6,12.9,Corrective
INC-02661,Doba,Urbaine_Dense,13.9062,17.7766,Saison_Seche,41.6,30.9,22.3,1,OLT,84,5,222,Surtension,Moyenne,398,53.48,4,2,50.0,122.49,-14.11,84.07,24.98,79.67,3.0,52,1,2301498.0,8,13.7,Préventive
INC-02662,Kélo,Rurale,9.036,20.0149,Saison_Seche,35.6,34.3,22.3,2,Connecteur,53,11,351,Rupture_Cable,Faible,320,59.99,20,17,85.0,163.72,-11.04,181.57,30.39,97.66,3.2,33,1,934097.0,9,12.8,Urgente
INC-02663,Kélo,Urbaine_Dense,13.1155,21.3986,Saison_Seche,46.2,14.3,40.3,1,Antenne_AirPON,77,18,87,Rupture_Cable,Faible,334,61.36,46,36,78.3,470.37,-13.4,142.03,21.83,82.73,7.9,86,1,2414961.0,6,11.2,Corrective
INC-02664,Abéché,Urbaine_Moyenne,14.4638,18.1016,Saison_Seche,45.4,13.1,13.5,1,Antenne_AirPON,42,18,330,Perte_Signal,Élevée,272,71.31,2,1,50.0,357.84,-12.49,187.09,26.92,63.23,1.6,89,1,595585.0,5,17.7,Urgente
INC-02665,Bongor,Rurale,8.4424,23.5147,Intersaison,39.5,47.4,58.8,6,ONT,25,10,343,Perte_Signal,Moyenne,293,40.47,11,6,54.5,700.67,-3.67,59.72,19.09,83.6,9.8,81,0,1214492.0,3,23.2,Urgente
INC-02666,Abéché,Urbaine_Dense,11.0128,23.3508,Saison_Pluies,33.4,72.2,42.8,10,ONT,10,6,202,Defaut_Connecteur,Faible,89,15.44,32,18,56.2,182.52,-23.68,165.32,0.84,70.13,7.3,5,0,2295821.0,2,3.3,Corrective
INC-02667,N'Djamena_Centre,Urbaine_Moyenne,14.3044,20.6412,Saison_Seche,46.4,23.2,9.7,1,ONT,17,16,201,Corrosion,Élevée,397,43.29,18,13,72.2,538.52,-10.09,60.99,40.91,72.46,2.4,58,1,1386036.0,9,7.6,Urgente
INC-02668,Sarh,Rurale,10.465,23.9497,Saison_Pluies,27.9,74.6,21.8,13,Splitter,5,0,357,Surtension,Moyenne,303,26.11,39,20,51.3,731.7,-29.2,39.2,46.56,77.01,9.6,38,0,1610161.0,1,9.8,Urgente
INC-02669,Doba,Rurale,9.6557,13.5278,Intersaison,32.3,43.6,13.4,5,OLT,77,19,41,Defaut_Connecteur,Moyenne,224,24.03,6,5,83.3,294.32,-12.52,84.64,37.94,63.93,9.5,86,0,2300926.0,6,11.3,Urgente
INC-02670,Abéché,Péri_Urbaine,13.4649,13.5972,Saison_Seche,39.0,23.7,5.2,0,Boitier_Etanche,118,16,169,Obstruction_Physique,Faible,169,50.43,11,8,72.7,529.74,-20.81,23.64,47.84,60.86,1.2,87,1,2360126.0,3,20.7,Corrective
INC-02671,Sarh,Urbaine_Moyenne,10.7062,14.2091,Saison_Pluies,34.3,79.8,38.7,16,Boitier_Etanche,91,9,8,Panne_OLT,Critique,114,14.62,45,27,60.0,66.99,-5.41,193.29,28.86,66.88,4.1,69,0,574873.0,7,17.2,Urgente
INC-02672,Bongor,Urbaine_Moyenne,13.1505,23.407,Intersaison,36.6,37.0,6.3,5,Boitier_Etanche,13,13,294,Obstruction_Physique,Élevée,270,39.24,10,9,90.0,962.28,-22.88,96.38,43.18,74.36,1.9,43,0,1985914.0,9,22.6,Urgente
INC-02673,Kélo,Urbaine_Moyenne,8.5111,19.8508,Intersaison,28.3,38.3,23.8,2,Splitter,33,5,18,Defaut_Connecteur,Faible,471,10.16,14,11,78.6,214.62,-5.07,27.76,26.16,84.67,2.3,17,1,2393828.0,6,9.0,Corrective
INC-02674,Kélo,Péri_Urbaine,11.9281,23.2411,Saison_Pluies,31.4,84.9,40.2,13,Boitier_Etanche,109,15,1,Corrosion,Critique,276,64.14,36,21,58.3,848.03,-19.0,14.77,37.15,70.27,7.8,83,1,119139.0,9,10.6,Urgente
INC-02675,N'Djamena_Centre,Urbaine_Dense,10.5357,14.8345,Intersaison,36.6,43.8,9.7,5,Connecteur,63,5,313,Surtension,Moyenne,273,6.39,21,15,71.4,568.5,-3.64,199.74,16.53,93.53,2.9,49,0,1268111.0,1,8.7,Préventive
INC-02676,N'Djamena_Sud,Rurale,15.4784,13.8358,Saison_Seche,39.3,21.5,53.0,1,ONT,61,4,212,Degradation_Lente,Moyenne,326,67.1,30,23,76.7,104.57,-0.03,126.41,27.46,82.67,3.3,43,1,2111143.0,9,2.8,Urgente
INC-02677,Sarh,Urbaine_Dense,12.2311,19.2045,Saison_Seche,36.4,21.3,11.1,1,Splitter,101,15,144,Degradation_Lente,Faible,312,71.97,2,1,50.0,468.27,-0.69,83.05,29.61,90.84,1.6,57,1,1063286.0,7,11.8,Urgente
INC-02678,N'Djamena_Nord,Urbaine_Dense,12.9573,15.3398,Saison_Seche,40.5,24.5,36.6,1,Connecteur,100,18,2,Defaut_Connecteur,Moyenne,209,16.95,4,2,50.0,464.45,-19.61,39.15,45.87,82.87,6.1,16,1,1236248.0,9,14.5,Corrective
INC-02679,Doba,Urbaine_Moyenne,8.5483,22.5283,Saison_Seche,40.9,26.6,55.4,2,Cable_Fibre,22,10,314,Panne_OLT,Critique,209,6.68,32,21,65.6,462.02,-1.19,67.53,10.32,72.1,4.9,54,1,2389627.0,9,11.8,Urgente
INC-02680,Moundou,Urbaine_Dense,15.4358,17.9143,Saison_Seche,35.1,34.1,5.7,0,Connecteur,50,18,281,Perte_Signal,Moyenne,384,2.28,13,7,53.8,583.93,-5.28,180.26,48.11,72.58,8.6,48,1,1717280.0,4,19.9,Urgente
INC-02681,Kélo,Urbaine_Moyenne,7.9112,21.5898,Intersaison,28.8,69.7,6.3,7,Connecteur,12,14,362,Panne_OLT,Élevée,470,10.49,10,6,60.0,800.63,-34.56,104.83,45.92,62.08,9.4,35,1,1558011.0,5,7.6,Urgente
INC-02682,Sarh,Urbaine_Dense,8.0667,18.9226,Intersaison,37.1,39.9,7.5,6,OLT,19,6,340,Surtension,Critique,198,65.9,19,12,63.2,548.08,-23.59,57.39,18.19,79.6,2.2,48,1,1952945.0,3,21.7,Urgente
INC-02683,Abéché,Urbaine_Dense,8.1059,19.051,Saison_Seche,44.2,34.4,21.5,1,Splitter,86,18,121,Degradation_Lente,Moyenne,319,52.56,42,29,69.0,697.48,-31.86,182.89,7.38,88.75,8.1,55,0,1986905.0,3,4.9,Urgente
INC-02684,Kélo,Urbaine_Moyenne,14.4648,20.6594,Intersaison,38.9,50.1,40.3,8,Splitter,6,5,100,Degradation_Lente,Faible,275,6.63,30,16,53.3,184.94,-30.31,169.83,19.89,95.24,1.3,44,1,1948600.0,7,16.0,Corrective
INC-02685,Doba,Urbaine_Moyenne,13.3287,17.0222,Saison_Seche,45.5,17.8,32.3,2,ONT,56,12,144,Surtension,Moyenne,59,69.22,15,13,86.7,536.38,-3.12,43.23,27.01,99.55,7.7,59,1,612107.0,9,11.3,Corrective
INC-02686,N'Djamena_Nord,Urbaine_Moyenne,15.2844,23.4629,Saison_Seche,37.0,32.6,17.9,2,Connecteur,89,4,251,Obstruction_Physique,Faible,382,47.16,8,5,62.5,98.07,-24.45,93.81,28.41,62.16,3.6,2,1,36333.0,1,12.5,Urgente
INC-02687,N'Djamena_Nord,Péri_Urbaine,8.0325,17.7043,Saison_Pluies,30.0,70.9,37.1,14,Antenne_AirPON,112,8,323,Defaut_Connecteur,Critique,159,66.94,4,2,50.0,860.14,-14.67,150.89,48.78,89.56,7.6,45,1,1406576.0,8,9.2,Urgente
INC-02688,N'Djamena_Sud,Urbaine_Dense,13.0334,17.6794,Saison_Seche,41.6,26.1,26.8,0,Connecteur,4,16,184,Obstruction_Physique,Élevée,126,51.36,17,9,52.9,735.67,-18.94,25.03,16.31,82.96,8.7,89,1,137118.0,4,4.5,Corrective
INC-02689,Abéché,Urbaine_Dense,11.7662,20.9279,Saison_Seche,45.6,10.4,21.2,2,Connecteur,25,6,60,Perte_Signal,Moyenne,388,27.04,19,18,94.7,382.06,-2.75,101.9,6.76,71.92,7.9,59,1,29035.0,9,4.9,Urgente
INC-02690,N'Djamena_Sud,Urbaine_Moyenne,12.6131,20.1806,Intersaison,34.4,63.1,22.9,4,Cable_Fibre,19,14,234,Degradation_Lente,Faible,427,4.85,27,16,59.3,176.21,-26.78,72.96,14.0,84.77,2.8,32,0,2488627.0,6,3.1,Corrective
INC-02691,N'Djamena_Centre,Urbaine_Dense,11.6033,23.9557,Saison_Pluies,27.6,74.4,21.6,18,Connecteur,54,10,186,Perte_Signal,Élevée,149,1.18,18,10,55.6,692.27,-19.54,109.45,2.73,61.92,3.7,80,0,1461962.0,7,5.7,Urgente
INC-02692,N'Djamena_Centre,Urbaine_Dense,12.9028,22.4274,Saison_Pluies,29.9,93.1,30.7,24,Connecteur,10,9,85,Degradation_Lente,Élevée,159,43.9,12,11,91.7,532.64,-32.01,100.9,41.43,97.0,4.3,25,1,1734071.0,1,0.9,Corrective
INC-02693,Bongor,Péri_Urbaine,14.7565,16.4882,Intersaison,35.1,45.4,22.8,3,Antenne_AirPON,89,8,133,Degradation_Lente,Élevée,41,36.2,17,16,94.1,619.59,-12.96,43.54,33.6,75.16,3.5,12,1,2471869.0,5,1.8,Corrective
INC-02694,N'Djamena_Centre,Urbaine_Moyenne,12.1998,14.5663,Intersaison,29.1,63.1,19.2,8,Antenne_AirPON,18,4,255,Obstruction_Physique,Faible,454,41.75,17,10,58.8,692.64,-3.99,132.92,24.04,79.57,5.1,86,1,1040964.0,2,9.3,Corrective
INC-02695,Kélo,Urbaine_Dense,14.6713,14.6196,Saison_Seche,36.1,30.6,19.3,2,Cable_Fibre,115,13,17,Defaut_Connecteur,Faible,454,69.4,12,10,83.3,977.83,-24.3,17.63,16.03,68.07,5.9,29,1,2212646.0,8,0.6,Urgente
INC-02696,Sarh,Urbaine_Moyenne,13.7573,17.2969,Saison_Seche,41.2,26.8,13.1,2,ONT,110,16,204,Degradation_Lente,Élevée,434,65.05,10,5,50.0,921.2,-7.23,58.71,22.73,87.43,2.2,67,0,1820797.0,5,21.6,Urgente
INC-02697,Abéché,Urbaine_Moyenne,14.4194,18.5105,Saison_Seche,36.4,32.3,12.6,0,OLT,74,13,79,Corrosion,Moyenne,20,25.7,4,2,50.0,387.08,-30.27,56.24,49.87,94.64,1.2,71,0,809326.0,1,20.8,Corrective
INC-02698,Bongor,Urbaine_Dense,12.774,20.1898,Saison_Seche,35.9,25.9,17.2,2,ONT,3,8,89,Panne_OLT,Faible,171,22.93,35,17,48.6,271.88,-18.66,174.89,1.03,74.48,4.6,94,1,233494.0,8,17.5,Corrective
INC-02699,N'Djamena_Nord,Urbaine_Moyenne,11.6488,22.5061,Intersaison,34.8,39.6,58.3,5,Splitter,37,0,164,Corrosion,Moyenne,72,20.45,11,7,63.6,159.74,-25.29,198.55,5.67,83.68,9.0,59,1,1593736.0,9,21.2,Corrective
INC-02700,Abéché,Urbaine_Dense,8.0564,23.8902,Intersaison,31.7,54.0,12.3,7,Connecteur,62,4,322,Rupture_Cable,Moyenne,299,67.72,18,17,94.4,67.61,-11.61,41.27,11.87,92.03,8.4,7,0,2448876.0,7,22.3,Urgente
INC-02701,Kélo,Urbaine_Moyenne,14.1792,17.7915,Saison_Seche,39.8,18.9,26.7,2,Cable_Fibre,107,19,88,Degradation_Lente,Moyenne,309,65.39,20,14,70.0,836.38,-10.88,117.35,40.68,90.17,9.2,67,0,1396760.0,2,8.7,Urgente
INC-02702,N'Djamena_Sud,Urbaine_Moyenne,9.4361,19.2286,Intersaison,31.8,46.8,54.5,3,Boitier_Etanche,67,18,305,Corrosion,Moyenne,377,67.46,4,2,50.0,907.19,-20.73,168.26,9.45,91.6,6.3,88,1,2388432.0,5,9.9,Préventive
INC-02703,Abéché,Urbaine_Moyenne,7.7933,19.8078,Saison_Seche,40.8,30.4,0.7,1,Antenne_AirPON,34,14,275,Obstruction_Physique,Élevée,442,16.69,32,23,71.9,857.09,-23.3,44.39,49.2,89.21,7.5,78,1,221196.0,5,22.3,Urgente
INC-02704,Abéché,Rurale,11.6526,19.3649,Saison_Pluies,30.0,78.6,36.3,19,Splitter,7,12,159,Surtension,Moyenne,365,33.83,41,22,53.7,370.18,-7.83,187.0,2.58,82.67,6.9,33,1,2339221.0,5,13.5,Corrective
INC-02705,Sarh,Urbaine_Dense,12.5601,14.4483,Saison_Seche,39.9,28.7,52.2,0,Boitier_Etanche,25,7,163,Perte_Signal,Élevée,171,25.57,0,0,100.0,720.12,-16.0,104.14,34.41,97.32,5.3,57,1,2347646.0,3,15.4,Corrective
INC-02706,Kélo,Urbaine_Moyenne,12.7947,14.7079,Saison_Seche,37.3,15.7,10.1,2,Boitier_Etanche,69,10,14,Surtension,Élevée,314,23.25,10,5,50.0,143.29,-15.9,197.53,13.26,83.46,3.1,32,0,1003657.0,2,20.7,Urgente
INC-02707,Bongor,Urbaine_Moyenne,12.8577,22.8319,Saison_Pluies,33.3,78.4,48.8,23,ONT,116,15,339,Degradation_Lente,Critique,494,6.94,41,32,78.0,723.52,-7.38,158.88,46.5,90.68,1.8,39,1,271738.0,2,23.8,Urgente
INC-02708,Kélo,Urbaine_Moyenne,12.7298,20.5936,Saison_Pluies,25.3,84.5,38.8,16,Boitier_Etanche,94,17,165,Surtension,Élevée,270,60.5,34,18,52.9,357.24,-13.26,107.53,12.16,73.59,7.9,49,1,2412522.0,7,14.5,Urgente
INC-02709,N'Djamena_Sud,Péri_Urbaine,13.9655,20.627,Saison_Seche,36.8,22.5,49.3,1,Splitter,20,17,152,Degradation_Lente,Faible,176,21.39,4,2,50.0,325.71,-29.78,76.39,46.83,68.05,8.8,49,0,2197101.0,2,20.7,Corrective
INC-02710,Moundou,Urbaine_Dense,13.6549,22.0552,Intersaison,36.9,51.9,4.3,6,OLT,1,19,209,Panne_OLT,Moyenne,25,25.29,24,20,83.3,809.86,-31.21,159.54,10.88,75.45,3.7,90,1,2399501.0,5,21.7,Corrective
INC-02711,N'Djamena_Centre,Urbaine_Moyenne,14.0027,14.3835,Intersaison,28.4,44.7,4.3,4,Connecteur,111,17,313,Degradation_Lente,Élevée,327,43.63,10,8,80.0,708.64,-25.98,122.02,22.83,88.11,7.8,81,1,728188.0,4,23.5,Urgente
INC-02712,N'Djamena_Sud,Urbaine_Dense,11.1821,17.8625,Saison_Seche,46.0,23.6,8.6,1,Cable_Fibre,16,6,81,Defaut_Connecteur,Faible,1,66.68,21,13,61.9,701.03,-22.14,101.92,8.65,86.85,8.7,52,1,802472.0,7,5.8,Corrective
INC-02713,Bongor,Urbaine_Dense,8.0025,16.0901,Saison_Pluies,34.3,72.0,58.7,24,ONT,111,12,109,Surtension,Élevée,200,52.14,5,2,40.0,670.97,-25.56,28.55,6.43,66.96,9.5,90,0,1256702.0,2,12.1,Urgente
INC-02714,Kélo,Péri_Urbaine,12.6166,20.4385,Saison_Seche,38.0,31.8,52.8,0,Connecteur,79,19,172,Defaut_Connecteur,Moyenne,99,46.29,39,37,94.9,547.2,-26.69,124.52,17.19,65.84,2.5,14,0,1467137.0,2,9.9,Urgente
INC-02715,Doba,Urbaine_Moyenne,9.1817,15.7568,Saison_Seche,46.3,12.0,34.3,2,Splitter,29,5,312,Panne_OLT,Faible,209,6.89,0,0,100.0,169.83,-32.87,121.43,8.24,71.2,3.6,3,1,1476575.0,8,0.6,Corrective
INC-02716,Doba,Urbaine_Moyenne,14.3762,20.7673,Intersaison,35.7,38.9,31.7,6,Boitier_Etanche,59,3,336,Rupture_Cable,Moyenne,279,44.9,45,42,93.3,257.95,-16.94,95.67,21.36,60.26,4.8,69,0,548454.0,2,3.7,Urgente
INC-02717,N'Djamena_Sud,Rurale,13.2733,17.573,Saison_Seche,45.7,30.1,15.3,2,Boitier_Etanche,25,4,1,Panne_OLT,Faible,2,19.17,12,10,83.3,573.29,-34.28,44.74,18.88,84.27,2.0,27,0,96654.0,7,2.3,Corrective
INC-02718,Sarh,Péri_Urbaine,13.627,18.1138,Intersaison,30.0,52.0,12.7,9,OLT,77,1,133,Surtension,Élevée,120,46.04,18,12,66.7,781.99,-16.91,58.99,23.75,96.75,2.9,40,0,2311194.0,1,17.0,Urgente
INC-02719,N'Djamena_Centre,Péri_Urbaine,9.7914,22.0891,Saison_Seche,37.4,12.8,14.1,2,Splitter,15,5,173,Degradation_Lente,Moyenne,428,23.57,21,20,95.2,639.88,-30.2,52.69,37.48,66.69,1.4,77,0,1869916.0,5,23.2,Urgente
INC-02720,Bongor,Urbaine_Dense,12.5644,17.1558,Saison_Seche,35.9,11.3,43.8,2,OLT,97,18,187,Corrosion,Moyenne,404,5.52,28,15,53.6,394.73,-4.4,75.03,37.38,68.06,7.5,4,1,318479.0,3,6.3,Urgente
INC-02721,Sarh,Urbaine_Dense,11.7247,16.1943,Intersaison,39.0,41.4,38.0,3,OLT,110,14,28,Perte_Signal,Faible,126,60.81,29,17,58.6,622.13,-21.24,82.98,47.59,86.2,6.1,69,0,1551385.0,6,20.9,Corrective
INC-02722,N'Djamena_Centre,Urbaine_Moyenne,9.6476,22.4278,Saison_Seche,45.5,16.8,30.1,0,ONT,35,1,215,Panne_OLT,Moyenne,51,39.94,2,1,50.0,326.48,-7.92,37.18,4.45,77.96,6.3,14,0,498122.0,7,22.3,Préventive
INC-02723,Kélo,Péri_Urbaine,13.9978,20.6967,Saison_Pluies,28.3,73.2,50.0,21,Cable_Fibre,70,3,285,Defaut_Connecteur,Élevée,266,20.24,6,5,83.3,591.89,-26.32,108.01,14.75,89.32,7.9,32,1,124687.0,7,9.8,Préventive
INC-02724,Bongor,Urbaine_Moyenne,11.8997,17.7409,Saison_Pluies,28.4,93.3,3.6,24,OLT,33,8,268,Surtension,Élevée,192,25.73,28,25,89.3,774.39,-0.3,149.87,16.58,69.36,1.7,68,1,449381.0,6,4.3,Urgente
INC-02725,N'Djamena_Centre,Urbaine_Dense,9.0263,18.7349,Saison_Seche,37.6,14.6,2.2,0,Splitter,31,19,166,Perte_Signal,Moyenne,203,44.49,5,3,60.0,157.12,-19.07,42.1,24.09,65.42,2.0,37,1,1817344.0,9,22.8,Urgente
INC-02726,N'Djamena_Centre,Péri_Urbaine,9.942,17.1525,Saison_Pluies,30.9,77.9,49.2,20,Connecteur,101,16,96,Rupture_Cable,Faible,255,48.92,41,22,53.7,68.45,-10.99,194.8,24.64,98.04,1.2,15,1,1246121.0,3,23.4,Corrective
INC-02727,N'Djamena_Centre,Péri_Urbaine,9.3169,19.2877,Saison_Seche,35.2,26.8,25.0,2,Cable_Fibre,51,9,74,Defaut_Connecteur,Moyenne,43,35.05,9,6,66.7,401.62,-3.24,37.27,41.12,97.77,2.3,64,1,744463.0,4,22.8,Corrective
INC-02728,Kélo,Rurale,9.9992,14.9563,Saison_Pluies,29.3,93.3,39.9,23,ONT,3,14,50,Corrosion,Élevée,240,37.86,30,27,90.0,750.44,-24.72,147.05,28.07,93.63,5.0,70,1,1876871.0,5,2.6,Urgente
INC-02729,N'Djamena_Nord,Urbaine_Moyenne,9.0054,22.8286,Saison_Pluies,25.7,85.7,24.3,24,Boitier_Etanche,78,16,208,Degradation_Lente,Moyenne,133,7.68,7,6,85.7,117.05,-21.03,135.94,36.65,90.98,2.7,67,1,1203664.0,4,0.9,Préventive
INC-02730,Bongor,Urbaine_Dense,10.4691,19.3175,Saison_Seche,40.4,10.7,26.3,1,Boitier_Etanche,1,4,109,Degradation_Lente,Élevée,70,10.58,5,2,40.0,994.97,-12.09,23.66,28.52,74.08,7.8,21,0,925188.0,1,9.8,Urgente
INC-02731,Bongor,Rurale,13.0519,17.5453,Saison_Pluies,31.7,93.5,1.4,11,Antenne_AirPON,58,13,338,Defaut_Connecteur,Moyenne,195,15.13,6,4,66.7,784.02,-29.42,178.53,12.29,64.49,5.9,47,1,216550.0,1,19.9,Corrective
INC-02732,Kélo,Péri_Urbaine,15.1744,19.5017,Intersaison,29.5,49.7,31.8,3,Connecteur,34,5,142,Perte_Signal,Moyenne,109,38.18,5,3,60.0,711.58,-10.44,101.37,49.67,78.75,9.0,93,0,317692.0,2,13.1,Corrective
INC-02733,N'Djamena_Nord,Urbaine_Dense,9.1843,15.1925,Saison_Pluies,28.2,82.0,2.1,13,OLT,40,2,145,Corrosion,Critique,251,30.23,18,11,61.1,396.0,-6.49,25.24,38.75,69.32,6.0,76,1,694638.0,9,10.2,Urgente
INC-02734,Doba,Urbaine_Moyenne,9.8986,14.324,Saison_Seche,42.0,28.6,21.1,2,OLT,30,5,220,Rupture_Cable,Critique,391,41.11,26,14,53.8,817.02,-13.96,55.4,21.37,69.55,8.2,90,1,694641.0,5,15.9,Urgente
INC-02735,Abéché,Urbaine_Dense,7.5172,19.2553,Saison_Pluies,28.3,76.9,8.2,24,OLT,40,11,340,Corrosion,Faible,278,12.44,1,0,0.0,354.88,-23.78,62.25,27.65,88.58,8.9,93,1,548462.0,2,18.7,Corrective
INC-02736,Moundou,Urbaine_Dense,9.3024,14.2402,Saison_Pluies,25.7,82.7,13.1,22,Cable_Fibre,70,2,252,Panne_OLT,Faible,369,69.7,48,35,72.9,463.61,-13.25,45.58,21.76,66.51,7.5,52,0,277658.0,6,9.3,Urgente
INC-02737,Doba,Urbaine_Dense,10.8476,20.4391,Saison_Pluies,27.6,71.2,54.4,20,Antenne_AirPON,74,18,85,Obstruction_Physique,Moyenne,180,44.29,45,36,80.0,71.7,-3.93,114.7,1.16,91.28,7.3,45,1,1552577.0,8,2.4,Corrective
INC-02738,N'Djamena_Nord,Urbaine_Dense,11.1939,21.9025,Saison_Pluies,32.1,75.7,58.2,10,Boitier_Etanche,97,9,318,Panne_OLT,Moyenne,103,9.22,21,16,76.2,977.63,-26.14,91.95,4.81,83.89,3.1,75,1,1240612.0,4,22.6,Préventive
INC-02739,N'Djamena_Centre,Urbaine_Moyenne,9.6307,23.8779,Saison_Pluies,26.8,79.0,2.0,19,OLT,113,9,233,Perte_Signal,Faible,61,26.66,38,23,60.5,616.82,-4.53,45.63,3.06,72.83,5.2,3,0,1596498.0,9,13.5,Urgente
INC-02740,Moundou,Urbaine_Dense,8.7026,21.5771,Saison_Pluies,26.4,91.3,54.8,17,Connecteur,14,1,265,Surtension,Critique,306,70.57,35,28,80.0,240.26,-9.32,120.33,17.1,64.42,2.6,10,1,1199343.0,8,4.4,Urgente
INC-02741,Bongor,Urbaine_Dense,12.0046,23.7283,Intersaison,38.0,48.0,51.1,4,Connecteur,57,3,98,Obstruction_Physique,Élevée,119,69.58,32,26,81.2,625.64,-19.55,163.04,44.04,75.29,2.4,16,0,1519658.0,7,5.3,Urgente
INC-02742,Kélo,Urbaine_Moyenne,10.7735,13.7329,Saison_Pluies,27.4,76.0,31.0,10,Antenne_AirPON,12,12,263,Rupture_Cable,Élevée,269,5.05,11,9,81.8,775.15,-0.05,172.8,28.89,92.91,2.9,8,1,2155810.0,5,16.7,Urgente
INC-02743,N'Djamena_Centre,Péri_Urbaine,10.9101,19.3679,Saison_Seche,36.3,28.9,29.0,0,OLT,52,15,133,Panne_OLT,Élevée,182,59.82,28,23,82.1,766.94,-30.11,90.92,16.54,81.74,3.4,14,1,154081.0,5,0.7,Corrective
INC-02744,N'Djamena_Centre,Urbaine_Dense,14.6598,15.2297,Saison_Pluies,29.6,93.6,23.2,10,Cable_Fibre,71,0,78,Surtension,Faible,228,46.22,8,6,75.0,0.19,-19.8,190.15,30.46,99.8,7.9,4,1,1408445.0,6,18.1,Urgente
INC-02745,N'Djamena_Centre,Rurale,11.9915,16.0739,Saison_Seche,42.4,12.4,39.2,0,Boitier_Etanche,5,4,285,Corrosion,Moyenne,416,13.33,40,29,72.5,760.23,-10.46,37.63,11.38,86.35,9.4,70,0,754038.0,7,23.2,Corrective
INC-02746,Abéché,Péri_Urbaine,10.6067,21.2126,Saison_Seche,37.9,21.1,10.9,1,Splitter,23,4,132,Perte_Signal,Moyenne,109,59.99,22,15,68.2,523.17,-34.48,84.57,14.28,83.58,1.7,73,0,509067.0,3,14.8,Corrective
INC-02747,Bongor,Urbaine_Moyenne,9.5303,16.1547,Saison_Seche,43.6,13.6,4.5,0,Connecteur,61,12,111,Rupture_Cable,Critique,132,46.06,25,24,96.0,817.95,-3.73,98.67,33.4,64.31,5.2,54,1,710350.0,7,18.0,Urgente
INC-02748,N'Djamena_Nord,Urbaine_Moyenne,10.9288,15.388,Intersaison,33.8,63.1,58.8,6,ONT,38,11,118,Degradation_Lente,Faible,375,8.15,27,15,55.6,197.79,-22.76,85.87,10.25,74.76,8.9,30,1,2173471.0,8,19.7,Corrective
INC-02749,N'Djamena_Nord,Urbaine_Moyenne,14.3949,17.4044,Saison_Pluies,29.8,74.9,49.3,24,Cable_Fibre,91,15,138,Corrosion,Moyenne,133,61.05,7,6,85.7,276.65,-27.91,49.18,34.46,88.83,4.6,67,0,2154829.0,5,16.3,Corrective
INC-02750,Kélo,Urbaine_Dense,15.2208,14.3742,Saison_Seche,35.7,27.0,22.8,1,Splitter,77,19,306,Defaut_Connecteur,Élevée,109,54.66,10,7,70.0,51.92,-24.2,142.32,41.75,86.32,9.0,76,0,317008.0,7,13.0,Urgente
INC-02751,Abéché,Urbaine_Dense,10.5178,15.0382,Saison_Pluies,34.9,75.9,3.9,15,ONT,5,5,260,Defaut_Connecteur,Moyenne,428,0.53,10,9,90.0,319.39,-28.08,18.36,6.39,90.67,5.0,41,1,2234969.0,6,19.3,Corrective
INC-02752,Bongor,Urbaine_Dense,9.1719,15.0377,Saison_Seche,38.5,16.5,57.4,2,Connecteur,68,15,304,Defaut_Connecteur,Moyenne,492,18.32,30,18,60.0,407.14,-34.88,119.21,8.34,95.12,6.9,31,0,1868566.0,8,5.1,Préventive
INC-02753,N'Djamena_Nord,Urbaine_Dense,14.8162,15.8736,Saison_Seche,44.8,34.8,3.1,2,Cable_Fibre,10,1,73,Perte_Signal,Faible,342,19.4,49,48,98.0,185.87,-33.24,119.22,17.82,94.32,8.4,1,1,106059.0,4,17.0,Corrective
INC-02754,Kélo,Péri_Urbaine,8.6555,22.6424,Saison_Pluies,31.5,89.7,0.2,24,Cable_Fibre,109,11,149,Obstruction_Physique,Faible,270,33.08,12,8,66.7,679.15,-28.82,41.56,3.67,64.41,8.3,96,0,1900220.0,5,6.2,Urgente
INC-02755,Kélo,Urbaine_Dense,9.8791,16.6,Saison_Pluies,30.3,90.0,17.3,21,Boitier_Etanche,53,14,360,Rupture_Cable,Élevée,110,16.59,42,30,71.4,905.03,-11.63,41.89,27.62,71.85,5.5,44,1,62173.0,6,21.1,Corrective
INC-02756,Bongor,Péri_Urbaine,9.1332,16.3756,Intersaison,36.1,42.2,44.7,8,Connecteur,93,11,141,Rupture_Cable,Élevée,225,59.6,15,14,93.3,40.85,-34.97,164.88,36.32,97.21,2.0,6,1,1151047.0,9,21.4,Urgente
INC-02757,Abéché,Urbaine_Moyenne,12.0266,14.8229,Saison_Seche,38.9,32.9,50.7,0,Cable_Fibre,77,2,86,Degradation_Lente,Moyenne,316,50.53,10,9,90.0,329.0,-10.6,146.95,14.17,78.78,5.7,17,1,669928.0,6,14.8,Corrective
INC-02758,Bongor,Urbaine_Moyenne,10.7691,13.6691,Saison_Pluies,35.0,94.7,35.1,14,Connecteur,63,4,107,Panne_OLT,Critique,436,2.17,41,38,92.7,158.05,-30.02,95.14,37.51,83.23,4.8,1,0,1370582.0,5,12.7,Urgente
INC-02759,Abéché,Urbaine_Moyenne,9.7973,15.184,Saison_Pluies,32.6,89.3,27.6,16,Antenne_AirPON,20,9,152,Defaut_Connecteur,Moyenne,180,50.9,37,34,91.9,80.96,-17.25,81.67,18.49,97.02,6.7,36,0,2060587.0,9,10.5,Corrective
INC-02760,N'Djamena_Sud,Urbaine_Moyenne,13.6434,21.0912,Intersaison,38.0,35.4,0.9,7,Cable_Fibre,90,12,292,Obstruction_Physique,Élevée,312,68.49,47,37,78.7,221.07,-22.21,158.8,25.17,76.98,4.6,36,1,144006.0,8,23.3,Urgente
INC-02761,Abéché,Urbaine_Dense,12.8129,23.6834,Saison_Pluies,28.0,87.4,20.9,24,Connecteur,62,18,91,Defaut_Connecteur,Élevée,66,35.56,32,18,56.2,518.48,-18.37,170.01,19.28,97.19,9.9,11,1,809570.0,5,1.1,Corrective
INC-02762,Sarh,Urbaine_Moyenne,15.4641,21.31,Saison_Seche,39.0,17.6,5.0,0,Cable_Fibre,103,10,292,Surtension,Moyenne,349,13.11,34,26,76.5,580.57,-11.46,139.35,43.19,74.2,4.4,6,1,1158496.0,6,9.1,Urgente
INC-02763,Abéché,Urbaine_Dense,9.9959,22.4589,Saison_Seche,40.6,20.3,13.2,1,Antenne_AirPON,12,11,234,Obstruction_Physique,Élevée,335,63.39,17,16,94.1,98.64,-28.16,28.23,42.74,76.15,1.3,11,0,1980264.0,8,5.3,Urgente
INC-02764,Bongor,Urbaine_Moyenne,14.2622,21.7608,Saison_Seche,46.8,30.8,4.1,2,OLT,82,12,11,Degradation_Lente,Moyenne,269,47.48,30,24,80.0,911.13,-29.49,70.78,46.03,88.33,8.3,77,1,1015399.0,4,7.8,Urgente
INC-02765,Abéché,Urbaine_Moyenne,9.9201,16.6085,Intersaison,35.1,68.4,53.8,2,OLT,57,16,157,Surtension,Moyenne,20,30.82,30,29,96.7,213.88,-2.49,20.4,10.03,99.88,9.7,23,1,313325.0,7,12.7,Corrective
INC-02766,Sarh,Péri_Urbaine,7.5723,21.1779,Saison_Pluies,28.5,95.0,42.5,24,Boitier_Etanche,53,9,266,Obstruction_Physique,Faible,449,29.68,47,42,89.4,756.19,-33.51,149.86,25.08,74.27,5.5,96,1,144745.0,4,17.4,Urgente
INC-02767,Sarh,Urbaine_Moyenne,8.7072,21.3812,Saison_Seche,41.7,24.4,27.3,1,Splitter,93,7,81,Panne_OLT,Élevée,48,20.31,10,9,90.0,663.75,-16.75,78.7,36.42,69.99,3.3,51,1,1541986.0,9,14.8,Corrective
INC-02768,N'Djamena_Nord,Péri_Urbaine,11.5678,16.2149,Saison_Pluies,31.1,84.9,55.9,14,Splitter,28,10,164,Obstruction_Physique,Élevée,275,7.65,37,19,51.4,792.44,-16.56,22.59,25.55,81.42,2.0,73,1,171791.0,3,19.1,Urgente
INC-02769,Sarh,Urbaine_Dense,13.9801,23.1669,Saison_Seche,45.3,24.1,12.5,2,Boitier_Etanche,35,19,332,Rupture_Cable,Critique,379,62.79,6,5,83.3,450.9,-34.23,152.51,37.11,75.67,9.5,45,1,2055472.0,3,18.0,Urgente
INC-02770,Sarh,Urbaine_Dense,7.9593,23.9784,Saison_Pluies,34.2,85.1,57.2,22,Boitier_Etanche,69,2,276,Degradation_Lente,Faible,145,70.79,29,20,69.0,695.2,-20.83,98.1,25.49,92.26,3.8,69,1,2041649.0,4,5.7,Préventive
INC-02771,N'Djamena_Nord,Urbaine_Moyenne,14.1561,19.3936,Saison_Seche,42.1,30.9,4.5,1,Connecteur,57,16,34,Surtension,Faible,360,68.11,17,14,82.4,885.21,-19.56,115.44,38.39,86.45,3.1,27,1,2483774.0,9,6.7,Urgente
INC-02772,Kélo,Urbaine_Moyenne,13.2286,16.8242,Intersaison,33.2,51.3,48.0,2,Boitier_Etanche,2,8,316,Corrosion,Moyenne,51,12.19,37,28,75.7,129.33,-3.5,13.51,16.7,88.92,9.1,64,1,1214181.0,2,7.5,Corrective
INC-02773,Doba,Péri_Urbaine,7.7762,17.2549,Intersaison,31.4,44.2,19.7,3,Boitier_Etanche,72,12,218,Panne_OLT,Moyenne,82,30.17,18,13,72.2,620.55,-31.92,87.27,23.74,76.03,5.5,37,0,908387.0,9,8.3,Préventive
INC-02774,Kélo,Urbaine_Dense,8.3504,19.6157,Intersaison,38.1,52.8,7.9,5,Boitier_Etanche,97,12,44,Degradation_Lente,Faible,272,21.02,16,13,81.2,513.38,-8.91,40.78,20.75,80.63,7.5,39,1,2398084.0,4,14.2,Corrective
INC-02775,N'Djamena_Sud,Urbaine_Dense,8.105,13.5817,Saison_Seche,45.7,13.1,39.7,0,OLT,16,16,59,Degradation_Lente,Faible,333,24.7,25,24,96.0,448.72,-14.74,109.79,6.82,66.99,2.0,2,1,2009431.0,1,22.5,Urgente
INC-02776,Kélo,Péri_Urbaine,12.9319,16.7375,Intersaison,29.5,45.1,38.1,2,Splitter,87,7,47,Corrosion,Élevée,268,23.26,19,15,78.9,916.37,-4.68,120.39,46.56,68.9,3.5,92,1,610478.0,1,19.5,Urgente
INC-02777,N'Djamena_Centre,Rurale,11.9882,14.0145,Saison_Seche,37.0,13.5,56.1,1,Connecteur,80,17,267,Perte_Signal,Élevée,26,66.92,2,1,50.0,997.12,-33.43,97.45,11.56,83.19,1.2,49,0,2069461.0,8,14.2,Urgente
INC-02778,N'Djamena_Nord,Urbaine_Moyenne,10.3709,20.0539,Intersaison,35.6,42.7,16.6,8,Cable_Fibre,55,2,324,Rupture_Cable,Élevée,5,68.18,42,24,57.1,393.63,-20.32,34.28,0.57,78.37,6.6,35,0,2150013.0,5,7.7,Urgente
INC-02779,Moundou,Urbaine_Moyenne,8.2065,19.8426,Saison_Seche,41.0,17.7,46.0,1,OLT,71,11,110,Degradation_Lente,Moyenne,162,2.91,8,6,75.0,470.97,-15.53,181.75,34.26,85.88,9.0,49,1,2156417.0,1,2.3,Corrective
INC-02780,Abéché,Urbaine_Moyenne,10.6439,19.706,Saison_Seche,38.0,24.8,55.3,2,Boitier_Etanche,87,9,195,Rupture_Cable,Moyenne,226,38.59,21,19,90.5,598.41,-29.86,125.77,16.33,95.38,9.1,69,1,2084142.0,5,16.8,Préventive
INC-02781,Bongor,Urbaine_Moyenne,12.9574,15.0854,Intersaison,33.3,69.3,27.4,6,Connecteur,95,10,296,Panne_OLT,Faible,401,47.66,33,22,66.7,542.87,-28.42,57.13,18.27,89.81,9.0,61,1,769244.0,2,1.6,Préventive
INC-02782,Bongor,Rurale,8.2473,23.4179,Saison_Seche,36.5,23.4,25.0,2,Boitier_Etanche,48,3,162,Rupture_Cable,Faible,289,17.7,33,18,54.5,591.7,-15.24,134.32,47.33,93.19,4.4,3,1,849364.0,4,2.9,Corrective
INC-02783,Abéché,Péri_Urbaine,14.3527,19.1094,Saison_Pluies,33.1,83.3,22.1,18,Connecteur,16,9,335,Perte_Signal,Faible,163,4.42,18,9,50.0,68.32,-14.51,154.24,48.97,95.05,4.3,78,1,2224301.0,4,22.2,Corrective
INC-02784,Bongor,Péri_Urbaine,8.0033,19.3366,Saison_Seche,40.4,33.8,59.0,0,ONT,99,10,125,Perte_Signal,Faible,405,5.4,37,25,67.6,629.94,-30.36,118.04,3.12,84.33,10.0,55,1,640397.0,3,5.3,Corrective
INC-02785,Abéché,Urbaine_Dense,12.3656,19.2147,Saison_Pluies,32.6,88.5,36.5,22,Boitier_Etanche,99,0,158,Rupture_Cable,Faible,363,53.12,3,2,66.7,645.14,-18.33,57.89,2.02,98.34,7.6,26,0,1069991.0,5,17.8,Urgente
INC-02786,Kélo,Urbaine_Dense,9.0132,19.0063,Saison_Pluies,30.4,76.7,55.3,12,Antenne_AirPON,66,9,252,Surtension,Moyenne,67,26.29,2,1,50.0,868.03,-29.9,166.35,37.59,92.62,2.2,75,0,228847.0,6,11.0,Préventive
INC-02787,Abéché,Péri_Urbaine,8.2331,23.3535,Saison_Pluies,28.8,79.9,27.0,21,Splitter,27,17,338,Rupture_Cable,Moyenne,62,40.62,25,24,96.0,521.6,-32.47,28.93,47.73,81.85,2.1,25,1,1846989.0,1,10.5,Corrective
INC-02788,N'Djamena_Nord,Urbaine_Moyenne,10.3398,19.8213,Saison_Seche,44.6,10.6,52.9,0,Antenne_AirPON,83,13,181,Rupture_Cable,Moyenne,241,22.8,1,0,0.0,271.14,-7.24,170.91,9.59,63.23,7.3,26,1,1421828.0,2,2.6,Préventive
INC-02789,N'Djamena_Centre,Péri_Urbaine,12.8354,18.5938,Intersaison,39.1,44.4,27.8,9,Connecteur,102,1,39,Rupture_Cable,Faible,40,58.68,47,28,59.6,502.57,-30.93,8.94,47.5,88.58,9.5,47,1,1721132.0,6,14.1,Préventive
INC-02790,Moundou,Urbaine_Dense,8.4684,21.5477,Saison_Pluies,30.2,80.6,9.5,14,Connecteur,4,9,73,Obstruction_Physique,Moyenne,476,6.72,18,13,72.2,504.87,-30.8,131.46,10.25,87.83,8.4,79,0,809253.0,7,19.6,Corrective
INC-02791,N'Djamena_Centre,Urbaine_Moyenne,11.3056,16.1404,Saison_Seche,42.1,11.8,35.9,1,Antenne_AirPON,42,1,329,Corrosion,Moyenne,311,1.1,21,19,90.5,645.01,-14.33,177.57,35.46,73.29,6.3,77,1,1817912.0,5,11.8,Urgente
INC-02792,N'Djamena_Centre,Urbaine_Moyenne,10.7489,15.5161,Saison_Seche,36.5,30.3,52.2,0,Splitter,107,19,312,Panne_OLT,Élevée,287,31.77,5,3,60.0,499.72,-25.55,102.38,3.02,73.91,2.4,55,1,1405213.0,7,12.9,Urgente
INC-02793,Sarh,Rurale,10.9196,18.1117,Intersaison,32.8,36.3,2.1,9,ONT,26,9,280,Obstruction_Physique,Critique,460,29.06,40,25,62.5,397.7,-16.58,153.01,13.27,88.1,1.9,31,1,2445817.0,2,12.7,Urgente
INC-02794,Doba,Urbaine_Dense,15.0473,13.6647,Saison_Seche,39.2,17.1,17.0,0,Splitter,67,11,48,Defaut_Connecteur,Élevée,471,1.2,31,28,90.3,859.48,-33.37,133.67,19.27,89.18,9.1,44,1,35614.0,3,3.7,Corrective
INC-02795,N'Djamena_Centre,Urbaine_Dense,10.2922,16.5819,Intersaison,33.5,49.9,56.8,7,ONT,69,7,53,Surtension,Élevée,143,59.69,37,20,54.1,971.52,-14.85,47.8,29.87,84.52,8.8,19,1,1647281.0,9,3.9,Corrective
INC-02796,Sarh,Urbaine_Dense,15.433,17.9108,Intersaison,29.6,65.8,16.2,2,ONT,69,4,242,Panne_OLT,Moyenne,320,38.75,4,3,75.0,539.96,-16.79,115.67,45.35,69.24,2.6,54,1,601630.0,1,11.3,Urgente
INC-02797,Doba,Urbaine_Moyenne,11.8071,19.5763,Saison_Seche,41.6,14.7,23.9,2,OLT,97,2,340,Defaut_Connecteur,Moyenne,345,60.52,17,13,76.5,626.47,-1.22,57.6,41.78,93.29,8.7,12,1,370492.0,4,17.2,Urgente
INC-02798,N'Djamena_Nord,Rurale,14.2398,19.2036,Intersaison,36.2,56.3,19.7,8,OLT,96,6,44,Panne_OLT,Moyenne,399,32.95,37,19,51.4,633.98,-10.58,196.66,20.24,98.41,7.3,34,1,1423521.0,7,15.3,Corrective
INC-02799,Abéché,Péri_Urbaine,10.2909,17.3577,Saison_Seche,40.8,11.9,15.6,1,Connecteur,79,7,308,Degradation_Lente,Critique,300,44.61,34,31,91.2,521.19,-0.18,165.95,26.42,72.82,9.2,38,0,994071.0,8,8.9,Urgente
INC-02800,Kélo,Péri_Urbaine,8.1782,17.1043,Saison_Seche,41.6,31.0,23.5,1,Connecteur,55,1,11,Obstruction_Physique,Élevée,498,2.01,38,28,73.7,103.83,-5.96,174.39,34.02,97.39,7.1,50,1,1297161.0,6,9.8,Urgente
INC-02801,Doba,Urbaine_Dense,8.1752,13.5138,Saison_Pluies,29.1,94.8,51.1,15,Connecteur,88,9,54,Corrosion,Faible,303,56.42,43,24,55.8,51.57,-1.3,195.15,1.82,71.76,8.8,58,1,659275.0,3,23.7,Urgente
INC-02802,N'Djamena_Nord,Urbaine_Moyenne,12.0932,22.7517,Saison_Pluies,26.7,93.2,19.8,23,OLT,87,19,349,Rupture_Cable,Élevée,42,4.51,38,33,86.8,858.32,-3.56,19.15,22.57,67.29,8.4,74,0,1935954.0,1,10.0,Urgente
INC-02803,N'Djamena_Centre,Péri_Urbaine,14.9393,15.9284,Saison_Seche,45.2,12.3,42.2,1,OLT,33,8,93,Corrosion,Moyenne,219,19.64,19,14,73.7,232.59,-1.62,50.41,32.65,76.85,3.0,4,1,1605850.0,5,6.3,Corrective
INC-02804,Doba,Péri_Urbaine,8.0698,17.259,Saison_Pluies,29.5,71.2,14.8,13,Boitier_Etanche,6,17,55,Panne_OLT,Faible,403,33.8,15,11,73.3,645.35,-10.3,121.05,47.59,77.34,2.4,8,1,1467924.0,2,9.6,Urgente
INC-02805,Moundou,Rurale,13.0129,13.7127,Saison_Seche,43.5,21.3,10.9,2,Splitter,78,13,331,Rupture_Cable,Élevée,31,18.12,13,7,53.8,627.62,-29.94,1.43,40.7,94.41,5.1,5,1,1784614.0,9,14.6,Préventive
INC-02806,N'Djamena_Sud,Urbaine_Moyenne,12.006,23.5469,Saison_Seche,38.9,22.9,48.4,1,Connecteur,58,18,171,Obstruction_Physique,Moyenne,198,4.24,38,23,60.5,569.6,-3.2,30.14,8.38,84.07,2.9,40,1,1902567.0,3,3.7,Corrective
INC-02807,N'Djamena_Centre,Urbaine_Dense,12.718,18.693,Saison_Pluies,30.2,81.9,7.7,11,Splitter,114,1,203,Panne_OLT,Faible,453,50.74,38,22,57.9,131.65,-17.21,85.03,36.18,61.83,3.2,93,1,1401821.0,1,5.1,Urgente
INC-02808,Abéché,Rurale,9.2243,13.7444,Saison_Pluies,25.8,77.0,46.4,16,Splitter,31,8,104,Defaut_Connecteur,Moyenne,274,28.44,23,19,82.6,60.61,-17.56,147.36,7.67,74.01,6.8,92,1,361254.0,6,4.3,Urgente
INC-02809,N'Djamena_Centre,Rurale,8.0641,16.1375,Saison_Seche,46.2,21.2,38.2,2,OLT,90,10,48,Perte_Signal,Moyenne,391,53.27,7,5,71.4,218.02,-15.83,170.41,22.41,61.25,2.9,22,0,674099.0,1,13.4,Urgente
INC-02810,Abéché,Rurale,8.0978,22.7323,Saison_Pluies,31.6,85.9,32.2,18,Boitier_Etanche,112,13,306,Surtension,Faible,336,17.22,42,27,64.3,605.81,-27.65,124.51,33.98,63.01,6.7,25,1,280212.0,3,9.2,Urgente
INC-02811,Doba,Péri_Urbaine,9.4738,17.4449,Saison_Seche,43.0,27.5,27.6,2,Splitter,113,8,89,Perte_Signal,Faible,210,34.05,41,32,78.0,547.34,-27.69,25.41,19.83,86.54,4.2,21,0,429513.0,4,20.7,Urgente
INC-02812,N'Djamena_Nord,Urbaine_Dense,9.2091,20.7388,Saison_Pluies,28.9,90.0,32.1,10,OLT,40,16,281,Perte_Signal,Faible,493,25.53,21,12,57.1,723.45,-15.13,22.52,31.96,68.0,2.5,84,1,218404.0,8,6.0,Urgente
INC-02813,Abéché,Urbaine_Dense,8.5109,19.9454,Saison_Seche,45.1,12.9,7.5,2,Boitier_Etanche,68,10,60,Degradation_Lente,Élevée,176,31.33,34,19,55.9,396.38,-7.82,97.87,47.04,81.74,8.8,69,1,1333699.0,9,16.6,Corrective
INC-02814,Abéché,Péri_Urbaine,9.6175,18.4554,Saison_Seche,44.2,17.2,14.8,1,OLT,83,2,339,Defaut_Connecteur,Faible,146,70.05,5,3,60.0,779.79,-31.45,151.68,24.23,75.17,4.9,22,0,1777999.0,9,14.3,Préventive
INC-02815,Sarh,Urbaine_Dense,11.7718,22.2488,Intersaison,29.9,55.5,1.1,4,OLT,1,3,275,Surtension,Faible,8,28.75,1,0,0.0,552.74,-9.13,19.12,39.21,63.56,2.3,85,1,386157.0,7,1.0,Corrective
INC-02816,N'Djamena_Nord,Rurale,15.0961,13.9237,Saison_Pluies,28.0,79.8,41.9,24,Antenne_AirPON,11,4,364,Degradation_Lente,Faible,33,37.08,0,0,100.0,77.05,-28.57,46.29,8.27,96.5,1.4,17,0,139151.0,5,8.6,Corrective
INC-02817,Abéché,Urbaine_Moyenne,14.8782,23.0804,Saison_Seche,37.1,24.9,47.9,2,Cable_Fibre,9,10,217,Defaut_Connecteur,Moyenne,161,69.09,49,31,63.3,100.52,-20.49,79.23,47.98,74.52,8.8,62,1,1151877.0,5,4.3,Corrective
INC-02818,N'Djamena_Centre,Urbaine_Dense,9.6737,21.0396,Intersaison,30.5,35.7,41.4,7,OLT,8,12,327,Perte_Signal,Élevée,353,3.56,14,9,64.3,270.62,-32.54,122.85,32.85,96.81,1.9,45,1,2426175.0,5,8.3,Urgente
INC-02819,Moundou,Urbaine_Dense,8.0297,22.569,Saison_Seche,44.4,19.9,42.5,2,Connecteur,88,8,144,Surtension,Faible,449,22.94,49,44,89.8,381.71,-13.44,147.53,34.99,76.84,4.4,38,0,1511621.0,4,5.9,Urgente
INC-02820,Doba,Urbaine_Dense,15.4651,13.6778,Saison_Seche,43.6,21.8,51.8,2,ONT,8,8,33,Panne_OLT,Élevée,400,14.69,28,23,82.1,965.91,-5.17,107.1,48.94,97.35,9.0,17,1,2034699.0,2,18.3,Urgente
INC-02821,Abéché,Péri_Urbaine,11.3113,14.3903,Saison_Pluies,26.6,81.7,42.1,13,Antenne_AirPON,21,6,106,Obstruction_Physique,Élevée,122,32.55,7,5,71.4,908.04,-18.86,83.09,19.41,81.94,7.5,93,1,524943.0,4,23.5,Corrective
INC-02822,Moundou,Péri_Urbaine,15.3264,15.6617,Saison_Seche,37.5,15.4,21.0,2,Splitter,5,5,269,Defaut_Connecteur,Moyenne,240,8.56,43,25,58.1,571.23,-4.95,8.13,21.08,80.67,8.1,32,1,2319547.0,5,6.0,Corrective
INC-02823,Abéché,Urbaine_Dense,11.8011,19.7324,Intersaison,30.4,61.5,14.4,9,Connecteur,47,6,207,Defaut_Connecteur,Élevée,137,33.15,33,21,63.6,200.21,-10.5,61.38,28.36,75.63,6.0,69,1,1101748.0,1,18.9,Corrective
INC-02824,N'Djamena_Centre,Urbaine_Moyenne,14.5909,14.4704,Saison_Pluies,25.3,72.2,24.6,12,OLT,88,10,146,Defaut_Connecteur,Faible,252,20.97,11,9,81.8,981.11,-8.97,76.67,18.74,94.37,2.9,82,1,764992.0,3,0.7,Corrective
INC-02825,N'Djamena_Nord,Urbaine_Dense,11.0778,23.2812,Saison_Seche,37.1,26.5,27.8,1,Antenne_AirPON,54,12,261,Defaut_Connecteur,Faible,487,69.7,25,24,96.0,537.98,-22.19,19.64,3.47,85.31,9.3,75,1,1320176.0,2,2.5,Corrective
INC-02826,Kélo,Urbaine_Dense,12.4762,21.3602,Saison_Seche,35.2,12.6,16.4,1,Connecteur,88,0,327,Degradation_Lente,Élevée,451,11.51,47,38,80.9,589.74,-23.17,92.39,26.41,61.94,3.1,36,0,1999061.0,3,9.1,Urgente
INC-02827,N'Djamena_Centre,Urbaine_Moyenne,11.7859,21.9798,Intersaison,33.6,35.4,17.6,3,Connecteur,50,3,178,Obstruction_Physique,Élevée,191,33.45,17,9,52.9,495.51,-30.34,123.99,2.6,92.91,3.0,81,0,1974983.0,3,5.8,Urgente
INC-02828,N'Djamena_Sud,Péri_Urbaine,9.259,19.6304,Intersaison,31.2,46.7,42.6,3,Connecteur,44,4,290,Perte_Signal,Faible,150,49.37,7,6,85.7,524.57,-14.86,140.12,24.82,77.28,8.7,43,0,973128.0,7,5.5,Corrective
INC-02829,N'Djamena_Nord,Rurale,13.6104,20.125,Intersaison,37.0,62.5,12.4,8,Antenne_AirPON,98,4,142,Defaut_Connecteur,Faible,86,43.42,38,37,97.4,722.54,-0.43,93.86,4.16,88.35,3.2,77,1,460258.0,6,7.8,Corrective
INC-02830,Moundou,Urbaine_Moyenne,7.9384,15.8211,Saison_Seche,44.2,27.3,46.0,0,Antenne_AirPON,38,4,288,Defaut_Connecteur,Élevée,328,23.85,42,36,85.7,180.34,-16.22,25.38,40.47,77.53,9.7,75,0,389809.0,6,19.2,Urgente
INC-02831,Abéché,Urbaine_Dense,10.3993,23.0554,Saison_Pluies,34.1,79.3,15.4,18,Cable_Fibre,95,11,276,Corrosion,Moyenne,493,19.2,37,32,86.5,496.9,-16.15,111.88,13.67,84.67,7.2,67,0,694505.0,4,4.2,Préventive
INC-02832,Bongor,Rurale,14.4592,20.3136,Saison_Seche,43.5,24.7,24.4,1,Boitier_Etanche,92,7,86,Rupture_Cable,Faible,391,29.54,39,24,61.5,150.17,-21.97,31.85,33.62,97.82,4.2,36,0,2323858.0,4,7.5,Urgente
INC-02833,N'Djamena_Centre,Urbaine_Moyenne,11.5215,17.8863,Saison_Seche,35.1,21.9,16.5,2,ONT,95,6,288,Defaut_Connecteur,Faible,173,5.04,8,5,62.5,185.62,-26.51,54.25,32.57,81.57,1.1,6,1,552372.0,9,18.9,Préventive
INC-02834,Moundou,Urbaine_Moyenne,8.1212,22.7576,Saison_Pluies,30.6,82.2,49.3,24,Cable_Fibre,43,6,296,Perte_Signal,Moyenne,166,24.59,38,31,81.6,455.43,-0.92,27.53,15.81,62.97,3.2,96,1,1574556.0,7,19.4,Corrective
INC-02835,Moundou,Rurale,9.1602,22.5701,Saison_Pluies,26.0,82.9,23.6,15,OLT,116,8,237,Panne_OLT,Faible,401,43.02,41,22,53.7,226.4,-20.11,18.44,24.57,90.31,6.0,33,1,668414.0,5,1.5,Préventive
INC-02836,Abéché,Urbaine_Moyenne,8.3771,13.5057,Saison_Seche,36.4,17.8,58.7,0,Boitier_Etanche,2,15,168,Rupture_Cable,Faible,220,71.18,31,22,71.0,954.62,-29.88,34.33,42.97,73.77,3.5,44,0,2088632.0,3,10.0,Urgente
INC-02837,N'Djamena_Centre,Urbaine_Dense,9.7211,23.2108,Saison_Pluies,26.2,76.7,36.0,18,Connecteur,27,12,277,Corrosion,Moyenne,195,45.52,9,5,55.6,127.8,-24.17,81.88,44.46,87.14,1.3,73,1,1737602.0,6,10.9,Corrective
INC-02838,Bongor,Urbaine_Moyenne,8.8225,17.316,Intersaison,32.2,68.7,1.0,2,ONT,39,12,268,Corrosion,Moyenne,272,68.16,35,24,68.6,982.66,-9.36,89.02,12.18,66.15,2.9,62,0,2131568.0,3,23.4,Urgente
INC-02839,N'Djamena_Centre,Urbaine_Moyenne,13.1956,17.9325,Saison_Seche,45.2,11.5,48.9,2,Connecteur,19,16,36,Rupture_Cable,Élevée,165,0.39,49,47,95.9,942.32,-1.45,126.21,25.79,82.64,5.9,77,1,1154867.0,2,16.2,Corrective
INC-02840,N'Djamena_Centre,Rurale,12.7754,14.3958,Saison_Seche,38.6,27.5,41.4,0,OLT,12,2,269,Defaut_Connecteur,Élevée,325,55.67,23,21,91.3,816.72,-26.56,22.72,29.1,73.99,8.0,77,1,1446978.0,2,5.5,Urgente
INC-02841,N'Djamena_Nord,Urbaine_Dense,8.5806,22.7146,Saison_Pluies,25.7,86.5,15.4,22,Splitter,9,0,108,Degradation_Lente,Faible,253,33.41,45,33,73.3,575.07,-18.43,64.26,43.14,72.74,7.5,75,0,601786.0,6,7.6,Urgente
INC-02842,N'Djamena_Centre,Urbaine_Moyenne,11.0599,19.1616,Intersaison,34.8,49.7,16.1,2,Splitter,47,4,51,Degradation_Lente,Moyenne,470,44.51,7,5,71.4,471.75,-24.2,153.08,5.75,73.49,3.8,8,1,318928.0,9,16.8,Urgente
INC-02843,Moundou,Rurale,9.8667,23.0099,Saison_Pluies,26.1,70.6,29.5,22,ONT,54,8,26,Surtension,Élevée,391,25.8,24,14,58.3,728.19,-23.48,176.49,11.22,90.24,2.9,70,1,2232008.0,6,16.2,Urgente
INC-02844,Kélo,Urbaine_Dense,10.1977,21.6986,Saison_Pluies,34.4,79.3,40.0,17,Connecteur,93,10,247,Degradation_Lente,Faible,183,21.17,25,14,56.0,111.77,-31.84,121.15,9.95,89.74,7.5,79,0,728506.0,6,2.1,Préventive
INC-02845,Bongor,Urbaine_Dense,12.1078,22.9288,Saison_Pluies,30.3,76.3,54.0,12,Connecteur,93,11,352,Degradation_Lente,Moyenne,59,25.3,11,9,81.8,560.14,-14.14,171.35,35.71,72.74,4.1,68,1,1835325.0,2,19.9,Préventive
INC-02846,Moundou,Urbaine_Dense,14.6895,23.4567,Saison_Pluies,29.4,87.5,10.0,12,Antenne_AirPON,89,11,76,Perte_Signal,Moyenne,103,43.09,25,17,68.0,897.5,-25.35,79.32,7.24,67.36,8.0,38,1,545560.0,7,18.5,Corrective
INC-02847,Abéché,Péri_Urbaine,14.6786,22.802,Saison_Pluies,29.9,88.9,10.0,11,Connecteur,59,5,299,Perte_Signal,Élevée,178,44.47,34,31,91.2,601.85,-27.33,21.11,21.45,67.06,3.2,27,1,1033474.0,7,7.4,Urgente
INC-02848,N'Djamena_Sud,Péri_Urbaine,10.8042,15.7033,Saison_Seche,39.2,14.2,41.8,1,Splitter,95,11,188,Perte_Signal,Moyenne,395,39.75,45,40,88.9,315.39,-30.36,136.18,46.32,78.52,8.4,39,1,2471536.0,3,6.3,Urgente
INC-02849,Kélo,Urbaine_Dense,10.6456,14.2362,Saison_Pluies,26.1,80.9,19.1,13,Boitier_Etanche,51,2,162,Defaut_Connecteur,Faible,80,29.3,43,39,90.7,399.93,-19.6,149.22,49.26,84.8,8.2,57,1,289231.0,6,4.0,Corrective
INC-02850,Doba,Urbaine_Dense,11.6438,20.0127,Intersaison,28.4,38.8,13.6,8,Cable_Fibre,56,8,79,Rupture_Cable,Élevée,492,56.38,48,33,68.8,709.27,-20.82,22.97,26.73,74.55,3.4,39,1,598910.0,2,11.0,Urgente
INC-02851,N'Djamena_Nord,Péri_Urbaine,11.2929,15.1281,Saison_Pluies,33.3,77.8,41.2,18,Splitter,62,7,244,Corrosion,Moyenne,14,57.37,23,21,91.3,50.96,-8.46,25.91,49.34,61.95,4.9,6,1,1841806.0,7,9.6,Préventive
INC-02852,N'Djamena_Centre,Urbaine_Dense,7.9943,22.5626,Intersaison,35.5,54.7,3.6,5,Connecteur,56,15,28,Panne_OLT,Moyenne,131,51.96,15,10,66.7,628.45,-20.34,1.36,9.87,78.36,1.4,34,0,293795.0,5,0.8,Corrective
INC-02853,N'Djamena_Sud,Urbaine_Dense,12.13,23.4483,Saison_Seche,45.7,23.9,31.9,0,Splitter,26,16,42,Corrosion,Faible,427,12.42,40,33,82.5,321.33,-1.94,126.13,18.6,86.39,2.7,31,0,2121601.0,5,20.7,Corrective
INC-02854,N'Djamena_Sud,Péri_Urbaine,12.1779,14.7734,Saison_Seche,35.8,12.0,38.4,0,Cable_Fibre,90,15,191,Degradation_Lente,Faible,16,26.55,43,28,65.1,398.03,-19.24,71.18,38.25,83.02,5.2,47,1,86176.0,8,8.3,Préventive
INC-02855,Abéché,Urbaine_Dense,11.1027,15.9763,Saison_Seche,46.4,32.3,23.1,0,Antenne_AirPON,57,7,310,Surtension,Critique,26,65.54,37,33,89.2,281.07,-17.04,86.15,27.81,72.51,3.7,57,0,1269196.0,9,4.7,Urgente
INC-02856,Kélo,Péri_Urbaine,10.8117,20.0649,Saison_Seche,40.5,19.8,7.5,0,Splitter,76,8,155,Corrosion,Élevée,366,33.61,5,3,60.0,890.87,-2.81,13.57,22.34,80.26,4.1,51,0,957441.0,9,11.9,Urgente
INC-02857,Sarh,Urbaine_Moyenne,15.0116,21.1152,Saison_Pluies,31.0,87.2,20.6,21,Cable_Fibre,100,17,116,Rupture_Cable,Critique,430,37.6,39,37,94.9,820.04,-31.04,2.25,47.91,65.07,3.7,58,1,343600.0,1,19.8,Urgente
INC-02858,N'Djamena_Centre,Urbaine_Moyenne,12.3066,18.8793,Intersaison,30.4,67.2,25.9,9,Splitter,58,4,236,Panne_OLT,Critique,467,59.09,38,34,89.5,851.68,-21.75,74.76,14.46,75.56,2.3,13,0,1618676.0,3,19.9,Urgente
INC-02859,Sarh,Urbaine_Dense,14.0302,17.3748,Saison_Seche,43.0,15.6,9.7,2,OLT,37,12,304,Perte_Signal,Faible,34,67.57,17,14,82.4,411.19,-28.61,136.67,39.83,67.34,1.2,80,1,2412488.0,2,8.6,Corrective
INC-02860,Doba,Péri_Urbaine,15.1307,16.7133,Intersaison,39.6,47.7,29.3,9,Splitter,87,14,196,Defaut_Connecteur,Moyenne,412,67.41,35,19,54.3,128.39,-16.2,4.58,6.16,93.3,4.1,20,1,1483082.0,8,15.5,Préventive
INC-02861,N'Djamena_Sud,Rurale,13.9808,20.4927,Intersaison,29.2,58.3,20.3,7,OLT,15,6,171,Obstruction_Physique,Moyenne,396,18.37,12,10,83.3,651.92,-6.08,4.1,43.5,75.78,1.7,95,0,518635.0,8,17.0,Urgente
INC-02862,Doba,Péri_Urbaine,15.0438,21.3179,Intersaison,39.6,39.9,54.0,8,Boitier_Etanche,73,13,130,Corrosion,Moyenne,279,5.25,33,29,87.9,670.52,-3.81,22.37,13.27,79.14,6.5,55,1,267787.0,1,2.7,Corrective
INC-02863,Abéché,Urbaine_Dense,13.5743,16.5328,Saison_Seche,46.7,30.7,3.9,0,Cable_Fibre,92,6,202,Surtension,Critique,273,37.38,38,35,92.1,417.39,-33.64,188.49,14.51,69.69,2.5,0,1,2005580.0,8,5.7,Urgente
INC-02864,N'Djamena_Centre,Péri_Urbaine,8.861,16.923,Saison_Pluies,29.4,81.5,40.2,23,Antenne_AirPON,88,7,182,Surtension,Faible,226,50.2,21,14,66.7,70.13,-21.86,156.8,24.56,88.46,1.7,58,1,2122644.0,5,9.7,Préventive
INC-02865,Bongor,Urbaine_Moyenne,9.3154,18.3307,Saison_Seche,37.5,23.3,43.3,2,OLT,111,18,20,Surtension,Faible,218,55.31,6,4,66.7,221.91,-21.88,54.21,3.08,86.69,2.4,45,1,1536255.0,3,4.4,Corrective
INC-02866,Doba,Rurale,9.0512,18.2273,Saison_Seche,38.7,34.8,36.5,1,Cable_Fibre,23,6,360,Panne_OLT,Moyenne,363,47.94,45,24,53.3,16.08,-9.36,21.44,3.13,67.76,1.1,50,1,44607.0,7,23.0,Urgente
INC-02867,Sarh,Urbaine_Moyenne,10.077,22.3479,Saison_Seche,42.5,29.9,31.3,0,ONT,47,2,187,Defaut_Connecteur,Moyenne,445,6.39,17,14,82.4,715.72,-6.0,20.37,44.57,64.13,4.3,45,1,266993.0,1,20.6,Urgente
INC-02868,Moundou,Urbaine_Dense,10.3399,18.0876,Intersaison,37.3,50.7,6.9,3,ONT,51,10,195,Panne_OLT,Moyenne,493,24.08,20,17,85.0,888.62,-23.24,69.69,22.22,64.84,8.6,1,0,1736252.0,1,20.5,Urgente
INC-02869,N'Djamena_Centre,Urbaine_Dense,13.9895,23.7733,Saison_Pluies,25.4,93.0,36.5,14,Cable_Fibre,31,16,130,Surtension,Élevée,141,0.43,26,20,76.9,881.8,-18.55,29.57,0.14,79.09,4.0,34,1,760762.0,4,17.8,Corrective
INC-02870,N'Djamena_Sud,Urbaine_Dense,10.3868,16.7651,Saison_Seche,43.8,24.9,34.0,0,Splitter,30,19,289,Perte_Signal,Moyenne,253,57.11,7,5,71.4,241.68,-32.0,46.68,27.56,99.02,9.1,92,1,710980.0,5,23.4,Urgente
INC-02871,Sarh,Urbaine_Moyenne,13.3177,20.7746,Intersaison,35.7,59.9,54.8,2,OLT,115,8,177,Degradation_Lente,Moyenne,14,6.15,49,42,85.7,207.0,-32.0,72.41,27.84,93.81,7.2,90,0,955365.0,6,15.8,Corrective
INC-02872,Sarh,Urbaine_Dense,14.7305,21.4688,Saison_Seche,41.3,30.1,52.3,2,Antenne_AirPON,100,14,240,Panne_OLT,Moyenne,319,43.28,31,25,80.6,463.29,-9.53,90.05,36.01,78.8,6.1,37,1,2005315.0,3,1.7,Urgente
INC-02873,Doba,Urbaine_Dense,8.4164,20.1192,Intersaison,36.3,44.8,1.2,2,Connecteur,95,4,149,Perte_Signal,Élevée,24,24.74,4,3,75.0,204.91,-6.06,13.31,45.47,86.92,4.4,27,1,1977046.0,6,23.8,Corrective
INC-02874,Sarh,Urbaine_Moyenne,7.5021,17.354,Saison_Seche,38.1,34.8,59.1,2,Antenne_AirPON,113,0,318,Corrosion,Élevée,264,33.23,13,8,61.5,126.92,-25.32,175.51,39.91,77.43,8.9,25,1,673263.0,4,6.9,Urgente
INC-02875,Sarh,Urbaine_Dense,14.6093,16.2029,Saison_Pluies,31.5,90.5,33.9,10,Splitter,45,3,281,Rupture_Cable,Élevée,28,21.05,48,41,85.4,173.25,-15.45,11.15,38.09,99.45,1.2,70,0,1897891.0,4,17.0,Corrective
INC-02876,N'Djamena_Nord,Urbaine_Moyenne,9.406,19.845,Saison_Pluies,26.2,71.1,55.0,16,OLT,13,3,144,Perte_Signal,Élevée,229,53.21,1,0,0.0,422.19,-16.33,185.27,12.08,75.39,7.0,19,1,698282.0,1,2.5,Urgente
INC-02877,Kélo,Urbaine_Moyenne,8.7275,20.4156,Saison_Pluies,33.1,74.5,9.0,23,Cable_Fibre,7,5,157,Defaut_Connecteur,Moyenne,466,23.85,38,34,89.5,454.86,-4.07,50.86,16.83,98.85,6.2,33,0,460008.0,8,16.9,Corrective
INC-02878,Abéché,Péri_Urbaine,9.8617,16.205,Saison_Pluies,32.3,80.0,41.8,21,Cable_Fibre,30,12,279,Perte_Signal,Faible,268,51.52,23,20,87.0,663.19,-32.55,51.09,41.63,92.11,3.6,44,0,2277882.0,8,22.9,Urgente
INC-02879,Sarh,Rurale,8.9882,17.0331,Saison_Seche,41.8,32.1,27.5,0,Cable_Fibre,5,4,343,Perte_Signal,Moyenne,330,27.61,12,10,83.3,964.94,-12.96,180.43,3.16,75.95,1.6,95,1,1087723.0,6,4.9,Corrective
INC-02880,N'Djamena_Sud,Urbaine_Dense,13.8492,22.5517,Saison_Seche,35.2,20.1,8.0,2,Antenne_AirPON,76,16,125,Rupture_Cable,Moyenne,74,29.41,21,13,61.9,911.32,-23.71,105.41,5.63,93.61,3.3,51,1,1575289.0,1,8.5,Corrective
INC-02881,Moundou,Rurale,12.5761,22.0104,Intersaison,36.8,45.1,1.4,8,Splitter,95,18,321,Obstruction_Physique,Moyenne,335,39.26,10,6,60.0,357.09,-8.16,56.59,19.82,84.29,1.7,16,0,402400.0,9,20.2,Urgente
INC-02882,N'Djamena_Nord,Urbaine_Dense,8.8384,15.4297,Saison_Seche,43.2,25.8,13.0,2,Splitter,42,17,15,Obstruction_Physique,Élevée,244,31.33,40,37,92.5,177.21,-29.77,105.15,22.39,87.17,9.4,15,1,284807.0,9,11.7,Urgente
INC-02883,Kélo,Péri_Urbaine,12.1685,23.3002,Intersaison,28.8,68.6,1.0,7,OLT,111,10,61,Obstruction_Physique,Faible,399,42.56,18,13,72.2,963.31,-10.82,196.43,25.38,66.16,1.1,46,1,1871813.0,1,10.6,Urgente
INC-02884,Bongor,Péri_Urbaine,9.1647,20.0943,Saison_Pluies,29.8,77.0,35.9,15,Boitier_Etanche,22,13,34,Rupture_Cable,Moyenne,282,66.09,43,35,81.4,658.72,-4.33,171.35,43.35,92.3,4.8,1,1,1890687.0,5,11.5,Urgente
INC-02885,N'Djamena_Nord,Urbaine_Dense,9.0804,18.7159,Saison_Pluies,34.5,87.9,18.3,11,Antenne_AirPON,117,8,118,Corrosion,Faible,491,26.05,29,15,51.7,591.87,-5.87,45.91,26.83,73.55,7.6,82,0,1664503.0,5,5.8,Urgente
INC-02886,Kélo,Péri_Urbaine,12.2636,15.6091,Intersaison,34.2,69.0,57.2,4,ONT,22,8,289,Degradation_Lente,Élevée,133,51.12,3,2,66.7,527.01,-1.67,10.89,3.97,67.7,3.8,30,0,1131483.0,4,16.6,Urgente
INC-02887,Bongor,Rurale,12.8175,21.167,Saison_Pluies,29.3,79.6,38.0,13,Antenne_AirPON,65,0,218,Defaut_Connecteur,Faible,74,62.89,27,15,55.6,340.81,-30.59,154.71,11.31,92.67,3.5,39,1,2157636.0,1,17.2,Préventive
INC-02888,Sarh,Rurale,10.2696,23.1683,Saison_Pluies,27.5,88.8,45.8,19,Cable_Fibre,22,4,21,Perte_Signal,Moyenne,137,5.91,10,7,70.0,594.0,-12.95,24.75,40.01,93.89,9.9,23,1,173403.0,7,17.2,Corrective
INC-02889,Doba,Péri_Urbaine,13.6073,14.182,Intersaison,33.6,56.4,26.0,7,Antenne_AirPON,8,14,144,Degradation_Lente,Moyenne,290,40.18,41,25,61.0,427.59,-32.56,117.86,47.11,94.49,1.6,90,1,2003861.0,2,3.8,Urgente
INC-02890,Doba,Péri_Urbaine,14.1977,18.9678,Saison_Seche,37.1,16.6,16.0,0,Antenne_AirPON,117,19,146,Degradation_Lente,Critique,112,8.54,48,47,97.9,520.33,-16.44,128.07,20.05,95.24,6.6,88,1,712749.0,6,16.2,Corrective
INC-02891,Kélo,Urbaine_Dense,14.8308,22.7099,Intersaison,38.3,59.9,46.0,7,Boitier_Etanche,17,5,11,Degradation_Lente,Moyenne,409,56.72,3,2,66.7,518.59,-18.66,51.61,20.53,92.91,6.4,67,1,2265796.0,8,23.3,Corrective
INC-02892,N'Djamena_Centre,Urbaine_Dense,12.5085,23.5015,Saison_Seche,37.1,34.9,28.1,2,Antenne_AirPON,48,10,269,Corrosion,Faible,151,26.71,15,12,80.0,20.34,-28.48,113.96,47.8,70.95,3.1,31,0,526257.0,8,11.9,Urgente
INC-02893,Sarh,Urbaine_Dense,9.2602,14.2575,Saison_Pluies,26.8,86.9,60.0,23,Splitter,101,0,268,Surtension,Faible,379,36.83,25,19,76.0,338.47,-32.66,108.27,35.25,83.94,8.3,9,1,326237.0,8,2.2,Urgente
INC-02894,Bongor,Urbaine_Moyenne,13.4877,21.8061,Intersaison,37.9,65.9,35.6,8,Connecteur,27,10,224,Obstruction_Physique,Faible,182,38.34,27,18,66.7,157.77,-4.12,140.07,2.82,77.61,5.0,21,1,777664.0,8,11.1,Corrective
INC-02895,Bongor,Urbaine_Moyenne,8.3628,16.4548,Saison_Pluies,34.2,84.4,50.7,20,ONT,63,8,31,Panne_OLT,Faible,50,42.01,30,17,56.7,878.13,-14.17,180.33,32.94,76.6,6.8,81,0,820772.0,3,8.1,Corrective
INC-02896,Abéché,Péri_Urbaine,8.9497,19.1858,Saison_Seche,35.9,21.4,17.3,1,OLT,106,16,15,Defaut_Connecteur,Élevée,444,70.53,6,5,83.3,570.74,-18.75,27.54,29.97,85.7,2.8,53,0,1651256.0,5,12.4,Urgente
INC-02897,Doba,Urbaine_Moyenne,14.1623,21.7292,Saison_Seche,40.0,12.7,25.6,2,Boitier_Etanche,14,3,176,Defaut_Connecteur,Élevée,476,36.85,15,7,46.7,423.37,-20.18,114.89,4.43,89.75,1.2,28,1,408122.0,4,13.0,Urgente
INC-02898,Moundou,Péri_Urbaine,14.7866,19.2239,Saison_Seche,44.7,14.7,14.4,0,Boitier_Etanche,98,5,307,Rupture_Cable,Élevée,137,54.0,45,38,84.4,657.73,-12.58,109.6,18.24,86.78,2.3,19,1,774874.0,9,6.6,Préventive
INC-02899,Bongor,Péri_Urbaine,8.0337,14.6556,Saison_Pluies,27.5,87.9,46.5,14,Cable_Fibre,97,8,143,Perte_Signal,Moyenne,431,70.32,47,36,76.6,199.66,-23.39,100.85,8.88,74.59,3.0,10,0,1523601.0,5,14.1,Urgente
INC-02900,N'Djamena_Sud,Péri_Urbaine,9.997,19.7006,Saison_Pluies,27.3,87.3,45.4,16,ONT,5,18,360,Panne_OLT,Moyenne,278,54.98,48,38,79.2,288.42,-9.59,78.83,15.19,96.92,7.6,96,1,731464.0,1,9.8,Corrective
INC-02901,N'Djamena_Sud,Péri_Urbaine,12.5334,14.737,Saison_Pluies,27.8,77.5,35.6,19,Connecteur,42,10,6,Perte_Signal,Moyenne,347,60.04,26,24,92.3,266.62,-28.32,197.91,12.78,69.52,5.6,42,1,1007117.0,2,23.0,Urgente
INC-02902,Kélo,Péri_Urbaine,15.0092,17.1482,Intersaison,32.9,59.5,43.9,9,Boitier_Etanche,88,5,17,Perte_Signal,Élevée,298,3.2,37,31,83.8,603.17,-27.57,147.94,25.87,62.05,4.5,61,1,350867.0,2,4.2,Urgente
INC-02903,Moundou,Péri_Urbaine,12.0658,19.3614,Saison_Seche,41.0,20.1,21.6,0,Splitter,68,18,284,Panne_OLT,Faible,227,13.59,47,46,97.9,507.92,-3.32,146.78,17.23,62.89,7.8,80,1,300647.0,5,9.8,Préventive
INC-02904,Moundou,Urbaine_Dense,14.0679,23.9099,Saison_Seche,39.7,34.5,52.7,2,ONT,21,18,83,Rupture_Cable,Moyenne,422,48.88,12,8,66.7,522.25,-22.79,146.86,30.81,61.63,1.6,36,1,1859086.0,9,10.7,Urgente
INC-02905,N'Djamena_Sud,Urbaine_Moyenne,14.882,21.1328,Saison_Seche,42.8,31.2,55.3,0,Boitier_Etanche,25,14,229,Surtension,Moyenne,8,64.93,21,17,81.0,966.87,-8.0,20.62,30.48,98.06,2.2,88,1,189626.0,6,1.3,Corrective
INC-02906,Bongor,Urbaine_Dense,11.6523,16.6847,Saison_Seche,44.6,21.1,39.8,1,Boitier_Etanche,89,18,216,Rupture_Cable,Faible,209,4.55,36,20,55.6,169.28,-33.5,28.21,5.77,70.84,8.8,68,1,2414880.0,9,17.7,Préventive
INC-02907,N'Djamena_Sud,Péri_Urbaine,13.4236,22.7038,Saison_Seche,45.6,21.3,22.4,0,Splitter,20,3,210,Rupture_Cable,Élevée,336,58.28,22,20,90.9,219.85,-17.64,34.0,44.39,85.05,4.3,75,0,1781864.0,3,15.9,Urgente
INC-02908,Bongor,Urbaine_Dense,12.7993,15.8745,Saison_Seche,43.9,32.0,50.5,1,Splitter,43,10,222,Rupture_Cable,Faible,281,13.42,18,15,83.3,577.14,-19.33,69.46,22.99,89.32,3.4,17,1,1967271.0,7,16.5,Corrective
INC-02909,Sarh,Rurale,12.8709,17.5319,Saison_Pluies,32.4,83.4,58.8,10,Boitier_Etanche,86,6,2,Perte_Signal,Moyenne,92,32.07,5,3,60.0,510.15,-32.5,74.02,1.7,97.1,4.0,16,0,1225765.0,8,7.1,Corrective
INC-02910,Sarh,Urbaine_Moyenne,11.6365,20.2937,Saison_Seche,40.4,33.3,34.7,0,Boitier_Etanche,32,10,144,Corrosion,Faible,21,60.76,11,8,72.7,453.06,-10.06,52.32,8.42,85.97,2.4,52,1,569434.0,9,23.9,Corrective
INC-02911,Kélo,Urbaine_Dense,12.4855,17.8109,Saison_Seche,42.7,12.2,39.6,0,Antenne_AirPON,98,5,273,Panne_OLT,Moyenne,387,12.35,10,6,60.0,444.81,-23.53,95.83,39.86,66.93,4.7,91,1,2338909.0,3,21.9,Urgente
INC-02912,Sarh,Urbaine_Moyenne,11.935,21.1606,Saison_Pluies,25.1,71.9,51.0,15,Splitter,83,10,242,Perte_Signal,Faible,491,47.18,45,43,95.6,622.45,-7.47,148.89,48.54,73.61,8.6,82,1,2443521.0,3,3.3,Urgente
INC-02913,Abéché,Péri_Urbaine,12.6019,20.3314,Intersaison,29.5,37.0,40.4,6,Boitier_Etanche,1,7,237,Surtension,Élevée,171,59.72,11,8,72.7,788.52,-26.21,47.03,42.08,61.56,6.9,96,1,2430267.0,4,23.0,Urgente
INC-02914,N'Djamena_Nord,Urbaine_Dense,11.5416,20.5065,Saison_Pluies,30.7,85.4,11.8,23,Splitter,17,18,126,Defaut_Connecteur,Moyenne,46,45.13,7,3,42.9,379.7,-24.21,34.79,38.54,69.4,6.6,16,1,875630.0,5,23.7,Corrective
INC-02915,N'Djamena_Nord,Urbaine_Moyenne,9.28,17.9128,Saison_Seche,42.9,10.2,25.4,1,Connecteur,86,17,251,Obstruction_Physique,Élevée,400,2.01,10,6,60.0,504.06,-31.05,188.28,46.96,68.87,1.4,13,1,933101.0,3,11.9,Urgente
INC-02916,N'Djamena_Nord,Urbaine_Dense,13.0489,14.0789,Saison_Seche,39.0,34.1,36.7,2,Splitter,38,1,145,Surtension,Élevée,18,47.17,9,6,66.7,732.55,-27.78,30.0,27.75,70.98,9.1,34,1,834870.0,8,7.5,Urgente
INC-02917,N'Djamena_Centre,Péri_Urbaine,10.5723,22.6634,Saison_Seche,42.2,11.6,27.8,2,Cable_Fibre,101,4,343,Degradation_Lente,Moyenne,34,13.16,28,19,67.9,426.56,-1.61,190.36,9.57,95.71,9.0,72,0,360202.0,3,21.2,Préventive
INC-02918,N'Djamena_Nord,Urbaine_Dense,8.5219,14.2772,Saison_Seche,37.4,13.1,40.8,2,Antenne_AirPON,81,14,335,Panne_OLT,Élevée,408,12.95,14,12,85.7,230.71,-13.03,138.3,35.53,83.7,8.8,87,1,1531670.0,9,19.4,Urgente
INC-02919,Moundou,Urbaine_Moyenne,14.3106,18.3724,Intersaison,33.2,50.9,16.9,5,Connecteur,106,11,118,Surtension,Faible,452,28.18,44,40,90.9,168.87,-6.61,127.08,5.65,87.72,5.4,73,1,1919664.0,7,13.5,Corrective
INC-02920,Abéché,Urbaine_Moyenne,8.9508,16.6704,Intersaison,30.3,62.8,9.5,9,Antenne_AirPON,82,0,114,Degradation_Lente,Faible,61,55.63,33,27,81.8,69.34,-31.52,162.54,7.25,85.53,3.1,32,0,2172373.0,7,21.0,Préventive
INC-02921,Moundou,Urbaine_Dense,11.8257,16.6115,Saison_Seche,39.6,31.0,1.7,0,Connecteur,41,14,84,Corrosion,Élevée,194,7.01,0,0,100.0,700.72,-18.36,14.88,32.1,62.21,4.6,26,1,1142476.0,2,11.4,Corrective
INC-02922,N'Djamena_Nord,Rurale,13.2689,15.8796,Intersaison,29.1,66.9,2.3,8,OLT,103,14,101,Degradation_Lente,Faible,300,35.04,38,27,71.1,273.9,-34.7,32.0,10.5,80.68,4.5,98,0,151879.0,9,13.4,Urgente
INC-02923,Doba,Urbaine_Moyenne,12.6816,16.3524,Saison_Pluies,27.5,72.8,21.4,11,Splitter,112,19,71,Degradation_Lente,Faible,467,64.02,5,4,80.0,534.65,-31.98,16.35,33.71,85.8,7.7,6,1,909309.0,5,18.6,Urgente
INC-02924,Sarh,Urbaine_Dense,8.7869,23.5311,Intersaison,29.2,36.2,1.3,6,ONT,11,8,260,Perte_Signal,Faible,272,34.73,44,36,81.8,642.88,-29.15,143.05,2.42,94.29,7.1,81,1,418742.0,9,2.2,Corrective
INC-02925,N'Djamena_Nord,Péri_Urbaine,9.0531,23.7066,Saison_Pluies,33.0,83.9,16.3,11,Connecteur,77,16,141,Rupture_Cable,Faible,43,22.43,28,25,89.3,719.42,-11.72,14.12,3.09,96.32,8.6,24,0,1370545.0,8,7.6,Corrective
INC-02926,Moundou,Rurale,8.6908,19.4947,Saison_Seche,44.5,19.6,30.8,2,OLT,72,0,344,Surtension,Élevée,475,20.05,26,25,96.2,40.57,-16.51,1.27,16.63,68.84,4.9,70,0,1726561.0,1,9.0,Urgente
INC-02927,Moundou,Rurale,8.0804,19.0089,Saison_Seche,45.0,28.9,44.6,0,ONT,96,13,66,Obstruction_Physique,Élevée,468,71.15,33,21,63.6,273.48,-5.45,21.3,41.82,67.49,9.2,47,1,996569.0,7,8.4,Urgente
INC-02928,N'Djamena_Nord,Urbaine_Moyenne,9.7662,14.0078,Saison_Pluies,28.2,78.0,35.3,10,Antenne_AirPON,56,0,149,Perte_Signal,Faible,79,7.76,45,36,80.0,281.93,-19.22,21.47,6.51,78.95,7.7,23,1,2110562.0,1,23.3,Corrective
INC-02929,Bongor,Urbaine_Moyenne,11.6931,21.9392,Saison_Pluies,31.0,77.6,32.1,12,Boitier_Etanche,65,14,227,Surtension,Élevée,447,29.65,47,30,63.8,463.55,-14.03,9.5,19.87,76.55,8.4,18,1,1856253.0,1,16.1,Urgente
INC-02930,Moundou,Rurale,8.8836,15.2908,Intersaison,28.4,68.0,14.5,5,ONT,45,18,136,Defaut_Connecteur,Élevée,474,53.97,12,9,75.0,478.31,-13.01,80.54,47.6,90.36,3.1,99,1,791088.0,2,2.4,Urgente
INC-02931,Doba,Urbaine_Dense,15.2669,14.9971,Saison_Pluies,28.6,79.5,0.9,11,Connecteur,12,5,152,Defaut_Connecteur,Faible,64,22.11,38,28,73.7,228.09,-32.41,173.01,10.94,74.61,9.6,9,1,181431.0,2,9.0,Corrective
INC-02932,Bongor,Péri_Urbaine,13.0906,17.9527,Saison_Pluies,29.6,70.4,7.8,24,Boitier_Etanche,116,11,166,Degradation_Lente,Faible,488,60.79,17,13,76.5,176.54,-4.57,148.69,3.55,99.12,7.9,60,1,937232.0,5,4.5,Corrective
INC-02933,Kélo,Urbaine_Dense,12.1675,17.1492,Saison_Pluies,31.9,89.3,58.9,16,ONT,60,10,102,Surtension,Moyenne,71,44.33,13,8,61.5,837.03,-18.11,151.9,23.6,85.62,3.7,71,1,1776814.0,4,22.2,Corrective
INC-02934,N'Djamena_Nord,Urbaine_Moyenne,12.9513,14.5147,Saison_Seche,37.4,15.6,55.7,2,Boitier_Etanche,12,12,201,Defaut_Connecteur,Moyenne,489,33.18,20,17,85.0,498.04,-10.87,10.45,4.68,69.04,4.4,51,1,2158614.0,3,13.0,Urgente
INC-02935,N'Djamena_Centre,Rurale,10.9876,15.0533,Intersaison,35.3,42.5,18.7,5,Antenne_AirPON,60,19,245,Surtension,Moyenne,143,66.6,31,30,96.8,148.36,-19.46,126.6,5.22,75.08,6.5,54,1,1467269.0,8,14.0,Corrective
INC-02936,Bongor,Urbaine_Moyenne,11.2593,23.9195,Saison_Seche,37.0,28.9,19.3,1,Boitier_Etanche,111,0,364,Perte_Signal,Élevée,405,26.98,30,15,50.0,467.46,-15.27,73.71,10.84,86.55,1.9,59,1,740181.0,6,3.8,Urgente
INC-02937,Moundou,Urbaine_Moyenne,14.6093,21.2157,Saison_Pluies,25.9,79.7,53.5,23,Splitter,99,9,144,Defaut_Connecteur,Critique,255,69.53,35,34,97.1,814.19,-18.43,196.45,9.9,84.43,8.1,33,1,622565.0,8,2.3,Urgente
INC-02938,N'Djamena_Nord,Urbaine_Dense,13.2755,19.7849,Saison_Seche,45.6,24.9,4.7,1,Splitter,7,7,362,Panne_OLT,Élevée,490,5.2,45,31,68.9,320.57,-11.89,42.13,33.5,89.32,5.2,69,1,207319.0,6,5.3,Urgente
INC-02939,Kélo,Urbaine_Dense,12.2055,16.688,Saison_Seche,42.4,34.8,10.3,0,ONT,83,9,196,Rupture_Cable,Élevée,155,2.83,28,16,57.1,178.26,-31.1,44.28,30.7,76.91,7.8,91,0,345400.0,9,15.0,Préventive
INC-02940,Bongor,Urbaine_Dense,15.1017,17.9986,Saison_Pluies,33.8,72.2,7.1,13,Splitter,88,16,172,Degradation_Lente,Faible,474,5.89,23,15,65.2,762.09,-12.53,25.04,45.81,90.22,3.7,31,1,2253383.0,6,22.0,Corrective
INC-02941,Kélo,Rurale,12.8011,20.0938,Saison_Pluies,25.3,88.8,52.3,19,Splitter,6,12,221,Perte_Signal,Critique,452,6.12,28,16,57.1,27.43,-7.73,121.23,46.69,76.37,8.8,63,0,333793.0,6,5.6,Urgente
INC-02942,Bongor,Urbaine_Moyenne,10.6895,21.7349,Saison_Seche,45.2,16.1,0.4,1,Boitier_Etanche,35,8,175,Obstruction_Physique,Critique,415,16.71,9,8,88.9,569.72,-32.68,102.53,8.62,65.94,6.9,85,1,1207246.0,9,0.9,Urgente
INC-02943,Kélo,Urbaine_Dense,7.8797,23.4373,Saison_Pluies,25.1,76.9,0.9,13,Antenne_AirPON,1,12,314,Perte_Signal,Moyenne,184,29.33,35,21,60.0,711.67,-14.88,56.51,35.98,64.55,5.0,46,0,176963.0,9,6.3,Urgente
INC-02944,Doba,Urbaine_Moyenne,10.6254,14.7881,Saison_Seche,43.9,19.0,48.8,1,Boitier_Etanche,40,19,217,Rupture_Cable,Élevée,395,58.42,2,1,50.0,460.95,-32.34,121.89,48.3,98.46,4.8,31,0,186401.0,9,8.5,Urgente
INC-02945,Doba,Péri_Urbaine,14.8984,15.5122,Intersaison,39.9,54.5,38.2,9,Connecteur,111,14,328,Degradation_Lente,Moyenne,282,28.12,23,19,82.6,25.75,-25.77,96.64,30.77,62.01,2.4,81,1,1023253.0,7,2.4,Urgente
INC-02946,Doba,Urbaine_Dense,7.8572,19.4595,Saison_Pluies,31.7,82.2,33.8,13,OLT,40,8,95,Rupture_Cable,Critique,47,9.11,36,35,97.2,837.98,-26.43,107.32,42.99,87.15,2.1,53,1,246071.0,9,2.8,Corrective
INC-02947,N'Djamena_Sud,Urbaine_Dense,8.9765,23.3542,Saison_Seche,46.3,20.3,55.4,0,ONT,109,12,192,Corrosion,Moyenne,18,2.23,21,18,85.7,704.26,-3.35,59.42,46.52,98.5,1.1,7,0,2221539.0,7,12.5,Préventive
INC-02948,N'Djamena_Sud,Urbaine_Moyenne,13.97,18.2517,Saison_Seche,35.4,25.5,29.0,0,Splitter,108,12,92,Panne_OLT,Moyenne,429,40.15,13,6,46.2,37.9,-27.31,124.63,10.19,77.01,5.4,83,1,237786.0,1,15.1,Corrective
INC-02949,N'Djamena_Sud,Urbaine_Dense,10.4196,20.1564,Saison_Seche,42.7,27.7,28.0,2,Cable_Fibre,25,12,4,Obstruction_Physique,Faible,340,16.65,1,0,0.0,443.74,-26.12,181.34,47.67,88.97,9.6,77,0,1850141.0,6,19.5,Urgente
INC-02950,Kélo,Urbaine_Moyenne,8.9872,16.5841,Saison_Seche,36.0,10.2,25.2,1,OLT,7,11,190,Defaut_Connecteur,Élevée,172,25.99,21,19,90.5,323.31,-19.86,31.48,37.87,78.67,1.5,20,1,2113617.0,1,4.0,Corrective
INC-02951,Doba,Rurale,14.0253,22.0233,Saison_Pluies,33.8,87.6,39.1,15,Cable_Fibre,80,15,190,Rupture_Cable,Faible,87,17.42,23,17,73.9,944.46,-32.03,5.22,19.77,97.36,10.0,63,1,1032389.0,3,20.9,Préventive
INC-02952,N'Djamena_Centre,Urbaine_Moyenne,11.9675,19.8552,Saison_Seche,45.8,18.4,19.4,1,ONT,56,14,170,Defaut_Connecteur,Élevée,43,29.2,17,9,52.9,469.14,-21.64,170.54,16.03,76.81,9.6,71,1,250586.0,2,22.9,Corrective
INC-02953,Doba,Péri_Urbaine,11.8877,17.509,Saison_Seche,36.0,26.4,40.1,1,Boitier_Etanche,33,4,324,Surtension,Faible,131,70.06,17,15,88.2,121.96,-14.35,159.78,22.61,66.31,9.7,76,0,287094.0,8,15.3,Urgente
INC-02954,Doba,Péri_Urbaine,9.8503,19.1975,Saison_Seche,35.3,22.0,42.2,1,Connecteur,1,2,320,Degradation_Lente,Élevée,129,70.06,35,32,91.4,0.79,-29.53,49.69,43.85,74.34,5.1,25,0,2366992.0,3,2.1,Urgente
INC-02955,Sarh,Urbaine_Dense,12.9011,20.795,Saison_Pluies,32.2,70.6,12.7,11,Connecteur,23,3,238,Surtension,Faible,216,51.34,29,22,75.9,544.3,-2.36,165.6,26.23,96.84,5.3,72,0,1562494.0,7,7.4,Urgente
INC-02956,N'Djamena_Nord,Péri_Urbaine,14.3946,15.7419,Saison_Pluies,26.1,70.1,35.7,20,OLT,94,16,228,Defaut_Connecteur,Faible,17,17.03,36,26,72.2,281.09,-23.76,136.11,11.37,83.56,7.6,99,1,197394.0,7,22.1,Préventive
INC-02957,N'Djamena_Centre,Urbaine_Dense,13.5016,17.0852,Saison_Pluies,26.8,77.9,43.6,19,Antenne_AirPON,7,7,169,Panne_OLT,Élevée,281,61.48,1,0,0.0,310.18,-23.36,159.85,37.56,70.95,4.6,85,1,1542805.0,5,0.9,Urgente
INC-02958,Moundou,Rurale,12.3994,16.1304,Intersaison,34.2,59.0,57.7,8,ONT,99,3,157,Defaut_Connecteur,Moyenne,98,0.77,18,15,83.3,842.99,-19.48,182.77,22.85,78.48,1.4,81,1,180523.0,3,15.3,Corrective
INC-02959,Kélo,Urbaine_Dense,10.3042,23.5817,Saison_Seche,41.0,15.6,56.3,1,Splitter,54,13,358,Obstruction_Physique,Moyenne,362,37.06,35,22,62.9,275.83,-25.58,76.06,27.37,82.23,5.4,30,1,1219347.0,8,10.5,Urgente
INC-02960,Kélo,Rurale,14.3384,13.9512,Saison_Seche,46.7,15.9,12.3,2,ONT,29,10,58,Obstruction_Physique,Faible,451,63.14,37,18,48.6,541.03,-11.09,160.94,14.94,61.41,6.8,93,0,2215503.0,2,11.9,Urgente
INC-02961,Sarh,Péri_Urbaine,12.0289,14.0926,Intersaison,35.4,46.5,34.6,5,Connecteur,102,19,353,Defaut_Connecteur,Élevée,306,30.14,12,8,66.7,489.73,-22.03,142.85,9.85,89.87,5.6,42,1,1291398.0,7,19.9,Urgente
INC-02962,Abéché,Urbaine_Dense,14.6167,17.2352,Saison_Seche,36.2,24.1,28.2,2,Cable_Fibre,70,8,322,Rupture_Cable,Moyenne,386,17.65,14,8,57.1,313.17,-25.05,116.39,28.08,64.5,4.3,10,1,913503.0,6,5.3,Urgente
INC-02963,Bongor,Urbaine_Dense,9.5334,19.1493,Intersaison,39.7,51.2,21.0,6,Splitter,100,0,195,Panne_OLT,Moyenne,477,45.08,25,18,72.0,587.39,-31.81,187.93,0.93,97.66,9.5,78,1,576987.0,3,1.2,Préventive
INC-02964,Kélo,Urbaine_Dense,12.7344,16.9534,Saison_Seche,43.5,22.9,20.5,0,Cable_Fibre,96,10,232,Degradation_Lente,Critique,6,58.92,23,17,73.9,645.81,-10.27,132.98,22.12,81.96,9.7,59,0,889848.0,2,21.6,Urgente
INC-02965,N'Djamena_Sud,Urbaine_Dense,14.9815,22.4978,Saison_Pluies,30.9,84.0,58.3,20,Cable_Fibre,9,3,83,Defaut_Connecteur,Moyenne,304,48.19,32,25,78.1,268.11,-16.09,117.73,11.29,61.86,2.8,20,0,2226809.0,2,9.3,Urgente
INC-02966,N'Djamena_Sud,Péri_Urbaine,10.4927,15.2785,Saison_Pluies,33.4,85.4,2.2,13,Cable_Fibre,20,19,107,Obstruction_Physique,Élevée,298,18.19,2,1,50.0,231.74,-1.42,116.84,29.51,83.63,9.5,30,1,779146.0,2,19.2,Urgente
INC-02967,N'Djamena_Sud,Urbaine_Moyenne,15.1101,17.3286,Intersaison,30.3,38.9,51.2,2,Splitter,84,8,254,Corrosion,Faible,204,9.03,42,31,73.8,303.05,-29.13,120.74,47.08,72.53,1.6,80,0,930317.0,5,11.2,Urgente
INC-02968,N'Djamena_Sud,Urbaine_Moyenne,10.6397,18.6235,Saison_Pluies,31.0,75.9,27.2,19,Boitier_Etanche,59,15,77,Corrosion,Moyenne,471,19.71,39,31,79.5,293.7,-26.08,179.44,45.64,97.09,9.6,3,1,1987071.0,1,19.2,Corrective
INC-02969,Sarh,Urbaine_Dense,11.0015,15.6227,Saison_Seche,44.8,33.8,34.0,1,Connecteur,92,18,48,Degradation_Lente,Élevée,3,10.33,36,22,61.1,239.37,-3.65,57.71,24.88,76.34,9.2,64,1,132257.0,8,16.5,Corrective
INC-02970,Sarh,Urbaine_Dense,13.9516,16.5459,Saison_Pluies,31.5,86.2,44.4,11,Connecteur,94,1,142,Rupture_Cable,Moyenne,456,69.01,8,7,87.5,972.81,-0.7,141.73,25.46,74.96,8.7,12,1,1495981.0,8,14.5,Urgente
INC-02971,Doba,Péri_Urbaine,9.5862,23.4478,Saison_Seche,35.9,29.2,27.4,0,OLT,47,7,162,Surtension,Faible,17,26.5,14,8,57.1,354.82,-29.45,41.97,2.86,96.2,5.6,54,1,100544.0,6,8.9,Corrective
INC-02972,Sarh,Péri_Urbaine,13.147,18.9624,Saison_Seche,43.5,17.7,59.2,1,Cable_Fibre,58,10,317,Perte_Signal,Faible,406,69.66,24,21,87.5,5.79,-30.29,54.06,14.69,78.71,4.6,14,0,31408.0,5,7.3,Urgente
INC-02973,Doba,Urbaine_Moyenne,9.8871,22.6315,Saison_Seche,39.5,14.6,52.1,1,Cable_Fibre,69,12,197,Surtension,Faible,94,41.5,41,25,61.0,683.85,-1.39,131.32,25.93,90.88,3.0,40,0,903653.0,2,2.7,Préventive
INC-02974,Abéché,Urbaine_Dense,12.2502,16.3283,Saison_Seche,44.3,31.8,12.8,0,Antenne_AirPON,111,19,173,Rupture_Cable,Moyenne,156,49.71,48,34,70.8,235.52,-1.24,103.97,26.64,82.61,1.2,99,0,488491.0,7,15.7,Corrective
INC-02975,Moundou,Urbaine_Dense,13.7077,19.9299,Saison_Pluies,25.6,93.0,40.2,24,Antenne_AirPON,18,14,4,Obstruction_Physique,Élevée,86,65.51,38,34,89.5,402.66,-5.37,181.16,21.66,83.19,6.7,60,0,243158.0,4,19.2,Urgente
INC-02976,Moundou,Urbaine_Moyenne,7.7091,21.5141,Intersaison,34.0,59.4,28.5,2,OLT,6,15,176,Perte_Signal,Moyenne,252,71.54,39,31,79.5,711.21,-14.63,132.5,28.89,60.64,2.0,47,1,1917930.0,8,10.6,Urgente
INC-02977,N'Djamena_Nord,Urbaine_Moyenne,8.2078,17.9267,Saison_Pluies,34.1,79.8,21.7,16,Splitter,71,4,234,Defaut_Connecteur,Faible,193,68.33,30,29,96.7,481.02,-8.3,81.56,43.45,70.05,8.8,37,1,1738333.0,5,2.0,Préventive
INC-02978,Bongor,Urbaine_Moyenne,14.975,20.0595,Saison_Pluies,27.2,93.3,21.1,22,OLT,3,15,106,Rupture_Cable,Moyenne,36,32.22,48,33,68.8,713.45,-7.79,27.84,35.33,78.14,8.2,66,1,2181326.0,6,17.2,Corrective
INC-02979,Sarh,Rurale,14.0266,22.5638,Saison_Pluies,29.3,71.4,9.8,20,ONT,52,3,200,Defaut_Connecteur,Faible,82,49.88,16,13,81.2,936.58,-21.55,17.61,15.77,70.52,7.0,76,1,574408.0,2,13.8,Corrective
INC-02980,Doba,Urbaine_Moyenne,14.5161,14.9782,Intersaison,35.4,46.5,27.5,7,Boitier_Etanche,101,5,137,Degradation_Lente,Faible,123,27.97,25,18,72.0,44.18,-12.77,99.91,28.98,80.63,6.9,26,0,1214867.0,1,12.9,Corrective
INC-02981,Moundou,Urbaine_Dense,11.0115,17.2248,Saison_Seche,46.9,29.7,35.7,2,Splitter,61,7,307,Perte_Signal,Moyenne,404,45.38,44,28,63.6,87.66,-2.11,115.71,13.93,96.75,8.1,59,0,2470960.0,5,23.2,Urgente
INC-02982,N'Djamena_Nord,Urbaine_Dense,13.2308,22.151,Saison_Pluies,29.6,86.6,47.9,20,ONT,76,3,127,Degradation_Lente,Critique,465,37.6,37,19,51.4,375.62,-21.11,97.15,0.15,87.3,3.9,4,0,1209378.0,4,15.0,Urgente
INC-02983,Abéché,Urbaine_Moyenne,15.4862,15.9244,Saison_Seche,41.5,27.5,17.3,0,ONT,33,8,121,Panne_OLT,Moyenne,240,1.34,47,40,85.1,135.74,-25.7,87.26,49.33,98.2,3.3,18,0,1287515.0,9,22.1,Urgente
INC-02984,Abéché,Péri_Urbaine,10.9602,19.3392,Saison_Pluies,26.2,73.7,46.4,11,Boitier_Etanche,88,4,26,Corrosion,Élevée,94,62.35,30,17,56.7,587.92,-8.38,109.41,3.87,82.97,3.7,63,1,217109.0,2,23.6,Corrective
INC-02985,Abéché,Rurale,14.2742,18.0992,Saison_Seche,37.7,27.1,33.2,2,Boitier_Etanche,20,19,135,Degradation_Lente,Critique,101,25.67,46,35,76.1,968.98,-2.07,83.26,16.69,78.22,8.9,20,1,2042455.0,8,0.6,Urgente
INC-02986,N'Djamena_Sud,Urbaine_Dense,8.1343,20.4814,Saison_Seche,42.4,14.8,15.5,0,Cable_Fibre,90,17,35,Rupture_Cable,Élevée,229,32.34,44,41,93.2,713.98,-15.07,13.6,48.08,88.85,2.0,35,1,1182690.0,2,4.4,Urgente
INC-02987,Abéché,Urbaine_Dense,11.8509,20.5141,Saison_Seche,45.3,27.8,47.2,2,Splitter,101,15,77,Corrosion,Moyenne,66,24.82,14,7,50.0,717.56,-12.8,29.92,38.96,97.09,7.0,50,0,792871.0,6,13.6,Corrective
INC-02988,Sarh,Rurale,10.1659,19.5741,Intersaison,28.2,63.0,36.2,2,Boitier_Etanche,68,3,291,Perte_Signal,Élevée,174,34.79,6,4,66.7,270.48,-24.44,24.19,26.19,64.45,9.7,91,1,1755186.0,9,21.5,Urgente
INC-02989,Sarh,Urbaine_Dense,11.6847,23.4412,Saison_Seche,37.8,12.4,57.3,2,Boitier_Etanche,95,6,33,Rupture_Cable,Faible,402,35.74,44,22,50.0,587.18,-21.17,69.79,3.98,96.38,8.8,16,0,1372249.0,1,8.7,Urgente
INC-02990,N'Djamena_Nord,Péri_Urbaine,8.4126,15.3409,Saison_Pluies,33.2,73.8,17.3,24,OLT,50,13,146,Degradation_Lente,Élevée,50,45.53,19,16,84.2,626.32,-15.83,15.29,47.95,72.09,3.1,22,0,2444272.0,4,22.8,Urgente
INC-02991,Sarh,Urbaine_Moyenne,10.4415,22.2684,Intersaison,31.8,52.9,58.4,7,Boitier_Etanche,89,7,208,Corrosion,Moyenne,396,27.05,9,7,77.8,903.32,-4.34,62.21,2.42,98.46,7.2,62,1,1176192.0,1,10.8,Préventive
INC-02992,N'Djamena_Centre,Urbaine_Moyenne,8.1122,18.6389,Saison_Seche,42.0,20.3,33.3,1,Connecteur,30,8,363,Rupture_Cable,Moyenne,457,16.42,4,2,50.0,682.41,-3.99,18.85,46.33,94.36,5.2,78,0,2282547.0,4,20.2,Urgente
INC-02993,N'Djamena_Centre,Urbaine_Dense,11.1247,20.449,Saison_Pluies,25.9,73.7,27.3,20,Cable_Fibre,113,3,79,Defaut_Connecteur,Élevée,344,28.57,45,29,64.4,693.29,-12.34,106.6,0.7,83.83,6.1,63,1,1239555.0,5,8.0,Urgente
INC-02994,Kélo,Péri_Urbaine,11.0344,16.3743,Saison_Seche,39.1,25.3,52.5,0,Boitier_Etanche,17,9,57,Perte_Signal,Critique,400,23.15,15,13,86.7,115.04,-15.3,184.05,28.77,61.08,6.8,81,1,1155213.0,6,21.1,Urgente
INC-02995,Kélo,Péri_Urbaine,10.1377,14.4934,Saison_Pluies,32.2,86.9,9.5,12,Boitier_Etanche,31,2,156,Perte_Signal,Faible,186,40.91,44,39,88.6,670.53,-15.61,133.36,15.15,74.02,7.2,47,1,180071.0,4,5.9,Corrective
INC-02996,Bongor,Urbaine_Moyenne,15.0865,21.6659,Intersaison,28.7,40.4,27.7,2,Connecteur,104,10,337,Surtension,Moyenne,10,52.3,8,7,87.5,876.12,-34.35,17.67,22.13,74.54,3.4,88,0,2188403.0,9,8.6,Urgente
INC-02997,Bongor,Urbaine_Moyenne,8.1635,16.1434,Saison_Seche,46.0,26.7,7.5,2,Cable_Fibre,14,14,284,Defaut_Connecteur,Élevée,260,51.62,47,41,87.2,274.03,-12.46,11.36,47.58,69.12,7.8,38,1,2272652.0,5,19.9,Urgente
INC-02998,Kélo,Péri_Urbaine,14.099,17.5981,Saison_Seche,36.3,22.8,36.8,0,ONT,33,14,51,Degradation_Lente,Moyenne,152,64.2,30,22,73.3,55.31,-26.84,157.0,29.02,89.27,9.1,87,1,26058.0,8,23.5,Corrective
INC-02999,Bongor,Urbaine_Moyenne,10.3394,13.999,Saison_Seche,38.6,17.7,2.5,0,Connecteur,78,17,16,Corrosion,Faible,462,14.79,46,24,52.2,307.99,-24.93,15.81,47.29,97.48,4.1,65,1,171253.0,8,21.6,Corrective
INC-03000,Bongor,Péri_Urbaine,9.0945,20.3271,Saison_Pluies,34.3,89.9,58.8,20,Splitter,47,1,211,Panne_OLT,Faible,431,36.24,42,22,52.4,288.1,-1.41,184.89,8.74,80.36,4.3,25,1,921356.0,3,12.2,Préventive
