id_projet,localisation,type_zone,latitude,longitude,saison,temperature_moy,humidite_pct,vitesse_vent_kmh,nb_jours_pluie_mois,type_terrain,presence_obstacle,nb_foyers_cibles,distance_noeud_km,longueur_cable_km,nb_olt,nb_ont,nb_splitters,cout_materiel_fcfa,cout_main_oeuvre_fcfa,cout_total_fcfa,budget_alloue_fcfa,ratio_budget,duree_prevue_jours,duree_reelle_jours,retard_jours,debit_montant_mbps,debit_descendant_mbps,puissance_signal_olt_dbm,puissance_signal_ont_dbm,perte_optique_db,latence_ms,taux_erreur_bit,nb_techniciens,experience_chef_projet_ans,nb_incidents_chantier,statut_deploiement
PRJ-0001,Kélo,Urbaine_Dense,14.4051,14.3222,Saison_Pluies,34.4,92.2,18.6,12,Inondable,1,537,10.59,22.35,5,114,10,6370561.0,5777867.0,13716887.0,17249531.0,0.795,104,253,149,311.13,2053.26,-3.45,-14.25,10.8,19.28,8.085e-05,26,8,8,En_retard
PRJ-0002,Moundou,Urbaine_Moyenne,14.08,19.521,Saison_Seche,46.3,29.1,32.6,0,Sableux,1,3869,69.67,100.8,8,21,1,22582112.0,38543623.0,62681637.0,72506601.0,0.864,76,74,0,709.24,1469.48,-2.87,-26.72,23.85,7.93,9.596e-05,18,3,13,Échoué
PRJ-0003,Doba,Urbaine_Moyenne,8.8867,14.5326,Saison_Seche,35.0,28.5,54.0,1,Inondable,1,1491,67.5,150.91,6,101,45,47813048.0,20090142.0,70562464.0,52539502.0,1.343,73,140,67,183.33,1801.49,3.03,-21.97,25.0,17.72,3.198e-05,7,9,0,Échoué
PRJ-0004,Sarh,Urbaine_Dense,11.3865,18.2174,Saison_Pluies,33.2,92.1,46.9,24,Accidenté,0,2440,58.33,89.58,2,65,17,25741966.0,18910804.0,46591156.0,48779921.0,0.955,102,238,136,859.83,2268.13,-1.07,-23.17,22.1,14.94,9.799e-05,25,2,1,En_retard
PRJ-0005,Kélo,Urbaine_Dense,8.4354,23.3752,Intersaison,29.7,45.4,2.6,7,Inondable,0,1434,34.36,46.81,7,42,41,17866336.0,19288332.0,40173866.0,35602792.0,1.128,112,105,0,230.67,2485.7,-3.84,-14.61,10.77,12.07,8.905e-05,19,17,6,Réussi
PRJ-0006,N'Djamena_Nord,Urbaine_Dense,12.9572,23.5048,Intersaison,32.5,47.3,41.6,4,Accidenté,1,2206,0.62,1.28,9,16,36,204059.0,32682950.0,34935615.0,35113540.0,0.995,61,62,1,357.66,148.17,-3.75,-21.35,17.6,19.61,3.619e-05,6,1,4,Réussi
PRJ-0007,Kélo,Rurale,15.0992,16.013,Intersaison,31.4,50.2,30.2,7,Plat,0,4994,58.91,86.04,7,44,9,23016502.0,34884570.0,62067118.0,71115351.0,0.873,26,36,10,273.99,680.05,-4.16,-16.7,12.54,25.87,8.641e-05,17,17,12,Réussi
PRJ-0008,Doba,Urbaine_Dense,8.5967,20.0532,Saison_Pluies,31.6,81.2,28.5,15,Sableux,0,4446,70.38,125.26,5,117,39,24825265.0,31014454.0,60618285.0,60479090.0,1.002,42,40,0,252.84,2339.71,-3.19,-19.19,16.0,10.79,8.973e-05,29,5,10,Réussi
PRJ-0009,Sarh,Péri_Urbaine,13.3711,18.4778,Saison_Pluies,32.1,86.4,41.5,17,Accidenté,1,1441,27.16,34.88,4,110,23,9912736.0,7970677.0,20201046.0,15001562.0,1.347,81,187,106,979.08,856.42,-0.03,-17.75,17.72,15.1,3.61e-06,21,13,0,En_retard
PRJ-0010,Moundou,Péri_Urbaine,12.5579,22.6947,Intersaison,28.3,44.0,11.8,5,Accidenté,1,4850,57.58,121.75,8,19,29,44243321.0,79604926.0,124570855.0,126811674.0,0.982,172,394,222,260.79,310.9,-4.85,-21.42,16.57,14.22,8.76e-05,11,8,3,En_retard
PRJ-0011,Doba,Urbaine_Moyenne,12.1688,16.35,Saison_Pluies,34.6,81.3,58.9,23,Sableux,1,3192,5.43,9.07,6,92,2,3426910.0,31808689.0,36813701.0,26302572.0,1.4,157,379,222,582.55,817.5,-3.83,-23.69,19.86,8.23,4.332e-05,29,7,11,Échoué
PRJ-0012,Doba,Rurale,10.621,13.5389,Saison_Seche,40.7,16.5,38.7,0,Sableux,0,318,56.9,73.79,5,89,18,18414879.0,2665256.0,22038497.0,20033999.0,1.1,90,103,13,747.93,1320.31,4.07,-26.92,30.99,13.21,8.113e-05,17,14,5,Réussi
PRJ-0013,N'Djamena_Nord,Urbaine_Moyenne,10.3411,15.2069,Saison_Pluies,33.0,89.3,21.9,16,Accidenté,0,3967,5.93,12.68,7,18,28,4475344.0,66135507.0,72662289.0,71704478.0,1.013,54,47,0,51.55,995.92,3.77,-24.88,28.65,1.63,1.112e-05,4,8,7,Réussi
PRJ-0014,Abéché,Rurale,7.862,17.17,Intersaison,38.7,49.9,36.0,8,Plat,1,1574,47.18,58.73,3,34,47,12928060.0,11252267.0,27583341.0,29977689.0,0.92,86,134,48,882.76,1981.34,3.33,-24.89,28.22,16.01,1.722e-05,11,11,1,En_retard
PRJ-0015,Sarh,Urbaine_Dense,9.2433,16.8151,Saison_Seche,37.2,25.4,13.0,0,Plat,1,527,48.01,91.45,9,95,42,13861647.0,6011885.0,22708618.0,22793187.0,0.996,77,177,100,161.36,1547.04,2.06,-11.17,13.23,21.9,9.788e-05,25,3,9,En_retard
PRJ-0016,N'Djamena_Sud,Urbaine_Dense,7.6214,21.8093,Intersaison,30.9,40.8,38.0,5,Sableux,1,4321,24.52,47.83,4,112,49,17401021.0,69878348.0,88872310.0,70312935.0,1.264,59,111,52,592.19,1115.52,1.62,-11.13,12.75,11.66,4.162e-05,19,5,11,Échoué
PRJ-0017,Doba,Péri_Urbaine,12.1513,20.6459,Saison_Seche,41.4,23.9,1.7,0,Plat,0,288,6.79,16.31,4,50,7,2933403.0,3918956.0,10805025.0,13607098.0,0.794,167,417,250,644.72,2493.29,-2.24,-23.4,21.16,22.65,7.985e-05,17,18,2,En_retard
PRJ-0018,Abéché,Rurale,8.3468,16.6453,Saison_Pluies,27.0,72.6,20.5,15,Sableux,1,659,75.97,99.62,8,57,11,15381605.0,8771291.0,25244559.0,27521108.0,0.917,11,26,15,633.27,2220.55,-1.65,-26.1,24.45,22.77,7.502e-05,18,5,14,En_retard
PRJ-0019,N'Djamena_Sud,Péri_Urbaine,14.4842,18.3063,Saison_Pluies,25.4,75.8,44.9,18,Plat,0,4637,43.08,86.79,6,105,7,20695025.0,34137368.0,56359275.0,50169937.0,1.123,130,191,61,736.11,2162.53,-2.64,-22.93,20.29,29.54,7.86e-05,18,13,13,Échoué
PRJ-0020,Sarh,Urbaine_Dense,11.6851,14.5034,Saison_Pluies,26.6,84.1,48.5,23,Accidenté,0,4474,46.59,76.09,1,27,43,18630256.0,34512395.0,56684863.0,72531900.0,0.782,43,37,0,931.93,1439.77,4.8,-13.66,18.46,16.83,7.646e-05,11,5,6,Réussi
PRJ-0021,N'Djamena_Centre,Urbaine_Dense,13.0975,22.9305,Saison_Seche,39.9,18.5,15.2,1,Accidenté,0,3447,49.39,82.04,2,20,24,13889786.0,47356202.0,62633543.0,77010858.0,0.813,25,20,0,927.62,1960.82,1.34,-12.33,13.67,12.72,9.14e-05,6,2,0,Réussi
PRJ-0022,Abéché,Rurale,10.7869,23.322,Intersaison,39.1,56.3,32.4,6,Plat,1,4590,71.34,128.59,9,54,15,45462437.0,24572578.0,73589447.0,57848227.0,1.272,133,252,119,582.3,872.92,4.66,-18.98,23.64,19.55,5.926e-05,26,13,6,Échoué
PRJ-0023,Bongor,Urbaine_Dense,11.9846,23.7879,Saison_Pluies,28.1,72.8,31.7,19,Sableux,0,4587,5.29,7.55,6,15,31,1898056.0,82734663.0,89528955.0,97878198.0,0.915,73,172,99,376.22,858.13,-2.28,-18.28,16.0,19.17,4.255e-05,5,6,0,Réussi
PRJ-0024,N'Djamena_Centre,Péri_Urbaine,15.0413,22.6198,Saison_Seche,35.5,18.8,25.3,2,Accidenté,0,4940,71.52,124.85,7,108,19,34019241.0,50669886.0,88930217.0,92135411.0,0.965,164,255,91,328.29,2235.53,1.21,-19.74,20.95,29.63,9.252e-05,16,17,7,En_retard
PRJ-0025,N'Djamena_Nord,Péri_Urbaine,8.1619,15.3266,Saison_Pluies,32.0,88.3,13.7,23,Plat,1,1881,19.55,40.3,9,76,10,8711100.0,21159827.0,31090974.0,25360452.0,1.226,74,169,95,887.82,1512.24,2.59,-24.71,27.3,21.52,3.57e-05,17,8,5,Échoué
PRJ-0026,Kélo,Urbaine_Moyenne,9.5315,13.9851,Saison_Seche,35.6,24.1,42.2,1,Plat,0,1204,6.7,11.66,3,78,48,3240042.0,10687288.0,16769573.0,14087868.0,1.19,22,39,17,854.6,891.79,-4.05,-27.1,23.05,9.89,6.307e-05,24,17,9,Échoué
PRJ-0027,Moundou,Urbaine_Moyenne,13.7399,19.5858,Saison_Seche,36.1,30.6,15.1,0,Inondable,0,1801,52.75,61.16,5,71,8,20897323.0,32688270.0,55986040.0,58128305.0,0.963,49,47,0,302.86,2121.04,1.67,-16.81,18.48,6.44,8.552e-05,19,19,13,Réussi
PRJ-0028,Bongor,Urbaine_Moyenne,8.2899,23.0824,Saison_Seche,42.9,28.1,54.7,1,Plat,1,3648,78.17,114.2,5,51,1,43001517.0,53397823.0,101361852.0,90493122.0,1.12,169,365,196,160.83,1134.26,-3.31,-13.62,10.31,23.99,9.16e-05,20,15,6,En_retard
PRJ-0029,N'Djamena_Nord,Urbaine_Dense,8.1053,15.3622,Intersaison,37.4,57.7,31.7,6,Sableux,1,2535,5.05,8.04,7,123,2,3156764.0,29782770.0,37779337.0,45369163.0,0.833,76,124,48,862.53,1029.94,-1.72,-14.51,12.79,6.21,9.494e-05,11,1,1,En_retard
PRJ-0030,Sarh,Rurale,10.3923,13.574,Saison_Pluies,31.6,78.5,52.2,22,Plat,0,3388,34.38,54.89,2,19,29,14089219.0,46685393.0,61846616.0,46919536.0,1.318,23,20,0,612.27,114.12,2.16,-11.79,13.95,19.2,6.599e-05,12,18,14,En_retard
PRJ-0031,N'Djamena_Nord,Urbaine_Moyenne,8.2373,21.9577,Saison_Pluies,27.3,76.4,17.4,15,Plat,1,2383,42.62,51.72,4,112,42,20559138.0,25511311.0,50659738.0,63244552.0,0.801,129,282,153,320.01,1713.56,-0.6,-13.35,12.75,4.84,7.202e-05,10,7,5,En_retard
PRJ-0032,Kélo,Rurale,12.1806,14.3064,Saison_Seche,35.9,22.2,48.4,1,Plat,0,4436,20.54,35.52,4,11,10,7947207.0,53159858.0,62477448.0,75243561.0,0.83,129,269,140,614.54,1354.97,4.21,-22.82,27.03,21.84,4.975e-05,6,7,4,En_retard
PRJ-0033,Sarh,Urbaine_Dense,9.3102,17.8439,Saison_Seche,44.2,31.3,6.8,2,Plat,1,4513,78.64,162.68,8,47,42,24685711.0,46774911.0,73398154.0,83906868.0,0.875,67,106,39,75.53,813.98,-2.59,-25.9,23.31,23.7,2.849e-05,7,16,2,Échoué
PRJ-0034,Bongor,Rurale,14.6656,20.6283,Intersaison,39.3,40.5,46.0,9,Plat,1,4631,51.46,60.11,3,26,9,20551865.0,51682525.0,74324726.0,63736452.0,1.166,101,84,0,198.24,391.29,-3.46,-20.25,16.79,29.73,1.62e-06,4,11,8,En_retard
PRJ-0035,Kélo,Urbaine_Moyenne,13.768,15.9864,Saison_Pluies,32.3,93.4,23.2,19,Sableux,0,217,67.63,145.49,2,61,31,28313651.0,2110249.0,32214599.0,36369468.0,0.886,55,76,21,550.33,496.92,-1.63,-21.73,20.1,28.67,2.22e-05,14,5,4,Réussi
PRJ-0036,N'Djamena_Sud,Urbaine_Dense,13.0976,14.3816,Intersaison,29.5,55.9,28.2,4,Plat,1,3592,33.55,81.77,9,8,32,13337808.0,22143301.0,39820706.0,38357768.0,1.038,99,152,53,543.78,600.91,3.52,-14.89,18.41,21.7,9.8e-05,7,14,7,En_retard
PRJ-0037,Moundou,Urbaine_Dense,12.4356,21.5852,Saison_Seche,43.5,14.4,10.0,1,Plat,0,4059,28.64,31.88,4,126,2,12146351.0,22568828.0,36699875.0,39645214.0,0.926,135,146,11,254.2,2169.75,3.47,-26.78,30.25,9.05,8.064e-05,12,10,3,En_retard
PRJ-0038,Bongor,Péri_Urbaine,14.4077,20.1168,Saison_Seche,45.4,14.2,1.1,0,Plat,0,127,44.48,60.99,9,114,24,21221636.0,966672.0,26363631.0,23398583.0,1.127,119,128,9,982.27,1227.56,-1.31,-11.03,9.72,2.27,4.79e-05,17,5,12,En_retard
PRJ-0039,N'Djamena_Sud,Péri_Urbaine,9.2845,23.8792,Intersaison,31.2,45.3,40.0,2,Accidenté,1,2948,35.1,65.32,6,126,37,11474516.0,25867421.0,42316633.0,50844057.0,0.832,124,134,10,418.31,1753.97,3.1,-10.77,13.87,17.1,3.436e-05,12,19,5,Réussi
PRJ-0040,Bongor,Péri_Urbaine,14.4849,17.1152,Saison_Pluies,31.7,87.4,35.3,20,Inondable,0,1158,57.34,80.58,1,20,43,27737855.0,21257496.0,53278778.0,38592252.0,1.381,130,186,56,711.45,1180.23,-4.22,-26.41,22.19,23.21,6.43e-06,11,18,3,Échoué
PRJ-0041,Sarh,Urbaine_Dense,13.8159,14.1485,Saison_Seche,36.6,16.4,37.3,0,Inondable,0,941,21.63,46.95,3,57,6,16948946.0,13332775.0,32339364.0,36054376.0,0.897,42,92,50,265.87,1210.64,-4.92,-20.19,15.27,1.31,1.01e-06,17,4,3,Réussi
PRJ-0042,N'Djamena_Sud,Urbaine_Dense,13.4853,21.2107,Saison_Seche,37.8,23.8,15.3,2,Plat,0,4806,36.24,55.7,7,60,8,20961326.0,93113643.0,117775605.0,140998451.0,0.835,55,115,60,430.23,2064.26,3.65,-11.82,15.47,16.22,7.551e-05,25,9,8,Réussi
PRJ-0043,Moundou,Urbaine_Moyenne,11.99,18.9782,Intersaison,38.2,37.4,14.4,3,Inondable,0,1274,71.66,108.28,9,123,40,30959798.0,12860651.0,46723105.0,50828051.0,0.919,91,74,0,832.91,1939.33,3.74,-24.63,28.37,26.6,9.856e-05,15,19,4,Réussi
PRJ-0044,Kélo,Urbaine_Moyenne,9.47,15.7386,Saison_Pluies,27.8,90.5,49.8,11,Accidenté,1,4734,60.61,66.75,8,49,25,21750689.0,52197416.0,77987435.0,63574972.0,1.227,134,109,0,850.11,618.74,-3.57,-15.54,11.97,19.48,2.538e-05,17,11,0,En_retard
PRJ-0045,Doba,Urbaine_Moyenne,10.8884,21.7082,Saison_Pluies,31.7,74.5,45.7,19,Accidenté,1,614,13.86,20.49,5,116,42,6978071.0,9698927.0,17865936.0,15561024.0,1.148,63,59,0,143.91,1583.01,-2.02,-15.2,13.18,20.83,2.745e-05,27,3,14,En_retard
PRJ-0046,N'Djamena_Nord,Rurale,13.8486,15.6394,Saison_Seche,38.7,22.3,20.2,1,Plat,0,2909,71.01,99.75,8,32,43,32135433.0,39761757.0,75268796.0,75941938.0,0.991,75,119,44,361.12,1716.46,3.51,-23.8,27.31,14.76,9.347e-05,18,11,10,Échoué
PRJ-0047,N'Djamena_Centre,Rurale,7.7542,16.2369,Saison_Seche,40.2,26.4,38.3,1,Inondable,0,351,47.33,74.81,2,51,25,23318906.0,4534289.0,31834695.0,28577033.0,1.114,141,326,185,211.12,1041.77,-4.16,-27.89,23.73,28.35,6.021e-05,27,7,6,En_retard
PRJ-0048,Moundou,Rurale,13.7564,14.4715,Intersaison,38.7,47.4,49.7,6,Plat,0,4439,54.5,71.22,3,116,46,20432292.0,60518932.0,84876765.0,59664109.0,1.423,63,70,7,891.37,217.41,3.63,-16.04,19.67,11.86,1.738e-05,25,17,2,Réussi
PRJ-0049,N'Djamena_Sud,Péri_Urbaine,9.4206,17.694,Saison_Seche,38.1,13.5,53.3,2,Plat,0,158,23.89,46.17,8,105,11,12456614.0,2174401.0,19467184.0,14102162.0,1.38,123,198,75,756.32,959.94,0.75,-16.89,17.64,11.99,4.57e-06,9,18,10,Échoué
PRJ-0050,Doba,Urbaine_Moyenne,8.6545,17.8988,Saison_Pluies,32.2,74.4,0.3,18,Plat,0,2462,35.6,51.06,9,106,35,20374536.0,40588794.0,61726181.0,71643175.0,0.862,13,11,0,567.68,927.85,1.57,-16.31,17.88,16.01,5.636e-05,24,15,2,Réussi
PRJ-0051,Moundou,Urbaine_Moyenne,8.4256,18.9029,Intersaison,34.3,36.0,48.8,5,Accidenté,0,2697,64.64,146.37,8,68,1,34307693.0,40512258.0,76875958.0,57674212.0,1.333,154,129,0,653.58,1742.04,0.95,-25.18,26.13,17.99,4.526e-05,5,17,11,Échoué
PRJ-0052,N'Djamena_Sud,Urbaine_Moyenne,7.718,20.9441,Saison_Seche,38.1,30.2,21.0,0,Plat,0,2775,26.79,40.14,4,88,23,6906777.0,53723206.0,63274474.0,79524189.0,0.796,89,72,0,915.01,2033.32,0.83,-17.13,17.96,16.59,4.321e-05,18,17,14,Réussi
PRJ-0053,Abéché,Péri_Urbaine,11.6887,23.0141,Saison_Seche,42.9,32.7,43.1,2,Accidenté,1,3388,13.62,19.0,6,97,3,6483926.0,65115481.0,73493343.0,70968249.0,1.036,82,168,86,310.24,1020.24,-3.15,-18.25,15.1,24.74,9.693e-05,11,10,5,En_retard
PRJ-0054,Abéché,Urbaine_Dense,9.2461,14.9462,Saison_Pluies,32.6,78.6,22.3,22,Sableux,1,2190,30.58,36.07,5,28,41,7338661.0,24810166.0,34042880.0,39316530.0,0.866,160,134,0,23.54,1632.0,-2.64,-19.85,17.21,25.2,2.629e-05,3,15,2,Réussi
PRJ-0055,Moundou,Urbaine_Moyenne,15.4155,14.0707,Saison_Pluies,29.3,86.6,36.4,24,Accidenté,1,4573,6.0,12.82,4,58,1,3630282.0,25315392.0,30238253.0,23443801.0,1.29,36,46,10,36.09,1624.94,0.8,-14.02,14.82,4.82,4.88e-05,13,16,0,En_retard
PRJ-0056,Abéché,Urbaine_Dense,12.0955,13.6946,Saison_Pluies,30.6,92.5,38.8,22,Accidenté,1,4783,57.57,104.29,9,83,44,18141285.0,24709560.0,47009126.0,59038971.0,0.796,34,64,30,56.22,1637.98,-0.99,-21.01,20.02,18.29,2.133e-05,27,15,5,En_retard
PRJ-0057,N'Djamena_Sud,Urbaine_Moyenne,8.6031,15.008,Saison_Seche,45.5,18.3,24.3,2,Inondable,0,3863,12.25,15.43,3,87,12,4703387.0,26453442.0,35743140.0,25745258.0,1.388,102,189,87,137.2,1408.06,0.41,-21.64,22.05,29.53,3.218e-05,20,9,6,Échoué
PRJ-0058,N'Djamena_Sud,Rurale,13.0101,20.4085,Saison_Pluies,27.2,87.8,30.8,14,Inondable,1,4250,23.17,32.67,1,59,38,12610680.0,26024709.0,39505862.0,28652902.0,1.379,161,144,0,575.17,1591.58,-2.47,-18.26,15.79,18.39,7.659e-05,22,19,14,Échoué
PRJ-0059,Moundou,Péri_Urbaine,14.6819,21.1385,Saison_Pluies,28.4,79.5,43.6,12,Plat,1,2306,70.55,176.25,7,70,40,58281676.0,24444732.0,83923453.0,61495033.0,1.365,89,110,21,981.28,2175.83,-0.36,-11.0,10.64,20.96,1.973e-05,20,1,4,En_retard
PRJ-0060,Doba,Urbaine_Dense,13.4614,21.7583,Saison_Pluies,32.7,92.8,28.6,13,Accidenté,1,3695,43.47,96.87,8,91,31,19725996.0,21405575.0,42659609.0,32508537.0,1.312,101,191,90,425.72,2308.48,-3.57,-21.8,18.23,25.98,6.765e-05,9,2,12,Échoué
PRJ-0061,Kélo,Rurale,8.1115,16.0589,Saison_Seche,38.3,30.4,0.8,1,Inondable,0,3109,26.05,41.41,3,61,29,16265207.0,44687866.0,63743517.0,63239879.0,1.008,29,43,14,715.29,274.91,-4.62,-19.98,15.36,26.13,1.296e-05,7,6,0,Réussi
PRJ-0062,Bongor,Péri_Urbaine,14.6671,16.7119,Saison_Pluies,25.9,75.1,0.8,16,Plat,1,2571,44.04,81.9,3,17,35,18572605.0,20189069.0,42821948.0,50228683.0,0.853,62,99,37,794.26,78.79,4.51,-23.21,27.72,1.5,1.906e-05,20,9,1,En_retard
PRJ-0063,Doba,Urbaine_Dense,13.8514,18.5729,Intersaison,32.7,35.0,39.7,5,Plat,1,3467,17.85,30.03,6,94,28,7782387.0,44063766.0,52667703.0,45871921.0,1.148,92,106,14,803.38,1321.34,2.23,-15.77,18.0,7.94,2.31e-06,19,18,1,Réussi
PRJ-0064,Sarh,Urbaine_Dense,8.7664,14.1634,Saison_Pluies,30.9,86.3,50.8,18,Plat,0,61,2.5,2.88,2,126,21,790644.0,399317.0,4555619.0,5227418.0,0.871,83,72,0,448.86,1061.39,-0.02,-21.45,21.43,26.02,6.305e-05,15,1,9,En_retard
PRJ-0065,N'Djamena_Sud,Urbaine_Dense,7.9143,19.917,Saison_Pluies,34.1,91.5,47.1,17,Sableux,1,4794,48.5,106.22,6,118,11,42241536.0,83491997.0,126905543.0,147773457.0,0.859,163,226,63,554.45,1155.37,0.51,-15.53,16.04,20.35,9.903e-05,4,10,7,En_retard
PRJ-0066,Sarh,Urbaine_Dense,11.9585,23.8292,Saison_Pluies,26.9,73.3,18.6,22,Plat,0,3316,57.27,120.48,5,101,26,20147009.0,55375152.0,80393718.0,100087478.0,0.803,139,273,134,335.47,1173.34,0.11,-25.38,25.49,19.32,6.565e-05,19,4,7,En_retard
PRJ-0067,Doba,Rurale,8.7483,17.2885,Intersaison,28.7,48.6,28.3,9,Plat,0,3195,70.44,117.8,7,66,11,38188648.0,34497400.0,77230528.0,60982086.0,1.266,12,25,13,690.98,2243.21,3.99,-23.25,27.24,25.94,9.233e-05,29,14,7,En_retard
PRJ-0068,Bongor,Urbaine_Moyenne,14.1767,21.4049,Intersaison,34.4,58.1,14.0,2,Accidenté,0,924,61.86,141.3,9,15,5,33980208.0,17240824.0,55994155.0,43749393.0,1.28,112,202,90,389.04,1609.74,2.74,-24.29,27.03,24.39,5.264e-05,20,6,1,Échoué
PRJ-0069,Bongor,Rurale,10.3667,18.7504,Saison_Seche,41.9,32.6,59.3,1,Sableux,0,2483,74.17,137.11,9,58,7,23251296.0,19331421.0,43560454.0,33683427.0,1.293,75,110,35,317.95,1133.73,-1.75,-14.01,12.26,22.79,6.803e-05,26,5,11,Échoué
PRJ-0070,N'Djamena_Centre,Urbaine_Dense,14.8031,14.842,Saison_Seche,39.8,33.8,15.6,2,Plat,1,933,78.88,93.97,1,12,31,36061731.0,16056044.0,54813939.0,50186895.0,1.092,162,290,128,631.03,1164.22,-2.82,-26.39,23.57,2.37,9.255e-05,16,15,11,Échoué
PRJ-0071,Bongor,Urbaine_Dense,12.0255,19.6135,Saison_Seche,39.4,19.1,25.0,0,Inondable,0,4700,59.72,87.38,7,83,39,25992455.0,61982808.0,89218873.0,88652119.0,1.006,118,236,118,347.84,2119.03,-4.33,-23.46,19.13,23.67,8.62e-06,17,10,4,Réussi
PRJ-0072,Kélo,Urbaine_Moyenne,8.9614,16.6487,Saison_Seche,35.1,19.4,40.9,2,Inondable,0,4035,69.5,121.38,3,49,42,41072504.0,40122834.0,84396938.0,82452906.0,1.024,24,50,26,413.92,581.79,-3.52,-18.87,15.35,6.82,5.974e-05,18,3,4,Réussi
PRJ-0073,Bongor,Urbaine_Dense,8.6168,13.8612,Saison_Seche,38.0,28.6,52.6,0,Accidenté,1,1629,54.06,67.3,4,125,8,14139485.0,10206359.0,25893170.0,22118703.0,1.171,144,138,0,713.76,86.13,-0.1,-26.42,26.32,1.75,5.755e-05,4,17,3,En_retard
PRJ-0074,Doba,Urbaine_Moyenne,12.1118,20.1668,Intersaison,34.2,60.2,3.1,9,Inondable,0,3821,14.09,26.76,2,85,27,9108709.0,28923697.0,42000245.0,45074149.0,0.932,137,297,160,854.8,1221.51,-2.97,-27.8,24.83,15.26,3.32e-06,24,9,7,En_retard
PRJ-0075,N'Djamena_Centre,Rurale,13.5951,22.5188,Saison_Seche,42.2,10.7,18.1,1,Plat,1,402,14.95,18.97,1,125,21,6774545.0,7213062.0,17385619.0,15698591.0,1.107,91,83,0,440.45,2403.15,-1.88,-15.56,13.68,28.33,1.562e-05,19,9,7,Réussi
PRJ-0076,Doba,Urbaine_Moyenne,13.752,17.1201,Saison_Pluies,33.4,87.2,34.1,24,Sableux,1,1556,9.27,12.8,3,19,30,3298654.0,21944721.0,28315596.0,26040432.0,1.087,80,182,102,526.98,2045.21,-3.67,-16.96,13.29,26.71,5.523e-05,14,15,11,En_retard
PRJ-0077,Doba,Urbaine_Moyenne,9.7061,17.5981,Saison_Pluies,32.4,92.3,37.1,20,Inondable,0,3537,75.47,177.47,9,31,14,51996779.0,30264105.0,86474406.0,66007474.0,1.31,50,73,23,748.92,1050.57,4.23,-27.85,32.08,29.48,4.977e-05,13,18,12,Échoué
PRJ-0078,N'Djamena_Nord,Urbaine_Dense,9.134,22.8557,Saison_Seche,36.9,15.1,4.2,2,Sableux,1,2901,53.98,134.94,1,52,1,53027120.0,36082038.0,91860387.0,96943831.0,0.948,135,234,99,232.7,478.99,-4.66,-27.13,22.47,8.15,3.438e-05,20,3,8,En_retard
PRJ-0079,N'Djamena_Centre,Urbaine_Dense,7.6341,22.0429,Intersaison,29.2,45.2,39.8,2,Inondable,1,2079,63.3,118.39,3,60,45,42819581.0,13757887.0,58291801.0,63722745.0,0.915,132,171,39,420.86,1446.83,-1.48,-24.05,22.57,21.17,6.977e-05,23,8,3,En_retard
PRJ-0080,Doba,Urbaine_Dense,12.9336,21.007,Intersaison,37.1,49.0,31.7,8,Sableux,1,1896,26.83,52.79,5,60,24,13789409.0,12291080.0,29373664.0,33919830.0,0.866,42,64,22,813.34,2205.28,-2.42,-11.69,9.27,2.62,3.602e-05,29,3,0,Réussi
PRJ-0081,N'Djamena_Nord,Urbaine_Moyenne,8.1125,16.1124,Saison_Pluies,27.6,88.8,49.7,17,Plat,1,2440,37.1,82.23,3,24,6,25996477.0,45424186.0,76227445.0,94705399.0,0.805,160,358,198,895.54,1807.32,-4.92,-16.25,11.33,24.3,7.689e-05,3,19,10,En_retard
PRJ-0082,N'Djamena_Nord,Urbaine_Dense,10.8661,23.0573,Saison_Seche,47.0,23.6,13.3,0,Plat,1,4080,3.66,7.59,4,72,6,2626579.0,48420805.0,54252601.0,62911461.0,0.862,73,95,22,648.46,1373.49,4.29,-13.51,17.8,16.19,8.092e-05,2,13,8,Réussi
PRJ-0083,N'Djamena_Centre,Urbaine_Moyenne,12.3135,15.1214,Saison_Seche,44.4,19.8,11.7,2,Plat,0,3488,71.18,96.48,4,125,5,15058811.0,36357193.0,54749292.0,46068584.0,1.188,143,252,109,399.46,1850.45,-1.86,-14.33,12.47,29.89,6.446e-05,11,16,0,En_retard
PRJ-0084,Sarh,Urbaine_Moyenne,14.9969,20.0811,Saison_Pluies,29.3,81.6,47.6,11,Plat,0,2433,68.31,114.51,1,113,35,34019947.0,46801376.0,85527701.0,71962417.0,1.189,72,137,65,609.86,2413.4,0.02,-10.31,10.33,7.96,2.79e-05,19,7,3,En_retard
PRJ-0085,Kélo,Urbaine_Moyenne,9.9944,13.8024,Saison_Seche,44.9,34.9,42.2,0,Inondable,1,3417,62.89,116.29,6,65,44,46066208.0,37535780.0,86420726.0,107944008.0,0.801,135,142,7,187.05,1404.1,0.83,-10.9,11.73,23.75,8.027e-05,28,5,10,En_retard
PRJ-0086,Bongor,Urbaine_Dense,9.4982,20.2591,Saison_Pluies,30.3,78.5,47.5,23,Plat,1,1515,5.14,8.24,7,44,15,3187192.0,15216102.0,23386903.0,27458098.0,0.852,162,344,182,39.0,1410.6,1.1,-26.79,27.89,5.96,2.518e-05,13,19,9,Échoué
PRJ-0087,Kélo,Urbaine_Dense,12.7333,16.41,Intersaison,36.7,42.6,46.9,4,Plat,0,2201,14.35,19.32,7,82,35,6918687.0,20017638.0,28154804.0,32922760.0,0.855,17,42,25,83.87,1222.58,-0.4,-27.59,27.19,9.33,3.03e-05,14,2,0,Réussi
PRJ-0088,Bongor,Rurale,12.4539,18.2216,Saison_Seche,44.8,11.3,6.2,2,Inondable,0,3533,27.07,57.67,6,49,48,10181842.0,47610504.0,60709025.0,68712186.0,0.884,174,185,11,117.09,1438.2,0.94,-19.05,19.99,9.57,6.088e-05,5,3,2,Réussi
PRJ-0089,Doba,Péri_Urbaine,10.1569,17.1253,Intersaison,29.5,50.3,16.7,9,Sableux,0,623,21.41,29.51,7,77,41,11760041.0,8333347.0,21551442.0,18541162.0,1.162,102,215,113,233.4,1606.15,2.52,-23.11,25.63,17.76,6.89e-05,22,3,2,Échoué
PRJ-0090,N'Djamena_Sud,Urbaine_Moyenne,14.9248,15.3139,Saison_Seche,42.5,25.7,15.6,1,Inondable,1,824,67.16,98.37,3,86,8,29745567.0,4320160.0,36605696.0,44236014.0,0.828,37,39,2,467.11,550.48,4.52,-18.92,23.44,11.59,3.713e-05,2,2,6,En_retard
PRJ-0091,N'Djamena_Centre,Urbaine_Dense,14.2589,20.0308,Intersaison,37.9,47.5,56.1,8,Inondable,0,3415,15.99,24.0,5,112,43,4937449.0,50579343.0,56784375.0,44617233.0,1.273,62,150,88,239.99,1441.67,1.57,-26.37,27.94,13.72,5.914e-05,5,16,11,Échoué
PRJ-0092,Kélo,Rurale,9.2919,22.7607,Saison_Seche,35.5,25.7,29.2,0,Accidenté,1,4388,42.8,56.77,7,47,35,18085058.0,73826374.0,93412811.0,85006645.0,1.099,129,193,64,589.18,82.97,-0.38,-11.64,11.26,16.13,2.48e-05,22,17,2,En_retard
PRJ-0093,Kélo,Péri_Urbaine,9.4131,23.5704,Saison_Pluies,28.7,82.4,6.7,12,Sableux,1,3980,45.92,105.13,5,30,5,38281081.0,56673083.0,96402764.0,87522597.0,1.101,133,328,195,998.32,2347.93,-0.55,-14.07,13.52,2.63,7.948e-05,21,16,5,En_retard
PRJ-0094,Doba,Urbaine_Dense,11.5984,15.5196,Saison_Seche,41.3,21.7,17.4,0,Accidenté,0,2730,34.29,67.03,2,30,31,11936832.0,49271919.0,63148892.0,65427259.0,0.965,64,59,0,503.2,142.71,2.1,-18.06,20.16,20.3,9.921e-05,19,16,9,En_retard
PRJ-0095,Sarh,Rurale,13.6886,21.0324,Intersaison,32.9,38.0,52.3,5,Sableux,0,2270,19.63,44.53,6,109,42,16881748.0,20761977.0,38749448.0,37899523.0,1.022,173,371,198,759.29,2397.48,1.27,-19.63,20.9,19.83,6.984e-05,18,19,3,En_retard
PRJ-0096,N'Djamena_Nord,Urbaine_Dense,7.8523,20.4756,Saison_Pluies,34.0,80.0,50.8,15,Plat,1,1489,76.84,137.64,7,109,31,52310229.0,11732860.0,68185129.0,66540836.0,1.025,152,244,92,299.48,2424.03,-0.8,-19.57,18.77,28.98,3.194e-05,21,17,5,En_retard
PRJ-0097,Doba,Urbaine_Moyenne,13.0467,17.1055,Saison_Seche,46.4,15.9,54.0,0,Inondable,0,763,33.37,60.98,2,56,37,9352265.0,11795348.0,22640653.0,23368402.0,0.969,63,81,18,963.25,1340.64,-1.64,-16.9,15.26,4.87,3.488e-05,15,5,8,Réussi
PRJ-0098,Abéché,Urbaine_Moyenne,12.6859,13.7005,Saison_Pluies,29.1,72.9,23.3,21,Accidenté,0,625,58.32,114.46,8,83,8,42931632.0,4892742.0,50198934.0,47651392.0,1.053,70,145,75,256.61,864.42,4.93,-18.18,23.11,1.9,3.05e-06,3,12,11,Échoué
PRJ-0099,N'Djamena_Nord,Urbaine_Dense,9.3518,20.7428,Saison_Seche,40.8,14.0,38.5,1,Accidenté,0,3031,15.13,24.5,5,14,6,9474260.0,19297083.0,29343600.0,24941765.0,1.176,106,199,93,600.66,503.13,2.67,-19.32,21.99,4.86,6.47e-05,15,12,6,Échoué
PRJ-0100,N'Djamena_Centre,Rurale,12.9508,23.4277,Saison_Pluies,32.9,94.9,16.7,19,Inondable,1,119,65.91,118.32,8,44,23,18862923.0,767458.0,20602348.0,22631111.0,0.91,63,147,84,983.5,447.33,-2.93,-15.77,12.84,13.25,6e-05,11,7,0,En_retard
PRJ-0101,N'Djamena_Nord,Péri_Urbaine,15.0215,20.1373,Intersaison,34.1,55.6,10.8,8,Inondable,0,3814,17.66,32.95,3,23,16,7365695.0,63029792.0,74928711.0,87994782.0,0.852,38,46,8,810.16,632.94,-2.08,-14.23,12.15,7.2,9.546e-05,26,7,7,Réussi
PRJ-0102,Sarh,Urbaine_Moyenne,7.8743,18.0706,Saison_Seche,39.8,33.5,1.3,0,Sableux,1,4988,54.19,131.95,2,126,44,32100384.0,27090125.0,63457730.0,62658006.0,1.013,90,216,126,992.11,1216.71,3.94,-16.43,20.37,7.27,4.021e-05,21,4,3,En_retard
PRJ-0103,N'Djamena_Nord,Urbaine_Dense,10.0572,19.0141,Saison_Seche,39.4,26.0,13.4,2,Plat,1,2426,40.77,95.24,7,45,49,22593082.0,22663329.0,49540562.0,53983851.0,0.918,118,223,105,385.94,1870.1,1.61,-20.96,22.57,26.21,9.329e-05,4,6,7,En_retard
PRJ-0104,N'Djamena_Centre,Urbaine_Dense,11.0054,15.5961,Saison_Seche,41.7,31.4,36.3,0,Plat,1,2255,12.15,15.56,5,111,8,5286523.0,15644730.0,23282343.0,23776347.0,0.979,36,56,20,86.86,1026.89,-1.89,-20.54,18.65,10.39,7.602e-05,16,16,14,En_retard
PRJ-0105,Sarh,Urbaine_Dense,14.6941,21.3807,Saison_Pluies,29.8,89.9,54.3,16,Plat,0,967,2.48,2.87,5,106,4,687440.0,15784972.0,17609301.0,12949842.0,1.36,124,110,0,251.06,1963.48,-1.36,-26.23,24.87,13.09,2.88e-05,8,8,2,En_retard
PRJ-0106,Kélo,Péri_Urbaine,15.1981,21.3374,Saison_Seche,46.7,14.6,8.0,0,Plat,0,2795,74.49,152.89,8,47,32,59496334.0,35083948.0,95565807.0,91155521.0,1.048,149,313,164,958.04,1433.24,-1.21,-20.54,19.33,20.84,1.64e-06,28,6,9,En_retard
PRJ-0107,Kélo,Urbaine_Dense,11.0529,15.0279,Saison_Seche,43.7,27.4,55.1,1,Plat,0,792,10.49,12.26,9,36,49,4888652.0,6401250.0,14515114.0,10246386.0,1.417,135,305,170,376.87,97.23,-3.14,-13.86,10.72,10.86,7.267e-05,16,19,11,Échoué
PRJ-0108,Bongor,Urbaine_Moyenne,13.5002,22.7188,Saison_Seche,42.7,32.2,20.7,1,Inondable,0,4200,56.54,66.97,8,110,3,15349840.0,68275887.0,87852597.0,96385506.0,0.911,32,70,38,133.53,372.89,0.11,-26.8,26.91,17.08,4.963e-05,20,10,13,Échoué
PRJ-0109,N'Djamena_Nord,Péri_Urbaine,11.7533,16.3265,Saison_Seche,39.0,24.4,25.6,2,Accidenté,0,2583,52.39,69.31,2,24,16,19212745.0,41987950.0,65751210.0,66073186.0,0.995,59,121,62,597.17,1452.01,2.66,-24.84,27.5,16.16,9.619e-05,27,16,4,En_retard
PRJ-0110,Kélo,Urbaine_Dense,11.8023,23.8137,Intersaison,38.8,38.0,21.9,8,Inondable,1,1887,27.67,44.06,7,122,34,12752130.0,24239156.0,38790578.0,30105326.0,1.288,84,206,122,505.42,444.86,0.64,-12.83,13.47,8.58,2.21e-06,13,2,2,En_retard
PRJ-0111,N'Djamena_Centre,Péri_Urbaine,9.7248,17.5205,Saison_Seche,38.5,20.2,24.5,2,Accidenté,1,1426,15.24,26.05,5,97,13,7680861.0,13030427.0,22655908.0,23229440.0,0.975,97,218,121,71.84,1540.36,1.56,-17.78,19.34,21.8,5.219e-05,25,14,11,En_retard
PRJ-0112,Moundou,Urbaine_Dense,9.2356,15.3678,Saison_Pluies,32.2,92.7,15.6,11,Accidenté,0,459,14.68,26.82,7,27,33,6532071.0,6331518.0,13817534.0,17120693.0,0.807,164,390,226,458.42,1140.94,0.95,-15.92,16.87,25.19,7.888e-05,22,11,10,En_retard
PRJ-0113,Moundou,Rurale,9.804,17.1931,Saison_Pluies,29.5,91.8,41.9,13,Plat,0,3057,47.03,117.07,3,117,22,22418715.0,58092023.0,84495582.0,76408887.0,1.106,68,139,71,636.54,1740.7,-4.41,-22.21,17.8,23.72,7.898e-05,5,2,12,En_retard
PRJ-0114,Sarh,Urbaine_Moyenne,11.9506,18.1219,Saison_Pluies,29.7,81.5,45.5,16,Inondable,0,3002,43.98,72.1,4,32,31,11798454.0,17335187.0,30874247.0,39809910.0,0.776,18,39,21,240.36,764.02,-3.12,-19.2,16.08,12.46,6.721e-05,2,3,13,En_retard
PRJ-0115,Kélo,Urbaine_Dense,7.7332,14.2277,Saison_Seche,42.0,12.6,49.4,0,Inondable,0,4292,70.14,100.99,7,67,24,17833538.0,38646231.0,59143952.0,75445678.0,0.784,42,54,12,133.2,2062.98,-1.5,-14.29,12.79,28.06,3.944e-05,6,11,2,Réussi
PRJ-0116,Kélo,Urbaine_Dense,14.758,19.5713,Saison_Pluies,25.3,90.8,20.5,18,Plat,1,1729,51.38,97.9,2,45,3,36744103.0,16035676.0,57459817.0,67296128.0,0.854,79,153,74,866.15,1002.77,3.89,-12.23,16.12,27.07,6.72e-06,10,4,2,En_retard
PRJ-0117,Moundou,Urbaine_Moyenne,8.7503,19.7751,Intersaison,30.7,42.4,45.9,2,Plat,0,1764,65.63,91.96,2,70,33,20239821.0,25537737.0,49662529.0,59012989.0,0.842,177,203,26,629.19,2001.79,-1.51,-10.46,8.95,8.74,3.018e-05,9,14,3,Réussi
PRJ-0118,Kélo,Péri_Urbaine,9.2607,21.2588,Saison_Seche,41.0,14.8,38.3,2,Plat,0,1247,3.08,7.44,1,46,30,1258891.0,18415030.0,20411242.0,19315714.0,1.057,15,14,0,163.7,97.46,-1.73,-12.68,10.95,4.59,6.512e-05,15,5,2,Réussi
PRJ-0119,N'Djamena_Nord,Péri_Urbaine,11.6462,13.8063,Saison_Seche,40.0,21.4,57.5,2,Inondable,0,2387,53.84,78.77,1,71,26,24094359.0,19322123.0,43953178.0,41383001.0,1.062,141,252,111,632.82,1013.06,-4.19,-26.79,22.6,26.92,7.711e-05,15,3,13,Échoué
PRJ-0120,Abéché,Urbaine_Moyenne,13.1809,19.183,Saison_Seche,44.3,10.5,25.5,0,Inondable,0,3266,19.08,47.43,1,108,34,8007455.0,26916768.0,38967559.0,49591613.0,0.786,12,26,14,737.9,589.46,4.72,-21.82,26.54,22.6,8.174e-05,5,8,11,En_retard
PRJ-0121,N'Djamena_Sud,Urbaine_Dense,8.2658,14.0555,Saison_Seche,43.8,13.9,59.5,1,Accidenté,1,3006,20.6,34.73,6,90,22,5817735.0,56883110.0,65687096.0,60413588.0,1.087,150,141,0,601.55,1137.02,2.79,-14.52,17.31,10.02,7.741e-05,26,10,1,Réussi
PRJ-0122,Bongor,Urbaine_Dense,10.0416,20.862,Saison_Seche,41.9,29.5,44.4,0,Plat,0,3243,57.79,129.32,5,28,30,39493374.0,53005156.0,96240035.0,72961855.0,1.319,35,39,4,125.0,2369.68,2.66,-20.48,23.14,9.84,3.238e-05,8,12,12,Échoué
PRJ-0123,Sarh,Urbaine_Dense,15.2494,14.0851,Saison_Pluies,32.0,89.9,46.6,22,Plat,1,76,63.58,127.64,8,39,35,38017422.0,1445067.0,40668158.0,32193754.0,1.263,43,41,0,133.5,439.45,-1.16,-20.15,18.99,10.34,6.941e-05,3,8,13,En_retard
PRJ-0124,Abéché,Urbaine_Moyenne,9.5987,23.0731,Saison_Seche,41.8,29.7,1.5,1,Plat,0,3187,30.05,72.33,5,35,25,11599513.0,55597039.0,71620767.0,80662128.0,0.888,56,105,49,54.69,265.59,-4.22,-13.7,9.48,25.98,9.691e-05,12,7,5,Réussi
PRJ-0125,Moundou,Rurale,10.0044,20.8719,Saison_Pluies,29.7,77.2,29.8,12,Plat,1,3023,63.31,125.08,1,110,28,33161142.0,33349040.0,70490144.0,65540930.0,1.076,145,136,0,241.66,193.32,-2.36,-13.0,10.64,7.97,1.365e-05,8,2,0,Réussi
PRJ-0126,Kélo,Urbaine_Moyenne,14.192,18.8276,Saison_Pluies,26.2,77.1,31.7,22,Plat,1,3215,35.78,68.47,8,112,33,17729764.0,21953996.0,44192535.0,36220454.0,1.22,85,81,0,69.05,352.23,3.53,-13.75,17.28,19.88,7.314e-05,21,12,4,En_retard
PRJ-0127,Bongor,Urbaine_Dense,7.9017,18.1358,Saison_Pluies,33.5,78.7,2.4,15,Plat,1,1140,68.68,138.32,6,19,23,39652510.0,16465311.0,58152753.0,69101269.0,0.842,145,181,36,807.25,201.8,-3.2,-21.62,18.42,25.2,4.1e-05,22,11,10,En_retard
PRJ-0128,Kélo,Urbaine_Moyenne,11.2169,14.8721,Saison_Pluies,34.6,82.3,18.7,19,Accidenté,0,299,2.48,5.46,8,118,26,1826158.0,3073680.0,6640511.0,6595383.0,1.007,156,196,40,25.25,1727.61,3.94,-23.9,27.84,12.23,2.25e-05,18,9,5,En_retard
PRJ-0129,N'Djamena_Centre,Péri_Urbaine,10.5369,16.5555,Saison_Seche,38.3,32.9,57.3,1,Plat,1,191,7.14,16.84,2,86,9,3716588.0,2173805.0,7073184.0,7360247.0,0.961,41,72,31,585.21,337.63,0.36,-21.54,21.9,2.78,3.2e-05,28,5,11,Échoué
PRJ-0130,N'Djamena_Centre,Péri_Urbaine,10.0327,22.6241,Intersaison,28.5,44.4,25.6,7,Accidenté,0,316,62.22,91.68,8,99,8,23671324.0,3598670.0,31955392.0,25320482.0,1.262,30,26,0,811.74,533.73,2.15,-15.38,17.53,23.01,1.665e-05,16,6,0,Réussi
PRJ-0131,Bongor,Rurale,9.7856,22.9968,Saison_Pluies,31.4,74.1,11.2,12,Accidenté,0,4360,50.12,69.23,6,127,37,24104894.0,83048383.0,108449008.0,88456707.0,1.226,160,295,135,895.91,1631.55,-0.46,-21.44,20.98,1.58,8.153e-05,5,7,0,Échoué
PRJ-0132,Bongor,Urbaine_Dense,8.231,13.5079,Saison_Pluies,31.0,78.6,30.8,13,Inondable,1,538,44.94,51.6,1,92,33,19640977.0,3245720.0,23923625.0,18553097.0,1.289,100,150,50,415.36,1143.09,4.32,-27.0,31.32,25.1,3.875e-05,3,14,6,Échoué
PRJ-0133,Moundou,Urbaine_Dense,10.0186,19.7384,Intersaison,31.0,58.1,2.0,9,Accidenté,1,545,49.31,79.79,1,87,15,29748165.0,4303623.0,35418840.0,35727893.0,0.991,98,108,10,624.72,183.93,-2.6,-13.59,10.99,11.46,9.376e-05,10,18,13,En_retard
PRJ-0134,Bongor,Rurale,7.8444,21.0527,Saison_Seche,46.9,16.4,31.0,0,Plat,0,529,74.45,170.09,5,30,49,45823562.0,7469027.0,57263807.0,66734909.0,0.858,80,153,73,951.66,2428.15,0.72,-26.86,27.58,24.24,9.664e-05,29,15,10,Échoué
PRJ-0135,N'Djamena_Nord,Péri_Urbaine,13.7477,19.9968,Saison_Seche,44.6,23.3,35.7,2,Inondable,1,2740,52.62,63.03,7,123,47,17662043.0,50022457.0,72187382.0,82248220.0,0.878,51,69,18,674.89,1519.83,-4.31,-10.07,5.76,16.82,9.657e-05,13,1,5,Réussi
PRJ-0136,Kélo,Urbaine_Dense,10.6858,14.3576,Saison_Pluies,33.0,88.5,21.5,21,Sableux,0,4146,51.97,96.35,4,97,8,27197327.0,77816854.0,109163292.0,93524394.0,1.167,44,97,53,902.08,1553.79,-0.2,-12.49,12.29,11.42,1.557e-05,25,16,8,En_retard
PRJ-0137,Abéché,Péri_Urbaine,11.0512,15.7861,Saison_Pluies,27.4,88.4,45.8,24,Plat,0,3130,60.88,126.19,5,22,21,46334304.0,41880633.0,91249510.0,110496779.0,0.826,139,345,206,687.45,2138.83,4.73,-10.79,15.52,27.08,3.464e-05,20,15,3,Réussi
PRJ-0138,Doba,Péri_Urbaine,14.6488,16.1286,Intersaison,28.6,41.5,8.1,9,Plat,1,4986,69.4,157.65,3,108,3,56751616.0,27514834.0,89238929.0,68124687.0,1.31,115,244,129,77.32,2277.28,-4.12,-13.0,8.88,23.24,3.104e-05,24,9,2,En_retard
PRJ-0139,Bongor,Urbaine_Moyenne,12.7644,22.2331,Intersaison,32.5,39.4,52.7,4,Sableux,0,2477,21.32,40.87,2,19,9,9313584.0,25867845.0,35991272.0,27656772.0,1.301,85,175,90,204.91,189.87,0.07,-26.18,26.25,3.34,9.227e-05,24,7,5,Échoué
PRJ-0140,Sarh,Péri_Urbaine,7.5645,18.3636,Saison_Seche,37.6,25.8,57.3,2,Sableux,0,893,49.53,67.4,2,11,14,12854017.0,16772772.0,34029152.0,41161069.0,0.827,61,86,25,941.05,217.45,1.02,-20.46,21.48,27.99,8.65e-06,23,12,7,Réussi
PRJ-0141,N'Djamena_Centre,Urbaine_Moyenne,15.0454,18.6117,Saison_Seche,45.3,32.3,0.1,0,Plat,0,3265,46.93,114.99,5,42,38,28143071.0,40809762.0,71377545.0,60431922.0,1.181,26,44,18,845.83,1952.55,4.32,-11.66,15.98,14.54,5.886e-05,20,9,4,En_retard
PRJ-0142,N'Djamena_Nord,Urbaine_Moyenne,9.3972,23.3164,Saison_Seche,43.9,24.7,50.6,0,Plat,1,3961,11.22,13.83,4,102,27,3071665.0,62976728.0,68596444.0,77162048.0,0.889,95,85,0,428.49,1754.79,-2.03,-26.36,24.33,5.32,4.854e-05,26,12,2,En_retard
PRJ-0143,Doba,Urbaine_Moyenne,8.3609,20.1894,Saison_Seche,40.0,25.4,30.4,0,Inondable,0,4127,41.87,91.13,2,68,20,35330662.0,37299419.0,73704258.0,51994503.0,1.418,18,37,19,169.51,581.19,0.03,-22.51,22.54,23.37,9.763e-05,26,11,2,En_retard
PRJ-0144,Abéché,Péri_Urbaine,13.645,22.936,Saison_Pluies,30.3,79.2,27.7,15,Plat,0,2399,6.03,7.36,5,34,4,1593285.0,12894876.0,15138609.0,11447220.0,1.322,12,23,11,165.6,837.01,4.87,-19.59,24.46,16.01,9.633e-05,23,3,0,En_retard
PRJ-0145,Doba,Péri_Urbaine,11.5038,18.2933,Saison_Pluies,26.0,85.6,14.3,22,Sableux,0,699,15.2,19.77,9,103,24,3861114.0,9559107.0,15345048.0,16351272.0,0.938,31,39,8,905.81,1547.05,2.69,-19.9,22.59,20.51,4.24e-05,4,13,5,Réussi
PRJ-0146,Bongor,Péri_Urbaine,10.9702,15.0691,Saison_Pluies,29.0,82.3,26.8,16,Plat,1,1943,73.08,172.29,8,40,27,64586312.0,34050521.0,99923674.0,80883175.0,1.235,45,77,32,174.55,1983.03,3.1,-11.01,14.11,21.13,4.414e-05,21,5,9,Échoué
PRJ-0147,Moundou,Urbaine_Dense,9.496,23.2643,Saison_Seche,39.1,18.4,57.0,1,Sableux,1,2906,9.98,21.5,9,20,12,3689822.0,57695812.0,64060658.0,45926893.0,1.395,176,344,168,392.42,1527.73,2.81,-20.89,23.7,6.72,3.845e-05,6,18,6,Échoué
PRJ-0148,N'Djamena_Centre,Péri_Urbaine,11.8798,18.3164,Saison_Seche,46.6,19.9,12.6,1,Plat,1,3300,46.52,74.98,9,44,28,16125687.0,58408042.0,75696716.0,74195503.0,1.02,27,38,11,901.8,1990.32,0.15,-23.7,23.85,29.16,7.892e-05,10,11,8,En_retard
PRJ-0149,N'Djamena_Centre,Péri_Urbaine,9.6951,15.4071,Saison_Seche,45.9,32.7,10.7,1,Plat,1,2436,26.22,52.29,8,51,35,13583781.0,32422954.0,47127410.0,42335132.0,1.113,90,183,93,43.1,610.11,-0.66,-19.99,19.33,4.06,1.002e-05,20,3,5,En_retard
PRJ-0150,Moundou,Péri_Urbaine,14.7127,16.6752,Intersaison,36.3,41.7,14.5,8,Sableux,0,1775,44.65,77.7,9,9,24,23214961.0,25082372.0,52743738.0,62309034.0,0.846,36,78,42,634.43,861.23,-2.45,-20.87,18.42,18.57,1.161e-05,10,9,7,Réussi
PRJ-0151,Kélo,Péri_Urbaine,9.2216,14.0334,Saison_Seche,42.0,13.0,33.1,1,Plat,1,1404,19.18,22.88,4,45,31,5306289.0,24376895.0,34329010.0,40896060.0,0.839,127,150,23,357.09,298.98,-0.34,-16.78,16.44,5.24,7.047e-05,22,8,5,Réussi
PRJ-0152,N'Djamena_Sud,Péri_Urbaine,14.5748,18.4172,Intersaison,36.5,46.2,55.8,8,Plat,0,1343,35.83,75.59,8,44,3,20716082.0,7114086.0,32669141.0,34912004.0,0.936,105,138,33,116.71,2462.8,-4.79,-10.11,5.32,26.44,1.67e-06,23,8,1,Réussi
PRJ-0153,N'Djamena_Nord,Urbaine_Moyenne,11.9752,22.4578,Saison_Pluies,33.6,81.5,34.4,20,Sableux,0,3096,69.45,150.61,2,66,30,30077991.0,59674364.0,93314616.0,81726830.0,1.142,150,222,72,571.85,2032.03,-4.03,-18.07,14.04,6.02,6.71e-05,19,13,2,Réussi
PRJ-0154,N'Djamena_Centre,Urbaine_Moyenne,14.1279,23.3026,Saison_Pluies,32.2,70.7,14.6,20,Plat,0,3308,30.41,71.02,9,121,27,20849237.0,42899198.0,67718009.0,66158869.0,1.024,26,31,5,490.05,1803.68,-2.13,-19.68,17.55,13.79,1.287e-05,17,11,10,Réussi
PRJ-0155,Sarh,Urbaine_Dense,13.2028,23.2923,Saison_Seche,44.1,16.0,26.4,2,Plat,1,2763,28.57,53.05,9,127,17,13366170.0,53272805.0,70900006.0,79503978.0,0.892,70,148,78,108.21,527.29,-1.66,-17.31,15.65,3.52,7.862e-05,3,6,14,Échoué
PRJ-0156,N'Djamena_Centre,Urbaine_Moyenne,13.0736,14.8149,Saison_Pluies,31.2,84.6,23.4,23,Plat,0,453,35.97,73.46,3,76,6,26615654.0,7459901.0,37540704.0,27839628.0,1.348,155,275,120,274.54,1761.78,2.08,-10.36,12.44,13.99,7.396e-05,29,13,13,Échoué
PRJ-0157,Doba,Urbaine_Moyenne,10.0948,17.5116,Saison_Pluies,26.3,78.2,2.8,21,Accidenté,0,4022,8.49,14.55,6,25,47,3694733.0,29299326.0,34980153.0,31464587.0,1.112,26,38,12,742.95,2162.91,-3.28,-16.75,13.47,1.12,1.823e-05,13,11,12,Réussi
PRJ-0158,N'Djamena_Centre,Péri_Urbaine,9.3712,13.7964,Saison_Pluies,26.1,70.7,30.6,24,Inondable,0,4082,31.29,48.39,7,55,43,12627557.0,30528858.0,44360156.0,52940378.0,0.838,57,47,0,758.29,2035.35,2.96,-25.79,28.75,13.86,7.569e-05,19,14,0,En_retard
PRJ-0159,N'Djamena_Centre,Urbaine_Dense,9.1871,22.4792,Saison_Seche,46.4,20.7,7.6,0,Sableux,0,1596,1.05,1.76,3,88,18,524557.0,16446285.0,18538572.0,17493314.0,1.06,25,34,9,602.7,1898.98,3.01,-11.57,14.58,20.95,7.902e-05,24,14,4,Réussi
PRJ-0160,N'Djamena_Sud,Urbaine_Dense,14.3575,17.2669,Saison_Pluies,30.7,72.6,50.5,12,Accidenté,0,2656,40.52,96.29,5,73,35,17408510.0,23797283.0,45487656.0,48890169.0,0.93,162,360,198,119.38,998.53,0.87,-17.37,18.24,6.3,9.256e-05,28,19,11,En_retard
PRJ-0161,N'Djamena_Sud,Péri_Urbaine,14.0634,20.1267,Saison_Pluies,27.4,85.5,32.9,17,Plat,1,2875,67.91,90.31,1,56,27,17086543.0,33319759.0,54038740.0,40950591.0,1.32,36,74,38,854.56,1929.06,-0.09,-25.15,25.06,17.04,7.244e-05,12,5,10,Échoué
PRJ-0162,Abéché,Urbaine_Dense,11.0246,21.0064,Saison_Seche,38.7,12.9,50.7,2,Plat,0,1902,44.39,64.27,3,113,17,22337645.0,26739377.0,51628103.0,60210118.0,0.857,23,21,0,180.98,1237.2,-0.33,-23.85,23.52,14.76,8.676e-05,23,15,5,Réussi
PRJ-0163,Kélo,Urbaine_Dense,8.5592,18.0134,Saison_Seche,41.5,11.8,57.4,2,Inondable,0,4256,48.81,95.11,8,65,11,20767715.0,49151235.0,70551273.0,53638672.0,1.315,101,218,117,723.73,1041.09,-0.79,-25.83,25.04,10.71,6.375e-05,24,13,5,Échoué
PRJ-0164,Sarh,Urbaine_Dense,10.558,16.7176,Intersaison,32.1,48.5,56.6,6,Inondable,1,862,2.93,3.7,3,42,38,1188345.0,5039518.0,7925783.0,9645005.0,0.822,120,133,13,52.16,2413.72,-4.11,-10.71,6.6,20.45,6.255e-05,4,16,12,En_retard
PRJ-0165,N'Djamena_Centre,Urbaine_Dense,12.4547,23.6032,Saison_Seche,41.3,29.4,6.0,2,Sableux,1,3424,68.83,161.65,8,85,37,28184767.0,67228440.0,99193246.0,75779734.0,1.309,125,310,185,338.51,409.34,1.55,-26.72,28.27,29.86,6.753e-05,21,19,11,Échoué
PRJ-0166,N'Djamena_Centre,Urbaine_Dense,11.1352,23.6271,Saison_Seche,42.6,16.6,56.7,1,Sableux,1,979,31.11,36.28,9,122,42,12896149.0,11137919.0,26839811.0,33134704.0,0.81,126,287,161,483.58,2168.56,0.77,-14.24,15.01,28.2,4.064e-05,28,17,1,En_retard
PRJ-0167,N'Djamena_Nord,Urbaine_Moyenne,13.7415,16.5391,Saison_Seche,37.8,18.1,47.7,2,Plat,0,4125,78.0,168.28,6,83,34,66816757.0,73285266.0,142561919.0,130909182.0,1.089,59,139,80,37.68,839.15,-4.84,-21.92,17.08,29.13,2.286e-05,23,16,0,Réussi
PRJ-0168,N'Djamena_Sud,Urbaine_Moyenne,15.481,18.5361,Saison_Pluies,29.5,77.2,46.7,10,Accidenté,1,3373,10.08,16.36,7,65,47,3982396.0,20606717.0,26500670.0,28480759.0,0.93,38,80,42,179.84,1315.21,-2.97,-26.54,23.57,1.59,4.133e-05,4,14,6,En_retard
PRJ-0169,Sarh,Rurale,9.0291,23.7149,Saison_Seche,42.8,26.2,5.4,0,Accidenté,0,224,75.6,88.58,6,104,32,24481964.0,3841818.0,31554975.0,38116211.0,0.828,37,74,37,325.72,939.19,-0.64,-20.19,19.55,8.44,5.934e-05,16,17,3,En_retard
PRJ-0170,Abéché,Urbaine_Moyenne,11.1772,13.5511,Saison_Pluies,33.6,71.0,10.8,14,Plat,1,1413,50.93,116.13,8,14,43,30272536.0,10740311.0,45861581.0,32384919.0,1.416,158,192,34,982.68,1282.83,4.01,-28.0,32.01,27.76,6.9e-05,13,7,8,Échoué
PRJ-0171,Kélo,Péri_Urbaine,10.9479,17.8331,Saison_Seche,44.3,22.2,58.5,2,Plat,0,2945,4.66,9.3,7,110,46,3473987.0,44737713.0,52766756.0,45348589.0,1.164,161,289,128,781.68,2055.09,4.9,-13.29,18.19,2.4,4.567e-05,2,6,10,Échoué
PRJ-0172,Moundou,Urbaine_Dense,9.9359,14.5548,Saison_Seche,38.7,13.3,12.8,2,Sableux,0,1087,77.75,86.49,1,116,46,13188299.0,16225758.0,30051298.0,37413956.0,0.803,55,109,54,842.29,498.38,2.51,-18.25,20.76,11.58,3.301e-05,23,5,7,En_retard
PRJ-0173,Kélo,Urbaine_Dense,9.0848,18.8462,Saison_Pluies,32.4,77.2,10.1,11,Accidenté,1,3061,1.6,2.36,3,16,35,739541.0,57078775.0,60482608.0,56424566.0,1.072,69,89,20,670.84,1899.24,2.49,-19.87,22.36,19.91,2.469e-05,27,1,5,En_retard
PRJ-0174,Doba,Péri_Urbaine,8.0255,13.759,Saison_Seche,46.8,19.5,21.7,0,Accidenté,0,2140,58.59,93.33,3,76,28,29220883.0,20993721.0,52197216.0,58660565.0,0.89,108,160,52,299.47,1142.43,-0.85,-13.07,12.22,29.51,1.832e-05,12,16,9,En_retard
PRJ-0175,N'Djamena_Centre,Urbaine_Dense,14.597,17.7724,Intersaison,36.4,39.2,54.8,4,Accidenté,0,510,71.22,110.51,3,11,22,27140842.0,3383542.0,33322105.0,26124771.0,1.275,157,378,221,712.35,2340.63,0.71,-18.65,19.36,9.0,4.764e-05,27,14,2,En_retard
PRJ-0176,Abéché,Urbaine_Moyenne,10.8588,15.8173,Saison_Seche,46.4,10.7,28.6,0,Inondable,1,2802,14.48,26.03,4,39,16,5331814.0,50347701.0,58907477.0,65211930.0,0.903,61,91,30,677.0,1390.12,-2.67,-17.28,14.61,23.16,7.064e-05,3,2,7,Réussi
PRJ-0177,Doba,Urbaine_Moyenne,11.4752,19.0997,Saison_Seche,39.6,11.5,55.2,0,Plat,0,198,27.8,51.08,1,12,46,10722748.0,1974785.0,14097659.0,10487201.0,1.344,159,212,53,613.85,151.37,2.38,-13.33,15.71,20.15,8.298e-05,24,4,11,Échoué
PRJ-0178,Sarh,Urbaine_Moyenne,14.8355,23.9579,Saison_Seche,44.4,26.9,20.1,1,Accidenté,1,4483,45.12,74.69,2,63,42,26150166.0,38051735.0,68218957.0,77114374.0,0.885,77,76,0,305.34,2280.0,-4.4,-15.03,10.63,18.79,3.453e-05,22,1,9,En_retard
PRJ-0179,Moundou,Urbaine_Dense,13.7103,21.9056,Saison_Seche,42.4,29.2,13.6,2,Accidenté,1,1183,54.54,85.33,5,63,40,14209644.0,14542772.0,31390222.0,28071741.0,1.118,153,211,58,270.58,2315.01,-0.83,-16.14,15.31,22.55,6.112e-05,15,2,11,Échoué
PRJ-0180,N'Djamena_Sud,Urbaine_Dense,8.544,22.3792,Intersaison,31.4,38.7,29.7,8,Sableux,0,403,69.81,126.09,6,123,12,36686647.0,2898390.0,44549064.0,43636191.0,1.021,158,291,133,342.94,490.81,3.31,-15.33,18.64,8.36,4.777e-05,2,9,14,En_retard
PRJ-0181,Abéché,Urbaine_Moyenne,12.0234,20.1703,Intersaison,39.0,53.3,36.9,3,Accidenté,0,1157,61.01,69.98,9,51,5,15865176.0,10938799.0,27417048.0,21926952.0,1.25,71,75,4,319.27,2433.02,4.8,-23.27,28.07,10.82,9.663e-05,26,1,0,En_retard
PRJ-0182,Abéché,Urbaine_Dense,11.038,13.9364,Saison_Seche,43.1,12.6,23.5,1,Sableux,1,2652,29.38,58.86,2,79,26,12732122.0,28586464.0,42672322.0,45945691.0,0.929,158,289,131,87.05,1142.21,1.97,-25.89,27.86,17.25,8.824e-05,19,16,10,Échoué
PRJ-0183,N'Djamena_Centre,Péri_Urbaine,13.8777,15.6714,Saison_Pluies,27.8,87.2,20.8,24,Plat,0,2163,65.83,128.26,9,20,26,35455478.0,19810548.0,58869360.0,53131986.0,1.108,113,233,120,804.26,2290.33,-3.03,-16.79,13.76,13.73,8.823e-05,19,14,8,Réussi
PRJ-0184,Bongor,Péri_Urbaine,13.2939,23.2132,Saison_Pluies,26.9,78.4,13.1,22,Sableux,1,4144,77.3,115.25,7,11,13,43157135.0,48708131.0,95493575.0,88811412.0,1.075,148,312,164,375.56,941.99,0.71,-23.97,24.68,21.94,5.792e-05,16,13,9,Échoué
PRJ-0185,Abéché,Rurale,13.0232,17.3442,Saison_Seche,45.0,12.5,16.5,2,Sableux,0,3735,18.55,25.07,9,59,24,7634391.0,40225054.0,50979292.0,55634505.0,0.916,129,319,190,709.57,105.58,0.61,-27.14,27.75,24.22,4.368e-05,27,19,12,Échoué
PRJ-0186,N'Djamena_Nord,Urbaine_Dense,10.2244,14.5882,Saison_Seche,35.9,28.9,40.4,2,Accidenté,1,3256,6.39,7.68,4,82,44,2666132.0,54111026.0,61650978.0,49771882.0,1.239,46,71,25,287.13,1997.8,4.66,-23.42,28.08,16.31,6.519e-05,27,15,8,En_retard
PRJ-0187,Moundou,Péri_Urbaine,13.9397,20.8753,Intersaison,36.9,38.9,22.2,4,Plat,0,1159,34.42,66.16,7,22,3,19859310.0,21761535.0,43989763.0,53280636.0,0.826,133,114,0,606.0,2220.24,3.4,-15.04,18.44,12.42,1.597e-05,5,18,9,Réussi
PRJ-0188,Moundou,Urbaine_Moyenne,7.9191,16.6443,Intersaison,28.3,48.2,4.8,8,Plat,1,4229,70.57,133.83,1,127,32,43418326.0,27547064.0,73342056.0,83871910.0,0.874,31,70,39,44.33,448.88,-4.51,-15.25,10.74,27.44,8.83e-05,3,3,7,En_retard
PRJ-0189,N'Djamena_Nord,Urbaine_Moyenne,8.777,16.323,Intersaison,39.5,59.2,8.3,3,Inondable,0,2027,12.45,22.99,8,117,23,5933763.0,35167514.0,45698421.0,47829704.0,0.955,30,28,0,114.98,1407.25,-2.8,-11.74,8.94,22.75,2.712e-05,16,15,9,Réussi
PRJ-0190,N'Djamena_Nord,Urbaine_Dense,10.185,23.9788,Saison_Pluies,28.3,93.4,22.3,20,Accidenté,1,276,70.92,175.87,7,89,49,67093598.0,5237533.0,75254119.0,58472438.0,1.287,170,385,215,370.88,2087.32,3.42,-15.85,19.27,20.52,8.269e-05,14,15,3,En_retard
PRJ-0191,N'Djamena_Nord,Péri_Urbaine,8.1145,22.5105,Saison_Pluies,26.4,93.0,55.5,24,Accidenté,0,2989,79.38,146.39,7,91,37,40328213.0,45729300.0,88149287.0,98045439.0,0.899,154,380,226,276.05,1180.79,4.72,-20.08,24.8,2.66,2.985e-05,11,5,8,En_retard
PRJ-0192,Moundou,Urbaine_Dense,9.38,17.7833,Saison_Seche,41.8,34.1,22.7,0,Accidenté,1,1062,4.79,10.11,2,8,38,2911110.0,21182965.0,27829296.0,19782723.0,1.407,45,105,60,359.87,1981.5,-2.05,-23.31,21.26,16.31,5.22e-05,16,13,10,Échoué
PRJ-0193,Kélo,Urbaine_Moyenne,14.1412,23.7927,Saison_Seche,46.1,25.0,3.6,0,Inondable,0,4165,39.87,50.16,9,72,45,14107067.0,41756811.0,59152396.0,69955841.0,0.846,151,368,217,931.39,1613.33,1.91,-14.35,16.26,4.52,7.723e-05,7,16,8,En_retard
PRJ-0194,Moundou,Urbaine_Dense,15.086,20.3262,Saison_Seche,41.4,30.3,25.1,1,Plat,0,3156,26.65,40.47,8,18,38,9269542.0,55086873.0,66235260.0,58437954.0,1.133,174,146,0,83.16,1815.79,-1.92,-20.58,18.66,20.15,3.937e-05,22,15,11,Réussi
PRJ-0195,Bongor,Péri_Urbaine,9.9368,21.2912,Saison_Pluies,26.2,77.0,40.1,10,Plat,1,3986,31.8,47.24,1,100,13,9816926.0,60210673.0,71868279.0,55362071.0,1.298,168,138,0,468.1,2301.1,-4.59,-13.32,8.73,9.69,3.58e-05,11,14,9,En_retard
PRJ-0196,N'Djamena_Centre,Péri_Urbaine,9.6161,13.8309,Saison_Pluies,33.4,75.1,35.6,17,Plat,0,2852,36.4,69.39,1,68,15,11689352.0,28096284.0,42065894.0,33597751.0,1.252,141,163,22,206.27,1071.22,3.29,-12.67,15.96,22.42,8.879e-05,27,9,10,En_retard
PRJ-0197,Doba,Péri_Urbaine,9.7391,14.7769,Intersaison,28.9,63.0,16.7,8,Plat,0,1516,59.31,92.71,5,100,2,30552001.0,23604343.0,54978634.0,70256132.0,0.783,143,309,166,362.28,1938.89,2.39,-21.67,24.06,23.57,6.89e-06,4,18,4,En_retard
PRJ-0198,Kélo,Urbaine_Dense,9.7218,20.1474,Intersaison,39.0,55.8,41.3,5,Accidenté,0,3038,47.51,94.9,2,95,11,21098056.0,38413467.0,64253299.0,74810004.0,0.859,94,89,0,680.26,1796.07,-4.47,-21.81,17.34,9.71,8.415e-05,14,17,5,Réussi
PRJ-0199,N'Djamena_Sud,Urbaine_Dense,7.7874,22.9398,Intersaison,36.9,52.9,37.8,9,Inondable,1,319,76.92,158.93,1,91,16,39303308.0,2499240.0,43126138.0,36343396.0,1.187,47,97,50,973.21,1125.52,-3.55,-11.55,8.0,29.31,9.282e-05,19,5,10,Échoué
PRJ-0200,Doba,Urbaine_Moyenne,14.9153,20.0493,Intersaison,32.0,64.3,10.3,2,Plat,0,3856,26.95,30.92,8,101,18,11749045.0,29337201.0,42458455.0,54265291.0,0.782,88,72,0,697.78,983.88,5.0,-20.85,25.85,15.98,5.632e-05,7,15,13,En_retard
PRJ-0201,N'Djamena_Centre,Urbaine_Moyenne,9.2096,14.9073,Saison_Seche,44.5,18.0,9.7,0,Plat,0,1581,43.55,86.91,4,70,34,25343985.0,24823254.0,53578912.0,42009650.0,1.275,142,290,148,886.0,2209.32,1.51,-15.28,16.79,7.32,6.96e-05,15,11,6,En_retard
PRJ-0202,Bongor,Urbaine_Dense,10.86,14.7155,Saison_Pluies,25.5,93.0,32.8,21,Accidenté,1,353,65.16,82.33,2,45,10,14347609.0,5534672.0,23641393.0,26953938.0,0.877,175,214,39,155.79,551.61,3.0,-21.2,24.2,23.48,8.614e-05,19,12,8,En_retard
PRJ-0203,Bongor,Péri_Urbaine,7.5775,22.364,Saison_Pluies,26.6,87.9,39.6,16,Sableux,0,4955,30.16,52.82,5,76,13,18481875.0,64224760.0,86522395.0,94659288.0,0.914,33,51,18,189.58,830.34,-1.11,-14.84,13.73,23.06,4.355e-05,12,7,10,Réussi
PRJ-0204,N'Djamena_Sud,Rurale,14.3636,14.9627,Saison_Seche,44.2,15.5,57.7,0,Plat,0,1982,37.49,79.37,6,52,32,16987771.0,24817088.0,43992697.0,52478275.0,0.838,27,66,39,878.0,2437.48,0.18,-24.88,25.06,13.0,8.788e-05,21,9,6,En_retard
PRJ-0205,Kélo,Péri_Urbaine,13.3493,18.9624,Intersaison,39.7,36.5,25.3,5,Sableux,1,2090,54.96,114.57,8,81,8,33016377.0,16094205.0,53540562.0,49740212.0,1.076,102,177,75,611.45,729.55,1.2,-12.95,14.15,20.1,3.723e-05,16,3,0,En_retard
PRJ-0206,N'Djamena_Nord,Péri_Urbaine,15.074,13.8897,Intersaison,35.0,44.8,45.9,4,Plat,0,4071,68.93,104.76,7,77,7,29070415.0,46569357.0,78587768.0,73959049.0,1.063,169,157,0,794.2,2187.57,3.06,-10.3,13.36,1.63,3.065e-05,22,17,10,Réussi
PRJ-0207,Kélo,Rurale,13.7529,14.347,Saison_Seche,39.3,21.7,7.0,1,Plat,1,191,33.55,49.7,7,75,48,10413130.0,3451554.0,16338328.0,17559458.0,0.93,80,183,103,230.63,960.0,-1.61,-14.22,12.61,9.45,9.832e-05,14,9,8,En_retard
PRJ-0208,Bongor,Urbaine_Dense,10.0097,20.5597,Saison_Seche,43.9,11.9,53.4,2,Inondable,0,858,42.79,73.44,1,11,17,13141556.0,15290340.0,32578635.0,30588845.0,1.065,111,150,39,355.11,1400.45,1.72,-21.54,23.26,26.56,3.11e-06,17,11,5,En_retard
PRJ-0209,Moundou,Urbaine_Moyenne,9.483,20.7364,Saison_Pluies,29.2,76.6,38.0,24,Accidenté,1,997,78.02,106.43,3,78,41,21585643.0,14869042.0,38050711.0,27579556.0,1.38,99,178,79,90.22,1025.94,2.76,-18.01,20.77,7.73,3.196e-05,28,14,1,Échoué
PRJ-0210,N'Djamena_Centre,Rurale,13.0817,17.0854,Saison_Pluies,31.2,77.8,37.7,20,Inondable,1,4001,3.88,9.56,3,55,27,1666637.0,79861361.0,85898832.0,97737823.0,0.879,81,163,82,896.63,592.19,3.05,-15.95,19.0,27.26,4.586e-05,25,10,9,Échoué
PRJ-0211,N'Djamena_Sud,Urbaine_Dense,10.4129,15.7639,Intersaison,36.2,67.2,8.5,6,Sableux,0,3462,36.13,57.19,7,104,8,12519292.0,63692752.0,79136776.0,85829186.0,0.922,98,208,110,956.79,1743.21,-0.01,-24.53,24.52,17.82,3.109e-05,13,4,8,En_retard
PRJ-0212,N'Djamena_Centre,Péri_Urbaine,12.0297,22.044,Saison_Seche,39.0,17.6,2.4,0,Plat,1,2342,51.06,122.15,2,16,29,48777473.0,16811945.0,70139680.0,66929225.0,1.048,167,256,89,858.89,2418.19,-0.27,-22.91,22.64,27.18,2.822e-05,2,16,0,En_retard
PRJ-0213,Sarh,Urbaine_Moyenne,7.5501,15.7796,Saison_Seche,41.8,10.9,42.1,1,Inondable,1,815,1.17,2.77,7,97,37,693949.0,8954443.0,11055648.0,9747740.0,1.134,97,205,108,442.81,2237.39,-3.95,-13.57,9.62,4.8,3.707e-05,24,16,4,En_retard
PRJ-0214,Sarh,Urbaine_Moyenne,7.9951,19.1913,Saison_Seche,45.0,13.7,7.0,0,Accidenté,0,2973,47.94,77.22,9,122,27,28260365.0,20748752.0,53721401.0,47942886.0,1.121,167,167,0,347.72,2463.93,-0.02,-10.98,10.96,14.45,3.981e-05,15,12,8,Réussi
PRJ-0215,Kélo,Péri_Urbaine,11.7829,23.6662,Saison_Seche,46.2,27.5,7.6,2,Sableux,0,988,4.97,7.23,1,123,37,2077139.0,11847448.0,17520032.0,20053730.0,0.874,142,240,98,467.97,1743.26,2.02,-23.1,25.12,9.6,7.16e-06,23,6,11,Échoué
PRJ-0216,Bongor,Rurale,12.0286,15.0525,Saison_Seche,44.0,19.2,11.3,0,Accidenté,1,2546,68.68,149.67,2,54,24,47392372.0,42380060.0,93054910.0,105849637.0,0.879,13,11,0,641.24,134.47,4.21,-25.34,29.55,26.72,7.752e-05,4,7,13,Échoué
PRJ-0217,Bongor,Péri_Urbaine,13.5116,23.3792,Intersaison,35.8,49.8,5.9,9,Plat,0,3612,64.66,91.89,6,112,45,17375204.0,26500632.0,46275140.0,55129937.0,0.839,146,218,72,437.19,1407.47,-3.75,-10.33,6.58,10.91,1.682e-05,11,8,0,Réussi
PRJ-0218,N'Djamena_Nord,Urbaine_Dense,8.5557,15.4204,Saison_Seche,40.6,13.9,37.5,2,Accidenté,0,1312,3.06,5.6,2,92,16,1224728.0,23886706.0,29914851.0,34620704.0,0.864,64,91,27,427.4,1575.16,4.69,-22.24,26.93,18.07,4.1e-06,27,6,1,Réussi
PRJ-0219,N'Djamena_Nord,Rurale,11.6055,19.4582,Saison_Seche,39.7,27.1,25.3,0,Sableux,1,592,4.38,5.5,2,67,26,1526860.0,8013231.0,12037729.0,13900766.0,0.866,42,103,61,436.73,344.35,-2.66,-13.99,11.33,25.0,5.904e-05,11,7,10,En_retard
PRJ-0220,N'Djamena_Nord,Urbaine_Dense,9.0556,17.4586,Saison_Seche,39.7,28.8,16.0,1,Plat,1,2729,60.41,99.09,5,59,31,36691626.0,44303041.0,83738110.0,71266486.0,1.175,124,183,59,747.13,2079.65,-3.24,-21.18,17.94,7.64,6.686e-05,2,9,6,En_retard
PRJ-0221,Moundou,Urbaine_Moyenne,8.2456,23.6318,Saison_Seche,42.4,14.5,26.4,1,Plat,0,3004,29.88,36.14,7,93,27,5808493.0,17054721.0,26879955.0,20454773.0,1.314,102,239,137,788.92,1838.7,-3.85,-10.92,7.07,2.33,7.603e-05,19,16,9,Échoué
PRJ-0222,Doba,Urbaine_Moyenne,10.784,16.3722,Intersaison,29.2,40.4,50.6,3,Plat,0,2981,46.21,69.17,4,40,26,19141413.0,19100973.0,40024177.0,46310028.0,0.864,40,62,22,871.83,1148.65,4.9,-17.21,22.11,15.33,8.78e-06,18,13,11,En_retard
PRJ-0223,Abéché,Urbaine_Moyenne,8.8067,17.6964,Saison_Pluies,26.5,78.8,55.6,16,Inondable,0,2831,21.99,44.67,6,65,43,7270179.0,40519870.0,49601778.0,37656222.0,1.317,117,200,83,250.56,765.39,0.61,-20.53,21.14,20.83,1.717e-05,20,15,10,Échoué
PRJ-0224,Doba,Urbaine_Moyenne,9.2743,23.82,Saison_Pluies,26.0,76.0,29.2,23,Plat,1,4289,14.25,35.45,3,104,15,9366091.0,75370077.0,88725008.0,114390211.0,0.776,92,128,36,165.93,593.42,-2.29,-24.79,22.5,21.86,1.823e-05,2,18,1,En_retard
PRJ-0225,N'Djamena_Centre,Rurale,10.0404,19.1329,Saison_Seche,40.3,13.4,34.0,0,Plat,1,3041,24.04,35.02,4,55,49,10758741.0,55066356.0,66903706.0,81960623.0,0.816,75,142,67,351.68,2412.89,-1.82,-23.4,21.58,13.1,5.936e-05,27,4,8,En_retard
PRJ-0226,Doba,Péri_Urbaine,9.5751,18.7776,Saison_Seche,46.4,22.3,15.4,0,Accidenté,0,2662,20.11,35.45,4,12,15,11917609.0,40796587.0,56917536.0,58060267.0,0.98,157,323,166,426.24,2015.09,4.5,-12.57,17.07,3.28,8.897e-05,6,5,13,En_retard
PRJ-0227,Moundou,Urbaine_Moyenne,8.2007,16.2067,Saison_Pluies,29.3,84.2,30.8,19,Plat,1,3698,36.14,62.42,4,92,23,11524792.0,29636071.0,44474151.0,40529745.0,1.097,123,264,141,704.85,1748.79,4.0,-26.97,30.97,12.69,7.064e-05,27,8,8,En_retard
PRJ-0228,N'Djamena_Centre,Urbaine_Dense,8.2193,20.8643,Saison_Seche,37.6,14.3,44.9,0,Plat,0,1249,59.86,81.28,1,34,25,15576810.0,9898732.0,28401419.0,28858847.0,0.984,94,186,92,760.35,2373.53,-1.5,-25.18,23.68,4.54,3.147e-05,7,4,10,Échoué
PRJ-0229,Doba,Rurale,9.046,13.6509,Intersaison,38.1,68.2,29.5,9,Accidenté,1,2167,44.55,87.06,4,48,44,23289963.0,39483696.0,64304651.0,73344670.0,0.877,45,61,16,984.31,548.59,-4.36,-24.53,20.17,3.09,8.532e-05,2,17,13,En_retard
PRJ-0230,Moundou,Rurale,7.9045,14.0199,Saison_Seche,43.1,18.0,18.1,1,Plat,0,2730,48.93,103.47,4,8,4,41337208.0,18286989.0,63662854.0,73454073.0,0.867,93,127,34,384.44,2151.14,3.34,-26.73,30.07,9.8,6.698e-05,18,17,12,Échoué
PRJ-0231,Abéché,Péri_Urbaine,12.5117,19.7933,Saison_Pluies,25.2,83.0,34.9,24,Plat,0,2898,37.87,49.46,6,58,36,11821519.0,44313500.0,60257308.0,44843464.0,1.344,117,163,46,408.49,1479.44,4.14,-15.66,19.8,23.54,6.884e-05,13,2,11,Échoué
PRJ-0232,Doba,Urbaine_Dense,9.7986,17.0876,Saison_Seche,36.0,19.8,56.8,0,Plat,0,4738,26.32,56.85,9,23,16,14603734.0,61606331.0,78883303.0,93312042.0,0.845,29,25,0,546.66,2335.97,3.38,-10.34,13.72,23.28,9.574e-05,5,16,9,Réussi
PRJ-0233,Moundou,Urbaine_Dense,9.738,23.5098,Saison_Pluies,31.8,71.8,53.3,13,Plat,0,4712,11.91,24.78,6,106,47,6396008.0,53345972.0,61993240.0,67256358.0,0.922,109,262,153,822.13,1668.49,4.13,-25.49,29.62,18.63,9.504e-05,5,19,7,En_retard
PRJ-0234,N'Djamena_Nord,Urbaine_Dense,10.156,22.9835,Intersaison,30.4,41.7,46.2,5,Inondable,0,4836,28.69,39.49,6,107,40,6720219.0,56121869.0,64449816.0,46684080.0,1.381,55,62,7,664.32,1866.76,0.76,-13.62,14.38,24.96,3.857e-05,25,7,1,Réussi
PRJ-0235,Bongor,Urbaine_Dense,12.8024,20.9939,Saison_Pluies,32.1,90.6,16.6,12,Accidenté,0,3731,53.38,107.22,7,115,21,36834684.0,71553530.0,112282267.0,99695057.0,1.126,126,135,9,576.93,594.53,3.4,-24.82,28.22,15.52,6.358e-05,11,11,11,En_retard
PRJ-0236,N'Djamena_Nord,Urbaine_Moyenne,14.4651,22.0905,Saison_Pluies,29.1,93.7,14.5,22,Accidenté,1,3545,58.84,97.15,7,39,40,20719703.0,63532242.0,87629479.0,88188978.0,0.994,27,47,20,651.64,895.24,4.44,-10.47,14.91,8.06,2.02e-05,24,1,9,En_retard
PRJ-0237,Bongor,Rurale,13.5727,20.507,Intersaison,32.3,35.2,50.3,4,Plat,1,714,37.8,77.63,1,100,43,25300918.0,12833977.0,39564735.0,32168935.0,1.23,106,93,0,469.81,790.65,3.9,-18.87,22.77,17.53,4.119e-05,24,18,2,En_retard
PRJ-0238,N'Djamena_Sud,Urbaine_Moyenne,13.3202,14.8186,Saison_Pluies,34.7,85.8,10.9,22,Plat,1,4551,51.78,92.92,8,110,17,24974338.0,50512799.0,79562243.0,63104341.0,1.261,155,345,190,761.46,1750.66,0.87,-12.74,13.61,27.77,2.734e-05,26,7,12,Échoué
PRJ-0239,N'Djamena_Sud,Urbaine_Dense,11.3751,21.5382,Saison_Seche,43.5,15.9,36.3,2,Sableux,0,3212,17.24,20.13,1,54,3,6098282.0,21214355.0,31782561.0,22520128.0,1.411,43,98,55,84.54,1057.37,2.47,-24.93,27.4,2.05,3.674e-05,9,13,2,Échoué
PRJ-0240,N'Djamena_Sud,Urbaine_Dense,13.0504,15.707,Saison_Seche,40.2,14.7,26.3,0,Plat,0,3415,68.88,151.66,9,30,7,24795335.0,68189325.0,93751273.0,116901310.0,0.802,88,130,42,513.93,2156.95,2.21,-12.07,14.28,28.98,6.754e-05,13,3,7,Réussi
PRJ-0241,Abéché,Urbaine_Dense,11.9221,16.8961,Saison_Pluies,25.7,88.8,28.1,11,Plat,0,1466,69.34,130.21,4,22,12,48502108.0,10526094.0,63004095.0,46223885.0,1.363,140,343,203,808.51,570.82,3.03,-26.53,29.56,22.59,2.102e-05,28,9,12,Échoué
PRJ-0242,N'Djamena_Nord,Urbaine_Dense,9.23,22.102,Saison_Pluies,30.4,94.1,27.3,17,Sableux,0,3158,25.97,54.92,9,33,1,11586153.0,40213135.0,56136897.0,51623875.0,1.087,81,109,28,309.49,1999.39,-2.71,-27.59,24.88,20.9,1.803e-05,28,17,7,Réussi
PRJ-0243,Bongor,Urbaine_Dense,9.1687,19.1335,Saison_Seche,43.9,22.8,54.0,2,Inondable,0,566,44.04,56.22,8,44,43,17851191.0,5076617.0,27889594.0,22966048.0,1.214,148,184,36,844.98,2042.44,-4.98,-15.24,10.26,18.8,3.793e-05,29,2,5,En_retard
PRJ-0244,Moundou,Urbaine_Dense,9.8711,22.5294,Saison_Seche,37.2,10.1,5.2,1,Inondable,0,899,48.73,102.81,9,96,37,35932586.0,11382367.0,48884160.0,55953780.0,0.874,179,444,265,785.0,1588.3,0.1,-26.08,26.18,8.47,9.81e-06,13,15,6,En_retard
PRJ-0245,N'Djamena_Centre,Péri_Urbaine,14.7864,15.7369,Intersaison,35.2,42.5,47.0,7,Inondable,0,1951,38.06,63.91,6,62,6,18214969.0,18678870.0,39063353.0,43919349.0,0.889,26,32,6,584.86,413.36,2.66,-12.42,15.08,26.69,8.139e-05,29,9,0,Réussi
PRJ-0246,Moundou,Rurale,11.8793,19.8817,Saison_Seche,44.0,33.3,50.1,0,Plat,1,957,72.94,161.85,9,9,46,37926878.0,17659808.0,60434546.0,71538393.0,0.845,56,87,31,259.63,850.46,-3.75,-16.82,13.07,29.17,9.585e-05,4,7,7,En_retard
PRJ-0247,N'Djamena_Centre,Urbaine_Moyenne,13.3712,14.3798,Saison_Seche,46.2,18.4,56.6,2,Sableux,1,365,59.31,114.99,4,83,49,45360777.0,7126670.0,53410517.0,57153792.0,0.935,39,72,33,862.46,1024.47,0.33,-22.04,22.37,27.8,8.013e-05,17,19,12,Échoué
PRJ-0248,Sarh,Urbaine_Moyenne,10.2725,20.2521,Saison_Seche,38.8,34.2,27.2,2,Sableux,0,3293,53.96,86.17,3,26,23,18923788.0,36720125.0,58500598.0,61717657.0,0.948,145,196,51,39.67,1190.35,-1.86,-23.01,21.15,4.16,5.314e-05,5,11,6,En_retard
PRJ-0249,Moundou,Péri_Urbaine,10.7617,21.5066,Intersaison,39.4,57.3,30.0,6,Plat,1,1557,41.85,57.87,3,39,25,22405272.0,9424279.0,34609902.0,32680969.0,1.059,49,71,22,596.59,1855.08,3.38,-26.53,29.91,22.36,6.741e-05,25,18,4,En_retard
PRJ-0250,Doba,Urbaine_Dense,8.5045,19.6418,Saison_Seche,39.4,13.5,57.7,2,Inondable,0,4172,7.25,16.26,8,94,25,3074051.0,62371573.0,68675089.0,74293757.0,0.924,157,318,161,784.74,879.01,-4.0,-15.64,11.64,17.14,8.056e-05,6,17,4,Réussi
PRJ-0251,Doba,Urbaine_Dense,8.8704,16.2954,Saison_Pluies,32.9,78.1,27.5,19,Accidenté,0,1568,9.07,17.09,2,76,3,4226452.0,16698233.0,22913252.0,17623117.0,1.3,85,172,87,490.55,94.63,3.48,-11.49,14.97,23.86,6.82e-06,16,4,1,En_retard
PRJ-0252,Kélo,Rurale,14.1189,13.8291,Saison_Seche,44.2,22.4,30.2,0,Inondable,0,4200,24.27,60.25,6,62,4,11123590.0,83116025.0,98906246.0,109855930.0,0.9,94,204,110,111.83,2171.89,1.11,-14.38,15.49,11.22,4.181e-05,22,2,12,En_retard
PRJ-0253,N'Djamena_Nord,Urbaine_Dense,12.1787,14.7542,Saison_Pluies,34.3,85.2,19.9,18,Plat,1,1984,17.32,28.11,9,96,30,4232245.0,12579793.0,18527314.0,14124088.0,1.312,165,299,134,835.64,1109.2,4.19,-16.85,21.04,28.75,1.438e-05,25,17,11,Échoué
PRJ-0254,N'Djamena_Centre,Urbaine_Moyenne,10.2003,20.0342,Intersaison,36.8,48.7,1.9,9,Accidenté,0,4394,76.23,157.03,9,106,33,33771600.0,29821624.0,67016854.0,81562456.0,0.822,37,44,7,910.0,743.07,4.36,-25.86,30.22,10.07,9.07e-06,9,1,0,Réussi
PRJ-0255,N'Djamena_Centre,Urbaine_Moyenne,13.9228,23.3114,Saison_Seche,40.9,23.4,26.0,1,Plat,1,1851,33.08,65.23,8,63,29,11206684.0,28674483.0,42612839.0,42758135.0,0.997,68,93,25,567.68,2057.01,3.09,-13.1,16.19,22.4,7.59e-05,23,13,14,En_retard
PRJ-0256,N'Djamena_Nord,Urbaine_Dense,9.4722,15.6686,Saison_Pluies,33.7,81.4,39.3,23,Accidenté,0,2672,70.19,139.86,8,36,4,55466571.0,43766676.0,100933278.0,102771691.0,0.982,89,207,118,789.28,2203.17,0.3,-10.62,10.92,15.61,8.581e-05,26,10,8,Réussi
PRJ-0257,Abéché,Urbaine_Dense,15.3083,21.2178,Saison_Seche,42.5,16.3,41.4,0,Plat,0,906,65.54,139.72,1,109,14,47562550.0,10932200.0,59844592.0,62891553.0,0.952,83,170,87,614.61,1841.05,-3.57,-23.27,19.7,18.89,8.38e-06,21,17,9,En_retard
PRJ-0258,Kélo,Péri_Urbaine,10.2585,22.5977,Saison_Seche,40.0,17.8,0.4,1,Accidenté,0,1926,65.1,84.29,7,116,21,12721569.0,17640174.0,35166273.0,40990916.0,0.858,16,15,0,577.55,918.07,-2.75,-20.43,17.68,4.35,1.788e-05,11,17,2,Réussi
PRJ-0259,Abéché,Urbaine_Dense,10.1985,18.9693,Intersaison,34.9,44.9,48.1,6,Inondable,1,1575,17.65,33.0,1,91,7,6795084.0,15194262.0,25015158.0,24692022.0,1.013,77,160,83,139.46,616.16,-0.82,-27.75,26.93,18.71,2.208e-05,2,11,11,Échoué
PRJ-0260,Abéché,Urbaine_Dense,9.9953,20.5273,Saison_Seche,40.2,17.4,29.5,1,Sableux,0,1466,36.06,65.37,9,118,21,20757005.0,14762026.0,38737890.0,37054839.0,1.045,33,45,12,442.42,1796.36,2.29,-13.03,15.32,17.34,8.57e-05,11,9,10,Réussi
PRJ-0261,Abéché,Péri_Urbaine,8.4769,22.0577,Saison_Pluies,34.2,70.9,31.2,21,Plat,1,3529,25.78,40.72,3,43,7,10165261.0,29570302.0,43758593.0,38201255.0,1.145,107,90,0,682.01,190.78,0.45,-27.63,28.08,21.85,9.136e-05,19,3,4,En_retard
PRJ-0262,N'Djamena_Nord,Urbaine_Moyenne,8.3891,16.2371,Saison_Seche,42.2,17.6,57.7,0,Sableux,0,3921,77.65,132.83,1,123,1,47547912.0,69635541.0,118048973.0,91703229.0,1.287,50,81,31,459.94,1008.08,-0.62,-19.24,18.62,9.34,7.65e-05,18,10,10,Échoué
PRJ-0263,Abéché,Urbaine_Dense,12.6848,16.6174,Saison_Seche,44.0,12.4,17.1,0,Plat,0,1844,70.2,128.21,8,78,34,35413550.0,11020036.0,50145525.0,40828763.0,1.228,63,145,82,621.59,1909.07,-0.22,-17.62,17.4,25.14,7.964e-05,5,17,7,En_retard
PRJ-0264,Doba,Rurale,14.5009,13.5066,Saison_Seche,46.2,16.2,45.7,0,Inondable,1,3115,20.37,31.56,7,93,23,9891310.0,34605056.0,45739497.0,32032134.0,1.428,23,36,13,895.86,1483.43,2.41,-27.0,29.41,28.41,3.427e-05,26,16,11,Échoué
PRJ-0265,N'Djamena_Sud,Urbaine_Moyenne,13.8242,23.6125,Saison_Pluies,33.1,84.3,34.5,24,Accidenté,0,2770,25.42,38.39,2,89,3,11488566.0,44912911.0,60233642.0,73584609.0,0.819,58,144,86,372.56,1847.94,-4.66,-24.84,20.18,26.58,4.083e-05,28,16,6,En_retard
PRJ-0266,Sarh,Péri_Urbaine,8.6289,23.1342,Saison_Pluies,28.0,70.2,42.0,22,Sableux,0,4254,42.55,90.78,7,60,18,28100243.0,21514104.0,50750326.0,58818361.0,0.863,72,79,7,830.2,1453.64,-0.57,-13.76,13.19,12.35,2.805e-05,23,15,6,Réussi
PRJ-0267,N'Djamena_Centre,Péri_Urbaine,11.8647,21.528,Saison_Pluies,30.1,86.3,25.1,16,Inondable,0,3726,22.65,27.04,5,92,43,5611468.0,67703237.0,77560927.0,64469376.0,1.203,54,75,21,38.75,637.23,0.73,-23.45,24.18,23.1,9.584e-05,14,13,9,Échoué
PRJ-0268,N'Djamena_Centre,Urbaine_Moyenne,8.3447,14.3303,Saison_Seche,43.4,33.3,16.8,0,Accidenté,1,402,66.05,101.59,7,93,12,24719119.0,6268948.0,34552640.0,24236398.0,1.426,81,67,0,854.14,1233.88,0.89,-14.96,15.85,11.59,7.277e-05,23,2,9,Échoué
PRJ-0269,Sarh,Urbaine_Moyenne,7.8624,18.1988,Saison_Seche,38.3,30.9,32.8,1,Plat,1,3281,65.63,132.26,7,46,14,21513056.0,20016099.0,43765661.0,43558640.0,1.005,115,102,0,115.61,1944.0,1.19,-14.51,15.7,26.03,3.413e-05,7,6,12,En_retard
PRJ-0270,N'Djamena_Nord,Rurale,12.7511,14.5699,Saison_Pluies,28.8,74.1,22.5,12,Sableux,0,1477,58.09,80.88,2,83,41,24014010.0,27213649.0,53342414.0,50544280.0,1.055,16,22,6,328.23,614.46,-4.47,-20.67,16.2,11.89,1.357e-05,2,3,11,Réussi
PRJ-0271,Moundou,Urbaine_Dense,11.7812,13.6672,Intersaison,35.3,43.2,13.4,5,Inondable,1,2242,55.3,105.14,2,18,28,27842609.0,27598067.0,56610938.0,65985934.0,0.858,12,20,8,518.31,2409.4,0.58,-26.85,27.43,6.4,1.948e-05,2,1,9,En_retard
PRJ-0272,N'Djamena_Nord,Péri_Urbaine,8.1562,19.9699,Saison_Seche,38.2,25.6,50.4,1,Plat,1,1827,44.01,67.03,7,127,42,22802201.0,27009619.0,54380060.0,51211731.0,1.062,97,117,20,653.53,547.01,0.51,-27.81,28.32,15.18,2.041e-05,4,17,12,En_retard
PRJ-0273,N'Djamena_Centre,Urbaine_Dense,7.7795,23.5887,Saison_Pluies,34.6,94.0,28.5,14,Plat,0,3586,28.1,64.09,3,83,45,12920263.0,65374575.0,79328220.0,96658873.0,0.821,39,42,3,953.58,84.81,3.55,-19.13,22.68,4.92,6.148e-05,6,1,10,En_retard
PRJ-0274,N'Djamena_Centre,Urbaine_Dense,15.4181,22.9801,Saison_Seche,46.7,16.6,50.8,1,Inondable,0,1166,67.04,106.59,4,97,24,27628451.0,21241529.0,51494328.0,39007105.0,1.32,14,21,7,313.96,1956.27,2.6,-26.71,29.31,18.02,9.03e-05,19,11,3,En_retard
PRJ-0275,Sarh,Urbaine_Dense,7.7402,20.8159,Saison_Pluies,34.6,80.7,28.4,24,Sableux,1,2370,68.78,97.76,7,37,24,19081418.0,26380853.0,47026604.0,43241661.0,1.088,113,123,10,94.5,2324.59,-4.69,-14.92,10.23,17.72,8.687e-05,28,4,9,En_retard
PRJ-0276,Abéché,Rurale,11.0562,14.5147,Intersaison,31.9,39.4,33.4,5,Plat,1,583,4.44,8.18,2,86,3,2482588.0,4993595.0,12459657.0,15703710.0,0.793,122,228,106,464.25,654.27,0.56,-21.15,21.71,15.23,6.97e-06,13,11,3,En_retard
PRJ-0277,N'Djamena_Nord,Rurale,11.537,16.3787,Intersaison,33.0,61.4,59.7,4,Sableux,0,1267,32.19,41.52,2,79,9,15030554.0,11227296.0,29394148.0,20782773.0,1.414,16,39,23,351.82,429.89,1.91,-15.7,17.61,18.51,7.091e-05,2,13,9,En_retard
PRJ-0278,Bongor,Urbaine_Dense,8.4382,16.8606,Saison_Pluies,27.9,90.6,57.1,23,Plat,1,3038,2.62,5.81,9,114,24,1983306.0,50093958.0,53250394.0,49761090.0,1.07,176,382,206,604.12,598.63,0.8,-20.65,21.45,29.28,1.677e-05,10,17,5,En_retard
PRJ-0279,Sarh,Urbaine_Dense,8.8525,21.5131,Saison_Seche,38.7,31.5,16.3,0,Sableux,0,2278,67.24,137.98,1,60,2,53267109.0,43148635.0,99919782.0,85513543.0,1.168,139,162,23,923.55,1588.27,1.76,-16.69,18.45,12.12,3.104e-05,28,13,9,En_retard
PRJ-0280,Doba,Péri_Urbaine,10.3144,21.9236,Intersaison,29.9,56.2,52.1,2,Inondable,1,2029,14.58,31.77,3,89,40,12483432.0,12343341.0,29789014.0,30358474.0,0.981,149,360,211,646.92,1468.6,-3.83,-13.01,9.18,13.26,5.438e-05,18,17,3,En_retard
PRJ-0281,N'Djamena_Centre,Urbaine_Moyenne,13.5934,17.5436,Saison_Pluies,27.1,77.7,23.4,23,Plat,0,2126,54.07,89.67,4,81,28,30757569.0,11108979.0,45089243.0,39104100.0,1.153,37,77,40,582.23,1572.3,-3.31,-12.08,8.77,8.95,8.409e-05,14,2,6,En_retard
PRJ-0282,Sarh,Urbaine_Dense,11.5567,17.8878,Saison_Seche,41.2,15.0,4.3,1,Plat,0,581,28.91,65.6,5,15,7,14543620.0,10076879.0,27178705.0,33210878.0,0.818,117,124,7,253.62,68.95,0.83,-27.7,28.53,6.35,2.367e-05,15,2,14,En_retard
PRJ-0283,N'Djamena_Nord,Péri_Urbaine,12.6032,13.9673,Saison_Pluies,31.4,73.8,34.5,20,Accidenté,0,3126,65.38,117.09,3,109,9,23981829.0,33757796.0,59559341.0,75180741.0,0.792,156,278,122,272.12,434.62,3.01,-16.38,19.39,9.39,8.738e-05,28,18,1,Réussi
PRJ-0284,N'Djamena_Centre,Urbaine_Moyenne,15.3814,16.5359,Intersaison,34.6,70.0,58.6,6,Accidenté,0,1994,41.02,50.56,9,106,45,13241020.0,18238597.0,32394172.0,39180122.0,0.827,37,90,53,441.72,645.93,-4.74,-17.85,13.11,7.17,7.347e-05,12,6,6,Réussi
PRJ-0285,Moundou,Rurale,13.644,18.2385,Intersaison,38.0,38.5,58.5,3,Sableux,0,4285,26.29,37.16,5,27,39,14807180.0,33532729.0,49867017.0,46832146.0,1.065,108,104,0,892.38,1757.86,-0.64,-16.53,15.89,13.54,6.743e-05,12,2,2,Réussi
PRJ-0286,Sarh,Urbaine_Dense,10.9749,14.7283,Saison_Seche,42.5,34.8,7.6,0,Inondable,1,3149,26.25,55.01,7,19,39,13926717.0,32111012.0,49029023.0,63441607.0,0.773,85,107,22,583.69,1541.43,4.92,-26.95,31.87,7.77,1.329e-05,5,11,7,En_retard
PRJ-0287,Kélo,Urbaine_Moyenne,11.0715,18.2593,Saison_Pluies,31.1,70.9,46.3,22,Accidenté,1,4407,26.49,62.38,7,120,33,12461472.0,86253898.0,102607406.0,117077286.0,0.876,101,145,44,499.7,1578.56,2.66,-26.74,29.4,16.0,4.742e-05,10,17,14,Échoué
PRJ-0288,N'Djamena_Centre,Urbaine_Moyenne,12.4502,22.4583,Intersaison,39.2,45.5,48.2,5,Sableux,1,3879,63.19,77.93,9,74,34,30087660.0,76246387.0,110784736.0,101186940.0,1.095,156,155,0,547.12,1448.25,-0.5,-19.05,18.55,9.3,2.751e-05,27,9,4,Réussi
PRJ-0289,N'Djamena_Nord,Péri_Urbaine,12.8229,19.6039,Saison_Seche,39.4,18.3,22.1,1,Accidenté,0,4164,57.03,131.73,2,91,21,32468744.0,41526335.0,78066784.0,59035327.0,1.322,73,96,23,835.44,1874.06,-4.02,-26.97,22.95,13.32,5.881e-05,19,5,13,Échoué
PRJ-0290,N'Djamena_Sud,Urbaine_Moyenne,11.5057,14.3288,Saison_Pluies,31.8,76.4,39.5,20,Inondable,1,2634,25.88,57.42,3,57,29,18530854.0,51245397.0,70840844.0,77941069.0,0.909,100,198,98,681.12,2357.15,-1.41,-14.02,12.61,4.75,6.736e-05,27,15,8,En_retard
PRJ-0291,Bongor,Urbaine_Moyenne,12.6589,15.5125,Saison_Pluies,27.3,88.2,29.3,24,Inondable,0,1598,39.47,63.12,4,19,27,21905054.0,15177727.0,41063350.0,46694797.0,0.879,126,203,77,928.15,1700.24,-3.46,-14.1,10.64,5.75,6.54e-06,20,17,3,En_retard
PRJ-0292,Abéché,Urbaine_Dense,7.6883,18.4827,Saison_Seche,45.7,32.8,13.7,1,Sableux,0,1538,6.55,13.53,8,61,17,4881475.0,27402879.0,35401574.0,27382249.0,1.293,146,221,75,585.92,1875.16,4.21,-25.89,30.1,18.81,6.442e-05,5,10,11,Échoué
PRJ-0293,N'Djamena_Nord,Péri_Urbaine,10.937,17.2956,Saison_Seche,45.6,24.3,45.7,2,Plat,0,3709,66.29,90.27,1,95,42,32074745.0,30339854.0,65025583.0,66966064.0,0.971,178,273,95,204.07,1540.06,1.86,-19.81,21.67,17.39,4.981e-05,13,6,4,En_retard
PRJ-0294,Doba,Urbaine_Moyenne,9.7315,17.2666,Saison_Pluies,30.2,78.5,15.8,17,Accidenté,0,277,21.64,48.45,9,87,47,17396540.0,4819056.0,25293035.0,32684995.0,0.774,59,123,64,28.54,2004.21,3.56,-17.29,20.85,5.97,8.387e-05,19,13,10,Échoué
PRJ-0295,Doba,Urbaine_Dense,8.5334,19.0573,Intersaison,34.6,69.8,20.4,8,Accidenté,0,4521,71.19,143.82,5,61,48,45578479.0,46593227.0,92708045.0,83042792.0,1.116,19,47,28,323.94,2360.31,3.97,-12.53,16.5,9.55,7.933e-05,19,16,0,Réussi
PRJ-0296,N'Djamena_Sud,Péri_Urbaine,8.2964,19.6362,Saison_Pluies,32.3,71.3,11.4,14,Accidenté,0,4881,47.95,82.2,4,81,23,20628728.0,38734898.0,60168412.0,53016615.0,1.135,91,164,73,72.11,1532.5,1.07,-10.21,11.28,7.42,4.13e-05,29,2,2,Réussi
PRJ-0297,Abéché,Urbaine_Dense,12.3255,21.867,Saison_Pluies,30.1,88.1,43.2,18,Accidenté,1,4402,45.64,105.44,8,26,45,33405681.0,83733517.0,120005520.0,149044612.0,0.805,19,39,20,412.99,493.47,-4.93,-27.69,22.76,24.13,9.762e-05,7,5,14,En_retard
PRJ-0298,Kélo,Urbaine_Dense,11.6888,17.0801,Saison_Seche,39.1,11.5,27.5,1,Inondable,1,4978,13.44,17.4,9,112,21,6249794.0,40883144.0,48414225.0,37300722.0,1.298,144,206,62,196.01,1937.15,0.56,-19.43,19.99,11.58,5.869e-05,28,17,3,En_retard
PRJ-0299,N'Djamena_Sud,Rurale,9.5287,21.9574,Saison_Seche,37.3,15.2,26.6,0,Plat,1,4846,6.03,13.77,3,21,8,3272587.0,96326503.0,102554024.0,129230018.0,0.794,113,256,143,410.86,1644.54,3.02,-13.54,16.56,12.77,9.636e-05,12,7,8,En_retard
PRJ-0300,N'Djamena_Sud,Urbaine_Moyenne,11.2676,17.0554,Saison_Pluies,27.3,94.7,36.3,10,Accidenté,0,748,44.43,50.36,4,59,9,11287036.0,4958199.0,18339196.0,21414537.0,0.856,169,256,87,405.21,2337.33,-1.86,-13.67,11.81,20.28,7.193e-05,27,17,7,Réussi
PRJ-0301,N'Djamena_Centre,Péri_Urbaine,11.4379,14.082,Saison_Seche,46.0,27.1,9.4,1,Plat,1,487,37.71,81.25,1,85,33,19169053.0,2508202.0,26260609.0,24540651.0,1.07,63,151,88,283.51,716.73,4.28,-18.25,22.53,10.44,4.076e-05,6,5,1,Échoué
PRJ-0302,Doba,Urbaine_Dense,9.0601,19.319,Intersaison,38.1,41.8,53.9,5,Plat,0,1734,10.01,19.05,3,29,4,5482987.0,31319340.0,41575902.0,31187272.0,1.333,79,163,84,656.29,2426.59,4.97,-24.72,29.69,11.96,2.338e-05,17,6,5,Échoué
PRJ-0303,N'Djamena_Centre,Péri_Urbaine,12.7167,19.673,Saison_Seche,43.7,16.1,27.9,1,Inondable,1,2203,66.93,138.91,5,11,18,22657745.0,30399343.0,57966117.0,41243166.0,1.405,43,86,43,439.1,1401.97,0.49,-17.94,18.43,24.14,4.654e-05,12,10,3,Échoué
PRJ-0304,Bongor,Urbaine_Dense,13.7474,23.3127,Saison_Seche,36.5,14.8,22.0,1,Plat,0,4760,33.67,56.47,8,118,32,19467621.0,53904118.0,77916960.0,72112047.0,1.08,52,67,15,894.52,2411.79,0.31,-20.95,21.26,24.04,9.36e-05,6,5,10,En_retard
PRJ-0305,Abéché,Urbaine_Moyenne,13.8317,21.1236,Saison_Seche,42.3,15.5,7.6,2,Plat,0,2964,21.21,49.0,1,123,30,9050936.0,18464116.0,32451561.0,36449988.0,0.89,135,291,156,85.32,1970.9,1.55,-20.64,22.19,18.53,1.302e-05,10,14,4,En_retard
PRJ-0306,Kélo,Rurale,12.3198,23.1366,Intersaison,34.6,39.1,10.1,8,Accidenté,0,3267,63.17,97.18,1,66,25,17804315.0,44507608.0,65989585.0,65495820.0,1.008,142,139,0,416.52,2171.6,0.66,-22.08,22.74,17.21,4.603e-05,24,14,9,En_retard
PRJ-0307,Kélo,Péri_Urbaine,11.5931,23.0376,Saison_Seche,40.4,27.9,55.2,0,Plat,1,1009,73.09,108.53,3,41,33,21642487.0,11004037.0,37468964.0,42834188.0,0.875,156,267,111,778.19,843.41,-3.4,-25.4,22.0,6.25,3.469e-05,12,2,8,En_retard
PRJ-0308,N'Djamena_Nord,Urbaine_Moyenne,7.9881,19.848,Saison_Seche,37.9,28.4,27.4,2,Plat,0,1889,24.82,37.79,9,71,35,11119022.0,23148427.0,37655515.0,41509275.0,0.907,122,250,128,499.59,587.61,-2.29,-14.71,12.42,14.72,8.673e-05,16,9,3,Réussi
PRJ-0309,N'Djamena_Sud,Urbaine_Dense,9.8027,19.0415,Saison_Seche,45.5,29.8,43.3,1,Sableux,1,327,62.19,135.83,9,25,42,30071688.0,4727072.0,38940224.0,40643637.0,0.958,123,283,160,966.42,1579.0,-2.98,-15.25,12.27,8.96,8.041e-05,26,18,12,Échoué
PRJ-0310,Bongor,Rurale,8.2462,19.3531,Intersaison,33.3,55.0,4.8,8,Inondable,1,4270,52.38,93.94,1,105,34,22735601.0,62337747.0,86166943.0,110336723.0,0.781,63,111,48,183.07,967.11,-4.28,-18.23,13.95,22.16,5.521e-05,18,18,4,En_retard
PRJ-0311,Doba,Urbaine_Moyenne,15.2106,23.7725,Saison_Seche,45.8,29.2,38.6,1,Plat,0,3806,79.18,146.63,4,89,2,56146427.0,73870611.0,133588736.0,151894489.0,0.879,151,187,36,322.86,2465.44,-3.6,-21.61,18.01,19.21,4.151e-05,19,9,6,En_retard
PRJ-0312,Kélo,Péri_Urbaine,8.5806,21.6183,Saison_Seche,44.8,34.5,55.3,1,Plat,0,1393,16.72,37.86,8,111,13,13697769.0,20652341.0,39040075.0,48751999.0,0.801,147,330,183,124.99,1263.97,4.72,-13.19,17.91,11.95,6.842e-05,22,5,10,En_retard
PRJ-0313,Bongor,Péri_Urbaine,8.7142,14.6158,Saison_Seche,46.9,27.5,18.0,2,Sableux,1,4820,76.87,174.24,2,38,41,63257420.0,48638919.0,114826556.0,97062467.0,1.183,58,122,64,254.26,320.66,0.55,-25.12,25.67,16.52,9.531e-05,27,18,6,Échoué
PRJ-0314,Moundou,Urbaine_Dense,14.6166,21.6735,Saison_Pluies,29.2,72.1,34.7,24,Plat,0,764,25.56,33.9,4,113,23,9980515.0,7597592.0,18918796.0,21343879.0,0.886,20,21,1,675.81,1272.07,-3.74,-20.18,16.44,13.21,1.012e-05,15,12,5,Réussi
PRJ-0315,Moundou,Urbaine_Dense,15.0514,15.2906,Saison_Seche,36.0,27.9,56.4,2,Accidenté,1,1555,33.25,62.17,7,91,23,22792550.0,18904779.0,44568328.0,47183674.0,0.945,168,384,216,492.08,1360.95,2.13,-16.24,18.37,5.25,8.988e-05,8,6,12,En_retard
PRJ-0316,N'Djamena_Centre,Péri_Urbaine,13.6266,18.1972,Saison_Seche,39.0,32.5,43.2,1,Accidenté,1,3971,29.03,37.05,7,107,31,12768966.0,35301854.0,51752054.0,64926971.0,0.797,147,357,210,170.45,61.59,-0.23,-13.21,12.98,23.64,2.942e-05,25,17,2,En_retard
PRJ-0317,Doba,Urbaine_Dense,7.5432,15.7098,Saison_Seche,36.5,13.2,3.7,0,Inondable,0,2764,21.84,50.58,5,49,2,19640679.0,29427160.0,53031887.0,53364493.0,0.994,30,51,21,479.95,651.45,-2.75,-16.31,13.56,27.05,4.2e-07,24,14,0,Réussi
PRJ-0318,N'Djamena_Nord,Urbaine_Dense,7.5108,20.7406,Saison_Pluies,32.2,83.8,22.7,24,Sableux,0,1397,55.61,126.34,7,81,2,20984076.0,24631473.0,48472208.0,42063447.0,1.152,138,119,0,848.93,53.28,4.44,-25.88,30.32,27.98,7.41e-05,17,10,11,Échoué
PRJ-0319,Kélo,Rurale,10.5248,22.7118,Saison_Pluies,31.6,86.1,5.1,19,Plat,1,2492,47.34,108.37,6,10,5,17033790.0,44597889.0,63109835.0,58749158.0,1.074,55,130,75,445.43,1424.45,-2.75,-26.18,23.43,23.89,7.884e-05,10,19,8,En_retard
PRJ-0320,N'Djamena_Sud,Urbaine_Moyenne,8.6472,16.5488,Saison_Pluies,29.4,80.4,51.7,11,Accidenté,1,4918,24.8,51.75,2,92,14,10026950.0,70902251.0,85599301.0,71158518.0,1.203,116,117,1,23.08,765.73,-4.02,-27.09,23.07,24.83,3.048e-05,28,3,14,Échoué
PRJ-0321,N'Djamena_Sud,Péri_Urbaine,7.6471,14.3611,Intersaison,35.6,58.4,37.3,3,Inondable,0,4010,11.01,19.31,9,107,23,7381657.0,55107883.0,66470818.0,55302644.0,1.202,83,156,73,64.37,474.36,-2.94,-17.92,14.98,2.62,7.784e-05,4,10,5,En_retard
PRJ-0322,Kélo,Urbaine_Moyenne,11.2125,16.6342,Intersaison,33.3,45.0,57.4,5,Sableux,0,1802,25.73,42.88,5,62,35,12923658.0,20554508.0,35196264.0,34571634.0,1.018,29,43,14,443.74,2104.53,4.12,-23.63,27.75,23.67,7.98e-05,28,14,2,Réussi
PRJ-0323,Abéché,Urbaine_Moyenne,15.0445,20.5598,Saison_Seche,35.3,17.1,1.2,0,Sableux,1,2555,30.81,50.94,2,17,46,13067543.0,37145826.0,54366527.0,67172090.0,0.809,30,75,45,597.31,123.54,3.58,-25.13,28.71,9.8,6.753e-05,22,15,0,En_retard
PRJ-0324,N'Djamena_Nord,Urbaine_Dense,10.0906,16.952,Saison_Pluies,30.5,73.6,25.4,14,Inondable,0,1787,30.76,36.69,6,78,1,10206342.0,30541260.0,42812984.0,34897788.0,1.227,174,410,236,887.67,1744.69,3.94,-26.47,30.41,5.0,3.86e-06,17,16,11,Échoué
PRJ-0325,Bongor,Urbaine_Dense,12.7891,16.4202,Saison_Pluies,28.5,92.3,6.3,20,Sableux,1,4219,28.9,70.18,5,29,41,25082413.0,67789651.0,94778005.0,82714851.0,1.146,151,322,171,982.14,1453.85,4.16,-16.45,20.61,16.14,6.674e-05,29,6,11,Échoué
PRJ-0326,Abéché,Urbaine_Dense,12.7179,15.4366,Intersaison,36.8,46.7,21.0,3,Plat,1,1158,4.37,7.56,2,30,48,2890018.0,6405932.0,13679795.0,16577078.0,0.825,66,75,9,980.57,1940.3,-4.23,-14.44,10.21,17.54,9.324e-05,23,14,12,En_retard
PRJ-0327,Abéché,Urbaine_Moyenne,9.5086,18.7239,Saison_Seche,40.0,20.5,9.7,1,Plat,1,2729,37.39,89.82,7,83,49,29858387.0,43573806.0,77861751.0,70352278.0,1.107,66,131,65,562.32,374.05,2.11,-12.56,14.67,15.06,6.203e-05,27,4,5,En_retard
PRJ-0328,N'Djamena_Centre,Péri_Urbaine,12.7034,16.3975,Saison_Pluies,25.5,73.6,19.7,23,Plat,0,1087,66.98,156.13,2,110,40,53078261.0,17173747.0,72545174.0,92672690.0,0.783,78,138,60,45.37,2185.37,1.65,-17.28,18.93,19.93,3.669e-05,8,13,2,Réussi
PRJ-0329,Moundou,Urbaine_Moyenne,9.1987,21.1756,Saison_Seche,42.4,18.7,49.2,2,Plat,1,961,14.84,33.54,7,20,15,7717370.0,6231949.0,14489472.0,12480538.0,1.161,161,166,5,221.35,838.0,4.93,-21.62,26.55,21.71,5.635e-05,29,8,0,Échoué
PRJ-0330,Abéché,Urbaine_Moyenne,8.4761,14.3045,Intersaison,29.3,45.1,9.6,7,Accidenté,0,4939,12.08,23.24,6,47,30,6199474.0,35826076.0,43365095.0,41859721.0,1.036,160,344,184,439.99,70.94,2.15,-19.53,21.68,4.98,9.931e-05,8,9,12,Échoué
PRJ-0331,Abéché,Urbaine_Moyenne,13.1111,20.4723,Saison_Seche,36.3,19.7,28.4,0,Sableux,0,2146,38.01,47.22,4,20,21,17532906.0,36092775.0,58217514.0,44091964.0,1.32,56,53,0,880.88,1658.86,2.92,-16.55,19.47,18.89,4.726e-05,21,11,4,Réussi
PRJ-0332,Sarh,Urbaine_Dense,8.4075,15.9944,Saison_Seche,42.8,30.1,55.3,0,Accidenté,0,3063,29.96,46.54,4,104,8,16125343.0,40997776.0,61667491.0,79878239.0,0.772,175,283,108,31.34,2155.41,2.15,-15.17,17.32,2.58,8.416e-05,2,5,0,En_retard
PRJ-0333,N'Djamena_Centre,Urbaine_Moyenne,15.4753,18.6374,Saison_Seche,38.7,34.5,59.9,1,Inondable,0,408,45.12,87.76,6,102,7,28176904.0,7068369.0,37785324.0,46630310.0,0.81,150,229,79,514.25,916.54,1.21,-16.39,17.6,14.01,1.385e-05,9,5,2,Réussi
PRJ-0334,Doba,Urbaine_Dense,8.9676,16.5039,Saison_Seche,39.2,19.7,15.0,1,Plat,1,1126,75.79,84.8,9,119,41,14103233.0,8750328.0,24722086.0,29432567.0,0.84,17,37,20,656.93,1342.56,0.53,-10.69,11.22,3.9,5.65e-06,27,18,2,Réussi
PRJ-0335,Sarh,Urbaine_Dense,12.2531,21.0891,Saison_Pluies,28.2,83.5,56.1,11,Inondable,1,2153,60.99,70.73,6,58,34,11308086.0,11753704.0,24924157.0,19799887.0,1.259,111,169,58,295.35,1060.22,4.69,-14.5,19.19,14.04,3.901e-05,2,16,14,Échoué
PRJ-0336,Sarh,Urbaine_Dense,10.791,23.4257,Saison_Seche,46.7,34.7,15.7,0,Accidenté,0,3577,55.12,112.93,6,71,42,20621327.0,26573985.0,51732689.0,66301382.0,0.78,169,335,166,322.52,154.04,4.36,-14.49,18.85,6.09,1.378e-05,13,19,14,En_retard
PRJ-0337,Kélo,Urbaine_Moyenne,8.5111,23.1293,Saison_Seche,46.6,34.6,24.8,0,Inondable,0,2352,33.57,78.67,1,99,37,23235009.0,27726671.0,52922980.0,66550159.0,0.795,154,248,94,394.54,1895.17,-0.62,-13.24,12.62,22.3,3.305e-05,18,9,14,En_retard
PRJ-0338,Moundou,Péri_Urbaine,7.7228,19.626,Intersaison,34.3,57.7,52.7,9,Plat,0,4150,23.35,53.64,5,90,48,15238948.0,53324974.0,71366033.0,68611509.0,1.04,14,25,11,281.85,2356.61,-2.16,-19.71,17.55,27.09,7.154e-05,26,11,5,Réussi
PRJ-0339,Abéché,Urbaine_Dense,12.4819,18.3574,Saison_Seche,38.2,22.1,47.2,1,Accidenté,0,1654,43.45,58.02,1,92,32,22376730.0,29549565.0,55715845.0,61787881.0,0.902,81,98,17,442.82,1079.19,0.09,-23.25,23.34,5.92,4.455e-05,27,11,3,Réussi
PRJ-0340,Moundou,Urbaine_Dense,13.9541,22.0922,Saison_Pluies,34.0,73.8,51.4,21,Accidenté,1,1125,70.89,168.42,9,103,33,54515855.0,17710884.0,73669404.0,95436875.0,0.772,132,151,19,166.51,403.87,2.46,-13.31,15.77,22.36,3.212e-05,11,14,7,Réussi
PRJ-0341,N'Djamena_Nord,Urbaine_Moyenne,14.2361,20.6749,Saison_Seche,38.2,17.9,48.0,1,Accidenté,0,4098,70.2,145.65,4,97,6,32551778.0,81369313.0,115563367.0,109305279.0,1.057,134,269,135,207.34,1287.43,-0.99,-19.64,18.65,5.24,8.915e-05,29,10,2,Réussi
PRJ-0342,Kélo,Urbaine_Dense,11.3617,15.4274,Saison_Seche,41.4,22.3,14.1,0,Plat,1,378,35.92,75.53,2,20,42,14378954.0,2336340.0,18826573.0,14455559.0,1.302,103,104,1,46.76,2266.65,0.37,-17.07,17.44,13.58,9.4e-07,20,9,7,En_retard
PRJ-0343,Doba,Rurale,13.7196,22.1197,Intersaison,32.4,62.4,33.5,6,Plat,1,3282,20.07,30.62,9,36,10,11096177.0,22820783.0,37360965.0,45605313.0,0.819,149,164,15,417.2,1534.26,-2.01,-20.27,18.26,19.14,8.14e-05,10,5,12,En_retard
PRJ-0344,Moundou,Urbaine_Moyenne,12.8828,18.0033,Saison_Pluies,25.3,72.9,23.1,15,Plat,0,3527,18.41,38.71,6,78,26,10254512.0,22097833.0,36531053.0,36015639.0,1.014,77,185,108,710.26,570.28,-0.72,-20.87,20.15,16.59,6.213e-05,11,11,11,Échoué
PRJ-0345,N'Djamena_Sud,Urbaine_Moyenne,13.294,15.4843,Saison_Seche,39.9,23.4,27.6,1,Inondable,0,1052,3.2,6.7,3,54,45,2099561.0,13756868.0,18816605.0,24314472.0,0.774,147,181,34,511.09,1405.36,4.57,-15.92,20.49,2.66,4.65e-06,12,9,6,En_retard
PRJ-0346,N'Djamena_Nord,Urbaine_Moyenne,11.4408,16.4589,Intersaison,32.1,56.1,9.2,2,Inondable,0,4928,67.49,130.43,2,33,26,37992420.0,44366348.0,83456947.0,86005365.0,0.97,57,77,20,535.35,850.82,-2.85,-16.02,13.17,11.52,3.42e-06,11,13,1,Réussi
PRJ-0347,N'Djamena_Centre,Urbaine_Dense,12.5673,16.309,Intersaison,36.7,58.7,18.9,9,Sableux,0,626,21.55,34.48,6,77,19,6098274.0,9549313.0,18155692.0,13030096.0,1.393,165,310,145,455.45,107.72,4.89,-22.44,27.33,14.63,1.719e-05,29,19,11,Échoué
PRJ-0348,Doba,Urbaine_Moyenne,13.9442,18.9517,Intersaison,28.2,66.0,51.5,6,Accidenté,0,376,29.04,64.92,6,103,35,10664058.0,2628377.0,14367043.0,14295728.0,1.005,14,22,8,589.0,2288.42,-2.84,-24.6,21.76,12.35,9.774e-05,18,8,12,En_retard
PRJ-0349,N'Djamena_Nord,Urbaine_Moyenne,10.6831,15.9609,Saison_Seche,41.5,22.6,53.9,0,Plat,0,1577,64.83,156.4,9,107,45,38201411.0,10325993.0,49424741.0,55891340.0,0.884,53,93,40,237.38,1996.42,-1.81,-25.64,23.83,20.3,8.57e-06,8,4,13,Échoué
PRJ-0350,Kélo,Rurale,13.9478,14.7974,Saison_Seche,43.1,28.8,36.6,1,Inondable,1,2871,10.04,23.27,5,125,4,5593819.0,34172026.0,42919120.0,30713696.0,1.397,168,176,8,215.44,2313.99,-4.13,-25.95,21.82,26.76,7.389e-05,6,12,7,Échoué
PRJ-0351,Sarh,Urbaine_Dense,12.2361,14.7988,Saison_Pluies,34.7,88.1,29.9,21,Accidenté,0,1515,37.17,53.53,9,30,25,17046603.0,16117290.0,37966848.0,35995200.0,1.055,25,49,24,942.54,1722.85,2.52,-13.28,15.8,20.36,4.016e-05,29,7,0,Réussi
PRJ-0352,Sarh,Urbaine_Moyenne,8.8272,19.6244,Saison_Pluies,34.5,87.5,42.8,14,Plat,1,3275,10.23,17.64,5,123,8,5434004.0,57107726.0,66810983.0,53003566.0,1.26,132,141,9,455.91,1151.86,-4.82,-22.85,18.03,18.11,2.366e-05,29,8,8,En_retard
PRJ-0353,Kélo,Urbaine_Moyenne,7.6975,21.215,Saison_Seche,41.7,31.3,36.5,0,Inondable,0,2331,35.63,56.27,2,82,12,22071077.0,40940078.0,66996276.0,72748448.0,0.921,32,66,34,828.9,1258.31,2.88,-15.79,18.67,5.32,5.75e-05,21,19,6,Réussi
PRJ-0354,Bongor,Urbaine_Dense,10.402,16.8761,Saison_Pluies,34.3,71.5,59.0,15,Plat,0,4797,4.25,8.88,1,63,24,3236981.0,32434580.0,39443313.0,50266854.0,0.785,102,172,70,917.66,551.32,0.77,-22.83,23.6,11.12,3.682e-05,28,8,5,En_retard
PRJ-0355,Sarh,Urbaine_Moyenne,11.8736,13.8638,Saison_Seche,35.3,32.2,11.4,2,Plat,0,2430,41.65,94.3,9,92,24,25851933.0,41759165.0,72148173.0,77541317.0,0.93,120,263,143,618.73,996.43,2.49,-16.0,18.49,16.9,3.102e-05,13,19,7,Réussi
PRJ-0356,N'Djamena_Centre,Péri_Urbaine,14.2186,14.8359,Saison_Pluies,34.0,81.7,26.9,17,Inondable,0,544,63.76,89.4,7,26,17,24585567.0,7323586.0,35796911.0,39982523.0,0.895,30,33,3,305.81,451.43,2.83,-10.29,13.12,28.09,2.396e-05,6,4,13,En_retard
PRJ-0357,N'Djamena_Centre,Péri_Urbaine,8.5199,23.1043,Saison_Seche,38.0,21.5,55.1,2,Inondable,0,1188,54.27,131.67,3,105,25,41941149.0,14913408.0,60175505.0,56440877.0,1.066,139,200,61,683.01,1209.98,-3.76,-26.81,23.05,9.84,4.578e-05,2,10,8,En_retard
PRJ-0358,N'Djamena_Sud,Urbaine_Dense,13.9017,18.6822,Saison_Pluies,28.5,79.5,54.9,24,Inondable,1,2466,40.98,83.94,6,120,33,14985191.0,15835297.0,32961548.0,34210280.0,0.963,32,72,40,436.6,1632.5,-4.79,-16.23,11.44,10.8,1.696e-05,11,15,14,Échoué
PRJ-0359,Abéché,Péri_Urbaine,14.4041,18.2625,Saison_Seche,44.0,19.1,29.7,2,Plat,1,1406,66.39,93.33,4,118,27,37329447.0,22628813.0,60912508.0,62515398.0,0.974,148,319,171,973.34,678.66,-3.31,-22.91,19.6,18.1,8.519e-05,8,8,12,Échoué
PRJ-0360,Bongor,Rurale,8.7055,13.8995,Intersaison,33.6,62.2,8.1,7,Sableux,1,1203,18.61,30.14,9,123,2,8430219.0,7091092.0,18095961.0,20914657.0,0.865,127,310,183,813.18,2362.23,-1.16,-26.51,25.35,27.09,5.917e-05,28,15,7,En_retard
PRJ-0361,Doba,Rurale,14.3128,21.1507,Saison_Pluies,33.4,77.9,48.9,14,Inondable,1,3299,66.55,82.95,2,57,9,31311652.0,30236577.0,66209758.0,80388378.0,0.824,132,155,23,816.8,1634.77,-4.27,-26.58,22.31,16.75,6.29e-06,13,16,5,En_retard
PRJ-0362,Sarh,Urbaine_Dense,15.4316,19.0447,Saison_Pluies,33.8,94.1,35.1,21,Inondable,1,2192,22.47,43.5,4,115,33,17045000.0,14097789.0,34266740.0,37615682.0,0.911,139,239,100,592.8,588.8,-0.43,-21.31,20.88,6.06,4.57e-05,3,7,3,Échoué
PRJ-0363,N'Djamena_Centre,Péri_Urbaine,13.3147,15.6218,Intersaison,29.5,49.3,46.4,4,Inondable,1,3438,29.32,39.2,1,42,19,11580099.0,44561686.0,57472054.0,74017412.0,0.776,91,76,0,18.33,459.15,-2.15,-18.27,16.12,3.19,6.296e-05,29,8,8,Réussi
PRJ-0364,Kélo,Urbaine_Dense,13.7782,14.6558,Saison_Pluies,33.2,70.4,27.8,10,Accidenté,0,1174,10.71,22.17,7,56,49,3898310.0,17232501.0,24551416.0,29387383.0,0.835,150,366,216,833.5,466.43,-1.36,-16.35,14.99,26.78,8.616e-05,10,13,7,Réussi
PRJ-0365,Sarh,Rurale,15.4553,17.5256,Intersaison,34.2,39.7,12.2,4,Plat,1,851,8.59,18.32,4,102,5,5373924.0,15626766.0,23595270.0,18281333.0,1.291,54,59,5,35.12,2435.95,4.4,-17.78,22.18,20.43,2.35e-06,6,13,7,En_retard
PRJ-0366,Abéché,Urbaine_Moyenne,12.3439,22.2902,Saison_Seche,35.2,34.5,1.4,2,Inondable,1,2092,74.6,132.12,5,53,47,39558130.0,33488901.0,77738241.0,78086916.0,0.996,81,189,108,131.13,629.73,2.24,-11.84,14.08,7.4,4.563e-05,6,2,2,En_retard
PRJ-0367,Kélo,Urbaine_Dense,9.9631,22.5856,Saison_Seche,45.3,20.2,33.5,1,Inondable,1,257,15.6,19.21,1,100,20,6671600.0,4990057.0,12885887.0,16003520.0,0.805,147,287,140,840.28,462.52,1.58,-25.24,26.82,22.01,7.058e-05,15,15,9,Échoué
PRJ-0368,N'Djamena_Nord,Péri_Urbaine,14.2002,19.8299,Saison_Seche,36.7,22.9,9.7,1,Plat,0,2704,27.0,52.79,2,77,24,8555006.0,44384125.0,56643184.0,71730715.0,0.79,100,239,139,226.61,451.77,1.54,-13.08,14.62,21.87,1.961e-05,20,6,8,Réussi
PRJ-0369,N'Djamena_Nord,Urbaine_Dense,12.4159,21.1391,Saison_Seche,45.0,14.9,11.2,0,Inondable,0,522,42.57,69.01,4,107,31,18396606.0,4943912.0,26907729.0,24973697.0,1.077,90,110,20,842.71,893.52,0.55,-18.49,19.04,23.39,2.213e-05,27,18,14,En_retard
PRJ-0370,Sarh,Rurale,12.1496,14.7091,Intersaison,30.6,56.6,26.2,9,Accidenté,1,1688,28.16,68.41,2,60,44,26043178.0,22304847.0,53273962.0,60488452.0,0.881,30,42,12,243.99,1557.52,0.13,-12.51,12.64,26.87,4.897e-05,19,7,13,En_retard
PRJ-0371,Abéché,Rurale,9.5291,19.6753,Saison_Seche,42.8,30.3,26.5,1,Accidenté,1,185,69.68,126.71,1,38,4,50408377.0,2195782.0,55646264.0,52659578.0,1.057,10,11,1,773.0,243.74,3.82,-20.32,24.14,5.41,8.845e-05,9,2,6,En_retard
PRJ-0372,Bongor,Péri_Urbaine,13.5507,20.5031,Saison_Pluies,33.0,74.0,16.5,10,Plat,1,4406,72.11,86.62,1,103,32,17137392.0,59434873.0,80994348.0,62705487.0,1.292,153,232,79,546.75,440.61,-4.25,-19.33,15.08,28.75,3.983e-05,26,2,0,En_retard
PRJ-0373,Sarh,Urbaine_Dense,8.1533,15.6075,Saison_Pluies,31.3,86.3,7.9,15,Plat,1,1220,26.42,52.59,6,111,47,19334700.0,16569235.0,36515148.0,44941631.0,0.813,143,345,202,674.28,2442.31,-2.11,-20.4,18.29,29.96,4.845e-05,4,1,1,En_retard
PRJ-0374,N'Djamena_Centre,Péri_Urbaine,14.8943,22.7416,Saison_Pluies,28.2,77.3,56.7,13,Plat,0,507,7.82,17.13,2,91,35,3195818.0,7874479.0,12123311.0,15265332.0,0.794,85,151,66,839.7,1563.59,-3.96,-26.26,22.3,1.42,6.358e-05,29,14,10,Échoué
PRJ-0375,Moundou,Urbaine_Dense,10.1066,15.5475,Saison_Pluies,27.3,94.3,7.9,14,Inondable,0,1486,17.21,22.8,3,29,14,8214694.0,9281047.0,19552465.0,19608196.0,0.997,121,182,61,984.19,392.22,-4.89,-25.39,20.5,3.65,3.108e-05,15,2,1,Échoué
PRJ-0376,Sarh,Urbaine_Dense,8.5222,16.7915,Saison_Pluies,33.8,81.3,21.0,24,Plat,1,3621,38.21,66.05,5,74,36,14486048.0,58664462.0,76437483.0,54345862.0,1.407,20,27,7,94.83,1397.74,-4.86,-18.68,13.82,13.58,8.671e-05,12,10,0,En_retard
PRJ-0377,Sarh,Péri_Urbaine,11.0389,20.0158,Saison_Seche,40.8,13.7,18.3,0,Plat,0,2198,23.43,50.15,3,15,6,19553802.0,15729227.0,37803886.0,44972325.0,0.841,105,188,83,688.53,640.3,-4.76,-18.4,13.64,2.0,9.619e-05,9,4,0,Réussi
PRJ-0378,Kélo,Urbaine_Dense,7.8398,20.2027,Saison_Seche,42.5,11.0,52.0,1,Sableux,1,4292,36.55,41.25,6,116,17,13359810.0,23147226.0,37919169.0,37394983.0,1.014,29,59,30,959.14,2435.36,1.82,-19.58,21.4,22.31,6.503e-05,23,4,3,En_retard
PRJ-0379,Moundou,Urbaine_Moyenne,12.977,20.8435,Saison_Pluies,25.4,77.7,24.6,22,Plat,1,4862,60.82,69.37,7,26,18,17327076.0,62153781.0,82632274.0,61562450.0,1.342,30,45,15,380.06,1002.59,-3.89,-27.77,23.88,19.87,6.385e-05,13,7,6,En_retard
PRJ-0380,N'Djamena_Centre,Rurale,14.7216,14.6761,Saison_Pluies,33.0,73.7,7.4,15,Inondable,0,556,33.94,69.5,6,38,8,15306912.0,7629518.0,25986576.0,21143585.0,1.229,45,54,9,340.41,398.82,-2.98,-18.9,15.92,23.5,6.736e-05,12,5,5,En_retard
PRJ-0381,Sarh,Urbaine_Dense,14.1981,22.4194,Saison_Seche,35.8,34.6,0.6,1,Sableux,0,2655,16.16,34.18,2,39,12,7137105.0,14662944.0,24660063.0,19512808.0,1.264,47,84,37,683.18,1551.77,-0.81,-25.59,24.78,29.95,1.939e-05,10,12,12,Échoué
PRJ-0382,Kélo,Urbaine_Dense,8.519,19.0949,Intersaison,38.6,65.7,43.3,9,Accidenté,1,2433,28.96,66.15,9,86,17,21181103.0,30973469.0,53062075.0,58992681.0,0.899,65,92,27,407.93,386.4,-2.31,-17.81,15.5,28.07,7.324e-05,27,12,11,En_retard
PRJ-0383,Abéché,Rurale,8.5102,18.4489,Saison_Seche,38.5,18.4,42.9,1,Inondable,0,495,59.57,98.85,2,62,31,36964735.0,6444184.0,48080534.0,42293835.0,1.137,100,249,149,222.32,1319.27,3.17,-22.81,25.98,9.7,3.47e-05,5,6,6,En_retard
PRJ-0384,Sarh,Urbaine_Dense,14.0075,23.8015,Saison_Seche,46.0,12.9,25.1,0,Sableux,0,2831,34.21,56.3,6,110,1,19070808.0,16384196.0,38620153.0,29992963.0,1.288,20,31,11,169.85,2137.97,1.23,-10.15,11.38,12.5,9.934e-05,20,18,11,En_retard
PRJ-0385,Moundou,Péri_Urbaine,14.894,21.274,Saison_Seche,45.4,30.9,7.6,2,Sableux,1,493,20.34,38.1,9,38,11,13666389.0,7727173.0,23081525.0,28865508.0,0.8,27,42,15,200.7,897.04,-1.67,-21.53,19.86,23.5,7.522e-05,8,2,7,Réussi
PRJ-0386,N'Djamena_Sud,Rurale,11.1854,14.7391,Saison_Pluies,27.1,70.3,22.3,21,Accidenté,1,167,34.48,74.49,9,74,42,25724819.0,1361776.0,30679977.0,39083794.0,0.785,90,200,110,707.27,1219.83,-1.82,-13.23,11.41,12.26,5.838e-05,18,19,7,En_retard
PRJ-0387,Moundou,Rurale,11.4918,21.4437,Saison_Pluies,29.5,73.3,35.4,19,Plat,1,1590,36.66,73.22,2,58,16,28906298.0,26897852.0,57734736.0,45214700.0,1.277,107,131,24,919.51,315.4,1.84,-23.58,25.42,21.26,9.122e-05,17,16,11,Échoué
PRJ-0388,N'Djamena_Nord,Péri_Urbaine,10.0461,14.5001,Saison_Seche,45.7,23.5,42.2,2,Accidenté,0,2820,24.06,37.49,9,103,37,12726027.0,27247776.0,42750155.0,35830680.0,1.193,54,49,0,807.95,1633.54,-3.29,-24.59,21.3,27.64,9.7e-05,20,2,11,Échoué
PRJ-0389,N'Djamena_Centre,Urbaine_Dense,14.6541,13.7884,Saison_Seche,45.7,27.8,4.7,0,Inondable,0,616,79.66,126.27,8,81,49,25576889.0,7495727.0,35107709.0,37048197.0,0.948,163,367,204,453.72,324.69,-2.19,-24.02,21.83,12.77,8.181e-05,24,17,11,Échoué
PRJ-0390,Doba,Urbaine_Dense,12.6592,17.7381,Saison_Pluies,32.8,73.9,33.4,24,Sableux,1,3652,61.53,133.41,7,99,28,46413288.0,67115591.0,117990652.0,93248568.0,1.265,135,243,108,533.32,851.06,-1.47,-22.0,20.53,17.26,7.566e-05,13,7,2,Échoué
PRJ-0391,Sarh,Péri_Urbaine,9.806,23.9326,Saison_Seche,45.1,13.4,16.6,0,Inondable,1,1986,55.55,102.68,8,34,9,23669520.0,33946086.0,62588519.0,49767575.0,1.258,68,84,16,623.97,2110.9,-0.45,-12.72,12.27,25.4,6.07e-06,8,7,6,En_retard
PRJ-0392,Moundou,Rurale,9.8903,15.3363,Saison_Seche,40.8,10.4,37.0,2,Accidenté,1,4233,68.46,84.7,8,55,8,33791062.0,70809428.0,105825809.0,95449125.0,1.109,143,198,55,584.15,417.3,-3.09,-14.25,11.16,14.85,7.06e-05,26,12,5,En_retard
PRJ-0393,Doba,Urbaine_Moyenne,14.6296,20.5628,Saison_Pluies,29.2,73.9,38.9,16,Accidenté,0,1702,53.48,70.28,1,117,25,17160138.0,12605885.0,30372128.0,38557483.0,0.788,52,79,27,968.79,2108.42,-3.43,-20.16,16.73,9.38,3.358e-05,15,11,12,Réussi
PRJ-0394,Kélo,Urbaine_Dense,7.6091,15.3207,Saison_Seche,40.7,32.7,54.6,1,Plat,0,4621,63.38,145.25,9,111,10,32419573.0,26441990.0,60348514.0,77093134.0,0.783,103,202,99,887.83,1594.9,4.9,-24.61,29.51,8.49,9.299e-05,27,17,12,Échoué
PRJ-0395,N'Djamena_Sud,Urbaine_Dense,10.0818,21.1103,Intersaison,29.2,69.1,24.6,8,Plat,0,4440,33.3,83.19,6,50,40,17453594.0,62543546.0,83151924.0,100204134.0,0.83,112,179,67,53.1,395.56,4.13,-27.12,31.25,3.08,6.118e-05,26,11,13,Échoué
PRJ-0396,N'Djamena_Centre,Urbaine_Dense,11.9349,18.8062,Saison_Seche,40.9,14.9,32.3,0,Inondable,0,4865,40.28,63.24,1,102,3,19897117.0,54295223.0,75475120.0,84337994.0,0.895,26,38,12,837.41,462.81,0.24,-16.87,17.11,10.58,3.707e-05,12,8,12,Réussi
PRJ-0397,Moundou,Péri_Urbaine,8.6857,20.6397,Saison_Pluies,27.2,73.8,16.1,13,Plat,0,4831,4.24,6.96,1,58,23,1234045.0,90031285.0,95417010.0,108050606.0,0.883,86,183,97,122.92,1674.87,2.66,-15.28,17.94,20.89,3.39e-05,12,6,10,En_retard
PRJ-0398,Doba,Urbaine_Moyenne,8.2368,15.6302,Saison_Pluies,28.2,79.8,17.2,19,Plat,1,2736,22.81,30.02,7,105,23,11659467.0,28027308.0,42025793.0,41258558.0,1.019,126,116,0,693.31,1836.47,1.74,-17.09,18.83,2.71,5.548e-05,8,6,7,Réussi
PRJ-0399,N'Djamena_Sud,Rurale,14.0222,21.3291,Intersaison,38.0,47.9,2.8,3,Inondable,0,1253,29.76,42.56,2,76,44,9515487.0,13981256.0,26744140.0,27228016.0,0.982,55,105,50,292.79,1656.55,-4.25,-18.98,14.73,8.95,4.915e-05,12,15,2,Réussi
PRJ-0400,N'Djamena_Nord,Péri_Urbaine,14.6552,23.954,Saison_Seche,40.2,32.0,17.2,1,Plat,0,2987,50.22,85.1,6,82,4,19049648.0,38502454.0,60102382.0,64950937.0,0.925,178,278,100,775.65,1799.43,0.18,-10.49,10.67,4.24,3.909e-05,4,12,13,En_retard
PRJ-0401,N'Djamena_Centre,Urbaine_Dense,14.0889,20.4893,Saison_Pluies,33.4,89.4,3.8,17,Sableux,0,455,37.4,56.03,5,78,23,9049771.0,7710435.0,21325182.0,24284520.0,0.878,150,205,55,18.52,935.88,-3.16,-27.56,24.4,12.73,2.085e-05,16,9,10,Échoué
PRJ-0402,N'Djamena_Centre,Urbaine_Moyenne,14.6903,18.6815,Saison_Pluies,30.8,83.8,57.8,22,Plat,1,3957,48.82,101.64,5,79,9,21497305.0,35709890.0,57865304.0,43868133.0,1.319,143,340,197,388.45,53.52,0.84,-10.21,11.05,3.71,7.965e-05,4,13,8,En_retard
PRJ-0403,N'Djamena_Nord,Urbaine_Moyenne,11.9249,23.1933,Saison_Pluies,29.0,86.2,37.5,11,Sableux,1,4264,57.21,106.01,6,88,4,27005500.0,81558849.0,112346208.0,93801467.0,1.198,170,361,191,31.31,1345.81,-4.38,-23.03,18.65,22.64,4.334e-05,22,15,4,En_retard
PRJ-0404,Sarh,Urbaine_Moyenne,13.9981,13.6664,Saison_Pluies,34.5,78.2,10.4,19,Accidenté,1,4129,3.9,8.78,8,115,34,2128286.0,54085014.0,59648075.0,76216277.0,0.783,141,165,24,953.99,1506.57,-3.37,-21.1,17.73,27.91,9.89e-06,10,15,1,Réussi
PRJ-0405,N'Djamena_Nord,Péri_Urbaine,10.5723,21.1642,Saison_Pluies,27.5,74.0,7.0,17,Plat,1,362,21.03,44.46,5,57,39,9703616.0,6376507.0,19502941.0,17573815.0,1.11,57,109,52,25.21,1734.75,2.82,-14.45,17.27,6.58,8.54e-06,18,13,3,En_retard
PRJ-0406,N'Djamena_Centre,Péri_Urbaine,12.8301,22.8318,Intersaison,38.8,48.8,22.2,4,Inondable,1,212,14.09,18.03,8,68,18,2888153.0,2731467.0,7982572.0,6873669.0,1.161,108,237,129,163.74,616.72,3.43,-23.91,27.34,8.27,2.381e-05,18,9,6,Échoué
PRJ-0407,N'Djamena_Centre,Péri_Urbaine,15.4107,14.1476,Saison_Seche,35.4,26.0,18.5,1,Sableux,1,1578,15.4,19.6,5,110,34,4412849.0,26163079.0,31146467.0,29687155.0,1.049,36,89,53,543.88,467.07,4.07,-15.22,19.29,5.64,5.522e-05,26,11,0,En_retard
PRJ-0408,Doba,Urbaine_Dense,9.3058,18.2257,Saison_Seche,43.1,34.1,16.8,1,Accidenté,0,4438,40.5,95.33,6,48,34,32849072.0,25613079.0,62063734.0,54277991.0,1.143,15,30,15,649.69,2084.25,3.97,-22.01,25.98,6.44,1.48e-05,13,11,0,En_retard
PRJ-0409,N'Djamena_Sud,Urbaine_Dense,10.6192,15.6496,Intersaison,28.2,48.9,28.1,8,Inondable,0,4835,59.33,133.33,8,58,42,34625544.0,82137885.0,120996049.0,91316700.0,1.325,67,132,65,731.7,2111.18,4.07,-11.07,15.14,10.04,2.15e-05,8,9,11,Échoué
PRJ-0410,N'Djamena_Nord,Péri_Urbaine,11.3404,19.4484,Saison_Seche,40.3,19.4,54.8,0,Sableux,0,1615,22.19,38.95,2,85,3,8673925.0,20767917.0,30325378.0,25011665.0,1.212,10,18,8,254.43,2469.65,-4.05,-24.91,20.86,9.15,5.017e-05,12,17,8,En_retard
PRJ-0411,N'Djamena_Sud,Urbaine_Dense,8.6041,20.3202,Intersaison,29.6,42.3,34.1,3,Plat,0,4818,66.04,84.7,7,31,19,19158973.0,56569265.0,78215517.0,84793120.0,0.922,37,32,0,307.99,882.41,1.59,-11.23,12.82,12.17,2.178e-05,15,6,2,Réussi
PRJ-0412,N'Djamena_Nord,Urbaine_Dense,8.1483,16.6775,Saison_Pluies,26.0,83.5,31.3,18,Inondable,1,448,71.45,168.48,3,37,34,48624911.0,2990017.0,52846605.0,44069288.0,1.199,38,68,30,247.5,194.59,2.01,-13.76,15.77,16.22,8.581e-05,21,5,0,En_retard
PRJ-0413,Kélo,Urbaine_Dense,14.1378,18.3298,Saison_Pluies,25.8,77.5,48.4,20,Plat,0,3636,28.37,40.37,9,122,26,9106389.0,58624821.0,70980430.0,77269319.0,0.919,105,228,123,251.63,1215.92,-2.32,-24.94,22.62,22.1,5.9e-05,2,3,14,Échoué
PRJ-0414,N'Djamena_Centre,Péri_Urbaine,15.3144,16.4331,Saison_Seche,37.7,20.8,0.2,2,Accidenté,1,1097,54.67,62.86,7,59,35,19341980.0,7643298.0,31020500.0,23577086.0,1.316,165,243,78,783.97,1225.38,4.93,-21.02,25.95,26.65,8.58e-06,7,6,12,Échoué
PRJ-0415,Doba,Urbaine_Dense,10.7378,17.3786,Saison_Seche,40.7,27.2,11.8,1,Plat,0,1992,9.81,23.48,3,57,41,9330098.0,15706456.0,28536734.0,20692722.0,1.379,100,180,80,948.52,139.5,-2.14,-26.12,23.98,14.32,1.399e-05,26,17,6,Échoué
PRJ-0416,N'Djamena_Sud,Péri_Urbaine,8.2012,15.1752,Saison_Pluies,33.4,90.6,29.8,13,Accidenté,0,3180,59.65,133.17,8,64,43,21346365.0,21930389.0,45208024.0,55015480.0,0.822,77,183,106,599.84,1458.9,0.75,-17.21,17.96,27.36,1.952e-05,23,11,12,En_retard
PRJ-0417,N'Djamena_Nord,Rurale,8.0265,22.7984,Intersaison,30.6,55.6,42.3,5,Plat,0,2846,13.62,28.21,2,69,31,5421516.0,14510713.0,21061026.0,24346877.0,0.865,50,55,5,165.86,689.01,3.72,-10.71,14.43,20.71,6.299e-05,22,4,6,Réussi
PRJ-0418,Bongor,Urbaine_Dense,14.6305,13.6051,Intersaison,29.7,55.4,29.1,4,Plat,1,289,55.15,63.29,8,86,43,12327429.0,4314396.0,20716032.0,22779693.0,0.909,115,147,32,74.78,341.86,-2.11,-26.57,24.46,22.14,1.057e-05,18,12,13,Échoué
PRJ-0419,Kélo,Urbaine_Dense,11.2105,22.7653,Saison_Seche,43.3,29.9,9.8,2,Accidenté,1,2408,34.04,62.63,7,124,27,16394504.0,21822887.0,40175017.0,28867338.0,1.392,125,123,0,246.78,1531.98,1.07,-23.35,24.42,16.15,4.33e-06,26,10,13,Échoué
PRJ-0420,Moundou,Urbaine_Dense,10.0602,19.5026,Saison_Seche,40.6,28.3,55.8,2,Accidenté,1,721,74.31,149.74,5,60,3,24011509.0,5221523.0,29832661.0,25167202.0,1.185,169,279,110,186.02,741.75,2.2,-14.4,16.6,16.17,7.285e-05,10,17,1,En_retard
PRJ-0421,Sarh,Rurale,11.3117,16.9824,Saison_Seche,40.3,11.9,19.7,1,Accidenté,1,2669,37.42,80.94,4,75,37,21803649.0,26155098.0,51030142.0,60592609.0,0.842,132,294,162,582.74,1425.86,1.27,-19.75,21.02,16.43,4.781e-05,2,6,12,Échoué
PRJ-0422,N'Djamena_Sud,Urbaine_Dense,10.0464,21.0921,Intersaison,39.9,54.1,47.3,2,Accidenté,0,2511,2.96,5.21,1,84,12,1991424.0,31353025.0,34954497.0,27502219.0,1.271,159,245,86,700.95,87.26,-0.94,-21.9,20.96,15.27,8.488e-05,13,18,7,Échoué
PRJ-0423,Doba,Urbaine_Moyenne,11.4123,18.8314,Saison_Seche,39.9,33.0,53.5,0,Plat,0,3443,38.71,94.25,4,76,47,14409979.0,43213740.0,61909146.0,73530240.0,0.842,130,119,0,14.54,947.24,4.45,-17.18,21.63,14.31,7.929e-05,21,19,11,En_retard
PRJ-0424,Moundou,Urbaine_Dense,14.3765,18.7406,Saison_Seche,41.5,11.5,20.8,0,Sableux,1,451,63.74,91.96,6,38,23,22183945.0,4739081.0,28067674.0,29486218.0,0.952,66,82,16,445.22,2170.29,1.12,-22.71,23.83,23.46,2.735e-05,29,15,14,En_retard
PRJ-0425,Bongor,Péri_Urbaine,12.2384,14.6565,Saison_Seche,38.0,20.0,50.7,0,Plat,1,2156,51.94,62.2,6,83,17,21161898.0,26786110.0,50404612.0,57674017.0,0.874,31,72,41,626.75,1642.79,-2.76,-22.08,19.32,12.24,1.923e-05,18,12,11,En_retard
PRJ-0426,Sarh,Urbaine_Moyenne,13.0572,17.5899,Saison_Seche,45.7,34.7,42.6,0,Plat,0,4198,77.32,121.07,2,37,16,22836662.0,47899692.0,72375440.0,78650698.0,0.92,75,131,56,200.95,2175.4,3.06,-13.49,16.55,7.0,5.163e-05,27,19,12,En_retard
PRJ-0427,Bongor,Péri_Urbaine,10.4174,16.0312,Intersaison,37.0,65.1,54.3,8,Accidenté,0,1137,67.54,136.87,9,120,17,23184375.0,19715556.0,46503138.0,44186991.0,1.052,178,419,241,901.96,1864.16,1.56,-20.95,22.51,4.93,8.01e-06,5,5,2,En_retard
PRJ-0428,Moundou,Rurale,13.408,13.6648,Saison_Pluies,34.2,76.7,15.1,23,Inondable,1,1192,42.36,90.31,1,17,15,27787902.0,6489498.0,37245789.0,32597008.0,1.143,52,115,63,553.52,1813.3,-3.9,-15.39,11.49,26.51,6.329e-05,24,18,14,Échoué
PRJ-0429,Sarh,Urbaine_Dense,12.8329,17.281,Saison_Seche,36.2,14.4,55.9,0,Plat,0,4431,16.92,36.11,4,101,26,5506332.0,79848623.0,89414400.0,98681086.0,0.906,43,65,22,351.94,2181.56,-2.22,-25.29,23.07,26.02,1.22e-06,9,12,12,En_retard
PRJ-0430,Bongor,Péri_Urbaine,8.4565,14.4431,Saison_Seche,35.2,24.1,3.9,2,Plat,1,2115,0.8,1.0,4,97,45,350443.0,18313211.0,21227411.0,25136391.0,0.844,123,231,108,28.49,97.88,-3.42,-20.82,17.4,8.07,8.031e-05,20,15,2,En_retard
PRJ-0431,Doba,Urbaine_Dense,12.0811,16.1967,Saison_Seche,40.1,21.0,47.6,1,Inondable,1,3958,78.45,183.5,2,51,2,30591870.0,62642210.0,93755718.0,68145367.0,1.376,11,21,10,489.46,1079.0,-4.27,-18.07,13.8,4.43,8.907e-05,20,10,13,En_retard
PRJ-0432,N'Djamena_Nord,Rurale,9.5539,14.4714,Saison_Seche,37.3,13.2,26.1,2,Accidenté,0,4305,75.1,112.14,8,13,17,31521272.0,47680433.0,80670089.0,74857435.0,1.078,68,141,73,342.59,2403.01,-2.7,-23.19,20.49,28.85,9.962e-05,27,19,11,Échoué
PRJ-0433,N'Djamena_Centre,Péri_Urbaine,13.9328,14.5599,Saison_Seche,35.3,21.6,10.7,1,Accidenté,0,4009,22.29,31.07,2,34,1,10409442.0,37744713.0,53150362.0,48390102.0,1.098,45,61,16,969.85,484.05,-2.22,-20.41,18.19,14.98,3.441e-05,6,9,4,Réussi
PRJ-0434,N'Djamena_Nord,Rurale,10.9075,15.5896,Saison_Pluies,27.6,76.9,4.8,13,Sableux,1,191,51.24,100.44,2,27,30,21142896.0,2717970.0,26184918.0,27119261.0,0.966,17,22,5,384.97,1651.63,-0.33,-14.32,13.99,3.71,5.619e-05,12,6,13,En_retard
PRJ-0435,Moundou,Urbaine_Dense,15.4575,23.9984,Saison_Seche,43.2,28.3,23.4,1,Plat,1,446,58.47,81.66,2,99,32,14362772.0,7373837.0,25027667.0,19230134.0,1.301,170,334,164,921.8,1985.97,4.69,-25.09,29.78,7.24,8.63e-05,7,14,1,Échoué
PRJ-0436,N'Djamena_Sud,Urbaine_Dense,8.24,13.5229,Saison_Seche,36.0,34.3,23.4,1,Accidenté,1,2677,46.45,84.13,1,27,30,16313286.0,31452198.0,52337676.0,65948175.0,0.794,42,92,50,689.19,2337.33,4.43,-18.99,23.42,21.41,4.621e-05,14,1,3,En_retard
PRJ-0437,N'Djamena_Centre,Urbaine_Moyenne,13.7428,20.2061,Saison_Seche,40.5,21.7,13.8,2,Plat,1,4679,67.52,112.75,5,19,42,41003893.0,56140081.0,97736333.0,100581062.0,0.972,27,41,14,83.22,2185.9,2.54,-23.29,25.83,3.36,3.293e-05,20,1,1,En_retard
PRJ-0438,Kélo,Urbaine_Moyenne,12.8896,14.9831,Saison_Pluies,34.1,89.4,12.9,24,Plat,1,1605,6.69,9.53,4,116,4,3111022.0,9441970.0,16021225.0,20094648.0,0.797,73,98,25,933.39,1707.62,1.47,-20.62,22.09,13.56,4.88e-06,7,11,11,En_retard
PRJ-0439,Doba,Urbaine_Dense,13.64,23.1666,Saison_Pluies,33.5,83.5,24.0,21,Plat,0,2558,71.77,108.29,2,92,42,21606509.0,48243726.0,71647931.0,85272828.0,0.84,70,154,84,176.76,1792.34,4.47,-21.24,25.71,13.4,3.941e-05,27,3,8,En_retard
PRJ-0440,Kélo,Urbaine_Moyenne,9.9602,14.4831,Saison_Pluies,29.8,73.7,24.6,14,Accidenté,1,4431,31.67,53.79,1,101,44,17698534.0,78443989.0,97899140.0,79786166.0,1.227,92,181,89,453.54,890.44,-3.58,-16.2,12.62,20.88,7.89e-06,29,5,5,En_retard
PRJ-0441,Sarh,Urbaine_Dense,11.4364,23.5282,Saison_Pluies,34.2,78.7,26.5,22,Plat,0,1078,38.71,61.34,1,56,32,20067660.0,11825543.0,33405034.0,26035997.0,1.283,19,26,7,923.77,598.64,-1.7,-14.19,12.49,6.78,3.63e-05,24,8,0,Réussi
PRJ-0442,N'Djamena_Centre,Urbaine_Moyenne,13.8721,19.9147,Saison_Pluies,34.7,84.6,52.1,16,Accidenté,0,2226,35.86,58.6,2,59,35,23406673.0,36671701.0,64280655.0,78213496.0,0.822,115,196,81,830.22,2398.63,0.53,-19.0,19.53,29.53,3.43e-05,14,18,8,Réussi
PRJ-0443,Kélo,Péri_Urbaine,9.3603,13.5133,Saison_Seche,42.2,12.8,36.7,1,Sableux,0,720,42.74,91.02,1,17,1,22562857.0,6983415.0,31724537.0,32411695.0,0.979,31,75,44,492.71,2440.14,3.14,-25.0,28.14,5.5,6.472e-05,7,5,7,En_retard
PRJ-0444,Kélo,Urbaine_Moyenne,9.3083,22.8871,Intersaison,34.9,53.6,1.2,8,Inondable,0,4644,48.05,64.18,9,122,19,23503574.0,74101182.0,98406780.0,70050438.0,1.405,48,100,52,214.85,1090.28,1.24,-12.36,13.6,18.35,3.661e-05,17,12,1,En_retard
PRJ-0445,Bongor,Urbaine_Dense,11.9084,18.978,Saison_Seche,45.2,26.5,31.1,0,Plat,0,1905,56.97,112.72,2,12,33,29488755.0,24289466.0,54714051.0,68969034.0,0.793,111,131,20,514.17,1056.52,3.09,-24.65,27.74,10.51,3.842e-05,23,18,2,En_retard
PRJ-0446,N'Djamena_Nord,Urbaine_Moyenne,11.6885,16.258,Saison_Seche,40.1,18.9,45.7,0,Plat,1,3479,42.23,86.55,3,71,19,32407787.0,41440111.0,75016663.0,73802671.0,1.016,74,96,22,552.16,1156.71,-3.47,-17.59,14.12,4.85,2.864e-05,19,12,6,Réussi
PRJ-0447,Bongor,Urbaine_Dense,9.7581,21.5564,Saison_Pluies,33.7,74.4,3.4,12,Accidenté,0,2128,54.94,122.13,9,65,36,21116292.0,12444214.0,38105680.0,33554405.0,1.136,39,49,10,996.97,1180.46,-3.07,-18.51,15.44,16.63,6.08e-05,12,8,3,Réussi
PRJ-0448,N'Djamena_Centre,Rurale,9.8846,23.23,Saison_Seche,43.7,30.5,25.4,0,Plat,1,2056,27.39,62.62,5,108,27,12137519.0,40053612.0,54614626.0,55158518.0,0.99,142,318,176,825.79,2113.31,2.41,-22.84,25.25,5.92,3.894e-05,21,9,7,Échoué
PRJ-0449,N'Djamena_Centre,Urbaine_Dense,9.7228,18.5788,Intersaison,31.2,43.2,27.1,4,Sableux,1,1738,74.97,99.12,8,15,13,35929869.0,30521252.0,71073343.0,84843877.0,0.838,120,227,107,862.7,1105.2,-1.52,-10.85,9.33,20.72,9.486e-05,18,15,0,En_retard
PRJ-0450,Moundou,Péri_Urbaine,13.6721,16.8133,Saison_Pluies,33.9,75.8,57.2,18,Sableux,0,4481,5.63,7.28,7,37,27,2583127.0,75732579.0,82494364.0,63205172.0,1.305,35,84,49,986.33,2211.76,-0.64,-15.82,15.18,1.94,8.92e-05,11,3,9,Échoué
PRJ-0451,Bongor,Rurale,12.7152,21.7839,Intersaison,36.4,53.6,28.5,4,Accidenté,0,619,43.87,86.02,6,24,46,19471354.0,5926147.0,29667973.0,27156868.0,1.092,129,123,0,528.09,1753.2,2.92,-19.54,22.46,15.8,2.369e-05,17,15,3,Réussi
PRJ-0452,Abéché,Péri_Urbaine,14.1593,20.6587,Intersaison,28.5,56.1,45.0,5,Plat,0,4744,7.45,16.09,2,74,14,4814121.0,44327238.0,50932102.0,45396801.0,1.122,72,64,0,589.37,2415.21,-4.3,-20.02,15.72,7.35,4.04e-05,6,4,0,Réussi
PRJ-0453,N'Djamena_Nord,Péri_Urbaine,15.3038,22.8319,Intersaison,39.5,38.1,18.2,8,Sableux,0,1196,35.7,52.88,4,28,24,12991290.0,16263084.0,30975289.0,37287734.0,0.831,40,78,38,459.9,1702.67,-3.32,-26.34,23.02,28.55,6.346e-05,11,16,6,En_retard
PRJ-0454,N'Djamena_Centre,Péri_Urbaine,11.2933,20.7714,Intersaison,28.6,45.8,46.8,4,Inondable,0,3824,20.98,38.52,9,23,35,5877356.0,67659363.0,76557027.0,89348203.0,0.857,178,223,45,134.2,1059.83,-2.04,-13.95,11.91,21.61,1.63e-06,4,19,8,Réussi
PRJ-0455,Moundou,Rurale,8.0336,16.057,Intersaison,38.6,49.9,19.4,7,Accidenté,0,914,74.98,163.54,7,103,19,25598267.0,17383755.0,45362684.0,42643755.0,1.064,149,291,142,530.0,2299.05,3.83,-26.49,30.32,22.9,2.274e-05,20,18,0,En_retard
PRJ-0456,Bongor,Urbaine_Moyenne,7.8847,23.2824,Saison_Pluies,33.6,72.7,25.8,14,Plat,0,4950,1.54,3.35,3,34,25,547940.0,44717980.0,48056693.0,52799552.0,0.91,26,53,27,586.76,613.0,-0.95,-24.39,23.44,21.46,2.85e-05,5,16,7,Réussi
PRJ-0457,N'Djamena_Nord,Urbaine_Moyenne,9.8653,14.6008,Saison_Seche,46.7,14.2,28.8,0,Accidenté,0,4459,31.6,63.69,6,122,11,19012614.0,62921939.0,82673972.0,77438005.0,1.068,155,204,49,244.9,2414.14,-2.48,-25.04,22.56,20.31,4.024e-05,13,12,14,Échoué
PRJ-0458,Bongor,Urbaine_Moyenne,14.9604,16.3134,Saison_Seche,43.4,10.5,55.6,0,Sableux,0,77,62.67,75.85,8,13,9,16672356.0,1221108.0,22765620.0,23739722.0,0.959,122,295,173,785.0,156.4,1.78,-26.77,28.55,5.0,8.893e-05,26,12,9,Échoué
PRJ-0459,Kélo,Urbaine_Moyenne,11.6857,18.962,Saison_Pluies,25.0,73.1,3.2,13,Plat,1,1079,15.48,18.13,8,49,6,3371946.0,9059157.0,13192863.0,17081185.0,0.772,101,214,113,133.24,1620.3,-4.7,-13.07,8.37,29.93,9.63e-06,28,4,10,En_retard
PRJ-0460,Moundou,Urbaine_Moyenne,9.6743,19.4403,Intersaison,35.5,55.4,11.8,6,Inondable,0,2046,65.34,107.41,8,23,36,41383223.0,22735212.0,65423176.0,66819613.0,0.979,48,68,20,506.98,94.71,2.75,-11.69,14.44,20.06,6.58e-06,23,15,5,Réussi
PRJ-0461,N'Djamena_Nord,Urbaine_Moyenne,10.6933,13.6608,Saison_Pluies,30.5,93.8,42.3,21,Plat,0,1391,68.85,78.31,8,52,37,14121616.0,10866651.0,28540169.0,36906572.0,0.773,83,125,42,666.09,549.74,1.98,-16.74,18.72,27.02,6.644e-05,11,19,5,Réussi
PRJ-0462,Sarh,Urbaine_Dense,12.2888,21.696,Intersaison,34.6,39.3,34.7,3,Sableux,0,1298,56.79,134.35,6,10,29,42789861.0,20097682.0,64087300.0,73592694.0,0.871,120,242,122,64.38,1186.74,-4.45,-12.2,7.75,15.61,3.645e-05,12,18,7,Réussi
PRJ-0463,Sarh,Urbaine_Dense,12.7236,17.2969,Intersaison,32.9,35.1,15.1,8,Accidenté,0,2186,17.12,19.31,3,125,9,7213058.0,39253515.0,47447488.0,36650023.0,1.295,170,224,54,806.01,437.77,-0.02,-15.85,15.83,9.29,1.777e-05,9,11,14,Échoué
PRJ-0464,N'Djamena_Nord,Urbaine_Dense,8.7314,17.7674,Saison_Seche,37.9,19.6,17.4,0,Plat,1,2137,22.13,25.26,9,47,33,4823584.0,38814364.0,44829240.0,52790003.0,0.849,145,189,44,311.11,2472.62,-0.96,-15.67,14.71,13.68,7.018e-05,28,15,0,En_retard
PRJ-0465,Bongor,Urbaine_Dense,15.3163,21.9984,Saison_Seche,45.5,12.3,22.0,0,Plat,0,730,13.77,18.33,3,27,23,3733499.0,10987473.0,15499613.0,12349648.0,1.255,100,186,86,720.57,1943.88,-3.42,-11.99,8.57,12.58,2.429e-05,13,16,8,En_retard
PRJ-0466,Moundou,Urbaine_Dense,11.8582,17.4825,Saison_Seche,45.4,20.0,27.0,1,Accidenté,0,424,15.13,29.92,4,111,15,8780125.0,4327889.0,14738948.0,15024842.0,0.981,35,36,1,117.13,2134.59,-3.46,-26.35,22.89,1.46,5.656e-05,15,11,10,En_retard
PRJ-0467,Sarh,Urbaine_Moyenne,8.5855,13.9959,Saison_Seche,42.6,15.2,49.1,0,Plat,1,3419,3.4,6.32,1,14,11,1751349.0,50996456.0,54467842.0,58168776.0,0.936,85,212,127,624.1,2448.72,-3.4,-27.01,23.61,20.57,4.088e-05,22,11,5,Échoué
PRJ-0468,Moundou,Urbaine_Dense,14.6491,15.3526,Saison_Pluies,29.7,93.8,0.8,16,Accidenté,0,3095,68.66,138.92,2,66,23,38933282.0,55598583.0,97275664.0,120168351.0,0.809,44,57,13,561.64,1703.18,1.0,-27.04,28.04,22.39,3.612e-05,23,13,2,Réussi
PRJ-0469,Sarh,Péri_Urbaine,8.0971,23.537,Intersaison,36.3,41.5,53.9,4,Plat,0,2387,42.52,99.96,6,18,26,28855406.0,34343768.0,65673425.0,54262965.0,1.21,66,96,30,158.5,703.17,-3.29,-20.48,17.19,2.19,7.211e-05,4,7,12,En_retard
PRJ-0470,Kélo,Urbaine_Dense,14.7619,14.2393,Saison_Pluies,27.6,81.8,24.8,12,Plat,0,855,26.56,46.13,1,100,1,17874255.0,9570339.0,30076304.0,36860473.0,0.816,30,35,5,628.5,1904.54,-4.4,-10.96,6.56,8.13,6.134e-05,28,15,0,Réussi
PRJ-0471,Bongor,Urbaine_Dense,15.4725,17.2268,Saison_Seche,40.0,18.7,13.8,1,Accidenté,0,3089,23.52,27.32,9,59,30,4465714.0,58064060.0,65801952.0,82956275.0,0.793,174,330,156,694.41,1481.56,4.58,-12.34,16.92,20.27,5.138e-05,12,17,13,En_retard
PRJ-0472,Kélo,Péri_Urbaine,13.1035,18.7834,Saison_Seche,39.6,15.6,30.5,0,Accidenté,0,328,43.8,95.0,8,10,17,32310652.0,5749266.0,39599244.0,29845650.0,1.327,133,120,0,503.52,705.37,-4.61,-13.92,9.31,10.33,1.281e-05,28,13,14,En_retard
PRJ-0473,Sarh,Urbaine_Moyenne,13.6636,18.6794,Saison_Seche,39.6,29.9,39.6,0,Accidenté,1,1455,26.47,59.21,2,28,47,12323176.0,26534149.0,39963494.0,49201898.0,0.812,142,338,196,582.79,949.85,1.64,-20.73,22.37,28.08,5.856e-05,8,4,3,En_retard
PRJ-0474,Kélo,Urbaine_Dense,10.1984,13.5416,Saison_Pluies,26.8,85.2,2.7,10,Accidenté,0,837,69.17,80.92,2,60,46,19697499.0,15524576.0,39677027.0,33944015.0,1.169,26,34,8,888.55,1539.28,4.36,-13.16,17.52,4.27,6.928e-05,29,1,4,Réussi
PRJ-0475,Sarh,Rurale,15.0326,18.7622,Saison_Seche,42.8,10.6,42.9,0,Accidenté,1,1382,17.27,24.87,8,103,41,4285668.0,15073729.0,22712133.0,17002316.0,1.336,135,321,186,700.73,1018.86,-4.62,-24.07,19.45,27.91,8.148e-05,28,12,3,Échoué
PRJ-0476,N'Djamena_Nord,Rurale,11.7377,17.5296,Saison_Seche,40.4,27.3,45.6,1,Accidenté,1,4422,70.64,153.91,8,37,23,40233104.0,79129855.0,120135944.0,153190702.0,0.784,107,132,25,906.9,626.07,4.66,-17.46,22.12,27.5,2.994e-05,16,4,10,En_retard
PRJ-0477,Kélo,Urbaine_Dense,13.3591,23.7068,Saison_Seche,46.6,16.6,10.0,2,Plat,1,3197,53.3,86.7,1,110,36,30436452.0,43336118.0,78597302.0,73513793.0,1.069,106,177,71,556.82,1103.31,0.02,-14.57,14.59,28.72,2.643e-05,12,1,6,En_retard
PRJ-0478,N'Djamena_Sud,Urbaine_Dense,14.8929,15.1712,Saison_Seche,36.0,11.7,10.1,0,Plat,1,2395,76.55,134.86,5,18,41,23558031.0,13345861.0,40522700.0,43512874.0,0.931,91,180,89,183.1,622.32,2.85,-26.34,29.19,3.24,7.488e-05,26,6,14,Échoué
PRJ-0479,Bongor,Rurale,15.3014,17.2186,Intersaison,29.8,65.7,12.2,9,Plat,1,3499,1.7,3.83,2,88,5,838390.0,50866871.0,52887932.0,54565742.0,0.969,34,63,29,253.83,2194.02,1.25,-12.27,13.52,8.9,4.675e-05,26,11,5,Réussi
PRJ-0480,N'Djamena_Centre,Urbaine_Moyenne,14.1656,17.9046,Saison_Seche,40.0,32.0,47.8,2,Inondable,0,482,5.2,6.41,1,32,35,1559331.0,5812575.0,12233011.0,10127822.0,1.208,114,191,77,184.65,1750.48,1.17,-14.91,16.08,8.29,4.059e-05,8,18,12,Échoué
PRJ-0481,Abéché,Urbaine_Moyenne,9.9241,17.6023,Saison_Seche,35.2,18.8,16.3,0,Accidenté,0,1059,40.32,82.58,3,57,9,14531999.0,9665832.0,26342164.0,29022201.0,0.908,70,150,80,341.9,972.52,2.89,-18.4,21.29,26.67,1.606e-05,20,18,9,Échoué
PRJ-0482,Kélo,Péri_Urbaine,15.2324,20.4912,Saison_Seche,39.4,34.9,47.8,1,Accidenté,1,3899,73.03,102.31,3,96,4,34844658.0,76247858.0,116022811.0,84426202.0,1.374,103,165,62,482.76,2366.33,-4.35,-26.88,22.53,24.41,4.342e-05,17,6,4,Échoué
PRJ-0483,Doba,Urbaine_Dense,12.525,15.7629,Saison_Seche,38.3,21.1,32.4,0,Inondable,1,366,58.6,69.6,9,16,7,24132878.0,2132339.0,27229957.0,22379130.0,1.217,46,63,17,263.37,1002.92,-1.08,-15.5,14.42,5.61,7.261e-05,22,14,12,En_retard
PRJ-0484,Bongor,Urbaine_Moyenne,14.9451,15.8213,Saison_Pluies,26.0,71.5,46.0,12,Plat,0,4266,49.96,101.29,1,52,1,36360451.0,81856694.0,119437006.0,151302590.0,0.789,118,239,121,480.88,1457.45,4.7,-19.95,24.65,5.1,4.506e-05,27,6,14,Échoué
PRJ-0485,N'Djamena_Sud,Urbaine_Dense,12.9088,21.1567,Saison_Pluies,31.7,86.6,33.2,21,Accidenté,0,1415,3.01,3.82,2,36,16,1130621.0,10455443.0,15044452.0,19138115.0,0.786,150,359,209,370.71,1304.09,-4.45,-14.74,10.29,14.75,8.727e-05,26,15,2,Réussi
PRJ-0486,N'Djamena_Sud,Péri_Urbaine,9.9579,18.7531,Saison_Pluies,26.3,89.6,20.1,13,Plat,1,4449,28.66,61.5,9,69,25,17023797.0,47403306.0,65026749.0,64350023.0,1.011,130,237,107,559.79,348.7,-2.37,-27.35,24.98,6.03,4.2e-07,28,1,8,En_retard
PRJ-0487,Sarh,Urbaine_Moyenne,10.4602,17.8591,Saison_Pluies,33.8,94.5,54.6,18,Inondable,0,985,28.0,38.75,5,22,6,8355977.0,11089650.0,20029730.0,16052688.0,1.248,49,62,13,434.23,1088.29,1.72,-17.65,19.37,14.8,1.8e-05,26,17,2,En_retard
PRJ-0488,Sarh,Péri_Urbaine,11.9038,15.2766,Saison_Seche,36.6,28.6,42.9,0,Inondable,1,3568,43.6,50.92,9,26,38,15978161.0,56964218.0,77006302.0,73384852.0,1.049,179,375,196,439.75,239.99,-4.0,-19.95,15.95,25.5,6.146e-05,20,12,2,En_retard
PRJ-0489,Abéché,Urbaine_Dense,13.8201,15.469,Saison_Pluies,25.8,74.2,29.0,21,Inondable,0,3837,21.0,26.02,6,22,14,6794885.0,31594388.0,39644284.0,48613506.0,0.815,93,195,102,495.71,467.85,0.37,-20.26,20.63,15.5,6.72e-05,14,3,2,Échoué
PRJ-0490,N'Djamena_Nord,Urbaine_Dense,10.0439,13.6108,Saison_Seche,36.2,11.6,38.2,2,Sableux,1,2818,21.74,49.52,3,46,37,19446212.0,55772525.0,79853292.0,59264273.0,1.347,79,99,20,988.0,1979.44,2.13,-18.68,20.81,22.01,2.757e-05,22,2,11,Échoué
PRJ-0491,Doba,Urbaine_Moyenne,12.1378,14.46,Saison_Seche,45.1,15.0,37.0,1,Inondable,0,545,49.86,80.74,8,42,11,31653703.0,8848172.0,42918408.0,33335635.0,1.287,162,236,74,560.98,791.52,2.57,-25.77,28.34,8.25,9.419e-05,18,6,13,Échoué
PRJ-0492,N'Djamena_Centre,Péri_Urbaine,10.265,19.3468,Saison_Pluies,32.8,85.0,21.5,12,Inondable,0,3642,75.59,115.14,9,127,1,43327330.0,61365113.0,109123879.0,135028983.0,0.808,179,186,7,726.1,267.94,0.61,-11.16,11.77,8.71,3.306e-05,15,5,7,Réussi
PRJ-0493,Abéché,Urbaine_Moyenne,14.0262,22.8647,Intersaison,38.7,45.7,25.4,3,Plat,0,2282,52.98,94.71,2,111,42,22732511.0,15053057.0,40165504.0,38126303.0,1.053,147,138,0,422.58,1811.45,0.01,-15.32,15.33,18.22,4.112e-05,24,8,1,Réussi
PRJ-0494,Moundou,Urbaine_Dense,11.2338,16.5152,Saison_Pluies,27.1,80.1,19.1,23,Plat,0,4068,53.62,106.49,9,20,1,25769847.0,49404559.0,78060441.0,58551198.0,1.333,104,226,122,332.59,2015.87,2.14,-26.47,28.61,25.72,9.764e-05,3,2,3,Échoué
PRJ-0495,N'Djamena_Centre,Rurale,8.1138,16.9413,Saison_Seche,44.5,30.7,60.0,1,Sableux,0,2985,78.9,90.89,4,23,36,33008366.0,57264659.0,92197339.0,72238961.0,1.276,52,75,23,917.41,1466.29,-3.55,-26.57,23.02,16.4,4.792e-05,27,12,12,Échoué
PRJ-0496,Kélo,Urbaine_Dense,8.8284,14.7139,Saison_Seche,46.1,16.9,34.8,0,Sableux,1,4858,12.7,29.94,8,74,8,9948575.0,43969715.0,57379634.0,70546476.0,0.813,137,175,38,744.94,2293.25,1.81,-24.21,26.02,6.75,6.129e-05,27,7,14,Échoué
PRJ-0497,Bongor,Rurale,7.9888,17.5806,Intersaison,31.6,57.1,5.5,5,Accidenté,0,4495,3.19,7.79,5,124,32,2540243.0,32277493.0,36749641.0,36531422.0,1.006,98,121,23,586.61,2131.13,4.19,-23.68,27.87,7.32,5.402e-05,23,14,7,Réussi
PRJ-0498,Moundou,Urbaine_Dense,11.4944,13.8908,Saison_Seche,37.8,31.6,31.1,0,Plat,0,2417,59.77,100.67,6,102,33,22137610.0,29682976.0,53324851.0,42542384.0,1.253,165,153,0,343.07,1404.15,1.83,-19.14,20.97,18.89,1.775e-05,11,10,10,Échoué
PRJ-0499,Moundou,Péri_Urbaine,8.3507,23.1348,Saison_Seche,45.7,22.0,3.0,0,Sableux,0,2634,35.38,59.36,4,62,8,21270893.0,49929830.0,72065436.0,89104289.0,0.809,161,398,237,265.28,1855.68,-4.53,-18.34,13.81,4.0,9.915e-05,29,14,14,En_retard
PRJ-0500,Abéché,Urbaine_Dense,8.4131,20.5677,Saison_Seche,37.2,20.7,17.3,2,Plat,1,955,34.59,80.59,5,72,14,23762376.0,11748276.0,36270164.0,43784157.0,0.828,108,154,46,259.55,856.64,0.06,-25.38,25.44,2.9,5.91e-06,7,11,13,Échoué
PRJ-0501,N'Djamena_Nord,Rurale,15.0284,23.9029,Saison_Seche,37.6,28.0,26.8,2,Plat,0,3277,18.41,31.32,1,42,24,8196957.0,36284630.0,46358472.0,33091327.0,1.401,50,54,4,508.69,1608.9,2.26,-10.48,12.74,3.98,9.835e-05,17,19,0,Réussi
PRJ-0502,Abéché,Urbaine_Moyenne,14.4812,22.7696,Saison_Seche,38.3,24.0,32.1,0,Accidenté,1,1877,40.8,93.79,3,23,49,34360485.0,27693420.0,65868035.0,69068831.0,0.954,70,159,89,876.07,2443.47,-4.57,-13.15,8.58,12.38,4.68e-05,8,1,2,En_retard
PRJ-0503,Kélo,Urbaine_Dense,11.1167,18.4664,Saison_Pluies,31.3,85.8,58.6,12,Plat,1,3772,35.65,40.63,4,8,41,10098686.0,71868897.0,83392873.0,70600572.0,1.181,133,270,137,882.24,2009.69,2.62,-16.6,19.22,11.28,1.896e-05,20,2,3,En_retard
PRJ-0504,N'Djamena_Nord,Urbaine_Dense,15.3864,18.9567,Saison_Pluies,27.4,87.2,58.9,21,Plat,1,2630,27.96,49.92,1,57,29,15648994.0,15085316.0,32580834.0,33228589.0,0.981,142,274,132,747.54,967.61,-2.18,-23.0,20.82,1.06,1.669e-05,25,3,5,En_retard
PRJ-0505,Kélo,Urbaine_Dense,7.5015,15.501,Intersaison,34.5,67.2,5.9,4,Inondable,0,4647,35.7,86.87,3,21,25,23148796.0,33927436.0,61649503.0,53484704.0,1.153,106,138,32,547.07,2334.3,0.89,-11.61,12.5,5.69,6.556e-05,22,5,1,En_retard
PRJ-0506,N'Djamena_Nord,Urbaine_Dense,12.4118,18.3514,Saison_Seche,46.1,21.8,32.3,1,Plat,1,1565,31.01,45.09,4,69,6,13445137.0,10941407.0,27762753.0,24695684.0,1.124,148,223,75,242.56,2071.58,4.66,-22.33,26.99,11.08,7.108e-05,11,11,6,Échoué
PRJ-0507,N'Djamena_Sud,Rurale,12.4314,22.9818,Saison_Seche,36.1,15.9,49.0,2,Sableux,0,4672,75.22,110.77,9,14,1,17738333.0,29340135.0,51717219.0,54877737.0,0.942,17,38,21,484.06,141.19,4.95,-22.25,27.2,13.47,8.987e-05,21,19,11,En_retard
PRJ-0508,Moundou,Urbaine_Moyenne,11.1595,14.034,Saison_Pluies,25.7,79.3,14.3,17,Sableux,1,4856,78.43,155.46,3,30,23,41240241.0,46285407.0,92126165.0,94274133.0,0.977,158,298,140,697.78,1877.71,1.34,-21.65,22.99,12.67,2.365e-05,28,7,2,En_retard
PRJ-0509,Doba,Péri_Urbaine,10.6756,22.5673,Saison_Pluies,26.7,84.1,45.0,13,Inondable,0,3053,67.27,161.22,3,106,41,46612382.0,25766207.0,73163937.0,68563055.0,1.067,14,19,5,599.07,2442.18,-0.09,-27.14,27.05,10.27,4.332e-05,16,16,13,Échoué
PRJ-0510,Bongor,Urbaine_Moyenne,11.1431,17.08,Saison_Pluies,32.9,71.6,52.7,21,Sableux,1,161,79.24,109.21,4,70,33,29833970.0,2130089.0,36761601.0,28105743.0,1.308,43,42,0,518.89,828.38,-3.22,-26.89,23.67,24.55,9.712e-05,13,8,7,En_retard
PRJ-0511,Kélo,Péri_Urbaine,10.8197,22.9449,Intersaison,33.5,38.0,39.7,6,Accidenté,0,1722,21.62,51.68,9,36,14,18700542.0,17063886.0,36494729.0,46773628.0,0.78,18,42,24,433.93,724.57,-2.92,-19.44,16.52,13.06,4.28e-05,26,4,1,Réussi
PRJ-0512,N'Djamena_Centre,Urbaine_Dense,13.3439,23.3792,Saison_Seche,44.8,13.9,19.7,2,Accidenté,0,2352,67.51,136.92,9,29,28,31187774.0,26055733.0,61908792.0,49821926.0,1.243,47,114,67,754.99,1618.16,-0.71,-12.13,11.42,19.69,4.596e-05,10,12,8,En_retard
PRJ-0513,N'Djamena_Nord,Urbaine_Dense,8.5828,20.5441,Intersaison,32.6,61.8,55.4,9,Inondable,0,1700,32.83,81.76,1,87,29,30334524.0,32517550.0,65812374.0,71068831.0,0.926,52,105,53,843.81,319.8,2.02,-11.04,13.06,25.14,2.885e-05,19,18,3,Réussi
PRJ-0514,Bongor,Péri_Urbaine,9.0811,20.4764,Saison_Pluies,33.4,84.2,53.0,12,Accidenté,0,4445,59.82,127.48,8,100,43,31980333.0,32603340.0,67483026.0,50588438.0,1.334,105,207,102,725.68,1703.69,2.69,-14.04,16.73,25.76,8.71e-05,18,14,13,Échoué
PRJ-0515,N'Djamena_Centre,Rurale,8.9441,18.2539,Saison_Seche,43.6,29.3,42.9,2,Accidenté,1,2524,16.51,33.6,1,13,40,10874025.0,27326994.0,41910707.0,46646101.0,0.898,147,252,105,938.55,605.12,-2.78,-20.72,17.94,25.85,3.656e-05,20,17,7,En_retard
PRJ-0516,Bongor,Urbaine_Dense,9.5998,22.2732,Intersaison,36.4,50.3,21.8,4,Accidenté,1,4045,65.05,145.77,2,89,23,25025893.0,35823441.0,65305785.0,49430201.0,1.321,21,51,30,782.07,1156.25,0.35,-22.41,22.76,15.34,6.355e-05,11,12,3,En_retard
PRJ-0517,Doba,Urbaine_Dense,11.7021,23.5969,Saison_Pluies,25.8,88.6,47.5,14,Inondable,1,1940,7.14,9.6,5,36,44,1920370.0,25680730.0,30877621.0,25866338.0,1.194,108,214,106,456.1,2235.33,0.92,-24.12,25.04,20.18,1.826e-05,9,9,5,Échoué
PRJ-0518,N'Djamena_Centre,Urbaine_Moyenne,8.3897,21.6384,Saison_Seche,42.0,23.6,19.0,2,Inondable,0,356,22.01,53.36,6,96,38,18157955.0,5712035.0,26284289.0,28602330.0,0.919,155,144,0,620.59,2002.13,3.93,-18.31,22.24,10.13,6.157e-05,21,16,7,Réussi
PRJ-0519,Abéché,Rurale,14.4454,20.0303,Saison_Seche,35.6,27.3,15.2,0,Inondable,0,170,65.85,87.7,2,116,49,13425306.0,2933319.0,17362127.0,15100903.0,1.15,149,142,0,509.32,314.58,3.76,-19.32,23.08,25.99,9.34e-05,6,10,4,Réussi
PRJ-0520,Sarh,Urbaine_Dense,9.8789,19.8713,Saison_Seche,42.2,16.1,30.9,1,Inondable,0,3151,59.9,68.04,5,127,43,26680657.0,40110498.0,70842597.0,72238939.0,0.981,40,98,58,550.86,1915.39,3.17,-19.6,22.77,7.19,7.768e-05,14,11,5,En_retard
PRJ-0521,Abéché,Urbaine_Moyenne,8.8003,22.4194,Saison_Pluies,34.4,83.8,59.8,19,Inondable,0,1327,40.35,83.81,3,9,10,16565652.0,23652115.0,41295088.0,31991438.0,1.291,20,48,28,896.74,1058.69,0.17,-22.31,22.48,23.84,6.77e-06,22,9,1,Échoué
PRJ-0522,Sarh,Rurale,12.905,19.1826,Saison_Seche,42.0,33.8,48.3,2,Accidenté,1,1477,53.99,73.34,7,115,27,27526409.0,24778348.0,56073403.0,46060954.0,1.217,107,187,80,307.85,2486.38,-4.35,-17.53,13.18,14.62,6.34e-05,28,1,3,En_retard
PRJ-0523,Abéché,Urbaine_Dense,7.8047,21.9405,Saison_Seche,47.0,13.4,43.8,0,Plat,0,3152,15.25,32.97,1,71,8,9198177.0,23183152.0,35256991.0,40202332.0,0.877,36,42,6,22.96,784.35,-1.66,-17.06,15.4,9.66,5.587e-05,3,16,4,Réussi
PRJ-0524,Sarh,Urbaine_Dense,12.4597,18.8433,Saison_Seche,40.5,22.8,27.1,0,Inondable,1,1235,53.59,118.6,5,103,44,34529660.0,10721568.0,47487490.0,34242437.0,1.387,30,54,24,698.69,1202.97,1.22,-12.25,13.47,12.01,3.386e-05,2,4,0,En_retard
PRJ-0525,Sarh,Urbaine_Moyenne,13.0856,14.1557,Saison_Pluies,31.5,87.4,18.7,19,Plat,1,1505,1.13,1.62,3,43,4,277073.0,22689091.0,26224603.0,20116372.0,1.304,137,287,150,189.2,885.89,1.38,-14.29,15.67,18.06,8.427e-05,9,8,6,En_retard
PRJ-0526,Moundou,Rurale,9.2193,17.5314,Intersaison,34.8,61.7,51.4,9,Sableux,1,1229,66.74,81.52,2,103,21,19671158.0,24115328.0,47762088.0,39593511.0,1.206,22,18,0,162.69,1486.17,3.49,-22.06,25.55,27.97,7.917e-05,11,2,5,En_retard
PRJ-0527,N'Djamena_Nord,Urbaine_Dense,7.8357,18.1666,Saison_Pluies,27.1,85.8,34.1,12,Inondable,1,1396,41.54,74.82,3,112,21,14145074.0,14856156.0,33736358.0,24024144.0,1.404,54,119,65,992.55,701.4,-1.21,-21.17,19.96,3.83,6.486e-05,29,14,3,Échoué
PRJ-0528,N'Djamena_Nord,Urbaine_Moyenne,10.4092,14.987,Saison_Seche,43.6,20.1,48.8,2,Inondable,0,678,75.54,177.24,4,27,30,49890025.0,5727146.0,57308307.0,43395410.0,1.321,34,54,20,274.11,2285.98,4.37,-23.69,28.06,27.66,7.442e-05,6,9,3,En_retard
PRJ-0529,Moundou,Urbaine_Moyenne,8.2888,14.5762,Intersaison,32.3,40.0,29.3,8,Sableux,0,1264,38.51,88.04,2,62,13,25327615.0,22798694.0,52888395.0,45951283.0,1.151,86,137,51,211.73,1561.62,-3.37,-24.92,21.55,24.66,1.932e-05,19,14,2,Échoué
PRJ-0530,Bongor,Urbaine_Moyenne,8.4318,19.1224,Saison_Pluies,28.4,89.9,45.2,18,Accidenté,1,2011,34.93,44.15,2,44,3,14455449.0,16076295.0,35356010.0,26720321.0,1.323,73,112,39,199.07,2359.64,-4.5,-26.04,21.54,18.03,9.204e-05,24,14,11,Échoué
PRJ-0531,N'Djamena_Sud,Urbaine_Moyenne,9.5341,14.394,Intersaison,36.4,65.2,52.1,4,Plat,1,3045,36.28,88.91,3,113,20,32858428.0,47079123.0,84098888.0,102573030.0,0.82,108,213,105,418.23,1717.27,-3.23,-27.39,24.16,4.78,6.68e-05,3,12,0,En_retard
PRJ-0532,Bongor,Urbaine_Moyenne,9.8637,16.6809,Saison_Seche,35.7,11.0,23.5,1,Accidenté,0,4662,29.1,42.76,2,109,36,11418842.0,25705037.0,41590346.0,30762061.0,1.352,165,191,26,415.32,505.29,-0.38,-20.48,20.1,24.56,4.678e-05,23,11,5,En_retard
PRJ-0533,N'Djamena_Centre,Urbaine_Moyenne,11.7398,21.3183,Saison_Seche,42.9,23.8,0.8,2,Plat,0,4990,13.75,21.85,6,104,40,4552231.0,26370692.0,34538847.0,42019623.0,0.822,157,288,131,636.17,87.78,3.23,-10.74,13.97,21.03,1.931e-05,10,1,4,En_retard
PRJ-0534,N'Djamena_Centre,Urbaine_Moyenne,12.9271,23.6265,Saison_Pluies,31.2,88.4,15.3,11,Plat,1,1597,67.44,88.26,2,59,5,20599259.0,18802281.0,40077477.0,47841128.0,0.838,178,156,0,112.6,1048.56,-3.46,-18.32,14.86,15.42,6.828e-05,17,1,5,Réussi
PRJ-0535,Sarh,Urbaine_Moyenne,12.2422,21.0376,Saison_Seche,41.9,18.6,54.9,1,Accidenté,0,4965,31.43,51.2,1,76,22,18522750.0,73720826.0,95331429.0,72495448.0,1.315,13,28,15,639.09,2484.1,0.48,-14.64,15.12,26.69,9.67e-06,21,11,14,En_retard
PRJ-0536,Abéché,Urbaine_Moyenne,8.6869,23.9226,Saison_Pluies,27.1,75.8,41.3,15,Inondable,1,2908,42.56,84.69,8,77,2,15791795.0,20752991.0,40407207.0,28895791.0,1.398,93,203,110,459.1,2198.47,2.77,-20.84,23.61,20.27,3.197e-05,22,15,9,Échoué
PRJ-0537,Abéché,Rurale,8.8767,20.8325,Intersaison,28.9,58.4,44.2,2,Accidenté,0,811,2.08,3.76,4,29,25,1153621.0,13347630.0,19238915.0,14044316.0,1.37,33,44,11,215.58,2124.66,-4.65,-21.08,16.43,9.37,5.738e-05,18,9,0,Réussi
PRJ-0538,N'Djamena_Nord,Urbaine_Dense,14.5302,16.5848,Intersaison,30.7,67.0,19.5,9,Accidenté,1,2416,5.29,11.95,2,92,40,1831594.0,16745410.0,21644037.0,22817725.0,0.949,154,151,0,780.44,1443.28,-4.58,-25.75,21.17,2.26,6.461e-05,17,17,1,En_retard
PRJ-0539,Kélo,Péri_Urbaine,11.9668,20.5566,Intersaison,34.4,50.3,42.1,5,Plat,1,4256,47.98,95.86,4,90,24,20266465.0,55351906.0,79692274.0,87837795.0,0.907,142,294,152,479.32,282.36,-0.09,-22.6,22.51,23.02,1.73e-06,2,10,14,Échoué
PRJ-0540,Bongor,Péri_Urbaine,14.4595,20.8726,Saison_Pluies,29.3,86.6,38.8,20,Accidenté,1,1891,70.4,103.41,2,114,5,30800888.0,18199907.0,52673469.0,56486609.0,0.932,66,106,40,719.89,87.18,-3.17,-11.28,8.11,8.41,8.8e-07,26,15,14,En_retard
PRJ-0541,Doba,Urbaine_Dense,10.4724,17.4031,Saison_Seche,38.0,25.7,10.7,0,Plat,0,4952,39.72,74.69,5,22,16,19725854.0,80637373.0,102126840.0,104668380.0,0.976,163,387,224,921.36,2104.63,-0.49,-19.18,18.69,9.14,1.115e-05,6,12,6,Réussi
PRJ-0542,Abéché,Urbaine_Moyenne,12.4152,13.686,Saison_Seche,43.9,23.8,58.1,0,Plat,1,1546,13.62,16.21,7,105,15,4431609.0,26377468.0,32005353.0,25758243.0,1.243,109,153,44,359.87,484.61,-4.56,-24.32,19.76,14.04,7.683e-05,29,5,8,Échoué
PRJ-0543,Doba,Urbaine_Moyenne,11.6893,20.8836,Saison_Pluies,28.1,87.5,21.2,18,Inondable,1,3969,9.73,18.61,6,54,13,5864765.0,23779742.0,33523581.0,40381578.0,0.83,154,344,190,898.93,237.91,4.77,-16.05,20.82,22.75,5.671e-05,28,14,5,Échoué
PRJ-0544,Sarh,Urbaine_Dense,10.053,13.7279,Saison_Pluies,28.1,79.7,19.8,24,Plat,1,3138,72.03,118.53,2,78,11,24730870.0,24755897.0,51038725.0,45757899.0,1.115,17,14,0,208.34,1788.9,1.54,-20.7,22.24,27.81,6.084e-05,20,10,5,En_retard
PRJ-0545,Doba,Urbaine_Moyenne,11.2593,20.1275,Saison_Seche,39.4,18.8,22.1,0,Plat,0,1293,56.28,69.66,4,88,16,15339218.0,23777833.0,40718163.0,52595933.0,0.774,19,40,21,229.91,52.88,1.87,-13.11,14.98,7.27,6.034e-05,19,1,4,Réussi
PRJ-0546,Moundou,Urbaine_Dense,11.5199,15.218,Saison_Seche,35.9,16.1,5.5,2,Plat,0,4632,77.31,118.32,8,115,18,37994274.0,52036780.0,93428812.0,86974253.0,1.074,133,260,127,667.06,1865.0,0.1,-26.33,26.43,26.58,3.68e-06,27,16,10,Échoué
PRJ-0547,Doba,Urbaine_Dense,9.1062,19.4388,Saison_Pluies,34.9,92.1,37.5,13,Accidenté,0,4956,7.05,16.62,7,115,25,4729601.0,60220544.0,69000953.0,59189218.0,1.166,23,39,16,111.61,521.21,3.25,-18.61,21.86,18.53,1.723e-05,24,4,4,En_retard
PRJ-0548,N'Djamena_Sud,Péri_Urbaine,10.0201,18.7911,Saison_Pluies,33.9,75.6,14.3,23,Inondable,0,2093,72.26,138.77,7,76,47,21321553.0,15740109.0,40182156.0,49687265.0,0.809,100,235,135,460.23,837.42,3.33,-13.58,16.91,25.81,7.279e-05,21,5,5,En_retard
PRJ-0549,Sarh,Urbaine_Dense,13.8313,13.6419,Intersaison,37.7,69.7,48.2,7,Sableux,1,3426,67.73,160.15,4,59,38,50860749.0,68257644.0,123600817.0,128600284.0,0.961,36,86,50,221.69,470.66,-3.41,-12.63,9.22,25.6,6.457e-05,4,9,1,En_retard
PRJ-0550,Bongor,Péri_Urbaine,14.8263,17.3101,Saison_Pluies,29.2,87.1,23.6,22,Inondable,0,566,71.51,119.79,1,46,40,36538706.0,10666675.0,48656876.0,55133606.0,0.883,14,33,19,575.15,1954.01,2.68,-20.87,23.55,12.38,4.453e-05,19,17,9,Échoué
PRJ-0551,Moundou,Urbaine_Moyenne,10.3784,19.8115,Saison_Pluies,31.7,81.0,27.5,21,Accidenté,1,884,0.96,2.37,7,9,4,402075.0,4446847.0,6484787.0,6128378.0,1.058,88,160,72,808.75,1237.69,0.67,-14.66,15.33,20.67,2.04e-06,12,6,5,En_retard
PRJ-0552,Abéché,Rurale,9.9558,22.4104,Saison_Pluies,25.2,89.9,38.8,15,Plat,0,673,59.48,95.41,6,98,48,32141709.0,8924667.0,44432676.0,54747691.0,0.812,165,278,113,52.0,456.28,2.62,-10.62,13.24,28.45,4.168e-05,12,5,3,Réussi
PRJ-0553,N'Djamena_Centre,Urbaine_Moyenne,9.0616,22.8307,Intersaison,37.8,46.6,45.7,6,Plat,0,1097,44.14,95.32,8,52,21,26739678.0,19838160.0,50809995.0,63544765.0,0.8,142,179,37,419.18,144.4,4.19,-16.81,21.0,20.5,2.48e-05,12,18,13,Échoué
PRJ-0554,Bongor,Urbaine_Dense,12.9279,18.5804,Saison_Pluies,33.8,91.1,13.9,12,Accidenté,1,1614,46.07,70.37,5,31,11,14157517.0,18493219.0,35577819.0,34228045.0,1.039,95,102,7,733.37,2467.44,-1.65,-13.39,11.74,14.29,6.973e-05,11,17,2,Réussi
PRJ-0555,N'Djamena_Centre,Péri_Urbaine,10.0848,21.1484,Intersaison,34.3,48.5,58.0,2,Accidenté,1,4032,37.8,47.19,8,112,34,13677507.0,46578526.0,60802750.0,51343928.0,1.184,149,260,111,348.83,1800.2,0.71,-17.67,18.38,11.79,8.247e-05,11,11,12,Échoué
PRJ-0556,Sarh,Urbaine_Dense,15.402,16.8228,Intersaison,36.7,39.8,37.3,6,Inondable,1,546,59.54,134.93,8,68,30,40325804.0,5836853.0,49708901.0,54113250.0,0.919,17,18,1,51.29,1715.88,2.87,-13.78,16.65,5.16,5.038e-05,5,3,6,Réussi
PRJ-0557,Moundou,Urbaine_Moyenne,10.1055,17.093,Intersaison,28.2,47.5,0.3,7,Plat,1,2479,79.99,173.39,9,118,4,65893347.0,13466982.0,83521450.0,106301976.0,0.786,68,74,6,595.47,1281.88,4.87,-11.07,15.94,29.97,4.035e-05,10,6,13,En_retard
PRJ-0558,N'Djamena_Nord,Rurale,10.6531,15.5419,Saison_Seche,40.1,19.9,24.9,0,Plat,1,2313,56.99,128.16,1,99,14,43002307.0,38983880.0,83730633.0,89882145.0,0.932,69,97,28,128.96,1115.72,1.13,-15.19,16.32,20.08,2.73e-05,11,9,14,En_retard
PRJ-0559,Abéché,Urbaine_Dense,12.3267,19.4005,Saison_Seche,41.7,26.3,26.2,1,Plat,1,592,54.41,82.68,3,118,11,18642776.0,7016253.0,26402921.0,33598600.0,0.786,89,99,10,376.22,2000.11,2.21,-25.22,27.43,9.02,9.26e-06,14,13,4,En_retard
PRJ-0560,N'Djamena_Sud,Urbaine_Moyenne,13.9135,16.8029,Saison_Seche,36.0,29.0,48.5,1,Inondable,1,965,52.53,109.53,6,72,4,19664276.0,12512175.0,35007235.0,31726524.0,1.103,64,106,42,990.63,2075.19,3.46,-26.53,29.99,3.16,3.717e-05,24,1,9,Échoué
PRJ-0561,N'Djamena_Nord,Péri_Urbaine,11.2561,14.3859,Saison_Seche,44.5,18.1,18.3,2,Plat,1,1851,55.77,78.52,4,60,26,28526003.0,16354097.0,45569798.0,56918840.0,0.801,103,199,96,404.04,199.7,2.51,-13.38,15.89,22.86,6.78e-05,2,15,2,En_retard
PRJ-0562,Sarh,Rurale,10.8812,20.6926,Saison_Seche,40.1,29.9,19.9,2,Accidenté,0,3132,27.7,30.91,8,123,3,11174488.0,52497887.0,66044450.0,50691764.0,1.303,50,99,49,844.43,2155.58,4.42,-23.35,27.77,25.8,6.661e-05,17,4,7,Échoué
PRJ-0563,Bongor,Péri_Urbaine,15.4651,20.9314,Saison_Seche,44.6,18.5,4.2,2,Plat,1,131,25.96,60.05,1,28,37,11639342.0,2214716.0,14434238.0,13211667.0,1.093,19,32,13,861.21,1915.8,-2.7,-12.25,9.55,13.41,4.128e-05,20,2,4,Réussi
PRJ-0564,N'Djamena_Sud,Urbaine_Dense,7.5839,17.2799,Saison_Seche,38.0,16.4,17.0,1,Accidenté,1,1229,62.85,115.2,5,99,38,19069378.0,16338095.0,36919823.0,36797350.0,1.003,125,211,86,270.2,1241.22,4.08,-24.47,28.55,28.73,9.66e-05,13,16,10,Échoué
PRJ-0565,Doba,Péri_Urbaine,14.6605,14.3056,Saison_Pluies,25.1,77.2,43.0,10,Plat,0,215,4.72,11.69,4,74,41,3833924.0,3992425.0,10076050.0,11001698.0,0.916,93,149,56,599.55,1216.99,-2.93,-11.6,8.67,10.53,9.401e-05,6,6,2,Réussi
PRJ-0566,N'Djamena_Sud,Urbaine_Dense,8.6931,17.9761,Saison_Pluies,31.4,94.6,38.1,12,Plat,0,2305,60.86,99.75,1,101,4,32981884.0,15531697.0,49516258.0,43400185.0,1.141,116,141,25,947.98,2095.25,0.65,-13.51,14.16,22.93,8.757e-05,24,15,12,Réussi
PRJ-0567,Sarh,Péri_Urbaine,13.7874,18.1445,Saison_Seche,46.7,28.4,4.9,1,Plat,1,2121,65.2,159.06,6,8,26,30903121.0,35631527.0,67548350.0,84742349.0,0.797,16,31,15,610.27,1994.23,0.23,-12.14,12.37,8.63,4.358e-05,6,19,13,En_retard
PRJ-0568,Kélo,Rurale,12.4435,20.521,Saison_Pluies,27.7,89.6,6.9,24,Plat,0,856,41.97,82.31,3,66,39,26096630.0,11452220.0,41770628.0,51883202.0,0.805,30,58,28,815.12,390.05,3.31,-23.81,27.12,10.74,7.465e-05,26,7,10,En_retard
PRJ-0569,Doba,Péri_Urbaine,10.2348,16.8119,Saison_Pluies,30.8,81.2,22.6,20,Plat,1,2788,72.86,132.39,5,122,45,29090179.0,23600971.0,53377557.0,62964271.0,0.848,84,104,20,467.94,1395.53,-1.01,-12.19,11.18,18.56,9.29e-05,8,11,13,En_retard
PRJ-0570,N'Djamena_Centre,Rurale,14.491,20.6673,Saison_Pluies,32.0,91.6,44.6,17,Inondable,0,381,38.11,58.08,6,123,42,12496159.0,2661116.0,18757623.0,14417438.0,1.301,110,219,109,722.13,2424.93,-3.57,-17.42,13.85,2.06,7.376e-05,13,18,8,Échoué
PRJ-0571,Abéché,Urbaine_Dense,7.6033,22.6506,Intersaison,35.1,46.5,50.0,5,Plat,0,3640,14.66,33.06,4,116,44,7641141.0,34634984.0,46441294.0,34690466.0,1.339,53,120,67,31.63,1851.88,2.07,-26.49,28.56,7.11,3.158e-05,15,8,1,Échoué
PRJ-0572,N'Djamena_Centre,Péri_Urbaine,9.3135,15.9936,Saison_Seche,38.5,26.4,0.9,1,Plat,0,1584,29.23,66.07,6,54,42,18506147.0,28266066.0,47860464.0,47806806.0,1.001,97,176,79,789.6,2433.8,1.07,-11.24,12.31,6.11,6.8e-06,2,2,2,Réussi
PRJ-0573,N'Djamena_Sud,Péri_Urbaine,12.0351,23.7787,Saison_Seche,42.4,19.2,19.7,1,Accidenté,0,230,72.52,122.1,7,116,11,42870956.0,3867287.0,48117411.0,55778004.0,0.863,46,46,0,675.13,1951.19,3.27,-24.5,27.77,10.51,9.58e-05,7,12,2,En_retard
PRJ-0574,N'Djamena_Centre,Urbaine_Dense,10.3123,17.5569,Saison_Seche,39.2,23.7,25.5,0,Inondable,1,1366,79.5,168.4,2,25,11,46252902.0,20048763.0,69688385.0,53934736.0,1.292,74,100,26,365.26,1335.42,2.59,-24.16,26.75,23.55,9.924e-05,19,8,0,En_retard
PRJ-0575,Sarh,Rurale,12.383,16.3062,Saison_Seche,39.0,28.6,54.7,1,Plat,1,1156,34.04,58.76,7,120,38,13192247.0,7346270.0,22458927.0,24364847.0,0.922,123,118,0,422.82,1532.01,3.95,-15.33,19.28,27.32,6.936e-05,7,1,11,En_retard
PRJ-0576,Bongor,Urbaine_Dense,7.6929,17.9259,Saison_Pluies,26.8,72.6,30.1,14,Accidenté,0,1639,13.76,29.38,7,40,38,10899791.0,31669511.0,45213206.0,45968865.0,0.984,15,20,5,333.35,1788.06,3.39,-17.5,20.89,1.37,3.154e-05,20,7,6,Réussi
PRJ-0577,Abéché,Péri_Urbaine,8.4317,14.4912,Saison_Seche,36.8,35.0,16.2,2,Inondable,0,2536,23.26,57.96,2,22,20,9492253.0,24298943.0,38053208.0,43212981.0,0.881,47,55,8,529.04,1835.63,1.86,-11.75,13.61,8.46,8.65e-05,13,9,10,Réussi
PRJ-0578,N'Djamena_Centre,Péri_Urbaine,8.5168,14.8199,Saison_Seche,46.0,17.4,23.4,0,Plat,0,2640,44.49,65.29,3,31,26,22804026.0,37237199.0,61162149.0,58790595.0,1.04,66,115,49,117.59,1881.52,-0.34,-22.47,22.13,1.74,9.535e-05,19,9,12,Échoué
PRJ-0579,N'Djamena_Centre,Péri_Urbaine,9.0143,17.8516,Saison_Seche,47.0,34.5,26.2,2,Accidenté,1,2290,45.98,91.39,3,43,38,31629662.0,39036549.0,73954647.0,82531756.0,0.896,79,120,41,846.47,2329.14,-4.8,-27.25,22.45,25.98,5.064e-05,4,2,13,Échoué
PRJ-0580,N'Djamena_Sud,Urbaine_Dense,11.1747,21.5057,Saison_Seche,44.4,15.1,40.2,1,Plat,0,537,50.59,82.55,1,67,12,17615072.0,3755154.0,26111016.0,20778238.0,1.257,74,150,76,483.27,807.45,-1.92,-10.09,8.17,6.76,3.116e-05,12,4,5,En_retard
PRJ-0581,Bongor,Urbaine_Moyenne,13.517,22.9533,Saison_Pluies,27.0,79.2,2.5,19,Plat,0,661,66.91,124.97,1,41,29,24940737.0,9771531.0,35470868.0,29396715.0,1.207,121,171,50,52.67,2082.21,2.28,-22.37,24.65,23.35,4.064e-05,27,14,11,Échoué
PRJ-0582,N'Djamena_Nord,Urbaine_Moyenne,14.7443,20.4806,Saison_Pluies,34.7,74.2,23.4,17,Sableux,0,3470,57.04,132.55,6,97,14,48867890.0,19031007.0,68668927.0,85286837.0,0.805,44,47,3,557.43,1445.72,-4.4,-25.09,20.69,1.97,7.38e-06,5,14,5,Réussi
PRJ-0583,N'Djamena_Centre,Rurale,14.183,14.6048,Saison_Seche,43.9,27.6,38.8,0,Plat,1,3244,21.24,33.7,9,58,25,9763491.0,21173068.0,33932900.0,30459021.0,1.114,33,40,7,931.21,2219.06,2.57,-10.28,12.85,12.55,5.657e-05,14,8,5,Réussi
PRJ-0584,Sarh,Urbaine_Moyenne,9.0751,20.5562,Saison_Seche,46.6,30.3,17.0,1,Plat,0,1447,31.91,38.33,9,47,42,6190404.0,22930833.0,33941578.0,43828878.0,0.774,47,81,34,96.59,1596.18,0.16,-17.87,18.03,11.4,3.789e-05,2,9,6,En_retard
PRJ-0585,Kélo,Urbaine_Dense,11.0292,20.172,Saison_Seche,40.5,18.6,35.5,1,Sableux,0,1506,67.27,149.24,1,29,42,55622961.0,11033306.0,68148398.0,49593140.0,1.374,12,19,7,131.96,2341.11,3.68,-25.32,29.0,10.55,8.845e-05,21,3,5,En_retard
PRJ-0586,Abéché,Péri_Urbaine,9.0953,21.9605,Saison_Seche,45.0,33.3,21.4,0,Inondable,1,2243,50.85,95.45,7,23,39,22645655.0,26136784.0,50771003.0,50645370.0,1.002,177,154,0,393.31,1088.88,1.6,-12.96,14.56,17.54,2.756e-05,7,19,11,En_retard
PRJ-0587,N'Djamena_Centre,Urbaine_Moyenne,9.6158,22.1651,Intersaison,36.1,37.6,45.5,7,Accidenté,1,3124,13.73,23.74,6,111,26,5591699.0,27256863.0,33792478.0,30244008.0,1.117,63,73,10,738.27,293.27,2.98,-10.98,13.96,12.35,8.4e-07,22,6,8,Réussi
PRJ-0588,Sarh,Urbaine_Moyenne,11.5284,22.6161,Saison_Seche,45.5,10.8,3.6,2,Inondable,1,1387,26.38,35.79,4,49,10,11124319.0,15698680.0,28953112.0,37568951.0,0.771,75,98,23,608.58,1629.92,-3.28,-12.14,8.86,12.69,7.372e-05,15,1,4,Réussi
PRJ-0589,Sarh,Urbaine_Moyenne,8.0449,17.8484,Saison_Pluies,26.2,88.7,55.1,14,Inondable,0,4472,63.39,77.97,3,23,14,24586104.0,27539934.0,52825534.0,68357343.0,0.773,124,252,128,463.38,1947.74,-3.27,-24.42,21.15,6.49,7.4e-07,22,18,13,Échoué
PRJ-0590,Abéché,Rurale,9.2454,20.8276,Intersaison,33.1,40.1,10.3,9,Inondable,0,2250,14.18,21.13,9,12,5,5035892.0,36727893.0,44014708.0,37022794.0,1.189,69,141,72,992.82,1744.01,-2.89,-27.05,24.16,13.02,5.46e-05,10,8,11,Échoué
PRJ-0591,N'Djamena_Nord,Urbaine_Moyenne,14.983,16.3166,Saison_Seche,40.9,26.8,9.5,0,Plat,1,4547,55.44,116.78,5,122,22,21700028.0,28126004.0,52825727.0,45448832.0,1.162,24,48,24,193.94,1826.2,-1.67,-21.32,19.65,22.49,1.813e-05,10,7,10,En_retard
PRJ-0592,Sarh,Urbaine_Moyenne,11.2289,23.993,Saison_Seche,41.4,20.9,50.4,2,Accidenté,0,2917,45.3,75.94,8,13,11,21875841.0,51247949.0,78011312.0,89697666.0,0.87,119,261,142,823.54,120.76,4.04,-21.61,25.65,10.37,6.105e-05,26,7,0,En_retard
PRJ-0593,Kélo,Urbaine_Dense,11.0631,15.341,Intersaison,37.3,64.0,52.2,6,Plat,0,4633,12.22,23.2,4,49,29,7106039.0,69213003.0,80501788.0,99323481.0,0.811,13,30,17,132.6,2414.06,2.74,-20.69,23.43,25.86,1.979e-05,8,10,0,Réussi
PRJ-0594,Sarh,Urbaine_Dense,7.6165,13.6062,Intersaison,37.5,37.7,5.6,3,Plat,0,3932,55.27,67.15,4,95,7,24513483.0,44230217.0,72942994.0,80107323.0,0.911,33,30,0,187.81,697.24,-1.35,-13.62,12.27,5.82,5.019e-05,16,4,14,Réussi
PRJ-0595,Sarh,Urbaine_Dense,9.4792,15.0625,Saison_Pluies,30.5,92.3,54.5,13,Accidenté,1,2164,11.82,15.04,6,37,18,4077494.0,38946153.0,44550296.0,54299031.0,0.82,92,151,59,302.49,1063.96,4.18,-27.83,32.01,25.55,3.351e-05,11,18,0,En_retard
PRJ-0596,Sarh,Urbaine_Dense,14.4303,21.6467,Saison_Pluies,34.6,80.8,16.4,18,Accidenté,1,2186,32.18,35.91,6,108,31,11183237.0,17033245.0,29109038.0,21481756.0,1.355,103,108,5,874.36,1075.14,2.79,-15.85,18.64,18.86,1.826e-05,10,19,13,En_retard
PRJ-0597,N'Djamena_Nord,Urbaine_Moyenne,8.817,18.1912,Intersaison,37.6,44.2,37.1,7,Plat,1,128,25.03,51.13,3,39,43,8364981.0,1147963.0,12726780.0,13799865.0,0.922,112,157,45,449.76,2271.55,1.56,-10.27,11.83,13.29,6.065e-05,29,10,1,En_retard
PRJ-0598,N'Djamena_Centre,Péri_Urbaine,10.821,18.1988,Saison_Seche,42.5,26.1,4.1,1,Plat,0,427,55.36,81.39,2,60,20,30409805.0,3013277.0,36268204.0,40624107.0,0.893,49,94,45,401.83,1872.31,-0.63,-20.82,20.19,2.02,8.22e-06,25,19,3,En_retard
PRJ-0599,Sarh,Urbaine_Moyenne,7.6146,23.5277,Intersaison,35.0,39.0,22.8,8,Accidenté,1,214,62.7,153.85,9,26,35,35663038.0,2294836.0,40782141.0,33204470.0,1.228,36,66,30,495.82,1569.51,1.52,-19.27,20.79,4.67,9.411e-05,25,3,5,En_retard
PRJ-0600,Bongor,Péri_Urbaine,11.3267,23.1562,Saison_Pluies,32.9,76.7,27.0,19,Accidenté,0,4894,13.88,21.26,2,58,7,6549255.0,96906083.0,104445874.0,121865579.0,0.857,46,47,1,634.6,343.93,0.93,-16.7,17.63,13.01,7.781e-05,16,17,6,Réussi
PRJ-0601,N'Djamena_Centre,Rurale,7.6682,16.7675,Saison_Pluies,29.8,72.4,36.0,16,Sableux,0,1770,65.05,104.67,9,116,30,39671281.0,13125277.0,55519040.0,70318145.0,0.79,10,21,11,429.26,842.4,2.82,-22.86,25.68,26.46,9.159e-05,22,1,12,En_retard
PRJ-0602,N'Djamena_Nord,Péri_Urbaine,14.0569,15.6951,Intersaison,28.5,41.7,31.5,3,Inondable,1,3034,1.07,1.88,8,35,4,662947.0,52987740.0,54827288.0,67918942.0,0.807,146,312,166,962.91,1254.84,-2.74,-15.07,12.33,28.75,4.25e-06,10,8,4,En_retard
PRJ-0603,Moundou,Péri_Urbaine,14.0988,22.4091,Intersaison,37.9,50.8,27.7,2,Sableux,0,204,42.64,65.96,7,54,30,20409737.0,3014753.0,25824006.0,21872428.0,1.181,155,161,6,143.99,331.51,3.86,-24.35,28.21,27.96,2.1e-07,25,17,6,En_retard
PRJ-0604,N'Djamena_Centre,Urbaine_Moyenne,13.8019,23.0132,Saison_Seche,35.7,22.4,57.6,1,Accidenté,0,1196,41.58,93.32,5,79,30,30413171.0,6263706.0,37456609.0,33501026.0,1.118,132,244,112,480.91,1449.7,0.92,-26.83,27.75,8.95,3.579e-05,8,4,1,En_retard
PRJ-0605,N'Djamena_Centre,Urbaine_Moyenne,9.7669,19.1868,Saison_Seche,44.3,32.8,11.1,1,Inondable,1,1113,50.09,116.54,3,114,30,44311571.0,21339942.0,70007530.0,69991206.0,1.0,48,116,68,421.28,575.14,3.07,-13.58,16.65,8.44,6.167e-05,25,2,5,En_retard
PRJ-0606,Doba,Urbaine_Dense,14.1979,20.1089,Saison_Pluies,25.8,88.7,9.5,23,Sableux,0,2266,19.56,21.82,2,8,18,7702968.0,44337392.0,52599670.0,41817617.0,1.258,39,37,0,695.78,2070.0,-1.53,-24.82,23.29,22.45,2.444e-05,26,17,2,En_retard
PRJ-0607,N'Djamena_Sud,Urbaine_Moyenne,11.844,16.1976,Saison_Pluies,30.0,93.7,42.8,15,Inondable,1,2889,1.28,2.58,8,75,43,780359.0,54525572.0,60032885.0,76384156.0,0.786,29,31,2,963.45,2080.9,-1.08,-14.83,13.75,28.28,5.493e-05,24,2,11,En_retard
PRJ-0608,Doba,Rurale,10.4905,21.9084,Saison_Pluies,26.5,79.4,4.5,23,Inondable,1,1513,36.65,75.52,2,64,46,23764307.0,18951982.0,47099302.0,37536164.0,1.255,152,319,167,295.53,1517.42,4.37,-12.32,16.69,4.87,6.06e-05,26,1,8,Échoué
PRJ-0609,Kélo,Péri_Urbaine,12.5026,20.1373,Intersaison,37.1,44.7,29.0,5,Accidenté,1,3520,6.18,15.12,8,29,10,2824675.0,29235810.0,35947221.0,41585678.0,0.864,73,100,27,955.77,930.78,1.22,-27.18,28.4,11.95,1.516e-05,9,5,9,En_retard
PRJ-0610,N'Djamena_Sud,Urbaine_Dense,7.5987,18.7869,Intersaison,37.3,46.7,29.0,9,Plat,1,1566,71.43,115.61,5,93,14,30930521.0,17020807.0,52872806.0,47842323.0,1.105,128,310,182,829.42,159.16,-1.82,-15.28,13.46,25.26,7.689e-05,3,6,9,En_retard
PRJ-0611,Abéché,Urbaine_Moyenne,8.6437,14.1311,Saison_Seche,44.7,13.8,18.6,1,Sableux,1,3100,14.31,19.65,9,101,36,4426151.0,44059907.0,49228248.0,51405735.0,0.958,162,302,140,812.37,1591.02,-4.18,-16.37,12.19,15.27,9.364e-05,4,12,3,En_retard
PRJ-0612,Abéché,Péri_Urbaine,13.4383,23.1173,Saison_Seche,36.5,11.5,55.8,1,Inondable,0,4473,34.31,62.75,4,65,23,16189039.0,47783027.0,67359253.0,49058033.0,1.373,76,123,47,82.35,1972.24,-0.66,-16.77,16.11,25.43,6.401e-05,23,10,4,En_retard
PRJ-0613,N'Djamena_Nord,Urbaine_Dense,9.4533,19.9622,Saison_Pluies,33.5,78.3,17.0,13,Inondable,0,1576,35.0,60.43,8,98,12,19069395.0,24621178.0,48012432.0,39514573.0,1.215,131,180,49,941.18,1986.48,3.49,-22.68,26.17,4.39,9.478e-05,23,8,13,Échoué
PRJ-0614,N'Djamena_Sud,Urbaine_Moyenne,12.2841,15.5233,Saison_Pluies,34.5,79.5,17.3,16,Plat,1,3660,44.45,98.16,7,98,12,18384168.0,61977098.0,81431043.0,78714075.0,1.035,35,42,7,840.54,1236.95,-2.49,-27.18,24.69,23.53,2.461e-05,24,14,11,En_retard
PRJ-0615,N'Djamena_Centre,Rurale,10.5808,19.8671,Saison_Pluies,30.7,93.6,14.1,10,Plat,0,2442,62.71,148.34,8,20,34,22895388.0,19880062.0,45906937.0,50787521.0,0.904,135,257,122,687.74,394.04,3.6,-26.23,29.83,12.3,3.65e-06,3,4,4,En_retard
PRJ-0616,Abéché,Urbaine_Moyenne,14.3384,20.6134,Saison_Pluies,26.7,75.2,8.7,22,Accidenté,1,838,38.04,46.46,5,46,26,11579277.0,9280120.0,23132046.0,26984391.0,0.857,15,27,12,136.58,208.79,-3.38,-23.09,19.71,21.1,2.474e-05,29,19,11,En_retard
PRJ-0617,Sarh,Urbaine_Dense,15.1193,19.0206,Saison_Pluies,34.4,79.6,21.8,10,Inondable,0,2598,2.55,5.83,2,34,6,1344084.0,50313298.0,54118604.0,38861720.0,1.393,41,58,17,425.84,186.54,-3.7,-20.69,16.99,9.5,6.481e-05,2,5,12,Échoué
PRJ-0618,Bongor,Urbaine_Moyenne,14.5685,21.0401,Saison_Seche,42.6,33.3,40.9,1,Sableux,0,4707,61.8,146.62,7,46,37,37403937.0,41172609.0,83182904.0,65838780.0,1.263,26,61,35,841.83,661.22,1.06,-11.47,12.53,21.07,5.976e-05,28,7,13,Échoué
PRJ-0619,N'Djamena_Centre,Rurale,9.665,19.6053,Saison_Seche,35.6,15.5,44.5,1,Plat,0,4658,7.03,16.83,3,109,15,6442612.0,47496286.0,56862830.0,64702795.0,0.879,62,130,68,443.16,396.64,3.05,-15.69,18.74,21.36,2.674e-05,13,2,1,Réussi
PRJ-0620,Kélo,Urbaine_Moyenne,9.0533,23.4516,Saison_Pluies,31.9,92.9,48.8,17,Inondable,0,565,51.5,111.76,2,79,42,36519930.0,3127223.0,40566832.0,48186632.0,0.842,109,135,26,442.09,463.72,2.8,-27.53,30.33,13.16,4.08e-05,6,11,12,Échoué
PRJ-0621,Sarh,Urbaine_Dense,11.2955,14.0638,Saison_Seche,44.5,23.0,11.9,1,Plat,1,3112,64.37,137.68,3,19,39,31923131.0,31074847.0,67715451.0,57012544.0,1.188,141,339,198,277.42,1762.53,0.44,-11.45,11.89,29.11,3.676e-05,28,10,3,Échoué
PRJ-0622,Sarh,Urbaine_Moyenne,7.5587,14.6156,Saison_Seche,35.6,10.3,2.1,2,Accidenté,1,4812,22.97,25.75,4,31,19,5016607.0,50833828.0,57183885.0,47908192.0,1.194,119,248,129,60.68,489.79,1.39,-15.03,16.42,1.01,9.504e-05,19,18,6,En_retard
PRJ-0623,N'Djamena_Sud,Urbaine_Moyenne,7.7065,15.3236,Saison_Seche,45.3,22.9,58.5,0,Accidenté,0,1617,36.2,86.46,7,25,40,26337408.0,10506511.0,41360785.0,31137130.0,1.328,165,384,219,517.87,1746.22,-2.42,-19.13,16.71,20.55,3.143e-05,26,2,10,Échoué
PRJ-0624,N'Djamena_Nord,Urbaine_Moyenne,11.9263,20.7468,Saison_Pluies,25.9,81.4,0.9,19,Inondable,1,1498,1.64,2.61,1,126,47,820569.0,7522407.0,13212119.0,10439904.0,1.266,80,83,3,776.72,911.44,0.51,-19.67,20.18,27.35,1.931e-05,20,14,11,Échoué
PRJ-0625,Kélo,Péri_Urbaine,11.6636,20.2788,Saison_Seche,40.2,26.5,57.6,2,Sableux,1,1016,64.41,74.56,6,22,23,20198727.0,13849180.0,38498176.0,27133882.0,1.419,153,131,0,154.61,1948.21,-2.92,-11.2,8.28,25.87,5.656e-05,29,10,1,En_retard
PRJ-0626,Abéché,Urbaine_Dense,15.4567,22.8666,Intersaison,32.1,36.5,49.7,7,Plat,1,413,56.41,94.67,6,67,36,19236016.0,3932957.0,26716075.0,28156038.0,0.949,110,180,70,894.84,439.68,4.28,-18.1,22.38,17.38,1.248e-05,3,6,4,En_retard
PRJ-0627,N'Djamena_Sud,Rurale,9.1147,21.1952,Saison_Pluies,29.5,88.4,54.7,14,Accidenté,1,157,18.9,40.18,8,23,13,6313838.0,826975.0,10986796.0,13649279.0,0.805,176,275,99,559.73,107.25,1.78,-18.95,20.73,26.98,5.079e-05,29,3,4,En_retard
PRJ-0628,Abéché,Urbaine_Dense,9.5648,18.8377,Saison_Pluies,25.2,83.8,23.2,12,Accidenté,0,3144,31.52,54.17,2,104,31,11723210.0,56274973.0,71647586.0,56583370.0,1.266,100,228,128,814.18,268.59,0.65,-14.06,14.71,4.13,6.869e-05,17,16,4,En_retard
PRJ-0629,N'Djamena_Sud,Urbaine_Moyenne,8.4083,23.9142,Saison_Pluies,33.2,76.1,11.8,23,Plat,0,672,55.78,120.55,2,81,37,31860476.0,9250850.0,43683686.0,50274078.0,0.869,167,182,15,670.37,2417.06,-2.53,-17.32,14.79,16.76,9.433e-05,29,8,6,Réussi
PRJ-0630,N'Djamena_Sud,Urbaine_Dense,14.8403,16.2941,Saison_Seche,38.7,16.9,36.4,1,Sableux,1,4466,28.97,52.53,1,54,26,18227047.0,33796568.0,53758504.0,56134372.0,0.958,66,55,0,143.6,1367.98,-0.91,-23.52,22.61,29.46,8.923e-05,24,9,9,En_retard
PRJ-0631,N'Djamena_Sud,Urbaine_Moyenne,13.7225,22.2485,Saison_Pluies,31.8,86.0,44.5,24,Sableux,1,559,13.41,20.37,3,31,43,7403241.0,10050093.0,19235846.0,24313208.0,0.791,65,110,45,907.53,1537.23,2.8,-10.02,12.82,29.76,8.412e-05,7,11,13,En_retard
PRJ-0632,N'Djamena_Nord,Urbaine_Moyenne,14.0787,17.9813,Intersaison,37.3,55.2,7.9,7,Plat,1,1114,41.72,57.74,7,52,48,14621710.0,9807422.0,28219387.0,33267088.0,0.848,176,194,18,720.97,2419.16,-2.61,-22.95,20.34,20.7,3.939e-05,25,16,6,En_retard
PRJ-0633,N'Djamena_Sud,Urbaine_Moyenne,14.7221,20.3117,Saison_Pluies,34.6,73.4,47.9,22,Accidenté,1,3915,58.02,98.03,8,26,18,34215510.0,32931751.0,70464425.0,85377334.0,0.825,136,120,0,45.22,1951.21,-3.71,-15.7,11.99,5.86,8.94e-05,26,2,11,En_retard
PRJ-0634,Moundou,Urbaine_Dense,11.6992,21.1363,Intersaison,34.8,48.9,12.5,7,Plat,1,353,26.0,29.9,7,98,47,11910312.0,6502087.0,21544377.0,23343016.0,0.923,179,150,0,584.24,326.0,-1.93,-19.18,17.25,4.27,7.166e-05,4,5,12,En_retard
PRJ-0635,Bongor,Urbaine_Moyenne,11.1095,20.1544,Saison_Pluies,32.4,81.9,29.5,20,Accidenté,1,1018,10.18,17.22,9,116,33,5668008.0,7830322.0,16935070.0,20098569.0,0.843,27,28,1,485.32,1083.34,2.94,-25.81,28.75,27.75,4.415e-05,9,1,14,En_retard
PRJ-0636,Abéché,Urbaine_Dense,10.1431,14.9753,Saison_Seche,46.4,12.1,51.4,1,Inondable,1,1488,66.45,79.48,8,48,40,26399263.0,27058963.0,57444764.0,52304704.0,1.098,84,121,37,860.56,2062.41,3.83,-10.74,14.57,26.54,5.641e-05,5,15,10,Échoué
PRJ-0637,N'Djamena_Centre,Péri_Urbaine,12.2137,18.151,Saison_Seche,45.2,11.0,11.6,1,Plat,0,3571,20.6,47.95,8,38,32,18095569.0,60866265.0,82829368.0,68368235.0,1.212,31,71,40,131.56,1679.23,-0.86,-21.96,21.1,10.15,4.361e-05,19,7,13,Échoué
PRJ-0638,Doba,Rurale,11.1342,19.3951,Saison_Pluies,30.9,94.1,14.5,14,Sableux,0,3921,41.27,78.65,2,92,4,18446259.0,37824566.0,57245109.0,71413959.0,0.802,141,295,154,594.94,578.57,2.81,-16.17,18.98,28.02,1.968e-05,21,16,7,Réussi
PRJ-0639,Kélo,Urbaine_Dense,11.1125,22.415,Saison_Seche,39.8,17.7,3.8,0,Accidenté,1,3550,55.46,111.17,1,23,41,16986926.0,19581645.0,38702229.0,44143821.0,0.877,12,20,8,317.18,2023.98,-1.68,-14.72,13.04,4.79,4.517e-05,5,12,10,En_retard
PRJ-0640,N'Djamena_Nord,Urbaine_Moyenne,14.9954,18.1583,Saison_Seche,40.1,27.2,8.8,0,Sableux,0,2249,25.71,38.68,6,30,19,15346070.0,14030604.0,31064526.0,23435754.0,1.326,33,51,18,253.16,1419.15,0.09,-20.9,20.99,9.54,8.074e-05,9,19,0,En_retard
PRJ-0641,N'Djamena_Centre,Urbaine_Moyenne,15.3723,23.1468,Intersaison,30.9,61.9,8.8,7,Plat,0,4404,52.07,73.74,7,85,7,20102779.0,29255437.0,52280290.0,63789572.0,0.82,61,96,35,32.31,1981.38,-4.8,-23.31,18.51,19.68,2.666e-05,27,15,2,Réussi
PRJ-0642,Sarh,Urbaine_Dense,13.8719,18.1239,Saison_Seche,38.4,19.4,12.2,2,Inondable,1,3951,37.05,77.47,6,30,47,26837111.0,72548193.0,100161676.0,91081255.0,1.1,76,175,99,338.91,1584.84,2.12,-26.94,29.06,5.95,6.403e-05,25,3,0,En_retard
PRJ-0643,Moundou,Urbaine_Moyenne,13.5541,19.2622,Saison_Seche,46.6,26.4,17.2,2,Inondable,0,2320,45.85,93.54,7,48,35,33031105.0,25660452.0,62622645.0,55043218.0,1.138,132,268,136,402.13,1184.04,2.19,-10.87,13.06,29.68,5.533e-05,8,5,6,En_retard
PRJ-0644,Doba,Péri_Urbaine,12.9445,21.861,Intersaison,38.8,42.4,48.9,6,Plat,1,279,47.45,60.34,8,25,26,15047539.0,1531137.0,17558049.0,18857136.0,0.931,40,44,4,453.31,1834.85,-4.0,-17.52,13.52,7.45,9.201e-05,21,15,4,Réussi
PRJ-0645,N'Djamena_Centre,Urbaine_Moyenne,8.8286,19.6222,Intersaison,35.1,68.3,54.9,9,Plat,1,2536,66.02,94.68,2,43,44,27013933.0,33851103.0,62586345.0,65162348.0,0.96,62,149,87,737.37,2170.83,-1.41,-15.1,13.69,8.11,7.462e-05,19,17,1,En_retard
PRJ-0646,N'Djamena_Centre,Urbaine_Dense,7.9728,23.5823,Saison_Seche,42.7,31.4,24.4,0,Sableux,0,199,52.68,127.76,1,19,23,36408902.0,1615857.0,42047096.0,43012246.0,0.978,130,275,145,409.51,1190.63,-0.16,-19.56,19.4,14.76,3.614e-05,2,16,9,En_retard
PRJ-0647,Moundou,Péri_Urbaine,13.0258,20.4335,Intersaison,31.1,41.9,7.7,8,Accidenté,0,959,21.51,32.82,8,127,34,6729872.0,8177288.0,15639180.0,13339068.0,1.172,172,148,0,203.29,122.98,2.74,-23.8,26.54,23.58,5.617e-05,28,16,14,Échoué
PRJ-0648,Doba,Urbaine_Moyenne,13.3303,18.9884,Intersaison,33.2,54.5,13.4,2,Accidenté,1,3578,5.24,5.95,8,108,7,1067488.0,26522376.0,31060769.0,39629325.0,0.784,40,66,26,404.16,1503.4,3.24,-10.08,13.32,4.49,9.112e-05,19,12,1,Réussi
PRJ-0649,Sarh,Péri_Urbaine,7.8758,13.7477,Saison_Seche,41.8,17.7,44.2,1,Sableux,0,1027,0.66,0.78,8,82,11,222997.0,16873941.0,21757090.0,27633083.0,0.787,85,162,77,78.87,271.32,2.19,-10.59,12.78,20.36,2.265e-05,3,4,6,Réussi
PRJ-0650,N'Djamena_Sud,Urbaine_Moyenne,14.9244,17.8442,Saison_Seche,35.5,19.3,40.6,0,Plat,0,684,72.4,158.24,7,76,8,28488866.0,3426288.0,35194524.0,24724059.0,1.423,147,133,0,972.35,845.08,-2.84,-12.52,9.68,3.88,4.745e-05,20,5,4,Réussi
PRJ-0651,Abéché,Urbaine_Moyenne,8.2291,16.6421,Saison_Seche,37.1,12.1,58.0,0,Accidenté,1,4767,75.4,162.87,2,58,13,38522368.0,55224563.0,97453890.0,87971293.0,1.108,93,130,37,75.57,1396.97,-1.44,-11.51,10.07,3.75,2.217e-05,11,8,12,En_retard
PRJ-0652,Sarh,Urbaine_Dense,9.7872,21.3551,Saison_Pluies,26.2,73.8,0.9,20,Inondable,1,2240,7.98,13.04,4,92,32,2562632.0,14118871.0,20746704.0,15089684.0,1.375,155,295,140,209.87,895.92,-2.53,-17.65,15.12,2.2,4.184e-05,22,12,3,Échoué
PRJ-0653,N'Djamena_Sud,Urbaine_Dense,12.8791,15.6869,Saison_Seche,41.8,24.8,45.0,0,Accidenté,0,4199,39.22,51.55,9,39,41,16842881.0,55786314.0,74129303.0,89707521.0,0.826,117,256,139,433.75,738.28,1.37,-21.38,22.75,16.79,5.82e-06,2,5,13,Échoué
PRJ-0654,N'Djamena_Nord,Rurale,8.859,15.6548,Intersaison,29.3,43.6,30.3,8,Plat,1,4989,12.55,22.56,8,100,34,8302130.0,50837337.0,62253805.0,76691144.0,0.812,65,160,95,934.07,99.27,1.47,-21.82,23.29,13.64,8.76e-05,22,11,7,En_retard
PRJ-0655,Bongor,Urbaine_Dense,7.9433,15.4899,Saison_Pluies,28.9,85.2,54.2,19,Accidenté,1,3524,75.93,118.8,4,78,18,34984064.0,19118665.0,55993484.0,56608235.0,0.989,45,45,0,186.95,709.71,-4.84,-11.19,6.35,9.91,9.782e-05,8,19,2,Réussi
PRJ-0656,Kélo,Rurale,10.1492,14.819,Saison_Pluies,29.0,79.3,34.6,15,Inondable,0,3830,20.12,32.67,8,43,15,8250448.0,45632970.0,55506147.0,66818678.0,0.831,60,113,53,405.78,992.76,2.32,-10.74,13.06,16.29,5.678e-05,29,10,12,Échoué
PRJ-0657,Kélo,Urbaine_Moyenne,13.6278,16.7656,Intersaison,28.7,62.7,26.8,8,Accidenté,1,1915,40.38,59.17,6,47,43,23618336.0,25965068.0,50949458.0,57166117.0,0.891,156,362,206,989.42,761.12,-2.7,-20.07,17.37,15.55,5.541e-05,15,18,2,En_retard
PRJ-0658,Abéché,Urbaine_Dense,10.8094,22.8022,Intersaison,34.5,39.8,40.0,9,Inondable,0,348,13.67,16.24,9,98,24,2522109.0,3032754.0,8689301.0,8687080.0,1.0,90,182,92,606.03,1589.63,3.01,-17.07,20.08,14.74,9.558e-05,2,12,7,En_retard
PRJ-0659,Doba,Urbaine_Dense,12.7238,21.6367,Saison_Seche,39.6,10.7,50.0,0,Plat,0,2789,26.95,59.5,1,77,47,13452074.0,45970190.0,63497658.0,58309064.0,1.089,113,212,99,618.44,1681.24,3.33,-13.51,16.84,6.0,3.932e-05,5,9,1,Réussi
PRJ-0660,Moundou,Urbaine_Dense,12.137,21.2201,Saison_Seche,36.9,14.3,16.9,1,Inondable,1,3775,21.71,42.67,6,45,21,9373246.0,39885636.0,53700383.0,46168100.0,1.163,134,156,22,974.39,1960.76,2.97,-15.35,18.32,27.01,6.211e-05,12,10,2,En_retard
PRJ-0661,Doba,Rurale,7.6777,21.872,Saison_Pluies,31.9,80.1,6.5,12,Accidenté,1,3441,38.3,86.88,4,61,18,20768742.0,55882520.0,79079899.0,67665307.0,1.169,148,324,176,511.04,505.47,-0.92,-12.35,11.43,18.98,8.373e-05,3,19,3,En_retard
PRJ-0662,Moundou,Urbaine_Moyenne,15.4083,16.3289,Saison_Seche,41.4,29.1,26.0,0,Sableux,0,4590,33.87,61.12,3,11,14,12691503.0,62815233.0,77684782.0,80577657.0,0.964,14,25,11,12.54,1566.37,-1.52,-17.04,15.52,4.69,5.057e-05,9,6,9,Réussi
PRJ-0663,Doba,Urbaine_Moyenne,7.8314,22.8181,Saison_Pluies,32.0,93.7,12.9,23,Plat,1,147,26.8,66.44,5,53,19,14355406.0,2651703.0,20599990.0,16481749.0,1.25,110,109,0,40.67,1103.65,-0.65,-17.52,16.87,8.41,2.215e-05,19,10,2,En_retard
PRJ-0664,Bongor,Urbaine_Dense,15.2424,14.9417,Saison_Pluies,34.4,82.5,25.8,12,Plat,0,3247,8.92,21.83,8,70,13,4680773.0,42872972.0,51565362.0,41503677.0,1.242,109,261,152,684.58,841.06,0.27,-21.24,21.51,23.17,8.127e-05,18,19,11,Échoué
PRJ-0665,N'Djamena_Nord,Urbaine_Dense,11.8989,17.0316,Intersaison,33.9,41.8,59.5,6,Plat,0,2155,39.02,57.77,6,106,16,15969708.0,16775399.0,34385044.0,24283956.0,1.416,117,290,173,219.4,1232.8,-2.5,-26.68,24.18,23.52,2.711e-05,15,9,7,Échoué
PRJ-0666,N'Djamena_Nord,Urbaine_Moyenne,15.2053,19.6609,Saison_Seche,37.5,16.2,34.4,0,Accidenté,0,4322,68.09,111.79,1,81,2,27697517.0,74938587.0,104473913.0,111577809.0,0.936,23,39,16,483.7,1229.17,4.32,-27.0,31.32,22.05,8.438e-05,19,16,5,Réussi
PRJ-0667,N'Djamena_Sud,Urbaine_Dense,8.418,14.5805,Saison_Pluies,30.7,92.3,41.6,16,Plat,0,4864,58.55,126.1,6,125,34,39068305.0,81450252.0,123418827.0,160025655.0,0.771,126,267,141,555.86,1616.46,0.04,-25.27,25.31,23.92,9.446e-05,11,8,2,En_retard
PRJ-0668,N'Djamena_Nord,Péri_Urbaine,11.4233,21.1664,Saison_Seche,39.2,32.7,40.7,1,Inondable,0,3572,57.79,126.4,7,109,49,35215077.0,69958825.0,107673638.0,132818838.0,0.811,37,66,29,670.68,1420.09,-4.27,-26.96,22.69,18.35,5.46e-05,21,12,6,Réussi
PRJ-0669,N'Djamena_Nord,Urbaine_Moyenne,8.856,17.5661,Saison_Pluies,30.6,71.6,49.2,22,Sableux,1,4468,29.6,70.3,6,57,26,13768639.0,28611860.0,46056544.0,51740561.0,0.89,18,27,9,92.91,1596.62,4.97,-18.37,23.34,9.37,4.93e-06,22,5,3,En_retard
PRJ-0670,Sarh,Urbaine_Moyenne,7.9078,21.7363,Saison_Seche,45.2,12.4,56.6,0,Plat,0,895,56.82,114.42,3,37,22,40334337.0,12412278.0,55516797.0,65027667.0,0.854,68,102,34,762.44,2452.21,-0.16,-20.74,20.58,11.37,9.556e-05,19,11,2,En_retard
PRJ-0671,Sarh,Urbaine_Moyenne,12.4402,18.6754,Intersaison,30.2,51.3,39.5,5,Plat,0,4235,37.51,66.21,9,113,20,17747511.0,52408272.0,71157979.0,67608023.0,1.053,47,115,68,920.97,2035.64,4.47,-27.53,32.0,15.78,8.313e-05,21,19,1,En_retard
PRJ-0672,N'Djamena_Sud,Urbaine_Moyenne,9.1623,15.3992,Saison_Seche,38.6,18.4,28.6,1,Sableux,1,4276,12.45,20.28,4,80,29,3818884.0,64409737.0,69475410.0,61058307.0,1.138,102,146,44,263.19,765.54,-1.1,-27.61,26.51,8.13,1.174e-05,24,3,7,En_retard
PRJ-0673,Abéché,Rurale,12.2016,21.215,Saison_Pluies,26.9,89.6,19.1,24,Plat,0,3931,33.81,57.03,5,23,18,10933789.0,77451305.0,92943684.0,85617581.0,1.086,162,265,103,386.64,1357.04,-2.75,-18.59,15.84,25.75,6.294e-05,6,15,7,Réussi
PRJ-0674,Sarh,Urbaine_Moyenne,8.3989,16.1475,Saison_Seche,47.0,14.1,21.6,1,Accidenté,1,1102,11.05,25.31,5,59,29,8839318.0,14308457.0,24671068.0,18475009.0,1.335,81,99,18,746.38,611.93,2.37,-18.12,20.49,22.66,3.156e-05,9,3,14,Échoué
PRJ-0675,Abéché,Urbaine_Dense,10.1559,18.6535,Saison_Seche,43.0,23.5,20.1,2,Plat,0,3898,9.6,23.73,3,11,42,7730007.0,59585138.0,68040532.0,73502630.0,0.926,57,70,13,255.96,1321.28,-0.68,-27.33,26.65,29.42,3.303e-05,11,1,1,En_retard
PRJ-0676,N'Djamena_Centre,Urbaine_Moyenne,13.7531,14.2931,Saison_Pluies,25.2,84.8,19.5,17,Accidenté,0,3665,2.33,2.73,2,33,44,755205.0,37413059.0,41959810.0,33774249.0,1.242,156,219,63,546.82,1794.6,3.81,-15.94,19.75,13.04,5.803e-05,26,11,8,En_retard
PRJ-0677,Sarh,Urbaine_Dense,10.9964,19.9876,Saison_Seche,42.9,12.5,41.7,0,Plat,1,3207,22.99,43.96,8,36,27,9957836.0,30416975.0,43952861.0,50885411.0,0.864,139,330,191,663.35,211.14,-0.36,-25.73,25.37,26.25,7.119e-05,2,13,11,Échoué
PRJ-0678,Bongor,Urbaine_Dense,12.522,20.4915,Saison_Seche,43.8,19.1,35.3,2,Inondable,0,2155,26.8,48.99,7,99,35,12988744.0,21613461.0,37802547.0,30770739.0,1.229,15,22,7,880.48,386.69,-1.62,-19.1,17.48,23.59,1.12e-06,18,5,6,En_retard
PRJ-0679,N'Djamena_Sud,Rurale,12.6797,17.4761,Saison_Seche,39.7,12.1,12.1,0,Accidenté,0,1043,56.11,91.27,5,18,29,28213463.0,5819020.0,36792636.0,30790816.0,1.195,167,290,123,351.91,67.91,4.67,-25.14,29.81,25.13,1.527e-05,20,7,10,Échoué
PRJ-0680,N'Djamena_Centre,Péri_Urbaine,14.25,23.5214,Saison_Pluies,34.8,93.1,58.2,12,Inondable,0,3146,43.27,99.18,1,99,6,36678805.0,29166911.0,70708828.0,90110155.0,0.785,70,121,51,497.72,977.74,3.3,-27.3,30.6,20.96,9.028e-05,25,1,5,Échoué
PRJ-0681,Bongor,Rurale,10.0994,22.6788,Saison_Pluies,28.0,75.5,25.7,23,Plat,0,239,68.75,131.04,1,115,37,37866231.0,1815013.0,40720489.0,31079406.0,1.31,11,20,9,192.75,1929.92,-2.94,-24.18,21.24,11.12,4.95e-05,18,13,2,En_retard
PRJ-0682,Bongor,Urbaine_Moyenne,12.9984,20.9334,Saison_Seche,44.9,16.8,34.0,1,Accidenté,1,2173,14.53,22.35,8,103,25,4898758.0,25774865.0,33469356.0,33446112.0,1.001,92,202,110,314.53,1151.31,-0.11,-19.65,19.54,8.07,4.919e-05,11,10,2,En_retard
PRJ-0683,Bongor,Urbaine_Moyenne,15.1929,20.9933,Saison_Pluies,26.3,71.8,42.2,18,Plat,0,2468,21.64,37.26,4,31,21,5987122.0,29399733.0,38425057.0,28342779.0,1.356,22,51,29,103.99,1448.42,-3.87,-14.61,10.74,8.9,8.403e-05,19,18,12,En_retard
PRJ-0684,Abéché,Urbaine_Dense,13.3419,16.1502,Saison_Seche,42.5,14.6,36.8,1,Sableux,1,2948,75.32,120.48,4,58,31,23356706.0,48578463.0,72536387.0,54709452.0,1.326,58,67,9,205.66,1495.18,-3.92,-23.22,19.3,17.44,1.294e-05,2,13,3,En_retard
PRJ-0685,Doba,Urbaine_Dense,11.419,20.3966,Saison_Pluies,26.5,91.8,18.7,12,Accidenté,1,4651,35.8,60.94,9,49,40,19046456.0,58297377.0,79697799.0,86081610.0,0.926,17,38,21,352.75,269.37,3.53,-15.67,19.2,26.51,7.137e-05,18,1,10,En_retard
PRJ-0686,N'Djamena_Centre,Péri_Urbaine,12.5457,15.5812,Saison_Seche,36.8,32.9,47.9,2,Plat,0,2016,63.23,75.86,2,46,16,14421687.0,24083587.0,42527884.0,45863616.0,0.927,18,31,13,430.03,477.42,4.32,-12.47,16.79,14.02,5.062e-05,29,17,14,Réussi
PRJ-0687,Moundou,Urbaine_Moyenne,13.4175,15.012,Saison_Pluies,26.6,73.2,6.6,14,Plat,1,4328,39.63,49.8,5,14,14,13465167.0,36677180.0,52762291.0,43047285.0,1.226,160,379,219,709.81,2292.27,2.39,-23.14,25.53,18.37,7.416e-05,14,12,8,Échoué
PRJ-0688,N'Djamena_Centre,Péri_Urbaine,12.3982,23.9944,Saison_Seche,38.1,32.5,34.1,2,Plat,1,4299,37.95,74.88,6,25,6,24316438.0,76467173.0,105222364.0,128738711.0,0.817,82,193,111,463.86,1173.84,4.89,-18.6,23.49,22.28,6.793e-05,26,6,7,En_retard
PRJ-0689,Doba,Péri_Urbaine,7.6334,20.0349,Intersaison,37.9,43.4,16.4,3,Plat,1,3461,12.28,25.27,6,10,11,5737711.0,22029312.0,31168618.0,34949752.0,0.892,153,224,71,58.56,1075.6,-4.55,-20.63,16.08,25.8,6.665e-05,29,7,1,En_retard
PRJ-0690,N'Djamena_Centre,Urbaine_Dense,9.0582,18.0254,Saison_Seche,46.3,17.9,36.9,0,Accidenté,0,3996,68.17,135.74,3,70,27,43067108.0,78858820.0,125873312.0,110814628.0,1.136,153,292,139,758.19,1889.92,-1.68,-27.51,25.83,19.81,8.56e-05,11,1,12,Échoué
PRJ-0691,N'Djamena_Nord,Urbaine_Moyenne,13.9837,16.5257,Saison_Seche,35.6,32.4,13.1,0,Plat,0,1096,6.73,14.59,6,115,38,4307960.0,13306673.0,21734794.0,18453534.0,1.178,21,48,27,537.47,160.72,-3.68,-20.95,17.27,19.25,5.508e-05,2,10,4,Réussi
PRJ-0692,Moundou,Péri_Urbaine,9.6812,19.8412,Saison_Seche,35.0,10.8,46.3,2,Sableux,0,2623,25.17,60.94,5,117,5,15828237.0,20432658.0,39863646.0,45945688.0,0.868,130,189,59,940.01,2109.91,2.82,-21.21,24.03,29.64,4.078e-05,21,3,14,Échoué
PRJ-0693,Doba,Urbaine_Dense,13.3525,14.0207,Intersaison,34.0,64.1,13.7,7,Plat,0,655,54.04,124.55,8,27,15,46620481.0,6756273.0,57248967.0,65273804.0,0.877,148,129,0,638.89,1692.57,3.9,-16.81,20.71,26.01,1.985e-05,8,7,14,En_retard
PRJ-0694,Abéché,Péri_Urbaine,10.477,14.4942,Saison_Pluies,29.7,85.2,53.4,20,Inondable,0,1416,40.83,68.84,4,105,38,22236334.0,7406463.0,33271694.0,26261320.0,1.267,91,128,37,538.59,405.06,-0.53,-12.4,11.87,22.27,3.44e-05,29,10,9,Échoué
PRJ-0695,Kélo,Urbaine_Moyenne,11.6751,13.845,Saison_Pluies,30.7,82.6,51.7,14,Plat,1,2976,70.57,99.12,3,101,16,23803594.0,22313572.0,49094253.0,44651847.0,1.099,150,213,63,301.48,209.06,3.29,-15.91,19.2,25.13,8.699e-05,22,10,5,En_retard
PRJ-0696,Doba,Urbaine_Dense,8.0438,18.7413,Intersaison,38.3,67.2,21.7,4,Plat,0,2008,3.62,5.56,6,80,18,1951928.0,20140435.0,25141761.0,20867821.0,1.205,172,373,201,244.1,57.08,3.48,-21.6,25.08,30.0,3.375e-05,27,9,13,Échoué
PRJ-0697,N'Djamena_Sud,Urbaine_Moyenne,8.9498,19.8064,Intersaison,34.4,65.3,23.1,2,Sableux,1,1114,52.13,100.24,9,81,33,33532841.0,14834279.0,49721602.0,43580314.0,1.141,116,154,38,237.73,770.67,-3.6,-19.92,16.32,15.67,9.854e-05,14,6,4,En_retard
PRJ-0698,Doba,Rurale,15.1576,14.156,Saison_Pluies,28.6,93.0,42.1,22,Inondable,0,567,38.46,88.41,8,77,35,30759695.0,3936235.0,38919407.0,33958676.0,1.146,110,255,145,413.05,845.76,-1.23,-12.03,10.8,21.46,6.08e-05,22,9,0,En_retard
PRJ-0699,N'Djamena_Nord,Urbaine_Dense,14.6211,21.0729,Saison_Seche,36.7,27.6,5.4,0,Accidenté,1,2504,12.77,26.59,8,24,24,8249255.0,37909181.0,48063054.0,61790546.0,0.778,167,289,122,179.66,483.18,-3.12,-16.5,13.38,24.59,8.15e-05,8,9,8,En_retard
PRJ-0700,Kélo,Péri_Urbaine,12.7182,15.9191,Intersaison,35.6,46.2,4.9,7,Inondable,1,4283,59.59,110.85,3,86,35,27140808.0,75655543.0,105707167.0,121576648.0,0.869,69,124,55,845.77,753.37,1.7,-20.98,22.68,13.88,4.933e-05,7,10,9,Échoué
PRJ-0701,N'Djamena_Nord,Urbaine_Dense,11.1772,20.6946,Saison_Seche,37.0,18.2,8.2,1,Sableux,0,3857,33.2,64.5,1,104,7,15295829.0,52397708.0,69316492.0,80963827.0,0.856,76,165,89,807.15,1426.99,-1.13,-17.2,16.07,28.69,6.546e-05,23,4,11,En_retard
PRJ-0702,Kélo,Péri_Urbaine,12.9061,23.8099,Saison_Pluies,34.7,73.7,33.7,11,Accidenté,1,2639,42.76,78.66,3,127,14,24662887.0,24947844.0,53242123.0,46131845.0,1.154,38,39,1,731.56,326.51,1.68,-16.4,18.08,12.08,9.895e-05,14,16,5,En_retard
PRJ-0703,N'Djamena_Sud,Péri_Urbaine,12.4489,20.7566,Saison_Pluies,34.3,89.6,8.9,19,Plat,0,2322,77.4,190.43,3,66,30,34796322.0,15838095.0,55522677.0,38883433.0,1.428,162,135,0,58.26,542.79,3.76,-19.32,23.08,8.05,5.003e-05,9,2,14,Échoué
PRJ-0704,Abéché,Urbaine_Dense,12.0484,22.7735,Saison_Pluies,33.0,84.7,16.7,19,Plat,1,2358,39.16,87.82,6,61,24,31174220.0,12339475.0,47622426.0,34997445.0,1.361,75,67,0,81.19,1426.88,-0.87,-12.42,11.55,20.64,2.634e-05,17,11,4,En_retard
PRJ-0705,N'Djamena_Nord,Urbaine_Dense,7.9734,23.4561,Saison_Pluies,31.4,79.5,38.8,15,Inondable,1,1152,65.96,144.7,3,20,15,35101883.0,18405544.0,56793357.0,58599378.0,0.969,14,12,0,640.06,1775.96,4.72,-13.37,18.09,3.34,6.499e-05,27,9,10,En_retard
PRJ-0706,N'Djamena_Nord,Péri_Urbaine,12.5624,18.6109,Saison_Pluies,32.8,78.3,0.9,23,Inondable,0,4842,61.68,112.52,2,49,13,34610364.0,69856457.0,107520600.0,93681482.0,1.148,133,265,132,751.48,2331.61,-0.91,-18.56,17.65,4.67,9.196e-05,10,3,5,En_retard
PRJ-0707,Bongor,Urbaine_Moyenne,13.6514,20.8744,Intersaison,37.8,58.1,10.8,4,Inondable,1,860,53.19,83.22,9,51,19,22866025.0,10444056.0,36014052.0,29379283.0,1.226,104,127,23,36.45,1300.86,-2.86,-10.75,7.89,29.14,1.72e-06,14,7,2,En_retard
PRJ-0708,Kélo,Péri_Urbaine,15.4527,22.4457,Saison_Seche,46.3,33.0,55.8,2,Plat,0,3813,71.8,80.94,6,126,29,22649572.0,24898636.0,48970579.0,35737972.0,1.37,14,32,18,297.6,327.4,0.29,-10.84,11.13,9.17,9.926e-05,28,13,8,En_retard
PRJ-0709,Sarh,Urbaine_Dense,7.5886,17.2444,Saison_Seche,37.1,34.2,39.8,2,Sableux,0,4618,20.5,23.8,5,93,22,7961137.0,37430634.0,47457816.0,58160932.0,0.816,94,216,122,144.92,1499.24,-1.01,-10.61,9.6,1.96,5.445e-05,3,13,11,En_retard
PRJ-0710,Kélo,Rurale,13.3414,16.2447,Saison_Pluies,28.3,83.1,18.3,12,Accidenté,0,126,65.75,75.11,3,87,2,23033797.0,2170676.0,27533246.0,29187345.0,0.943,58,82,24,238.97,2488.64,-3.75,-24.03,20.28,14.76,7.994e-05,13,19,3,Réussi
PRJ-0711,Bongor,Péri_Urbaine,12.0743,23.4393,Intersaison,28.4,59.1,2.7,6,Accidenté,0,2359,30.53,75.49,7,105,39,16047456.0,28774544.0,49572561.0,37894452.0,1.308,35,40,5,523.19,2213.51,-4.77,-26.14,21.37,26.15,1.182e-05,13,11,5,En_retard
PRJ-0712,N'Djamena_Centre,Rurale,10.9724,21.1262,Saison_Seche,40.2,29.0,35.2,0,Plat,1,1075,65.09,82.03,7,74,13,13826688.0,20900680.0,37142491.0,43079436.0,0.862,80,132,52,118.15,1961.4,2.44,-16.86,19.3,10.67,2.915e-05,27,5,12,En_retard
PRJ-0713,Kélo,Urbaine_Dense,8.5206,15.8067,Saison_Seche,42.5,33.2,13.4,0,Sableux,0,2114,39.76,51.65,4,79,36,18597022.0,42279117.0,64013996.0,73839847.0,0.867,167,365,198,237.54,1849.76,4.33,-14.9,19.23,13.16,9.772e-05,16,16,5,En_retard
PRJ-0714,Abéché,Urbaine_Moyenne,10.7727,18.2154,Saison_Seche,45.1,25.0,57.6,2,Accidenté,1,4489,68.69,122.12,2,27,38,45333816.0,76360614.0,126345340.0,110380619.0,1.145,107,210,103,569.26,1901.11,-0.6,-22.47,21.87,5.55,2.879e-05,21,2,12,Échoué
PRJ-0715,Bongor,Urbaine_Moyenne,10.335,21.8627,Saison_Seche,43.2,25.9,41.2,1,Accidenté,0,2791,71.64,127.09,2,54,18,24289966.0,24763857.0,51886742.0,42186834.0,1.23,165,139,0,513.03,272.24,-4.35,-18.32,13.97,11.04,4.122e-05,11,10,14,En_retard
PRJ-0716,N'Djamena_Centre,Urbaine_Moyenne,9.9226,19.2442,Intersaison,34.2,64.6,58.4,8,Sableux,1,4991,48.01,114.65,8,31,15,26067886.0,42257422.0,69956832.0,83135938.0,0.841,135,110,0,859.02,1324.44,2.41,-16.34,18.75,29.0,2.807e-05,26,10,1,Réussi
PRJ-0717,Moundou,Urbaine_Moyenne,13.347,20.3245,Saison_Pluies,30.5,70.4,50.9,24,Sableux,0,4049,40.86,49.15,4,58,35,10841782.0,35649480.0,48705789.0,43725078.0,1.114,23,23,0,159.07,1739.47,3.67,-19.66,23.33,26.44,4.685e-05,15,19,8,Réussi
PRJ-0718,Bongor,Urbaine_Dense,13.1058,21.4146,Saison_Pluies,29.0,91.1,29.0,11,Plat,0,3278,62.77,153.17,7,25,17,58872749.0,64910222.0,125972897.0,152232810.0,0.828,27,37,10,376.19,228.17,-1.76,-18.26,16.5,22.46,1.591e-05,27,6,1,Réussi
PRJ-0719,Moundou,Péri_Urbaine,12.2122,20.0311,Saison_Pluies,29.3,84.5,40.2,18,Sableux,1,4319,21.73,30.49,3,30,48,6134416.0,43320033.0,53170678.0,38612066.0,1.377,66,113,47,925.12,2291.16,-2.78,-26.65,23.87,23.8,5.088e-05,18,16,9,Échoué
PRJ-0720,N'Djamena_Nord,Urbaine_Moyenne,15.0093,19.1708,Saison_Pluies,25.6,92.3,48.7,24,Inondable,1,3608,1.72,4.23,9,8,13,810615.0,56272898.0,58916056.0,58890921.0,1.0,34,74,40,797.84,362.83,-1.63,-10.11,8.48,20.41,2.984e-05,11,13,11,Échoué
PRJ-0721,Bongor,Urbaine_Dense,10.2988,21.3709,Saison_Seche,46.5,21.7,34.7,0,Plat,1,895,32.86,61.05,9,122,22,11932811.0,17349813.0,33068923.0,26711660.0,1.238,79,82,3,601.38,266.08,4.08,-21.18,25.26,4.42,8.151e-05,25,19,4,Échoué
PRJ-0722,N'Djamena_Sud,Péri_Urbaine,9.4504,21.1394,Saison_Seche,43.8,21.7,3.7,1,Plat,0,742,40.87,82.26,7,73,40,27348760.0,12832105.0,44682457.0,49294888.0,0.906,142,150,8,771.3,352.44,-0.82,-24.31,23.49,4.41,3.898e-05,12,3,10,En_retard
PRJ-0723,Moundou,Urbaine_Moyenne,12.7472,20.1137,Saison_Pluies,28.9,78.8,28.2,18,Accidenté,0,4098,24.13,37.21,7,12,21,13842305.0,57224706.0,73079340.0,94880972.0,0.77,94,213,119,453.9,1086.93,1.54,-19.36,20.9,16.58,7.927e-05,18,9,1,En_retard
PRJ-0724,Abéché,Urbaine_Dense,9.0905,17.2778,Saison_Seche,38.0,34.9,7.8,0,Accidenté,0,1382,30.98,60.61,1,25,26,15052000.0,10412655.0,26573690.0,25178747.0,1.055,48,114,66,911.58,1380.78,-4.26,-22.29,18.03,18.27,6.418e-05,12,10,8,Réussi
PRJ-0725,N'Djamena_Sud,Rurale,10.0201,17.761,Saison_Seche,40.0,26.5,42.9,0,Inondable,0,3087,11.08,23.21,8,87,46,4271104.0,23535515.0,31180114.0,23702696.0,1.315,123,214,91,603.66,282.11,-2.18,-20.95,18.77,29.18,9.151e-05,16,16,1,En_retard
PRJ-0726,Doba,Rurale,9.2968,23.6896,Saison_Seche,36.0,29.9,40.8,2,Plat,0,4382,22.54,25.12,2,81,4,7446334.0,54276969.0,63847148.0,56862517.0,1.123,20,43,23,698.68,1975.66,-2.72,-17.87,15.15,14.08,8.106e-05,5,18,7,Réussi
PRJ-0727,Doba,Urbaine_Moyenne,8.0532,14.6801,Saison_Seche,42.3,10.7,59.6,0,Inondable,0,1324,19.59,22.49,8,124,7,4553859.0,25525618.0,32982415.0,40730113.0,0.81,111,153,42,655.47,540.39,-4.37,-22.99,18.62,27.61,9.011e-05,26,4,10,En_retard
PRJ-0728,N'Djamena_Centre,Urbaine_Dense,14.12,16.3193,Saison_Seche,36.2,30.3,37.7,2,Inondable,1,1294,24.43,60.61,2,100,10,10063555.0,24026223.0,37443523.0,43414140.0,0.862,34,82,48,676.04,1423.14,-3.79,-16.0,12.21,29.72,5.256e-05,5,16,10,En_retard
PRJ-0729,N'Djamena_Nord,Péri_Urbaine,9.5363,18.6702,Saison_Pluies,30.1,73.8,48.0,20,Accidenté,1,387,24.27,42.24,1,42,15,15694603.0,2899745.0,20929191.0,17566435.0,1.191,167,390,223,644.65,1253.25,-0.83,-20.23,19.4,25.49,9.134e-05,22,18,0,En_retard
PRJ-0730,Bongor,Urbaine_Moyenne,11.2842,22.2857,Saison_Seche,44.8,13.2,16.1,2,Sableux,1,3344,44.94,108.31,8,32,26,39826705.0,31152022.0,75639852.0,96225936.0,0.786,11,25,14,83.03,2268.81,0.58,-26.49,27.07,12.57,1.547e-05,16,10,14,Échoué
PRJ-0731,Sarh,Urbaine_Dense,7.8465,15.2186,Intersaison,30.9,65.8,20.4,2,Inondable,0,386,20.42,43.33,4,113,16,17071047.0,5339218.0,24708531.0,26519982.0,0.932,45,37,0,607.81,2238.59,-1.88,-12.04,10.16,22.85,8.44e-06,15,1,13,Réussi
PRJ-0732,Abéché,Urbaine_Moyenne,13.0947,16.408,Saison_Seche,36.7,27.0,55.0,0,Plat,1,1917,75.31,122.16,6,31,40,32800105.0,23313514.0,57996803.0,46445559.0,1.249,46,78,32,785.57,634.11,-0.8,-19.41,18.61,16.82,5.26e-05,10,10,2,En_retard
PRJ-0733,Moundou,Urbaine_Moyenne,10.1445,14.1909,Saison_Pluies,30.2,85.4,45.3,22,Inondable,0,4055,41.15,53.96,1,20,34,12060076.0,27535243.0,44080857.0,45993670.0,0.958,11,9,0,10.39,1369.14,2.59,-11.39,13.98,6.77,8.26e-05,17,17,6,Réussi
PRJ-0734,N'Djamena_Sud,Urbaine_Moyenne,13.4579,20.9128,Intersaison,30.8,64.1,39.3,6,Sableux,0,544,10.75,26.55,9,28,17,9091940.0,5733547.0,15938845.0,15472891.0,1.03,117,228,111,892.76,2464.23,-2.53,-21.15,18.62,4.76,2.122e-05,25,19,10,En_retard
PRJ-0735,Doba,Urbaine_Moyenne,10.7992,16.0012,Intersaison,30.9,37.4,15.2,8,Plat,1,4692,22.73,43.6,7,113,38,8507395.0,90652797.0,100219132.0,119443026.0,0.839,100,111,11,952.71,863.03,-4.66,-18.23,13.57,3.03,9.686e-05,2,16,5,Réussi
PRJ-0736,Abéché,Urbaine_Moyenne,9.066,17.5811,Intersaison,35.4,62.7,41.9,3,Sableux,1,3936,58.52,80.13,5,114,16,16893249.0,75853149.0,97457040.0,88344419.0,1.103,105,198,93,136.91,230.49,-2.43,-12.28,9.85,10.47,1.852e-05,4,6,10,En_retard
PRJ-0737,Sarh,Rurale,11.6054,18.1589,Saison_Seche,38.6,23.1,53.2,1,Plat,1,210,1.59,3.27,6,46,34,699521.0,2812192.0,4952071.0,6066223.0,0.816,13,13,0,539.7,1809.18,4.21,-19.68,23.89,20.97,7.087e-05,5,8,1,En_retard
PRJ-0738,Bongor,Urbaine_Moyenne,8.544,22.8588,Saison_Seche,41.1,11.6,13.8,2,Accidenté,0,2086,75.06,92.24,3,41,29,35780344.0,30307326.0,67255638.0,79844698.0,0.842,103,215,112,119.49,1282.82,-4.82,-16.6,11.78,27.5,9.151e-05,20,16,8,Réussi
PRJ-0739,N'Djamena_Centre,Péri_Urbaine,11.0243,17.819,Saison_Seche,44.0,20.0,42.4,0,Inondable,1,1791,35.89,83.09,9,26,18,27623747.0,14916512.0,45448516.0,50209797.0,0.905,55,112,57,290.18,2352.1,-3.71,-23.55,19.84,10.29,9.654e-05,10,12,1,En_retard
PRJ-0740,Sarh,Rurale,10.0384,15.0249,Saison_Seche,40.6,26.7,23.6,2,Inondable,0,1557,41.93,51.41,2,35,11,9429812.0,25113306.0,35253666.0,30147678.0,1.169,118,95,0,625.28,1459.24,-4.35,-23.71,19.36,16.4,6.614e-05,23,9,5,Réussi
PRJ-0741,Abéché,Urbaine_Moyenne,14.7957,19.0053,Saison_Seche,42.2,34.2,7.1,2,Inondable,1,3610,79.08,113.14,1,98,12,19597146.0,20892669.0,43779883.0,56134467.0,0.78,111,238,127,309.82,1303.17,-1.23,-18.23,17.0,14.6,5.742e-05,20,16,0,En_retard
PRJ-0742,Sarh,Urbaine_Moyenne,7.9874,23.6111,Intersaison,37.0,59.3,45.8,3,Accidenté,0,1425,40.52,49.76,1,121,37,17948617.0,11842082.0,32328888.0,33272894.0,0.972,173,187,14,371.89,2291.37,1.48,-16.96,18.44,4.15,9.09e-06,9,7,10,Réussi
PRJ-0743,Abéché,Urbaine_Moyenne,13.0521,19.8807,Saison_Pluies,28.1,81.8,10.0,12,Inondable,0,1603,75.85,94.46,2,97,2,33114708.0,8156473.0,44653035.0,55571077.0,0.804,74,73,0,748.67,981.94,4.1,-16.2,20.3,23.05,1.98e-06,26,8,2,En_retard
PRJ-0744,Abéché,Urbaine_Moyenne,8.962,23.8256,Saison_Pluies,28.1,90.0,15.2,15,Inondable,0,2331,73.26,134.31,6,18,18,42676820.0,25141045.0,69595581.0,57725215.0,1.206,65,107,42,579.23,1513.74,2.94,-14.16,17.1,16.06,9.858e-05,27,5,4,Échoué
PRJ-0745,Kélo,Péri_Urbaine,10.0524,22.3316,Intersaison,28.7,36.4,47.0,4,Accidenté,0,1918,75.33,155.31,6,56,38,30910598.0,34052015.0,69537238.0,89704913.0,0.775,44,79,35,522.86,2121.98,-2.49,-11.39,8.9,27.6,2.744e-05,5,9,6,Réussi
PRJ-0746,Moundou,Urbaine_Moyenne,10.8241,13.8776,Saison_Pluies,32.1,71.6,44.5,14,Accidenté,0,1651,65.08,143.43,9,42,33,38736267.0,32586773.0,73040653.0,86891756.0,0.841,128,125,0,330.93,1514.09,1.35,-23.68,25.03,25.23,7.22e-06,14,8,2,Réussi
PRJ-0747,Doba,Rurale,14.7641,20.4132,Saison_Pluies,34.4,92.6,15.3,19,Inondable,1,3877,24.06,49.88,4,91,9,14997993.0,58218349.0,76585383.0,97227911.0,0.788,110,145,35,707.11,779.6,1.64,-16.85,18.49,9.07,5.385e-05,22,16,8,En_retard
PRJ-0748,Kélo,Urbaine_Dense,9.4406,16.5111,Saison_Pluies,27.2,83.6,56.5,17,Plat,0,3530,28.04,45.11,8,83,15,17278681.0,57090691.0,79122285.0,65467317.0,1.209,32,48,16,429.73,1417.89,-4.09,-20.02,15.93,10.07,3.126e-05,20,11,14,En_retard
PRJ-0749,Bongor,Urbaine_Dense,8.2305,19.376,Saison_Seche,45.6,34.5,12.9,0,Accidenté,1,1349,29.52,55.5,4,64,28,10675754.0,12061738.0,25041134.0,23999294.0,1.043,87,209,122,899.83,1108.46,-0.73,-26.39,25.66,16.57,3.576e-05,15,1,3,Échoué
PRJ-0750,Kélo,Urbaine_Moyenne,10.0495,16.4331,Saison_Seche,42.7,14.0,59.6,2,Plat,1,760,78.34,187.92,3,35,8,52403691.0,9731793.0,63361903.0,48065095.0,1.318,53,65,12,605.58,2462.55,-1.89,-19.84,17.95,4.63,3.538e-05,6,17,8,En_retard
PRJ-0751,N'Djamena_Nord,Urbaine_Dense,8.3374,17.1631,Intersaison,39.9,43.9,44.3,6,Inondable,1,4217,29.18,47.93,4,73,46,9079759.0,67677235.0,77564715.0,60669706.0,1.278,10,12,2,542.93,174.81,-3.43,-13.77,10.34,8.28,2.487e-05,19,12,14,En_retard
PRJ-0752,N'Djamena_Nord,Urbaine_Dense,8.5288,23.1933,Intersaison,31.9,36.0,23.6,9,Plat,0,2096,9.14,13.28,1,72,36,3465580.0,26114352.0,34413513.0,29952668.0,1.149,149,286,137,805.1,1931.52,-4.41,-26.58,22.17,24.81,9.677e-05,19,5,2,En_retard
PRJ-0753,Doba,Urbaine_Dense,12.0908,15.6698,Intersaison,38.1,53.2,7.8,7,Accidenté,1,2931,62.38,113.97,9,80,39,22797846.0,18547942.0,45282445.0,57552873.0,0.787,150,305,155,490.59,108.84,-4.73,-17.09,12.36,5.44,2.652e-05,28,14,10,En_retard
PRJ-0754,Sarh,Urbaine_Dense,7.9872,22.6781,Saison_Pluies,27.7,75.4,19.2,11,Plat,0,1867,29.6,44.88,5,29,8,16114009.0,30082902.0,50832195.0,55931427.0,0.909,164,134,0,286.5,1529.59,3.59,-20.62,24.21,16.84,5.57e-05,22,7,11,En_retard
PRJ-0755,Moundou,Urbaine_Dense,7.7474,13.8198,Intersaison,28.8,45.7,11.6,8,Plat,0,2248,49.86,73.12,7,127,42,15624579.0,18643711.0,37913039.0,33696327.0,1.125,29,30,1,163.55,1105.79,-1.69,-16.23,14.54,12.43,2.386e-05,16,7,2,Réussi
PRJ-0756,Doba,Rurale,13.2153,14.4542,Saison_Seche,44.4,30.1,37.3,1,Accidenté,1,3382,73.99,162.06,3,58,19,41207998.0,21866203.0,65115219.0,82875004.0,0.786,120,169,49,566.2,2280.59,-0.07,-13.22,13.15,6.83,7.619e-05,24,4,12,Échoué
PRJ-0757,Abéché,Urbaine_Dense,10.3932,22.4741,Saison_Seche,39.0,20.7,21.4,1,Accidenté,0,1153,46.25,108.56,5,111,4,27351357.0,14033012.0,42437944.0,48542169.0,0.874,121,227,106,430.61,1371.38,-2.08,-18.25,16.17,29.12,2.29e-05,18,15,3,Réussi
PRJ-0758,N'Djamena_Sud,Péri_Urbaine,8.503,20.1208,Saison_Seche,38.9,35.0,17.7,2,Accidenté,1,3227,51.2,92.33,4,98,27,33845753.0,19746452.0,58274086.0,72503884.0,0.804,107,110,3,403.4,2076.97,-3.34,-22.53,19.19,24.93,6.147e-05,4,7,1,Réussi
PRJ-0759,Moundou,Péri_Urbaine,9.5289,21.346,Saison_Pluies,25.7,84.5,45.4,24,Plat,0,3644,51.61,113.11,7,16,13,38395118.0,52625391.0,93723795.0,117748247.0,0.796,15,21,6,355.91,1696.75,-2.39,-26.38,23.99,8.73,8.34e-05,2,9,13,En_retard
PRJ-0760,Moundou,Rurale,12.6367,15.6989,Saison_Seche,45.3,13.7,13.8,1,Sableux,0,3524,49.19,66.99,5,78,38,11012746.0,51475416.0,64772452.0,74518235.0,0.869,145,136,0,674.9,1145.29,-3.3,-22.8,19.5,23.77,2.716e-05,25,1,4,Réussi
PRJ-0761,Abéché,Urbaine_Dense,9.7043,19.1394,Saison_Seche,37.7,20.0,35.2,0,Plat,0,4865,13.2,24.64,2,43,21,4109259.0,43057826.0,50267149.0,42519979.0,1.182,30,53,23,523.81,877.39,2.58,-21.44,24.02,1.19,8.032e-05,19,2,8,En_retard
PRJ-0762,Abéché,Rurale,11.4562,21.2408,Saison_Seche,46.3,28.6,11.7,0,Sableux,1,2227,36.79,73.24,3,61,26,21078422.0,43355272.0,65413211.0,84903298.0,0.77,112,171,59,541.87,336.74,4.08,-16.46,20.54,9.05,9.25e-06,23,8,14,Échoué
PRJ-0763,N'Djamena_Centre,Urbaine_Moyenne,8.4736,20.0868,Saison_Pluies,28.4,70.9,42.9,14,Inondable,1,1244,1.11,1.98,8,119,45,508721.0,21604267.0,24004405.0,21485251.0,1.117,158,338,180,315.04,83.12,-0.65,-21.01,20.36,4.13,1.164e-05,28,7,14,Échoué
PRJ-0764,Doba,Urbaine_Moyenne,12.2047,18.4528,Saison_Pluies,29.6,78.0,37.5,18,Plat,0,4551,50.29,63.55,3,45,23,13910844.0,30235954.0,47517240.0,52412630.0,0.907,54,96,42,617.51,53.42,3.23,-20.75,23.98,13.3,4.006e-05,17,3,7,En_retard
PRJ-0765,Abéché,Urbaine_Moyenne,10.0286,23.5777,Saison_Pluies,34.0,76.9,47.9,23,Accidenté,0,585,46.24,98.39,7,121,30,34254994.0,9493194.0,44698741.0,53946330.0,0.829,79,152,73,409.48,603.47,-0.74,-22.77,22.03,19.5,4.069e-05,7,7,7,En_retard
PRJ-0766,N'Djamena_Nord,Péri_Urbaine,12.5157,20.5997,Saison_Seche,36.5,31.1,4.1,0,Sableux,0,1119,25.79,58.66,5,73,31,10685435.0,11521359.0,23315386.0,18770998.0,1.242,114,221,107,771.79,1424.26,-0.53,-21.47,20.94,5.97,5.165e-05,10,16,7,Échoué
PRJ-0767,Bongor,Urbaine_Dense,13.9672,23.0314,Saison_Pluies,34.2,94.0,12.6,22,Accidenté,1,4419,42.15,83.85,7,50,31,32996168.0,71827875.0,107621688.0,114662838.0,0.939,167,301,134,534.24,2439.96,-0.15,-23.21,23.06,7.93,2.37e-06,23,2,7,En_retard
PRJ-0768,N'Djamena_Sud,Péri_Urbaine,12.3932,21.1626,Saison_Pluies,33.3,83.1,9.3,22,Plat,1,182,39.7,53.07,9,12,16,8280280.0,3096170.0,14682007.0,13582379.0,1.081,147,122,0,296.56,1777.81,3.2,-14.79,17.99,12.39,1.171e-05,11,1,13,En_retard
PRJ-0769,Doba,Urbaine_Moyenne,9.866,21.2224,Saison_Pluies,34.8,83.8,11.4,20,Accidenté,1,313,20.45,24.63,7,88,42,4422506.0,2275720.0,8039734.0,6806225.0,1.181,84,186,102,156.25,223.17,4.36,-10.31,14.67,19.29,1.03e-06,23,8,5,En_retard
PRJ-0770,N'Djamena_Nord,Péri_Urbaine,9.5459,14.3402,Saison_Seche,43.6,24.4,6.2,2,Accidenté,1,4512,23.82,36.26,6,44,41,8261085.0,67353466.0,76263432.0,53923058.0,1.414,10,24,14,702.94,1630.76,2.44,-14.78,17.22,10.01,9.545e-05,28,5,12,Échoué
PRJ-0771,Sarh,Rurale,10.1194,17.2744,Saison_Pluies,27.4,93.0,33.7,17,Inondable,1,2102,61.12,70.4,1,65,7,19521024.0,37711876.0,62045551.0,75893152.0,0.818,147,251,104,377.39,1239.46,3.88,-26.67,30.55,18.44,3.133e-05,18,10,12,Échoué
PRJ-0772,Abéché,Urbaine_Dense,8.817,22.5129,Intersaison,36.6,39.5,35.6,6,Sableux,0,4996,60.58,137.81,4,70,17,28117931.0,49213619.0,77955267.0,60924296.0,1.28,162,160,0,74.86,1608.65,1.43,-16.61,18.04,11.13,6.881e-05,8,4,6,Réussi
PRJ-0773,Abéché,Rurale,8.9494,15.9423,Saison_Seche,41.9,34.5,50.6,1,Plat,0,4139,37.85,78.89,8,106,24,26353503.0,25682183.0,52544920.0,64465802.0,0.815,92,176,84,915.77,1576.82,3.39,-15.35,18.74,8.48,6.084e-05,15,9,10,En_retard
PRJ-0774,Moundou,Urbaine_Dense,13.8255,14.7128,Saison_Seche,45.2,13.6,25.1,2,Plat,1,2897,57.54,108.7,1,58,20,26021201.0,15669908.0,43646142.0,46282996.0,0.943,83,118,35,392.78,402.67,0.57,-13.99,14.56,25.8,7.247e-05,15,14,14,Échoué
PRJ-0775,N'Djamena_Nord,Urbaine_Dense,10.5779,16.9241,Saison_Seche,39.8,20.1,31.9,0,Plat,0,407,36.34,85.23,6,79,39,13605656.0,2706556.0,17813251.0,19107087.0,0.932,120,111,0,748.48,2302.68,2.73,-14.27,17.0,12.11,8.829e-05,13,10,9,Réussi
PRJ-0776,Moundou,Urbaine_Dense,10.988,15.8146,Saison_Pluies,29.0,90.9,59.5,17,Sableux,1,4470,68.18,85.51,2,50,27,31590001.0,22632007.0,57303147.0,68602816.0,0.835,23,52,29,464.33,1408.63,2.05,-18.85,20.9,27.63,2.331e-05,7,18,11,En_retard
PRJ-0777,N'Djamena_Centre,Urbaine_Dense,12.2524,23.2155,Saison_Seche,44.5,14.9,31.9,1,Accidenté,0,800,26.96,56.62,9,74,2,21853419.0,7923351.0,34300710.0,34495013.0,0.994,140,281,141,892.02,1766.87,2.49,-23.28,25.77,9.86,4.258e-05,15,9,13,Échoué
PRJ-0778,Moundou,Urbaine_Moyenne,12.2172,22.6136,Saison_Seche,39.0,31.1,34.4,2,Sableux,0,3300,74.22,96.88,8,74,1,29513611.0,31316765.0,63495361.0,58058300.0,1.094,177,384,207,38.78,998.34,-2.66,-25.83,23.17,16.74,3.284e-05,9,5,4,En_retard
PRJ-0779,N'Djamena_Centre,Urbaine_Dense,8.039,18.7467,Saison_Seche,35.0,30.5,59.8,0,Accidenté,0,4401,43.61,51.69,9,72,34,18175966.0,29289179.0,51445000.0,40296046.0,1.277,170,366,196,266.81,349.61,-3.46,-27.85,24.39,2.55,8.25e-06,18,8,5,Échoué
PRJ-0780,N'Djamena_Centre,Urbaine_Dense,14.1523,14.1441,Intersaison,35.7,57.0,59.6,2,Inondable,1,2308,43.09,55.42,9,69,27,9991000.0,34081701.0,48664223.0,50720249.0,0.959,144,203,59,550.32,1742.78,1.53,-27.97,29.5,20.73,3.19e-06,9,12,2,En_retard
PRJ-0781,Abéché,Rurale,8.9186,21.0029,Saison_Pluies,25.5,79.8,25.4,18,Plat,1,960,53.83,130.88,2,95,37,28427800.0,19083452.0,48863550.0,50422309.0,0.969,117,190,73,330.0,2359.1,-0.17,-11.15,10.98,24.07,7.648e-05,9,19,4,En_retard
PRJ-0782,Sarh,Péri_Urbaine,13.2846,20.0458,Saison_Pluies,33.9,79.9,38.1,18,Sableux,0,3860,27.6,47.38,2,116,6,10959369.0,71463639.0,85120407.0,74594238.0,1.141,12,14,2,745.26,1473.77,2.65,-17.06,19.71,29.17,1.292e-05,18,14,9,Réussi
PRJ-0783,Moundou,Péri_Urbaine,13.6814,23.6908,Intersaison,35.8,45.1,28.8,3,Accidenté,1,633,58.08,67.87,9,70,38,26482079.0,5565816.0,35437210.0,37564653.0,0.943,128,267,139,691.53,536.68,-3.53,-17.66,14.13,25.26,1.54e-06,12,11,11,En_retard
PRJ-0784,N'Djamena_Nord,Rurale,13.2192,19.369,Saison_Seche,35.8,15.9,43.2,2,Inondable,0,3488,25.97,49.79,2,37,27,13844391.0,57725439.0,73563305.0,70887082.0,1.038,174,294,120,35.27,1576.97,4.48,-21.22,25.7,10.06,4.384e-05,8,11,2,En_retard
PRJ-0785,N'Djamena_Centre,Péri_Urbaine,12.1318,17.0321,Intersaison,33.7,47.8,56.3,9,Plat,0,626,32.1,44.29,4,113,48,6725587.0,11927146.0,22481617.0,26602904.0,0.845,102,194,92,604.51,1100.88,2.04,-13.63,15.67,17.14,3.223e-05,24,4,4,Réussi
PRJ-0786,Abéché,Urbaine_Dense,7.6169,18.9497,Saison_Pluies,28.0,94.6,18.6,23,Inondable,0,2626,54.14,60.07,2,97,16,14719941.0,48831687.0,67225545.0,69624943.0,0.966,163,229,66,837.53,1027.64,-4.77,-24.04,19.27,18.16,6.61e-06,8,18,9,Échoué
PRJ-0787,N'Djamena_Sud,Urbaine_Moyenne,10.383,23.7823,Saison_Seche,38.8,16.8,49.1,1,Accidenté,1,1921,30.59,66.13,1,45,35,10047637.0,35093294.0,47535855.0,59905024.0,0.794,100,195,95,322.47,2288.09,0.77,-14.71,15.48,2.65,5.16e-06,13,9,0,En_retard
PRJ-0788,Doba,Péri_Urbaine,12.3387,20.8118,Intersaison,34.3,63.6,39.3,6,Plat,0,1202,16.4,21.6,7,114,27,4524151.0,20189703.0,25609646.0,25885968.0,0.989,34,66,32,147.97,1855.85,-1.87,-21.47,19.6,3.11,9.132e-05,17,8,0,Réussi
PRJ-0789,Sarh,Urbaine_Dense,10.5996,20.5557,Intersaison,36.2,36.3,16.8,9,Accidenté,1,1833,69.82,168.93,5,111,35,44542621.0,17220801.0,62315482.0,76803656.0,0.811,177,373,196,740.91,1296.5,-2.25,-15.26,13.01,10.45,9.397e-05,14,4,9,En_retard
PRJ-0790,Kélo,Péri_Urbaine,14.4078,16.0272,Intersaison,37.1,35.1,47.8,6,Accidenté,1,1143,73.81,142.45,3,58,36,32884335.0,7147689.0,42194097.0,42713721.0,0.988,52,55,3,901.42,1072.88,4.02,-15.28,19.3,22.59,4.823e-05,16,19,14,En_retard
PRJ-0791,N'Djamena_Sud,Urbaine_Dense,9.9704,21.3078,Saison_Seche,37.5,13.4,25.6,0,Plat,0,2149,50.33,61.49,8,114,38,9726707.0,26469857.0,37065874.0,38356540.0,0.966,124,231,107,660.34,645.17,3.36,-22.32,25.68,9.28,8.483e-05,20,19,5,En_retard
PRJ-0792,Doba,Urbaine_Dense,9.8483,21.3779,Intersaison,34.8,58.9,7.2,2,Plat,0,4582,64.99,91.31,5,45,28,16352154.0,26675795.0,47045259.0,43285628.0,1.087,103,236,133,847.58,891.49,-4.9,-11.18,6.28,26.35,8.001e-05,4,2,7,Réussi
PRJ-0793,N'Djamena_Sud,Urbaine_Moyenne,9.628,16.8315,Intersaison,38.9,49.2,59.6,5,Accidenté,1,2191,78.94,154.34,1,115,3,44406958.0,43769838.0,90181262.0,84779537.0,1.064,53,51,0,998.68,1374.51,-3.18,-18.86,15.68,19.7,5.794e-05,12,11,3,Réussi
PRJ-0794,Moundou,Urbaine_Moyenne,10.1622,18.579,Saison_Seche,40.6,28.3,25.5,1,Plat,1,2183,49.37,77.68,9,121,41,25160647.0,22647851.0,51305940.0,64638347.0,0.794,38,92,54,504.39,168.44,2.2,-23.36,25.56,14.58,7.508e-05,25,3,14,Échoué
PRJ-0795,N'Djamena_Centre,Urbaine_Moyenne,11.9592,16.5933,Saison_Seche,36.5,12.2,32.5,0,Accidenté,0,567,72.75,134.22,5,74,31,33707642.0,10985681.0,46752028.0,38989763.0,1.199,100,115,15,935.94,925.92,3.48,-15.87,19.35,16.68,9.305e-05,9,1,12,En_retard
PRJ-0796,Sarh,Péri_Urbaine,13.1561,16.2164,Saison_Seche,42.8,18.8,48.5,1,Accidenté,0,791,29.06,64.49,3,84,3,21466814.0,13128081.0,38676618.0,29892177.0,1.294,66,158,92,350.92,1260.51,2.18,-14.48,16.66,10.61,5.663e-05,9,10,14,Échoué
PRJ-0797,Bongor,Urbaine_Dense,12.8005,13.7719,Intersaison,34.8,43.6,57.7,5,Plat,0,2527,56.19,124.16,6,107,38,23693853.0,28224984.0,56416693.0,67594338.0,0.835,117,266,149,748.19,1540.32,0.25,-10.89,11.14,29.24,5.117e-05,13,13,6,Réussi
PRJ-0798,N'Djamena_Centre,Urbaine_Dense,13.9617,16.4947,Saison_Pluies,31.3,71.9,52.4,16,Plat,0,2926,4.94,10.26,8,112,24,1852079.0,19822688.0,25943581.0,27140786.0,0.956,146,308,162,902.45,1870.6,4.85,-26.68,31.53,6.1,3.5e-07,4,3,4,En_retard
PRJ-0799,Bongor,Rurale,14.5873,19.3167,Saison_Seche,43.5,16.6,31.5,2,Inondable,0,92,63.22,147.96,2,55,26,53245393.0,787326.0,56712850.0,49384891.0,1.148,31,36,5,525.67,83.89,2.97,-18.28,21.25,25.95,5.421e-05,21,7,1,En_retard
PRJ-0800,Doba,Péri_Urbaine,14.0286,13.5168,Saison_Seche,35.2,33.9,32.7,2,Plat,0,3491,66.47,91.67,3,19,41,21524422.0,52698979.0,75101183.0,72055089.0,1.042,79,92,13,630.2,772.27,-0.32,-19.17,18.85,20.67,8.175e-05,29,5,4,Réussi
PRJ-0801,Abéché,Urbaine_Dense,7.6516,16.4738,Saison_Seche,41.8,16.1,16.9,0,Inondable,1,453,32.39,43.67,7,27,47,11269567.0,7904410.0,21346677.0,21665663.0,0.985,15,19,4,970.79,689.34,0.83,-22.42,23.25,21.64,7.621e-05,3,2,14,En_retard
PRJ-0802,Kélo,Péri_Urbaine,13.3873,22.7548,Saison_Pluies,32.6,74.8,27.8,16,Accidenté,0,1376,51.3,113.84,2,110,28,44044172.0,27095652.0,73549876.0,77616019.0,0.948,164,357,193,258.67,1327.13,-4.55,-14.18,9.63,25.24,6.458e-05,28,18,11,En_retard
PRJ-0803,N'Djamena_Nord,Urbaine_Dense,9.1672,19.7333,Saison_Seche,35.1,28.1,56.8,1,Sableux,1,2266,68.74,106.5,5,115,9,27266991.0,15822193.0,47910327.0,57139323.0,0.838,131,147,16,362.42,1191.73,4.65,-24.5,29.15,4.95,2.46e-06,4,14,1,En_retard
PRJ-0804,N'Djamena_Centre,Urbaine_Moyenne,8.5634,19.8826,Intersaison,37.1,40.2,43.6,5,Plat,1,2199,70.75,128.56,9,79,37,19396172.0,16138923.0,38579833.0,36134311.0,1.068,127,227,100,774.55,245.76,-1.37,-22.1,20.73,21.16,9.254e-05,17,2,13,Échoué
PRJ-0805,Sarh,Urbaine_Dense,12.6079,17.7353,Saison_Pluies,31.7,70.0,0.7,20,Inondable,0,2443,8.97,19.21,7,124,27,7386110.0,13770195.0,24540113.0,27138957.0,0.904,61,129,68,347.56,1915.31,1.62,-14.21,15.83,23.51,4.291e-05,22,5,8,En_retard
PRJ-0806,N'Djamena_Sud,Péri_Urbaine,10.0579,20.603,Saison_Pluies,32.8,81.3,7.0,10,Accidenté,1,2700,66.29,109.66,3,118,48,16836062.0,24044763.0,44899841.0,53918431.0,0.833,79,125,46,505.77,1733.81,1.67,-19.41,21.08,29.55,5.715e-05,20,13,0,En_retard
PRJ-0807,Sarh,Péri_Urbaine,7.9569,15.4943,Saison_Seche,47.0,30.4,55.4,2,Plat,0,4587,22.3,28.59,2,9,3,9022191.0,79428545.0,91507647.0,110382387.0,0.829,102,227,125,59.95,2061.8,-4.43,-25.55,21.12,22.68,3.977e-05,21,7,2,En_retard
PRJ-0808,Doba,Urbaine_Dense,8.601,22.0968,Saison_Seche,41.3,30.9,50.9,1,Plat,1,4395,58.32,119.63,9,82,41,27601360.0,35045083.0,65839624.0,56131382.0,1.173,160,281,121,569.83,322.04,-2.34,-11.9,9.56,28.6,3.489e-05,8,10,13,Échoué
PRJ-0809,Bongor,Rurale,7.5074,14.7252,Saison_Pluies,27.9,93.0,29.2,13,Accidenté,0,927,26.35,59.13,9,127,49,15823051.0,12253059.0,29680085.0,27011959.0,1.099,90,163,73,630.52,1290.27,1.56,-14.85,16.41,25.64,5.106e-05,20,7,13,En_retard
PRJ-0810,N'Djamena_Sud,Urbaine_Moyenne,14.7258,20.388,Saison_Seche,39.7,20.0,37.0,1,Plat,0,1936,4.98,5.57,9,92,28,1597595.0,22643665.0,25006160.0,26430101.0,0.946,158,308,150,91.78,1529.12,4.12,-17.87,21.99,26.39,4.947e-05,2,18,0,En_retard
PRJ-0811,N'Djamena_Nord,Urbaine_Dense,7.6969,17.0821,Saison_Seche,38.7,32.2,17.4,1,Plat,1,1353,17.18,32.43,3,108,32,8176090.0,13377644.0,25299970.0,31155988.0,0.812,83,186,103,251.46,169.9,2.79,-17.03,19.82,27.59,3.564e-05,14,18,4,En_retard
PRJ-0812,N'Djamena_Nord,Urbaine_Dense,9.1756,21.3489,Intersaison,32.6,54.7,47.6,7,Sableux,0,1790,32.99,57.97,1,62,35,19918040.0,25552601.0,49789722.0,58466460.0,0.852,116,94,0,438.85,2400.57,0.8,-16.73,17.53,16.4,8.039e-05,15,2,11,Réussi
PRJ-0813,N'Djamena_Centre,Urbaine_Dense,10.8301,19.2725,Saison_Seche,39.1,31.7,36.2,0,Plat,0,1162,59.43,86.97,9,13,7,33281384.0,14565539.0,50200924.0,52729933.0,0.952,145,213,68,783.43,1996.36,-2.68,-19.01,16.33,21.62,5.06e-06,2,16,14,En_retard
PRJ-0814,Doba,Urbaine_Dense,10.3526,18.2497,Saison_Seche,40.5,25.7,41.7,2,Accidenté,0,3926,8.51,11.28,7,90,7,1935682.0,39344203.0,44250000.0,57093128.0,0.775,23,56,33,31.44,646.95,4.49,-14.59,19.08,4.59,1.17e-05,5,13,3,Réussi
PRJ-0815,Abéché,Urbaine_Moyenne,14.7938,15.2789,Saison_Seche,37.3,24.8,22.5,2,Inondable,0,1948,65.13,88.79,2,101,21,31082113.0,29868223.0,62833120.0,60532946.0,1.038,40,39,0,338.04,1590.44,-0.96,-15.12,14.16,11.34,8.25e-06,18,17,10,Réussi
PRJ-0816,Doba,Péri_Urbaine,7.8223,20.1866,Saison_Seche,37.7,10.8,25.8,2,Inondable,1,297,79.76,168.69,6,117,32,30729884.0,2732258.0,35988135.0,43382629.0,0.83,155,186,31,14.84,401.27,-3.5,-27.95,24.45,26.5,5.65e-05,7,6,5,En_retard
PRJ-0817,Bongor,Urbaine_Moyenne,11.5977,23.7351,Intersaison,33.2,58.9,12.5,6,Plat,0,3310,63.17,116.91,9,110,38,19882801.0,48484053.0,69806858.0,83143614.0,0.84,103,182,79,526.07,2189.37,-4.78,-26.01,21.23,29.35,4.125e-05,21,9,4,En_retard
PRJ-0818,Sarh,Urbaine_Dense,12.9438,22.1688,Saison_Seche,40.4,22.6,56.9,1,Inondable,0,617,38.16,94.39,8,115,20,36713733.0,11944311.0,52577535.0,65449724.0,0.803,91,206,115,503.79,290.94,4.5,-27.54,32.04,4.24,4.52e-05,22,3,6,En_retard
PRJ-0819,N'Djamena_Nord,Urbaine_Dense,14.9536,14.1301,Saison_Seche,42.8,24.7,56.8,2,Accidenté,0,3859,45.67,65.79,6,69,8,17916225.0,61490385.0,82120213.0,106149163.0,0.774,174,168,0,757.82,2265.03,2.78,-24.96,27.74,18.0,5.767e-05,7,7,13,En_retard
PRJ-0820,Sarh,Urbaine_Dense,12.463,17.4504,Saison_Pluies,30.7,74.1,49.1,11,Plat,0,1238,0.99,2.42,6,56,4,455325.0,13959680.0,17377209.0,17332341.0,1.003,39,31,0,13.88,2078.25,-2.84,-26.7,23.86,22.3,3.24e-05,3,5,6,Réussi
PRJ-0821,Sarh,Urbaine_Moyenne,13.93,23.2186,Saison_Seche,38.4,27.9,56.1,1,Plat,1,2645,17.14,31.21,8,107,26,9128590.0,42884416.0,52679902.0,43059382.0,1.223,39,77,38,761.13,1221.65,-3.58,-24.51,20.93,15.97,1.831e-05,18,7,9,Échoué
PRJ-0822,Sarh,Péri_Urbaine,8.1698,18.782,Saison_Seche,37.2,26.4,39.9,1,Plat,0,1403,71.97,93.88,9,91,15,20260176.0,24045494.0,47606463.0,46489483.0,1.024,109,198,89,892.31,1648.87,4.59,-18.31,22.9,7.76,3.068e-05,27,10,10,Échoué
PRJ-0823,N'Djamena_Nord,Urbaine_Dense,10.5875,20.4522,Saison_Seche,39.5,31.2,14.1,1,Plat,1,3662,2.23,2.92,8,61,6,776946.0,36208417.0,38397314.0,46550251.0,0.825,57,72,15,324.25,652.24,-2.59,-15.95,13.36,2.21,9.94e-05,17,10,4,Réussi
PRJ-0824,Moundou,Péri_Urbaine,10.4916,23.0823,Saison_Seche,45.7,17.4,45.6,0,Plat,0,1030,72.43,141.38,1,125,48,43285593.0,16044293.0,61555162.0,73968621.0,0.832,176,427,251,340.35,991.66,-0.38,-11.47,11.09,28.59,9.527e-05,13,10,9,En_retard
PRJ-0825,Bongor,Rurale,14.5903,22.6748,Saison_Seche,35.1,26.0,19.5,0,Plat,0,218,9.5,21.51,2,17,32,7900999.0,2510476.0,12768696.0,11512026.0,1.109,36,63,27,11.06,582.74,1.11,-14.69,15.8,7.87,9.566e-05,13,6,0,Réussi
PRJ-0826,Bongor,Urbaine_Moyenne,8.711,18.7691,Saison_Seche,43.1,11.3,26.4,2,Accidenté,1,3214,11.08,23.79,6,31,5,3586827.0,55530969.0,61637093.0,44895478.0,1.373,153,295,142,434.82,1342.66,-4.38,-27.43,23.05,9.67,2.76e-06,19,19,8,Échoué
PRJ-0827,N'Djamena_Sud,Péri_Urbaine,8.7151,18.0953,Intersaison,38.6,61.7,16.5,5,Inondable,1,2721,14.44,29.14,8,104,44,5931015.0,25660837.0,33115316.0,33310871.0,0.994,169,244,75,616.88,830.76,-1.56,-19.56,18.0,19.64,8.95e-06,17,18,1,En_retard
PRJ-0828,Doba,Urbaine_Moyenne,10.1285,17.0668,Saison_Seche,36.9,16.7,25.4,1,Accidenté,0,428,64.05,85.89,4,36,46,14950669.0,8160417.0,27436582.0,27010233.0,1.016,166,393,227,131.47,911.29,4.44,-15.84,20.28,13.43,4.57e-06,7,15,6,En_retard
PRJ-0829,Doba,Urbaine_Moyenne,7.9357,21.0497,Saison_Pluies,31.8,80.9,40.8,15,Inondable,0,1982,38.52,48.21,4,126,6,8401770.0,26998416.0,37825512.0,28424298.0,1.331,103,131,28,660.59,1134.77,2.0,-22.33,24.33,13.28,8.155e-05,14,13,2,Échoué
PRJ-0830,Kélo,Urbaine_Moyenne,8.9597,16.5134,Saison_Pluies,30.3,91.3,6.6,20,Sableux,0,243,12.04,13.25,2,101,3,5120388.0,2502791.0,10877784.0,12802434.0,0.85,24,50,26,372.09,2187.85,-1.32,-21.36,20.04,3.4,9.914e-05,27,2,9,En_retard
PRJ-0831,Doba,Urbaine_Moyenne,15.2217,16.1238,Saison_Pluies,31.7,85.6,6.3,21,Sableux,0,313,55.1,68.46,1,107,29,26290059.0,3533948.0,33086726.0,28790552.0,1.149,53,53,0,676.27,1394.12,2.92,-13.55,16.47,29.76,5.43e-05,26,10,5,Réussi
PRJ-0832,N'Djamena_Nord,Urbaine_Dense,10.9255,17.2406,Saison_Seche,40.8,21.7,41.0,1,Sableux,0,1521,75.28,163.58,9,116,19,55179954.0,15540025.0,73951410.0,80418554.0,0.92,160,274,114,258.59,2026.16,3.37,-27.15,30.52,9.25,7.008e-05,17,2,4,En_retard
PRJ-0833,Abéché,Urbaine_Dense,12.5562,15.3608,Saison_Seche,41.8,34.9,46.8,2,Plat,1,2065,46.01,108.28,7,13,10,33649717.0,14854980.0,51521628.0,39202432.0,1.314,57,102,45,776.9,2128.95,-3.48,-18.29,14.81,4.19,3.522e-05,25,3,5,En_retard
PRJ-0834,N'Djamena_Centre,Urbaine_Dense,13.3089,20.7988,Saison_Pluies,28.9,94.6,33.1,14,Plat,1,4666,8.35,11.99,9,65,7,4340291.0,28123783.0,36665890.0,44601192.0,0.822,160,179,19,553.36,651.3,0.87,-13.52,14.39,20.77,7.654e-05,11,5,13,En_retard
PRJ-0835,Kélo,Urbaine_Moyenne,10.4357,19.9705,Saison_Pluies,25.9,86.3,10.9,24,Accidenté,1,1350,4.85,10.73,2,118,45,1766181.0,13266019.0,19188980.0,21943840.0,0.874,123,166,43,537.86,1955.34,-1.33,-13.65,12.32,22.81,6.561e-05,12,15,9,En_retard
PRJ-0836,N'Djamena_Centre,Urbaine_Dense,8.6778,18.5702,Saison_Pluies,31.3,83.1,25.8,20,Plat,1,3250,63.77,87.9,5,85,1,15810700.0,38611159.0,56799010.0,52996522.0,1.072,134,148,14,493.28,1639.22,0.07,-25.83,25.9,1.74,8.01e-05,2,7,4,En_retard
PRJ-0837,Bongor,Rurale,9.1526,17.5984,Saison_Seche,35.2,18.1,45.5,1,Plat,1,3423,50.27,72.84,2,64,1,16700626.0,35692491.0,55754424.0,60086173.0,0.928,23,51,28,843.56,1293.14,-0.31,-12.79,12.48,8.81,5e-05,22,15,12,En_retard
PRJ-0838,N'Djamena_Centre,Péri_Urbaine,10.0061,23.0452,Intersaison,30.6,59.0,41.1,8,Plat,1,623,73.85,104.41,7,10,17,37391632.0,3245078.0,41599442.0,33798396.0,1.231,63,121,58,558.71,267.23,0.04,-26.61,26.65,6.64,1.94e-05,8,12,8,Échoué
PRJ-0839,N'Djamena_Centre,Urbaine_Moyenne,12.5885,13.8058,Saison_Seche,37.2,15.4,6.6,1,Sableux,1,1587,44.01,51.6,9,31,22,13831800.0,21718244.0,36458521.0,47077193.0,0.774,101,157,56,168.0,1452.23,0.22,-11.37,11.59,23.87,4.757e-05,25,3,12,En_retard
PRJ-0840,Kélo,Urbaine_Dense,10.6862,21.5756,Saison_Seche,43.2,29.5,58.1,1,Plat,0,1433,5.46,7.49,3,26,36,2066444.0,10277830.0,15003898.0,17669563.0,0.849,159,277,118,629.55,430.68,-4.31,-24.11,19.8,6.33,3.121e-05,24,10,11,En_retard
PRJ-0841,N'Djamena_Sud,Rurale,7.5545,22.9701,Saison_Seche,35.7,17.0,13.4,0,Accidenté,0,1430,32.59,52.89,1,109,14,10964962.0,11676063.0,27191943.0,31906047.0,0.852,133,184,51,518.95,2049.83,-3.22,-25.93,22.71,7.82,6.941e-05,18,4,7,En_retard
PRJ-0842,Sarh,Péri_Urbaine,11.6873,18.1867,Saison_Seche,41.8,13.6,13.2,2,Plat,0,3587,52.81,88.07,4,105,6,27486371.0,24431875.0,55343245.0,43833407.0,1.263,70,107,37,78.24,2339.82,0.66,-26.67,27.33,29.62,1.368e-05,13,7,13,Échoué
PRJ-0843,Doba,Péri_Urbaine,14.8721,19.2823,Saison_Pluies,29.7,71.1,27.6,21,Inondable,0,3209,31.1,47.68,4,16,30,17735078.0,41096029.0,62342581.0,44303139.0,1.407,27,50,23,585.27,1221.36,4.36,-21.82,26.18,21.36,3.319e-05,21,11,0,Échoué
PRJ-0844,Doba,Urbaine_Dense,13.9966,23.4169,Saison_Pluies,30.8,75.1,19.6,15,Accidenté,0,1573,79.97,145.59,6,37,46,33831994.0,10110284.0,45151808.0,47464611.0,0.951,95,110,15,88.59,1129.29,2.47,-21.73,24.2,12.24,6.6e-07,21,17,13,En_retard
PRJ-0845,N'Djamena_Nord,Urbaine_Moyenne,14.1017,15.7289,Intersaison,28.2,67.3,59.0,8,Plat,0,4662,32.73,53.32,5,103,47,16251749.0,41237062.0,60028681.0,47210899.0,1.272,155,159,4,727.58,1247.52,-2.61,-18.53,15.92,22.86,8.155e-05,16,15,8,Réussi
PRJ-0846,Kélo,Urbaine_Dense,13.8605,18.9614,Intersaison,31.5,58.6,4.6,5,Sableux,0,3982,43.93,108.0,5,84,33,25162622.0,46890562.0,74356743.0,86868014.0,0.856,66,159,93,658.23,214.6,-1.38,-14.81,13.43,14.53,4.066e-05,10,17,1,Réussi
PRJ-0847,N'Djamena_Nord,Urbaine_Dense,10.0898,18.4846,Saison_Pluies,28.9,75.4,18.4,24,Inondable,1,3672,18.42,41.08,9,89,20,14303225.0,27597405.0,45924033.0,43611560.0,1.053,94,113,19,498.32,630.6,-1.65,-18.82,17.17,7.17,7.762e-05,29,14,14,En_retard
PRJ-0848,Abéché,Péri_Urbaine,13.6216,16.2131,Saison_Pluies,30.3,85.8,23.0,17,Inondable,1,945,12.59,30.26,1,51,16,8132070.0,11050471.0,20302749.0,18336561.0,1.107,24,39,15,751.3,2354.5,2.7,-10.38,13.08,15.15,9.76e-06,23,12,4,En_retard
PRJ-0849,Abéché,Péri_Urbaine,8.6453,22.0952,Saison_Seche,46.6,10.2,29.6,1,Sableux,1,3443,51.8,97.4,8,60,4,22876071.0,34915556.0,60717987.0,45185692.0,1.344,115,241,126,287.94,895.43,4.72,-24.21,28.93,23.39,1.938e-05,7,18,5,Échoué
PRJ-0850,N'Djamena_Nord,Urbaine_Moyenne,12.7617,22.9458,Saison_Pluies,34.4,74.7,1.0,12,Accidenté,0,514,47.29,96.93,8,93,34,24718334.0,9205204.0,38524620.0,49991051.0,0.771,67,117,50,451.96,1498.83,-1.45,-24.21,22.76,6.17,8.505e-05,6,13,9,Échoué
PRJ-0851,Kélo,Rurale,12.6325,21.7103,Saison_Seche,38.7,24.7,4.9,1,Inondable,1,1660,0.84,1.12,8,75,1,193544.0,28093090.0,32802704.0,41777736.0,0.785,139,261,122,25.14,1640.4,-4.85,-15.31,10.46,15.08,5.955e-05,6,19,12,En_retard
PRJ-0852,N'Djamena_Nord,Urbaine_Moyenne,7.7046,15.5513,Saison_Seche,43.0,24.2,15.5,0,Plat,1,662,23.14,49.84,3,67,13,18267820.0,13169046.0,35772383.0,27865189.0,1.284,23,25,2,988.41,2199.03,4.37,-22.34,26.71,4.46,5.9e-07,10,5,0,Échoué
PRJ-0853,Doba,Urbaine_Moyenne,13.8038,14.4109,Saison_Seche,45.7,28.7,33.2,2,Inondable,1,3262,51.66,73.89,8,30,48,28781431.0,42189651.0,73158516.0,65819763.0,1.111,30,44,14,65.69,633.54,2.53,-24.91,27.44,25.44,9.051e-05,3,12,11,Échoué
PRJ-0854,Moundou,Urbaine_Dense,14.726,19.8572,Saison_Seche,38.1,26.8,46.1,0,Plat,1,654,65.07,84.86,2,68,8,22857342.0,8914645.0,36506940.0,34114732.0,1.07,54,107,53,113.41,2230.82,3.34,-13.74,17.08,24.75,9.835e-05,11,8,13,En_retard
PRJ-0855,N'Djamena_Centre,Rurale,9.6393,14.0995,Saison_Pluies,32.4,84.5,41.2,14,Plat,0,670,25.33,29.35,8,14,22,6026562.0,12863791.0,23014205.0,20208328.0,1.139,43,50,7,499.94,1009.56,-2.91,-23.93,21.02,20.53,6.612e-05,6,8,6,Réussi
PRJ-0856,Moundou,Urbaine_Dense,13.9991,20.5647,Intersaison,30.6,66.8,34.0,5,Accidenté,0,2652,51.97,91.53,8,51,4,28938495.0,29155778.0,62424409.0,78697275.0,0.793,126,204,78,382.14,2308.35,1.46,-14.52,15.98,27.68,7.278e-05,18,9,7,Réussi
PRJ-0857,Kélo,Rurale,8.1592,19.0695,Saison_Seche,44.6,21.6,23.8,0,Plat,1,2233,21.59,32.42,3,62,34,8529552.0,29777592.0,43002736.0,48713719.0,0.883,80,144,64,537.03,1057.73,-2.67,-24.28,21.61,12.6,1.336e-05,22,19,0,Échoué
PRJ-0858,Moundou,Péri_Urbaine,12.2997,20.4593,Intersaison,28.2,55.1,52.2,2,Accidenté,0,3850,55.39,137.45,4,82,45,29287162.0,41142187.0,75145855.0,95701992.0,0.785,88,188,100,836.66,304.7,-4.88,-11.09,6.21,4.83,7.662e-05,5,19,10,En_retard
PRJ-0859,Abéché,Urbaine_Dense,11.3852,19.6968,Saison_Pluies,33.3,84.3,27.6,24,Accidenté,0,205,55.99,81.17,9,46,37,12955405.0,2703522.0,17239219.0,21112927.0,0.817,21,25,4,167.03,177.7,-3.43,-22.69,19.26,29.29,9.9e-06,5,4,9,Réussi
PRJ-0860,Bongor,Urbaine_Moyenne,11.8674,17.9384,Saison_Pluies,30.8,87.4,18.0,24,Accidenté,0,3403,10.85,25.1,9,66,23,9347895.0,21137723.0,31560213.0,36380244.0,0.868,132,325,193,643.14,2419.86,4.23,-14.5,18.73,15.88,8.897e-05,14,6,3,Réussi
PRJ-0861,N'Djamena_Centre,Rurale,14.9096,15.6092,Saison_Pluies,33.7,86.8,37.8,24,Plat,0,3961,53.37,82.35,9,113,20,28755268.0,66374126.0,98738331.0,110407253.0,0.894,16,39,23,27.86,347.27,-2.85,-12.85,10.0,14.79,5.048e-05,21,12,1,Réussi
PRJ-0862,Sarh,Urbaine_Moyenne,14.4705,16.7099,Saison_Seche,41.0,17.7,41.5,2,Plat,1,2967,27.02,58.06,6,112,24,20742023.0,58684884.0,82461370.0,100577926.0,0.82,78,64,0,792.14,1375.92,0.85,-25.79,26.64,2.85,1.412e-05,20,1,14,En_retard
PRJ-0863,Kélo,Rurale,13.7807,19.0073,Intersaison,35.1,38.3,23.9,9,Accidenté,0,3167,14.22,28.78,1,105,27,7481647.0,18957998.0,28413064.0,31552422.0,0.901,120,171,51,817.47,1341.1,4.68,-26.78,31.46,17.54,8.87e-06,7,18,4,En_retard
PRJ-0864,N'Djamena_Centre,Rurale,9.6896,20.3446,Saison_Pluies,30.7,76.4,1.7,15,Inondable,0,2765,40.28,75.99,8,12,13,25708469.0,47048123.0,76336615.0,62079369.0,1.23,112,103,0,385.58,1033.33,-4.24,-17.23,12.99,19.7,4.401e-05,20,19,1,En_retard
PRJ-0865,Moundou,Urbaine_Moyenne,14.7945,21.6846,Intersaison,29.7,42.2,5.6,9,Plat,1,4389,36.46,61.38,9,49,5,18125902.0,37859611.0,56764499.0,61809495.0,0.918,126,169,43,181.6,1074.18,3.08,-16.84,19.92,14.72,5.3e-07,23,17,8,En_retard
PRJ-0866,Abéché,Urbaine_Moyenne,8.2801,21.5553,Saison_Pluies,29.2,78.7,50.7,11,Accidenté,0,499,62.02,126.49,8,96,16,30824832.0,3973640.0,35510909.0,35830542.0,0.991,165,302,137,812.95,1215.5,0.98,-16.79,17.77,27.4,9.612e-05,17,3,8,Réussi
PRJ-0867,N'Djamena_Sud,Rurale,14.3266,23.7132,Intersaison,31.9,67.7,3.4,7,Inondable,1,4899,7.22,12.06,1,99,38,4349867.0,75447324.0,81891589.0,105569462.0,0.776,107,196,89,910.12,293.86,-1.77,-19.79,18.02,22.53,1.707e-05,7,4,14,En_retard
PRJ-0868,Sarh,Péri_Urbaine,10.1253,16.5013,Saison_Pluies,25.4,73.6,35.5,21,Plat,0,4551,63.29,118.18,6,21,48,47235292.0,25767688.0,74375290.0,74820004.0,0.994,34,33,0,84.55,1987.72,-1.36,-11.18,9.82,2.12,4.195e-05,12,14,9,Réussi
PRJ-0869,N'Djamena_Centre,Urbaine_Dense,7.9302,14.2467,Saison_Seche,43.6,29.9,11.0,0,Accidenté,1,4011,8.93,17.2,9,34,29,6446914.0,47925795.0,58106211.0,42015032.0,1.383,75,146,71,584.01,973.81,-4.73,-15.54,10.81,16.73,6.067e-05,11,6,4,Échoué
PRJ-0870,Abéché,Urbaine_Dense,12.8549,17.1294,Saison_Seche,35.7,13.8,13.7,0,Plat,0,1119,16.99,25.05,9,23,26,8618402.0,5619245.0,19003745.0,16314976.0,1.165,60,134,74,938.77,649.12,-2.44,-26.66,24.22,29.82,6.748e-05,19,5,4,Échoué
PRJ-0871,Abéché,Urbaine_Moyenne,9.3502,21.3046,Saison_Seche,40.9,19.1,16.4,1,Sableux,0,4067,41.51,65.4,7,98,22,22031755.0,54155808.0,79664886.0,99615288.0,0.8,171,320,149,647.3,829.75,-0.77,-13.87,13.1,6.79,5.648e-05,10,6,3,Réussi
PRJ-0872,Moundou,Rurale,9.4486,18.1002,Saison_Pluies,27.9,81.3,2.3,23,Plat,0,4894,37.32,42.0,7,9,24,13127613.0,58391415.0,74965558.0,95762038.0,0.783,129,171,42,822.12,1549.08,2.17,-23.04,25.21,18.9,1.786e-05,11,13,0,En_retard
PRJ-0873,Doba,Péri_Urbaine,9.9484,22.0868,Saison_Seche,42.4,31.2,10.6,2,Plat,1,3641,79.11,181.4,4,26,13,65921553.0,68204083.0,134655316.0,153116445.0,0.879,169,136,0,237.52,1949.01,-2.25,-14.99,12.74,8.93,4.718e-05,16,9,9,En_retard
PRJ-0874,Moundou,Péri_Urbaine,8.0095,19.2679,Intersaison,36.0,50.6,39.0,7,Sableux,0,2869,47.36,102.22,7,30,43,27933691.0,45341901.0,76080838.0,55852338.0,1.362,134,255,121,111.31,425.88,0.8,-26.93,27.73,11.77,3.226e-05,25,17,11,Échoué
PRJ-0875,Doba,Urbaine_Dense,8.917,23.2628,Saison_Pluies,27.8,70.5,29.9,20,Plat,0,2335,26.53,36.0,5,48,21,7035566.0,16088366.0,27300888.0,19496242.0,1.4,149,291,142,382.43,1501.79,2.32,-14.2,16.52,1.98,8.94e-06,15,15,2,En_retard
PRJ-0876,Doba,Urbaine_Dense,7.5411,23.4526,Intersaison,31.8,61.5,47.8,7,Accidenté,1,2085,72.06,115.79,5,21,1,39601619.0,21513237.0,64558398.0,63768010.0,1.012,134,269,135,401.16,1084.91,1.99,-18.23,20.22,20.95,3.875e-05,17,15,3,En_retard
PRJ-0877,Sarh,Rurale,11.0633,14.2277,Intersaison,34.2,45.1,3.7,8,Plat,0,1240,25.32,42.78,1,54,4,16251121.0,23527384.0,41303526.0,53686463.0,0.769,156,135,0,788.34,2161.83,0.9,-15.03,15.93,23.21,6.088e-05,8,19,6,Réussi
PRJ-0878,Moundou,Urbaine_Dense,8.174,18.2923,Saison_Pluies,26.7,89.7,53.3,23,Sableux,1,1449,22.27,34.92,2,122,3,8218006.0,23010138.0,35546283.0,43422559.0,0.819,56,94,38,412.23,2375.78,0.8,-19.1,19.9,23.41,1.021e-05,26,8,13,En_retard
PRJ-0879,N'Djamena_Sud,Urbaine_Dense,12.9612,19.9017,Intersaison,38.4,45.6,59.8,6,Inondable,1,3790,39.8,88.26,9,70,23,30515526.0,52734540.0,88089761.0,110981169.0,0.794,175,263,88,244.24,1712.43,2.21,-13.58,15.79,29.15,1.65e-05,9,9,6,En_retard
PRJ-0880,N'Djamena_Nord,Urbaine_Dense,9.385,16.1867,Saison_Pluies,27.8,90.3,0.9,18,Accidenté,0,2298,73.1,154.65,2,97,16,33780304.0,30761198.0,66296970.0,71211226.0,0.931,147,309,162,887.48,1495.02,-1.64,-10.95,9.31,25.3,8.63e-06,26,2,10,En_retard
PRJ-0881,N'Djamena_Nord,Péri_Urbaine,15.0486,17.7743,Intersaison,30.9,65.7,58.1,4,Plat,0,2843,56.83,123.55,2,15,45,47647066.0,31191909.0,80270900.0,97567259.0,0.823,19,39,20,784.83,1961.87,-0.5,-14.64,14.14,7.02,1.1e-07,9,14,6,Réussi
PRJ-0882,Moundou,Rurale,14.47,20.6157,Saison_Seche,37.0,22.8,14.2,0,Plat,1,773,54.36,128.6,9,34,13,41263271.0,10650411.0,53937053.0,48102090.0,1.121,108,261,153,670.63,1264.72,4.66,-14.6,19.26,7.69,9.364e-05,14,14,6,En_retard
PRJ-0883,Moundou,Urbaine_Dense,9.8155,15.8807,Saison_Seche,40.0,10.7,41.6,0,Accidenté,0,1491,58.22,112.55,3,118,39,32900503.0,24713275.0,58397990.0,41837395.0,1.396,50,116,66,215.04,185.66,1.69,-24.1,25.79,23.27,8.383e-05,20,5,10,Échoué
PRJ-0884,Sarh,Urbaine_Moyenne,13.7657,19.8208,Saison_Seche,40.8,11.7,17.5,1,Plat,0,4870,52.94,103.78,2,47,31,35800731.0,33666627.0,73897805.0,92442487.0,0.799,64,112,48,212.76,1767.68,0.2,-21.62,21.82,23.53,2.315e-05,11,3,3,En_retard
PRJ-0885,Moundou,Urbaine_Moyenne,13.926,20.8232,Saison_Pluies,26.6,81.9,31.3,24,Accidenté,1,136,60.9,128.54,7,35,24,45414184.0,2658455.0,52754487.0,43842058.0,1.203,127,313,186,496.44,1471.94,0.78,-25.75,26.53,4.57,5.776e-05,2,10,8,Échoué
PRJ-0886,Doba,Rurale,15.3925,14.4502,Saison_Pluies,25.5,85.5,30.6,19,Accidenté,0,4199,15.82,32.49,9,75,47,12121774.0,36071396.0,51543034.0,58609162.0,0.879,124,131,7,535.61,421.02,-3.96,-18.42,14.46,1.19,8.016e-05,28,2,3,Réussi
PRJ-0887,Abéché,Urbaine_Dense,12.2827,18.7241,Saison_Pluies,27.4,84.9,21.7,24,Inondable,1,1801,14.59,33.82,6,68,15,12691966.0,21100769.0,37732242.0,41331158.0,0.913,52,42,0,263.53,571.77,0.92,-19.96,20.88,12.64,3.665e-05,23,13,11,Échoué
PRJ-0888,Abéché,Urbaine_Moyenne,8.1557,16.2623,Saison_Seche,43.3,10.7,43.1,0,Plat,0,3470,29.29,63.8,7,45,5,10410419.0,18532348.0,32451695.0,25795792.0,1.258,175,172,0,132.14,615.16,3.36,-22.7,26.06,21.15,7.391e-05,29,11,5,En_retard
PRJ-0889,Doba,Urbaine_Moyenne,12.6747,21.1061,Intersaison,33.9,36.4,36.0,4,Accidenté,1,4887,68.15,86.46,3,82,49,15625648.0,64778108.0,82601850.0,67524319.0,1.223,164,230,66,369.57,1844.4,0.24,-26.75,26.99,26.13,8.687e-05,17,11,0,Échoué
PRJ-0890,Kélo,Rurale,12.4998,15.4903,Saison_Pluies,27.4,74.4,30.5,24,Inondable,0,2533,57.3,137.5,3,115,22,49020843.0,27174031.0,79539065.0,71381816.0,1.114,41,85,44,434.79,1320.01,-3.23,-11.23,8.0,5.79,4.987e-05,4,9,0,En_retard
PRJ-0891,Doba,Urbaine_Moyenne,12.6068,22.8685,Saison_Seche,46.8,30.4,59.0,0,Accidenté,0,3262,45.53,93.63,8,31,22,36189204.0,28530555.0,68983200.0,79617539.0,0.866,124,180,56,62.02,167.34,-0.52,-17.1,16.58,24.64,8.88e-05,4,9,5,En_retard
PRJ-0892,N'Djamena_Sud,Urbaine_Dense,9.9572,18.0249,Saison_Pluies,30.8,92.3,56.4,13,Inondable,1,3972,2.05,2.62,7,35,11,594525.0,78577535.0,83316643.0,60283469.0,1.382,80,170,90,568.99,2103.01,-2.22,-22.15,19.93,20.85,2.1e-05,7,12,0,Échoué
PRJ-0893,Bongor,Urbaine_Moyenne,14.3774,15.579,Saison_Pluies,25.7,93.5,57.3,13,Plat,0,2539,19.25,41.98,5,48,24,6387276.0,29000755.0,36252790.0,34231380.0,1.059,35,72,37,11.99,1630.17,-1.4,-21.74,20.34,5.81,9.014e-05,27,1,14,Échoué
PRJ-0894,N'Djamena_Centre,Péri_Urbaine,15.1758,18.0992,Intersaison,29.4,63.5,52.9,9,Inondable,0,1536,64.38,103.12,6,25,45,23787340.0,17225388.0,43594432.0,47913242.0,0.91,67,144,77,159.66,1846.22,-2.75,-20.88,18.13,26.33,8.055e-05,13,17,0,Réussi
PRJ-0895,Doba,Urbaine_Dense,9.2417,17.7918,Saison_Pluies,25.6,82.5,15.3,24,Sableux,1,3577,19.78,44.08,9,56,10,10831163.0,42732806.0,55851916.0,44842530.0,1.246,85,95,10,155.49,2346.72,-1.66,-13.39,11.73,28.06,8.401e-05,26,5,5,En_retard
PRJ-0896,Moundou,Rurale,8.2052,18.0036,Saison_Seche,41.0,14.4,21.0,1,Plat,1,122,58.56,142.74,3,92,47,48568476.0,822561.0,53275076.0,41109732.0,1.296,161,270,109,690.68,687.41,3.22,-24.21,27.43,8.71,4.5e-07,6,12,7,Échoué
PRJ-0897,Moundou,Urbaine_Dense,9.0563,19.6484,Saison_Seche,42.2,20.8,13.9,1,Plat,0,774,15.18,22.12,3,33,34,3581143.0,8433846.0,14771181.0,13798164.0,1.071,123,247,124,491.03,1494.54,2.58,-12.58,15.16,5.31,6.636e-05,17,11,8,En_retard
PRJ-0898,Sarh,Urbaine_Moyenne,14.0644,18.9723,Saison_Pluies,33.4,74.3,59.2,15,Plat,0,3804,48.71,112.05,6,10,11,22764085.0,38215227.0,63052967.0,54978122.0,1.147,169,217,48,837.68,1912.36,-0.09,-22.4,22.31,29.06,4.007e-05,18,16,14,Échoué
PRJ-0899,Doba,Urbaine_Moyenne,12.9132,15.0727,Intersaison,28.3,41.0,9.2,9,Accidenté,1,3045,50.44,110.11,8,84,43,41125220.0,36469560.0,81273354.0,88543857.0,0.918,153,340,187,272.2,1306.34,2.83,-12.32,15.15,1.66,6.046e-05,11,7,5,En_retard
PRJ-0900,Sarh,Péri_Urbaine,12.5884,14.1886,Saison_Seche,38.3,20.1,22.0,0,Accidenté,0,4415,60.28,122.95,5,45,29,23201292.0,78804737.0,104637132.0,134117715.0,0.78,99,210,111,218.47,1240.87,4.76,-11.87,16.63,28.5,8.37e-06,8,8,0,Réussi
PRJ-0901,Doba,Urbaine_Moyenne,10.7143,21.1589,Intersaison,33.8,61.4,11.9,8,Plat,1,268,35.35,57.93,1,99,22,19685304.0,2114997.0,23455109.0,16481468.0,1.423,150,151,1,804.87,2325.37,-0.94,-15.46,14.52,7.27,2.365e-05,26,19,11,En_retard
PRJ-0902,N'Djamena_Centre,Rurale,12.1226,19.377,Saison_Pluies,29.0,70.8,13.4,21,Inondable,0,596,50.8,63.69,3,21,33,15306465.0,8413190.0,28226531.0,35041204.0,0.806,111,130,19,449.76,646.83,4.8,-11.89,16.69,13.71,3.513e-05,11,15,6,Réussi
PRJ-0903,Bongor,Péri_Urbaine,9.963,17.2695,Intersaison,31.6,41.7,14.8,3,Inondable,1,3779,39.21,69.69,8,8,8,21998698.0,21028458.0,44035871.0,42271522.0,1.042,15,18,3,281.49,1649.57,-2.54,-14.55,12.01,9.94,7.184e-05,3,5,13,En_retard
PRJ-0904,Abéché,Urbaine_Moyenne,11.3176,21.9878,Saison_Seche,43.8,23.1,38.4,2,Sableux,0,2018,75.81,94.61,4,99,49,15938154.0,19679309.0,36198858.0,39760994.0,0.91,149,342,193,424.08,2427.21,4.55,-25.4,29.95,5.46,5.529e-05,16,9,1,En_retard
PRJ-0905,N'Djamena_Nord,Péri_Urbaine,13.8445,17.5746,Intersaison,31.3,39.9,4.6,4,Accidenté,0,4566,41.99,75.59,9,107,32,16753729.0,55202320.0,73103649.0,88500463.0,0.826,146,163,17,431.02,588.97,3.64,-10.79,14.43,11.22,1.46e-06,26,19,6,Réussi
PRJ-0906,Doba,Péri_Urbaine,15.3499,21.8576,Intersaison,33.9,41.5,34.4,9,Accidenté,0,1309,17.16,38.58,6,125,40,9884097.0,8003471.0,19123963.0,19966855.0,0.958,93,173,80,576.39,1182.91,-3.01,-24.58,21.57,16.64,3.348e-05,22,13,9,Échoué
PRJ-0907,Bongor,Urbaine_Dense,14.9599,16.7104,Intersaison,32.9,53.5,49.2,8,Sableux,0,2983,53.6,133.82,4,121,45,48751048.0,39254845.0,90927083.0,68957926.0,1.319,68,62,0,47.29,2439.82,-1.5,-19.1,17.6,3.72,9.4e-05,18,7,9,En_retard
PRJ-0908,Abéché,Urbaine_Moyenne,14.9709,14.2649,Saison_Seche,42.8,18.2,46.0,2,Plat,0,2559,44.1,60.74,4,18,23,17667685.0,24706849.0,45686429.0,35834475.0,1.275,76,132,56,255.47,137.84,2.08,-21.1,23.18,24.47,1.799e-05,5,1,3,Échoué
PRJ-0909,Kélo,Rurale,10.7178,23.2927,Saison_Seche,38.1,24.3,9.1,2,Inondable,0,4058,64.4,89.58,5,114,5,14449820.0,80722346.0,97690916.0,114646935.0,0.852,161,167,6,472.23,1593.14,-3.08,-21.73,18.65,24.21,2.368e-05,9,3,0,Réussi
PRJ-0910,N'Djamena_Centre,Urbaine_Dense,11.2503,17.6428,Saison_Pluies,26.6,89.8,54.9,12,Accidenté,1,4122,14.56,32.55,7,47,31,11407689.0,59622844.0,72449304.0,60673317.0,1.194,24,43,19,546.87,1041.13,0.91,-13.89,14.8,24.13,3.074e-05,20,7,10,En_retard
PRJ-0911,Sarh,Péri_Urbaine,13.1451,21.8233,Saison_Seche,40.0,29.4,46.2,0,Plat,0,4730,21.24,37.31,7,11,29,6105049.0,40974230.0,48174138.0,50169635.0,0.96,72,103,31,167.17,1939.18,0.35,-22.76,23.11,20.91,2.68e-05,22,9,8,En_retard
PRJ-0912,Sarh,Rurale,14.8775,16.431,Saison_Seche,40.5,31.5,0.3,2,Plat,1,1612,73.77,175.73,7,41,6,67408559.0,10542639.0,80665882.0,77185013.0,1.045,59,108,49,201.69,841.94,-2.08,-18.32,16.24,14.2,1.217e-05,3,4,12,En_retard
PRJ-0913,Moundou,Urbaine_Dense,8.636,20.2868,Saison_Seche,38.1,32.2,44.2,2,Plat,0,2135,74.44,162.03,5,72,25,32880644.0,11979051.0,47904369.0,42260439.0,1.134,105,154,49,730.33,963.56,-1.99,-21.94,19.95,25.18,3.127e-05,22,8,0,Réussi
PRJ-0914,Abéché,Péri_Urbaine,9.9339,22.6698,Saison_Pluies,30.6,87.6,44.2,17,Accidenté,1,1839,35.66,75.99,9,63,25,20667877.0,11698980.0,34234683.0,40129229.0,0.853,30,68,38,787.7,1313.31,0.16,-11.92,12.08,25.7,5.394e-05,17,18,6,En_retard
PRJ-0915,Kélo,Urbaine_Moyenne,8.614,13.9373,Saison_Pluies,28.8,89.6,29.8,15,Accidenté,1,3719,4.3,5.34,2,17,31,897495.0,56532121.0,58921596.0,67095789.0,0.878,10,21,11,84.39,897.41,-2.0,-25.21,23.21,9.28,6.753e-05,15,2,13,En_retard
PRJ-0916,Bongor,Urbaine_Moyenne,12.3961,22.2217,Saison_Seche,37.7,17.0,2.8,1,Inondable,1,2531,24.87,28.61,8,88,14,8309148.0,45114782.0,54286597.0,59045649.0,0.919,135,302,167,990.18,685.96,-3.2,-24.84,21.64,14.95,6.429e-05,13,14,14,Échoué
PRJ-0917,N'Djamena_Centre,Urbaine_Dense,9.9504,19.499,Saison_Seche,44.0,29.1,34.8,2,Accidenté,0,3480,20.15,31.1,8,78,17,8530953.0,25581469.0,34730522.0,32077208.0,1.083,20,24,4,438.79,920.57,2.73,-26.0,28.73,6.89,1.627e-05,10,6,5,En_retard
PRJ-0918,Abéché,Urbaine_Dense,10.1089,19.8785,Saison_Pluies,32.2,82.4,45.9,11,Plat,1,254,33.47,47.0,3,110,16,11870420.0,2802132.0,15648366.0,13080191.0,1.196,159,167,8,589.89,2274.48,0.82,-14.36,15.18,8.42,6.145e-05,13,7,6,En_retard
PRJ-0919,Kélo,Péri_Urbaine,8.0673,18.9932,Saison_Pluies,26.5,93.9,16.3,19,Accidenté,0,791,25.77,54.05,5,71,28,8588179.0,8158002.0,20585538.0,20781862.0,0.991,117,204,87,597.71,889.55,-0.62,-25.09,24.47,7.93,3.583e-05,4,1,9,Échoué
PRJ-0920,N'Djamena_Nord,Péri_Urbaine,10.2984,22.682,Saison_Seche,41.8,21.0,40.0,0,Plat,0,2938,66.4,114.94,8,20,9,42497237.0,43093912.0,87639233.0,104313689.0,0.84,111,254,143,352.56,2253.61,-3.19,-18.4,15.21,24.98,8.218e-05,24,16,0,Réussi
PRJ-0921,Doba,Péri_Urbaine,14.4,13.9561,Saison_Seche,46.4,31.4,21.2,0,Plat,1,3544,0.74,1.36,9,29,2,476896.0,27431156.0,28531437.0,29826735.0,0.957,97,96,0,549.34,552.3,0.94,-14.2,15.14,8.27,3.624e-05,14,3,0,Réussi
PRJ-0922,Sarh,Urbaine_Moyenne,9.3646,16.2408,Intersaison,32.9,43.5,34.4,2,Plat,0,4313,51.75,115.88,7,63,4,35720880.0,83239993.0,121747617.0,156090646.0,0.78,144,172,28,587.57,1696.84,1.29,-25.92,27.21,16.84,9.766e-05,7,15,5,Réussi
PRJ-0923,Bongor,Urbaine_Dense,13.0615,22.6955,Intersaison,28.5,55.1,23.1,8,Plat,0,4787,53.31,94.35,4,72,20,27649975.0,76248991.0,106811269.0,75757227.0,1.41,122,252,130,763.16,1875.16,-0.2,-11.25,11.05,19.22,6.148e-05,3,11,12,Échoué
PRJ-0924,Sarh,Péri_Urbaine,12.537,21.3996,Intersaison,36.2,51.5,18.2,3,Plat,0,1155,53.02,98.77,4,99,41,31975465.0,22321620.0,56726185.0,73687772.0,0.77,109,173,64,665.17,322.85,-1.27,-22.89,21.62,22.6,4.29e-05,8,5,7,En_retard
PRJ-0925,Bongor,Urbaine_Dense,14.4079,13.6853,Intersaison,31.7,58.4,51.4,5,Plat,0,1873,41.89,95.48,3,104,36,17759042.0,17157689.0,35914804.0,40039455.0,0.897,138,252,114,452.21,1382.77,3.67,-13.74,17.41,1.84,5.031e-05,27,17,14,En_retard
PRJ-0926,Moundou,Rurale,8.5583,18.9286,Saison_Seche,46.1,34.2,45.2,0,Inondable,0,2697,49.08,83.63,8,20,37,32043760.0,37261036.0,73202149.0,87813621.0,0.834,74,134,60,199.42,82.06,2.05,-13.72,15.77,14.8,1.76e-05,21,16,10,En_retard
PRJ-0927,Bongor,Péri_Urbaine,15.3207,19.0605,Saison_Pluies,28.7,79.9,20.7,13,Plat,1,4247,64.93,78.98,6,8,6,17467874.0,67884129.0,88952870.0,80143994.0,1.11,73,110,37,34.91,2324.15,-1.44,-21.73,20.29,9.49,6.801e-05,15,18,2,En_retard
PRJ-0928,Sarh,Péri_Urbaine,12.161,17.7093,Saison_Seche,39.7,34.8,26.1,1,Plat,0,138,62.84,115.02,6,45,1,36130378.0,2161679.0,40568338.0,40771374.0,0.995,163,326,163,655.34,1334.44,0.93,-18.09,19.02,25.19,9.631e-05,7,5,9,En_retard
PRJ-0929,Bongor,Rurale,15.4638,16.6226,Saison_Pluies,31.2,91.0,41.5,13,Sableux,1,3431,3.25,6.21,9,126,45,1873488.0,18253577.0,22340734.0,26321709.0,0.849,26,58,32,482.93,140.08,-2.66,-16.64,13.98,2.07,5.15e-05,24,19,13,En_retard
PRJ-0930,N'Djamena_Nord,Urbaine_Dense,14.7921,20.6581,Saison_Seche,45.2,16.9,48.7,1,Accidenté,1,4753,2.92,5.3,3,65,3,1638514.0,94938026.0,97778248.0,113069757.0,0.865,148,347,199,965.87,1723.9,-4.89,-20.52,15.63,7.0,9.924e-05,10,8,10,Échoué
PRJ-0931,Moundou,Péri_Urbaine,9.2721,15.6818,Saison_Pluies,27.1,79.2,41.1,21,Plat,1,3561,67.2,98.2,4,32,37,36308275.0,67377323.0,107576570.0,96864166.0,1.111,134,118,0,107.33,2219.98,3.69,-21.56,25.25,10.16,1.505e-05,8,14,1,En_retard
PRJ-0932,Bongor,Urbaine_Dense,7.9493,21.889,Saison_Pluies,32.2,86.3,32.5,20,Plat,1,2256,46.19,65.27,3,49,45,14619031.0,15332410.0,33149524.0,29657094.0,1.118,19,33,14,81.9,1856.93,3.19,-12.66,15.85,3.26,6.377e-05,20,11,3,Réussi
PRJ-0933,Abéché,Rurale,9.5451,21.9319,Saison_Seche,35.5,10.7,57.3,0,Accidenté,1,3235,76.62,123.95,3,92,42,41800532.0,42551578.0,85238181.0,93564819.0,0.911,75,65,0,189.47,377.67,1.39,-24.37,25.76,12.47,6.779e-05,26,15,7,En_retard
PRJ-0934,N'Djamena_Sud,Urbaine_Dense,11.7205,17.8602,Saison_Pluies,34.9,73.2,46.4,14,Accidenté,0,4431,34.81,46.39,1,40,3,13898340.0,43061995.0,59161621.0,74555209.0,0.794,41,96,55,383.07,1372.73,3.11,-13.69,16.8,22.57,3.117e-05,17,1,14,En_retard
PRJ-0935,Kélo,Péri_Urbaine,8.8728,16.4773,Saison_Seche,37.7,16.4,6.9,0,Plat,0,914,14.55,29.57,6,64,43,4997776.0,16619637.0,26183437.0,25221761.0,1.038,25,38,13,183.42,1846.09,2.81,-24.33,27.14,7.16,3.516e-05,14,12,12,En_retard
PRJ-0936,N'Djamena_Sud,Rurale,8.8397,16.4807,Saison_Seche,44.7,31.3,33.5,0,Plat,1,104,38.12,74.74,9,44,33,18949480.0,1608131.0,23093297.0,21055662.0,1.097,121,282,161,469.21,2011.4,3.6,-15.4,19.0,22.88,9.455e-05,7,11,8,En_retard
PRJ-0937,N'Djamena_Sud,Urbaine_Dense,11.2007,18.5641,Saison_Seche,45.5,29.2,24.6,2,Sableux,1,4721,35.21,69.9,5,125,15,25128204.0,39433367.0,66523745.0,82277381.0,0.809,35,39,4,346.31,89.2,3.92,-22.82,26.74,16.34,6.119e-05,5,15,12,Échoué
PRJ-0938,N'Djamena_Centre,Urbaine_Moyenne,7.7661,21.0556,Saison_Seche,35.9,18.5,47.7,0,Accidenté,1,2130,41.62,58.88,2,64,4,13473914.0,11731864.0,28602806.0,31744356.0,0.901,113,122,9,999.5,745.16,3.19,-11.31,14.5,11.0,7.815e-05,13,9,10,En_retard
PRJ-0939,N'Djamena_Nord,Péri_Urbaine,8.4751,17.2681,Saison_Seche,35.4,10.1,2.7,1,Accidenté,0,607,64.73,93.54,4,105,15,25308741.0,5691309.0,32413426.0,30240611.0,1.072,83,195,112,967.04,2217.38,3.52,-17.1,20.62,11.7,7.26e-05,27,12,5,En_retard
PRJ-0940,Abéché,Urbaine_Moyenne,10.8269,19.9055,Intersaison,29.5,67.2,24.6,5,Plat,0,4876,52.62,115.89,6,69,7,31540581.0,27169360.0,61567056.0,45212737.0,1.362,109,261,152,371.17,683.16,0.02,-18.4,18.42,4.37,6.11e-05,22,1,6,En_retard
PRJ-0941,Doba,Urbaine_Dense,8.005,17.5161,Saison_Seche,36.6,15.9,19.1,0,Plat,0,1042,15.23,31.47,7,10,47,9582693.0,7418686.0,20514231.0,23240440.0,0.883,103,217,114,794.18,1207.7,2.08,-22.69,24.77,8.24,4.79e-06,11,2,14,Échoué
PRJ-0942,Bongor,Urbaine_Dense,10.674,16.6975,Saison_Pluies,32.3,77.3,8.5,20,Accidenté,1,4946,58.89,136.93,7,37,4,50801641.0,71925081.0,127073675.0,115857122.0,1.097,146,172,26,249.23,1756.83,-1.67,-18.84,17.17,22.21,6.627e-05,17,17,14,En_retard
PRJ-0943,Kélo,Urbaine_Dense,11.2921,13.761,Saison_Seche,35.3,21.2,22.7,0,Sableux,1,4341,47.56,79.18,4,126,3,15312208.0,70221214.0,89149691.0,66179357.0,1.347,14,15,1,67.17,2464.72,3.61,-26.81,30.42,26.02,3.449e-05,2,1,0,En_retard
PRJ-0944,Moundou,Rurale,11.1101,13.5411,Saison_Pluies,32.5,81.9,40.4,16,Plat,0,497,46.48,86.74,5,74,23,23953617.0,5974066.0,32157527.0,34324091.0,0.937,16,33,17,50.08,1093.36,3.59,-25.42,29.01,8.7,4.69e-05,13,10,4,Réussi
PRJ-0945,Abéché,Urbaine_Moyenne,14.4534,15.8857,Saison_Pluies,25.5,82.9,21.7,24,Sableux,1,1871,54.42,116.15,4,70,14,29742161.0,26202079.0,59899341.0,53538278.0,1.119,74,139,65,38.89,1284.0,-4.34,-22.69,18.35,18.07,8.515e-05,21,13,12,En_retard
PRJ-0946,Sarh,Urbaine_Dense,11.7405,17.7673,Saison_Pluies,27.0,75.2,34.8,10,Plat,0,3869,45.34,111.71,6,89,6,25020808.0,28391788.0,57955396.0,52338006.0,1.107,21,48,27,738.58,1418.64,-1.53,-10.91,9.38,2.01,9.687e-05,20,15,14,Réussi
PRJ-0947,Doba,Urbaine_Moyenne,11.2438,22.4382,Saison_Pluies,32.9,85.2,35.6,24,Accidenté,1,3022,36.87,91.64,7,30,33,34814223.0,29470325.0,66934484.0,66097942.0,1.013,34,43,9,348.8,623.71,-3.29,-19.58,16.29,3.24,6.943e-05,23,5,5,Réussi
PRJ-0948,N'Djamena_Centre,Urbaine_Moyenne,10.7857,21.8841,Intersaison,32.7,50.2,35.2,4,Plat,0,141,51.41,128.47,2,79,9,19532935.0,2212749.0,22265938.0,25171306.0,0.885,150,195,45,825.6,953.26,-3.64,-20.79,17.15,28.97,2.32e-05,26,11,13,En_retard
PRJ-0949,N'Djamena_Centre,Urbaine_Dense,14.041,16.3052,Intersaison,31.1,68.8,31.8,6,Accidenté,1,657,58.04,136.2,3,80,12,24587668.0,6881002.0,35932801.0,31110558.0,1.155,178,364,186,875.1,1114.44,-0.85,-14.09,13.24,27.0,3.177e-05,20,7,9,Échoué
PRJ-0950,Abéché,Urbaine_Moyenne,14.6605,16.0677,Saison_Pluies,25.5,84.6,7.0,22,Accidenté,0,1301,18.45,36.82,8,73,35,12273436.0,13312051.0,26829976.0,20084049.0,1.336,19,24,5,312.45,97.34,1.26,-15.51,16.77,3.36,1.381e-05,29,4,13,En_retard
PRJ-0951,N'Djamena_Sud,Urbaine_Dense,14.3259,15.8869,Saison_Seche,36.1,11.8,13.1,0,Inondable,0,335,40.02,44.41,7,68,31,9586360.0,2649813.0,13304638.0,12701345.0,1.047,177,281,104,296.25,68.66,-1.56,-16.05,14.49,24.85,5.807e-05,22,11,5,Réussi
PRJ-0952,Sarh,Urbaine_Dense,12.8884,17.062,Saison_Pluies,29.1,74.9,48.0,23,Accidenté,0,2971,36.92,76.77,1,9,3,25395118.0,41363371.0,68643043.0,50312279.0,1.364,42,71,29,314.85,599.56,-1.91,-17.1,15.19,3.97,9.299e-05,19,7,5,Réussi
PRJ-0953,N'Djamena_Centre,Péri_Urbaine,8.5989,18.7311,Saison_Pluies,28.2,88.3,30.1,19,Plat,1,3356,3.67,5.26,4,34,46,1883413.0,57532173.0,61625513.0,68919577.0,0.894,172,333,161,480.69,1304.95,-4.06,-25.66,21.6,25.03,8.109e-05,10,14,6,En_retard
PRJ-0954,Kélo,Urbaine_Dense,9.715,18.106,Saison_Pluies,31.4,90.0,42.4,16,Inondable,1,151,66.84,78.87,5,55,36,16850891.0,1818293.0,22766379.0,29039566.0,0.784,174,241,67,25.79,2391.44,-1.17,-20.97,19.8,27.49,5.436e-05,25,7,3,En_retard
PRJ-0955,N'Djamena_Centre,Urbaine_Moyenne,7.8685,15.7919,Intersaison,34.4,54.0,34.2,4,Plat,0,3885,30.5,63.32,3,110,13,12536478.0,26158050.0,40945853.0,44846162.0,0.913,112,253,141,20.73,2432.88,-0.29,-11.78,11.49,5.44,9.414e-05,27,10,4,Réussi
PRJ-0956,Moundou,Urbaine_Moyenne,14.9466,14.8697,Saison_Pluies,25.9,78.1,2.3,16,Accidenté,1,4285,6.28,13.55,4,70,13,2524706.0,75311067.0,78555468.0,67968883.0,1.156,25,37,12,738.12,1635.6,-1.01,-10.73,9.72,5.27,8.967e-05,5,16,5,En_retard
PRJ-0957,Bongor,Urbaine_Moyenne,12.7864,13.6321,Intersaison,39.9,45.9,47.8,5,Plat,1,4980,36.9,74.66,7,107,34,14933654.0,30233364.0,48528846.0,39260877.0,1.236,81,70,0,810.13,2076.17,1.8,-20.21,22.01,27.87,3.611e-05,12,7,8,En_retard
PRJ-0958,N'Djamena_Centre,Péri_Urbaine,13.4709,15.1166,Saison_Seche,39.2,15.1,3.9,1,Accidenté,1,1728,13.34,21.49,8,12,21,4658954.0,20867174.0,29046623.0,24389582.0,1.191,42,38,0,212.09,2256.71,-2.12,-27.98,25.86,9.74,5.498e-05,25,11,3,En_retard
PRJ-0959,Moundou,Urbaine_Moyenne,9.9926,20.9062,Saison_Seche,46.4,13.7,56.6,0,Inondable,0,3873,56.5,102.57,9,8,34,37662417.0,34532288.0,76358699.0,63604200.0,1.201,44,108,64,597.94,2105.89,2.16,-19.01,21.17,14.71,2.96e-05,17,19,3,Échoué
PRJ-0960,Abéché,Rurale,14.2652,16.0582,Saison_Seche,41.9,18.8,12.9,0,Plat,0,584,45.96,110.71,2,29,42,37918297.0,11122147.0,51335341.0,45601096.0,1.126,111,206,95,223.85,1382.08,3.83,-23.91,27.74,9.83,8.8e-07,27,4,6,En_retard
PRJ-0961,Abéché,Péri_Urbaine,9.5768,18.4203,Intersaison,37.5,35.0,30.7,4,Sableux,0,65,21.97,46.61,4,81,43,7012991.0,1044105.0,8944416.0,6783517.0,1.319,85,139,54,736.87,1775.23,0.91,-24.61,25.52,22.73,4.512e-05,21,2,13,Échoué
PRJ-0962,Doba,Urbaine_Moyenne,7.5132,19.7087,Intersaison,32.8,56.6,3.8,4,Sableux,0,610,76.06,137.41,1,116,28,50639678.0,8232642.0,61861100.0,76548870.0,0.808,88,201,113,426.31,58.92,-1.11,-22.89,21.78,7.12,7.501e-05,3,16,0,En_retard
PRJ-0963,N'Djamena_Centre,Péri_Urbaine,10.5113,22.8118,Saison_Pluies,31.1,78.9,53.7,13,Accidenté,1,2975,23.69,45.74,3,31,47,7762219.0,44673587.0,53480294.0,65838108.0,0.812,26,52,26,824.53,1637.77,-3.2,-25.79,22.59,15.33,6.342e-05,10,2,11,En_retard
PRJ-0964,Kélo,Urbaine_Moyenne,12.0661,22.833,Saison_Pluies,26.7,75.8,58.8,16,Plat,0,2433,44.62,107.03,8,66,35,33587770.0,31606881.0,65771490.0,70319046.0,0.935,36,40,4,949.05,1093.37,4.32,-27.17,31.49,25.66,9.268e-05,19,8,10,En_retard
PRJ-0965,N'Djamena_Centre,Urbaine_Dense,11.3296,21.3302,Saison_Pluies,25.2,85.7,8.8,10,Inondable,0,959,64.22,106.05,7,86,14,19923475.0,6918240.0,30845341.0,22737712.0,1.357,123,100,0,559.9,1629.54,2.52,-20.0,22.52,28.34,6.858e-05,18,11,6,Échoué
PRJ-0966,Kélo,Urbaine_Dense,14.3966,13.8691,Intersaison,35.3,35.2,17.7,4,Sableux,0,1463,41.35,51.38,8,104,18,8506933.0,22876171.0,33698452.0,39845065.0,0.846,30,74,44,901.66,1751.3,-2.54,-23.27,20.73,11.23,1.413e-05,18,6,7,En_retard
PRJ-0967,N'Djamena_Nord,Urbaine_Dense,8.3432,19.5382,Intersaison,31.3,56.2,1.0,9,Plat,0,168,76.89,119.65,6,57,19,40674141.0,2081538.0,45618202.0,33623952.0,1.357,158,295,137,43.45,289.84,-3.49,-23.39,19.9,4.31,2.668e-05,15,18,11,Échoué
PRJ-0968,Doba,Rurale,11.9306,21.7591,Saison_Pluies,32.3,90.1,47.2,20,Sableux,1,4112,67.59,113.64,5,30,19,30319240.0,59684196.0,93486257.0,71409733.0,1.309,26,42,16,468.06,2192.63,-4.51,-24.01,19.5,24.48,1.253e-05,14,17,1,En_retard
PRJ-0969,N'Djamena_Nord,Péri_Urbaine,11.6038,13.6815,Saison_Pluies,26.2,81.9,18.7,15,Sableux,1,3163,73.72,109.26,9,85,33,32752393.0,17959593.0,53016611.0,47459295.0,1.117,164,395,231,508.46,480.54,-3.09,-19.06,15.97,4.21,7.947e-05,20,19,3,En_retard
PRJ-0970,N'Djamena_Centre,Rurale,9.7511,19.2717,Saison_Seche,41.3,28.8,35.3,2,Accidenté,0,3110,30.13,55.46,5,25,35,14216520.0,22175923.0,37122535.0,35596138.0,1.043,85,121,36,421.65,75.63,2.32,-14.8,17.12,23.6,9.507e-05,27,11,12,En_retard
PRJ-0971,Doba,Urbaine_Moyenne,14.0778,22.5065,Saison_Pluies,28.3,82.6,2.4,20,Inondable,1,1541,44.09,67.32,9,96,20,11228502.0,21328299.0,34194147.0,31196462.0,1.096,53,108,55,321.69,1102.78,1.3,-16.18,17.48,20.98,2.263e-05,24,6,13,Échoué
PRJ-0972,N'Djamena_Nord,Urbaine_Moyenne,13.5228,18.4781,Saison_Seche,41.6,10.1,42.9,0,Accidenté,0,2146,67.29,83.74,4,29,29,28044906.0,25519016.0,54938457.0,43903401.0,1.251,173,335,162,725.73,269.68,4.67,-10.43,15.1,17.75,7.655e-05,7,12,3,En_retard
PRJ-0973,N'Djamena_Sud,Urbaine_Dense,13.3629,13.5431,Saison_Seche,35.3,32.8,31.8,0,Accidenté,1,2304,72.33,98.61,5,51,8,35015206.0,19360754.0,59274233.0,45479805.0,1.303,37,72,35,557.16,2392.14,-1.78,-11.55,9.77,28.25,4.37e-05,13,12,9,Échoué
PRJ-0974,N'Djamena_Centre,Péri_Urbaine,14.5095,13.6156,Intersaison,39.6,44.5,43.5,6,Plat,0,563,75.58,180.29,1,51,25,28910427.0,4848226.0,37586428.0,45691909.0,0.823,34,66,32,91.59,745.34,2.87,-20.49,23.36,10.35,3.552e-05,14,12,9,Échoué
PRJ-0975,N'Djamena_Nord,Urbaine_Moyenne,13.2823,17.8747,Saison_Pluies,31.8,78.0,47.4,20,Plat,0,1283,70.39,139.47,6,44,17,34020819.0,18571264.0,55124058.0,50598854.0,1.089,56,46,0,951.21,597.82,-3.8,-13.37,9.57,3.71,9.869e-05,4,5,5,Réussi
PRJ-0976,N'Djamena_Sud,Rurale,9.3547,15.1276,Intersaison,29.8,35.4,5.4,9,Inondable,1,4182,58.6,90.25,3,14,1,26111954.0,24609002.0,51506109.0,42809798.0,1.203,110,242,132,888.64,691.87,0.63,-24.68,25.31,29.47,3.459e-05,17,6,6,Échoué
PRJ-0977,N'Djamena_Sud,Urbaine_Dense,13.1445,20.4767,Saison_Seche,45.3,18.3,34.7,1,Plat,1,1529,2.43,3.92,2,97,38,1181080.0,17604715.0,19807122.0,19652524.0,1.008,32,76,44,359.93,744.22,-0.33,-24.18,23.85,13.79,6.61e-05,22,15,6,Échoué
PRJ-0978,Abéché,Urbaine_Moyenne,9.9616,20.9424,Saison_Pluies,30.7,74.6,39.0,21,Accidenté,0,3399,25.54,45.74,6,31,49,13472179.0,43665432.0,61295659.0,44261230.0,1.385,84,131,47,253.73,203.3,3.38,-15.38,18.76,13.57,7.128e-05,11,7,3,En_retard
PRJ-0979,N'Djamena_Centre,Péri_Urbaine,9.4374,15.3677,Saison_Seche,44.4,11.7,31.0,1,Sableux,1,1590,10.75,21.96,1,84,30,7098244.0,15299201.0,27151966.0,28785665.0,0.943,59,103,44,632.19,1373.02,2.02,-24.1,26.12,3.6,7.73e-05,23,7,2,Échoué
PRJ-0980,N'Djamena_Sud,Urbaine_Moyenne,8.084,22.8296,Saison_Seche,36.7,26.0,10.9,0,Plat,1,179,12.8,24.51,9,48,28,9600666.0,3098176.0,13339918.0,11326841.0,1.178,74,100,26,52.87,94.11,-3.06,-19.88,16.82,22.56,8.62e-05,11,3,3,En_retard
PRJ-0981,Abéché,Urbaine_Moyenne,13.4522,18.14,Saison_Seche,40.9,29.4,47.7,2,Plat,0,3766,23.63,56.85,5,77,33,14078711.0,22036914.0,40712412.0,43111100.0,0.944,25,53,28,501.03,1879.59,4.84,-22.2,27.04,21.88,5.662e-05,19,8,8,Réussi
PRJ-0982,N'Djamena_Nord,Péri_Urbaine,13.188,14.9999,Saison_Seche,39.7,21.7,59.8,0,Accidenté,0,3793,6.44,12.73,7,92,13,3680955.0,68223712.0,74117204.0,79192387.0,0.936,133,273,140,675.9,1930.94,3.23,-23.81,27.04,5.21,6.044e-05,4,11,9,Échoué
PRJ-0983,Moundou,Urbaine_Dense,9.376,21.5246,Saison_Seche,42.3,28.9,58.2,0,Plat,0,1821,19.82,47.07,9,78,24,15286908.0,28860929.0,45609184.0,54071262.0,0.844,59,121,62,412.62,1029.26,-1.45,-25.22,23.77,7.78,7.111e-05,14,19,11,Échoué
PRJ-0984,N'Djamena_Centre,Péri_Urbaine,13.495,21.7947,Saison_Seche,35.5,33.2,46.7,0,Inondable,1,4504,76.58,84.82,9,25,44,25285347.0,52668946.0,78914339.0,66125706.0,1.193,22,45,23,972.57,2428.51,3.26,-16.99,20.25,1.48,1.489e-05,17,1,10,Échoué
PRJ-0985,Doba,Urbaine_Moyenne,14.8427,20.2126,Saison_Seche,44.0,28.6,25.1,1,Plat,1,3125,25.3,59.37,7,86,37,14645852.0,58959409.0,77578131.0,75877524.0,1.022,89,104,15,721.68,1965.39,4.57,-26.99,31.56,26.8,2.001e-05,5,2,6,En_retard
PRJ-0986,Kélo,Rurale,8.3642,22.4614,Saison_Pluies,28.7,71.9,20.2,11,Accidenté,0,555,13.2,27.85,4,79,22,8522652.0,8621134.0,19753883.0,25228324.0,0.783,44,44,0,934.73,351.51,3.9,-15.35,19.25,8.09,7.643e-05,25,18,14,Réussi
PRJ-0987,Kélo,Péri_Urbaine,9.3611,21.2424,Saison_Seche,42.9,24.0,4.1,2,Plat,1,4963,57.6,77.25,4,67,13,24142779.0,94126671.0,122515357.0,139211126.0,0.88,123,163,40,908.81,2450.63,0.56,-11.89,12.45,27.88,1.35e-05,12,19,2,En_retard
PRJ-0988,N'Djamena_Nord,Urbaine_Dense,13.5021,22.7632,Saison_Pluies,30.2,80.9,25.0,10,Plat,1,4939,66.37,97.45,7,59,40,28868794.0,59706814.0,90093315.0,115788495.0,0.778,41,73,32,140.38,2120.55,0.77,-21.82,22.59,17.56,6.885e-05,18,13,2,En_retard
PRJ-0989,N'Djamena_Nord,Urbaine_Dense,9.6961,18.0558,Saison_Pluies,25.9,70.1,9.4,22,Plat,0,888,25.47,47.37,8,87,12,9534523.0,10473602.0,23561681.0,29603354.0,0.796,96,142,46,671.94,1774.78,-3.93,-20.56,16.63,13.34,3.24e-06,26,18,4,Réussi
PRJ-0990,N'Djamena_Sud,Rurale,12.4973,21.3498,Saison_Pluies,28.2,91.9,15.3,12,Plat,0,3921,22.64,28.86,7,56,41,7979655.0,50820628.0,59831831.0,63807606.0,0.938,162,198,36,600.72,1650.95,-3.35,-17.37,14.02,1.23,3.375e-05,2,19,7,Réussi
PRJ-0991,N'Djamena_Centre,Urbaine_Moyenne,8.1493,23.9974,Intersaison,38.1,64.6,53.5,5,Accidenté,0,4768,19.72,43.37,4,74,49,16094139.0,28519318.0,45517335.0,39070178.0,1.165,165,138,0,64.28,1531.64,4.83,-16.01,20.84,3.68,6.622e-05,13,8,4,En_retard
PRJ-0992,Kélo,Rurale,11.1176,21.1118,Saison_Pluies,26.1,90.2,58.1,23,Accidenté,1,2726,31.76,70.11,4,52,46,25740919.0,50778330.0,77619548.0,89584950.0,0.866,118,119,1,324.71,2476.05,2.7,-18.19,20.89,5.6,7.067e-05,4,15,12,En_retard
PRJ-0993,Kélo,Urbaine_Dense,13.4127,14.6989,Saison_Pluies,33.1,76.2,56.9,24,Plat,1,146,7.43,11.3,8,16,7,3815976.0,2192300.0,10148332.0,11354680.0,0.894,75,73,0,539.23,1222.31,-4.74,-15.57,10.83,4.07,6.301e-05,20,18,5,Réussi
PRJ-0994,N'Djamena_Sud,Urbaine_Moyenne,12.9921,18.9423,Saison_Seche,38.9,33.8,11.6,1,Plat,0,2013,53.7,64.32,9,123,36,20858904.0,28713000.0,53022193.0,55850082.0,0.949,104,252,148,552.67,456.28,0.48,-13.45,13.93,8.43,4.415e-05,10,10,8,Réussi
PRJ-0995,Kélo,Péri_Urbaine,14.0206,19.6672,Saison_Pluies,33.0,88.6,54.1,11,Accidenté,0,2916,65.87,163.65,7,118,29,30818533.0,55103515.0,87168886.0,97515618.0,0.894,106,225,119,815.94,771.42,-1.55,-10.18,8.63,5.48,2.547e-05,20,15,8,Réussi
PRJ-0996,Doba,Rurale,14.5196,15.3292,Intersaison,31.6,41.3,8.5,6,Inondable,1,4076,53.26,77.28,3,33,29,20468857.0,81130977.0,103831309.0,110907605.0,0.936,170,171,1,591.76,969.28,-1.88,-20.93,19.05,20.25,6.133e-05,20,10,5,Réussi
PRJ-0997,N'Djamena_Centre,Urbaine_Dense,13.6855,23.6104,Saison_Seche,44.0,31.4,30.5,0,Accidenté,0,648,33.99,40.6,1,33,26,7216156.0,4828184.0,15980927.0,16166744.0,0.989,56,89,33,471.84,825.25,0.57,-17.48,18.05,9.61,1.85e-05,19,18,11,En_retard
PRJ-0998,Bongor,Péri_Urbaine,12.8727,15.3436,Saison_Seche,35.4,23.1,38.6,0,Plat,0,3031,23.47,36.66,5,37,27,12989412.0,49208148.0,63983095.0,60756638.0,1.053,127,243,116,754.44,124.36,-1.8,-21.23,19.43,21.83,6.03e-06,21,6,4,Réussi
PRJ-0999,Kélo,Urbaine_Moyenne,7.7538,15.3644,Saison_Seche,38.4,29.3,27.7,1,Sableux,0,4013,33.05,81.19,6,34,24,18085949.0,54974800.0,77706436.0,56478982.0,1.376,44,107,63,575.18,230.63,-2.48,-23.72,21.24,4.93,1.96e-06,12,1,12,Échoué
PRJ-1000,N'Djamena_Nord,Urbaine_Dense,11.7797,23.1093,Saison_Pluies,31.7,73.8,57.1,17,Sableux,0,478,34.2,75.59,9,87,31,25830348.0,5695350.0,36141411.0,44071297.0,0.82,109,137,28,884.92,62.07,4.38,-10.04,14.42,7.06,2.677e-05,25,14,7,Réussi
PRJ-1001,Doba,Péri_Urbaine,7.8016,18.3847,Saison_Seche,35.5,32.7,20.0,1,Plat,1,3831,53.45,94.74,5,119,7,33504301.0,75333508.0,111825863.0,136351998.0,0.82,73,91,18,906.41,1713.82,-4.6,-27.75,23.15,23.84,3e-06,23,3,0,En_retard
PRJ-1002,Kélo,Péri_Urbaine,13.9645,14.1635,Saison_Pluies,28.6,82.0,31.6,14,Accidenté,0,1374,74.28,113.46,1,122,17,42334652.0,24393921.0,70072457.0,74026533.0,0.947,21,37,16,608.34,1678.04,-0.64,-26.84,26.2,19.39,2.492e-05,2,1,10,En_retard
PRJ-1003,Doba,Rurale,10.0658,19.781,Saison_Seche,46.2,28.5,4.5,1,Accidenté,1,2640,6.11,10.34,4,11,49,3499651.0,40791299.0,47730433.0,41083043.0,1.162,129,291,162,568.69,216.92,0.11,-17.51,17.62,3.8,2.894e-05,22,10,2,Échoué
PRJ-1004,Abéché,Urbaine_Moyenne,11.9994,19.8192,Intersaison,28.5,47.3,51.1,3,Sableux,0,2464,76.29,85.77,2,58,33,24974702.0,26463711.0,53101521.0,38067345.0,1.395,53,68,15,704.27,822.2,-0.6,-15.22,14.62,28.82,3.449e-05,13,17,5,Réussi
PRJ-1005,Bongor,Urbaine_Dense,9.7356,14.1773,Saison_Seche,43.9,17.9,24.8,1,Accidenté,0,1817,72.86,153.42,4,90,34,45956382.0,27237942.0,75338270.0,52801375.0,1.427,20,20,0,728.26,743.38,1.57,-14.88,16.45,23.11,7.135e-05,12,1,7,En_retard
PRJ-1006,Sarh,Urbaine_Dense,13.76,23.7115,Saison_Seche,38.0,16.7,42.0,0,Sableux,0,1566,9.86,12.22,7,105,18,2812379.0,20319495.0,24243609.0,18031049.0,1.345,98,123,25,729.9,1161.33,-4.74,-15.34,10.6,17.03,4.413e-05,11,16,5,Réussi
PRJ-1007,N'Djamena_Nord,Urbaine_Moyenne,14.592,19.2123,Saison_Pluies,27.8,88.9,40.9,24,Plat,1,1389,15.1,27.58,9,77,41,5357389.0,12140592.0,22159902.0,20296959.0,1.092,55,86,31,624.5,928.81,3.85,-13.81,17.66,10.94,9.853e-05,12,1,13,En_retard
PRJ-1008,N'Djamena_Nord,Urbaine_Dense,10.6891,19.3779,Saison_Seche,42.7,14.6,40.6,1,Plat,0,4144,25.27,47.82,3,116,5,8734756.0,48715703.0,61207781.0,49764225.0,1.23,68,96,28,765.19,2060.25,0.0,-14.6,14.6,3.72,9.474e-05,9,3,9,En_retard
PRJ-1009,N'Djamena_Centre,Péri_Urbaine,14.4034,18.9612,Saison_Seche,36.4,27.7,30.4,0,Inondable,0,4709,44.99,49.6,3,86,1,9697092.0,38534592.0,48940287.0,42041412.0,1.164,171,387,216,152.67,2212.57,0.54,-18.17,18.71,11.39,9.815e-05,18,5,5,En_retard
PRJ-1010,Doba,Urbaine_Moyenne,9.6366,19.9127,Saison_Seche,46.4,11.1,16.7,1,Inondable,1,3453,11.19,27.66,4,17,7,10607277.0,43184269.0,56763790.0,63563878.0,0.893,108,260,152,823.26,554.8,-0.37,-19.54,19.17,10.37,4.122e-05,7,19,3,En_retard
PRJ-1011,N'Djamena_Sud,Rurale,11.7773,16.2751,Saison_Pluies,26.6,84.4,37.5,23,Inondable,0,2596,16.43,25.02,7,125,34,4781530.0,41026071.0,47851433.0,61034018.0,0.784,158,228,70,317.33,346.45,-0.55,-15.04,14.49,3.27,4.42e-06,28,14,11,Échoué
PRJ-1012,N'Djamena_Nord,Rurale,14.3701,16.516,Intersaison,30.7,57.7,57.7,2,Sableux,0,1026,72.26,87.3,6,113,3,28890570.0,5693985.0,38753350.0,31935299.0,1.213,61,134,73,886.83,2106.3,-3.13,-14.82,11.69,23.73,8.603e-05,8,14,6,En_retard
PRJ-1013,Doba,Urbaine_Moyenne,10.1071,18.8691,Intersaison,34.4,46.4,50.0,2,Inondable,0,1664,9.19,21.1,5,43,36,4138916.0,27423878.0,33609894.0,32917072.0,1.021,57,52,0,140.51,1278.66,0.04,-22.01,22.05,13.04,4.349e-05,6,18,6,Réussi
PRJ-1014,Doba,Rurale,15.1323,21.9702,Saison_Pluies,31.1,87.8,6.5,22,Accidenté,1,1634,32.21,42.28,4,53,35,16650813.0,8660053.0,28709542.0,37175631.0,0.772,87,151,64,13.57,844.71,-0.79,-27.95,27.16,26.8,6.412e-05,5,7,12,Échoué
PRJ-1015,Moundou,Péri_Urbaine,8.475,14.0236,Saison_Seche,35.0,33.8,1.4,0,Accidenté,1,4111,61.16,69.41,8,111,12,16772658.0,52452930.0,70471420.0,88723845.0,0.794,156,345,189,25.52,175.91,-0.32,-22.34,22.02,5.58,8.434e-05,8,11,0,En_retard
PRJ-1016,Moundou,Urbaine_Moyenne,7.6462,19.8357,Saison_Pluies,28.4,94.3,29.9,23,Accidenté,0,4701,71.14,127.52,4,13,15,32266909.0,63943710.0,99225019.0,90432668.0,1.097,141,213,72,218.06,1535.01,-4.86,-18.37,13.51,10.21,6.073e-05,17,10,11,En_retard
PRJ-1017,Sarh,Urbaine_Dense,14.7331,21.9712,Saison_Pluies,26.9,94.5,46.5,19,Accidenté,1,1320,27.22,34.89,3,115,4,8761852.0,21672621.0,32256959.0,28767189.0,1.121,111,116,5,122.64,558.93,-3.69,-18.53,14.84,9.09,7.369e-05,26,12,2,Réussi
PRJ-1018,Abéché,Urbaine_Moyenne,8.0492,15.1476,Saison_Seche,43.0,30.7,18.8,0,Accidenté,0,268,13.57,33.59,7,111,33,11894716.0,4399336.0,17536050.0,14823265.0,1.183,41,53,12,558.37,142.33,2.63,-21.16,23.79,26.09,2.487e-05,5,10,14,Échoué
PRJ-1019,Sarh,Urbaine_Moyenne,15.4351,13.6577,Saison_Seche,44.7,21.3,42.1,2,Accidenté,1,583,59.09,65.86,2,77,16,13473153.0,6565648.0,23325467.0,18502733.0,1.261,99,162,63,453.93,1139.78,-0.81,-11.22,10.41,15.72,1.951e-05,4,6,8,Échoué
PRJ-1020,Kélo,Rurale,15.1112,16.7835,Saison_Seche,37.0,31.6,55.9,2,Plat,0,1545,61.92,72.55,4,86,29,25955211.0,9263183.0,38592279.0,37667270.0,1.025,165,369,204,609.99,1512.99,2.43,-19.43,21.86,5.11,5.553e-05,15,8,12,Échoué
PRJ-1021,N'Djamena_Sud,Urbaine_Moyenne,8.5962,19.6755,Saison_Pluies,27.1,94.1,27.5,10,Plat,0,1423,78.41,177.72,8,100,6,55851125.0,21917761.0,82693978.0,74810952.0,1.105,85,176,91,200.73,469.87,-3.29,-25.5,22.21,11.37,6.379e-05,27,7,5,En_retard
PRJ-1022,Kélo,Rurale,11.8007,14.952,Saison_Seche,40.9,30.6,14.6,2,Sableux,1,4189,11.59,16.64,4,96,49,3412365.0,53052806.0,59976148.0,68786797.0,0.872,178,168,0,756.3,1646.06,1.98,-24.52,26.5,28.35,8.718e-05,5,13,12,En_retard
PRJ-1023,Kélo,Péri_Urbaine,8.9794,17.9743,Intersaison,39.6,66.7,55.1,7,Plat,0,3873,56.9,135.21,7,90,37,22492439.0,38714031.0,64027165.0,53918550.0,1.187,42,73,31,614.36,512.78,-2.11,-26.3,24.19,16.99,8.214e-05,22,12,3,Échoué
PRJ-1024,N'Djamena_Centre,Urbaine_Dense,10.9252,19.2994,Saison_Seche,40.8,18.3,28.3,1,Plat,0,3999,33.67,51.7,2,85,23,17771779.0,34083904.0,56462477.0,64468819.0,0.876,151,345,194,228.98,100.81,2.05,-23.17,25.22,2.07,9.891e-05,10,12,7,En_retard
PRJ-1025,Kélo,Rurale,7.9914,19.7883,Saison_Seche,38.8,10.7,24.5,1,Accidenté,1,114,73.21,87.68,5,10,13,17951670.0,774787.0,22953721.0,20036027.0,1.146,113,201,88,404.94,414.88,-4.13,-22.51,18.38,2.68,9.664e-05,12,13,11,En_retard
PRJ-1026,Sarh,Urbaine_Moyenne,9.2914,16.3813,Saison_Seche,39.3,13.1,21.2,2,Plat,1,4391,32.92,36.7,4,57,44,13662188.0,41394561.0,58026107.0,61254521.0,0.947,62,56,0,721.02,1488.14,-1.66,-21.99,20.33,7.83,6.235e-05,2,9,6,En_retard
PRJ-1027,N'Djamena_Nord,Urbaine_Moyenne,10.4062,17.7003,Saison_Pluies,28.9,77.3,25.4,21,Accidenté,0,3192,35.95,53.77,9,49,1,9810139.0,37912483.0,50523693.0,54720093.0,0.923,117,257,140,683.57,1606.51,-3.81,-12.95,9.14,19.02,5.035e-05,10,7,13,En_retard
PRJ-1028,N'Djamena_Nord,Péri_Urbaine,11.0092,21.6726,Saison_Seche,42.6,30.5,40.4,2,Plat,1,1774,10.58,18.65,7,117,12,5671300.0,21579180.0,31989341.0,35286446.0,0.907,51,119,68,566.71,2168.74,1.3,-14.22,15.52,8.11,7.606e-05,26,16,9,Échoué
PRJ-1029,Moundou,Urbaine_Dense,15.32,23.3828,Saison_Seche,37.8,29.3,26.0,1,Plat,1,2255,26.01,28.65,9,85,27,9255156.0,30986144.0,43518372.0,35041141.0,1.242,45,66,21,979.23,202.86,-1.07,-19.07,18.0,25.65,2.614e-05,9,19,13,En_retard
PRJ-1030,N'Djamena_Sud,Urbaine_Moyenne,13.9629,22.5497,Saison_Seche,45.8,15.9,19.5,0,Inondable,0,3035,32.37,61.94,7,61,25,19475522.0,31676382.0,54863910.0,47711128.0,1.15,34,45,11,140.5,2384.75,-4.26,-20.0,15.74,19.25,3.524e-05,16,11,5,Réussi
PRJ-1031,N'Djamena_Sud,Urbaine_Moyenne,13.3993,19.425,Saison_Seche,45.4,13.8,44.6,2,Inondable,1,3963,1.89,2.96,2,110,22,677862.0,74498329.0,76066247.0,64479031.0,1.18,177,305,128,493.4,1328.71,0.26,-21.19,21.45,9.72,7.671e-05,27,5,3,Échoué
PRJ-1032,N'Djamena_Centre,Urbaine_Moyenne,11.7963,17.8081,Saison_Seche,41.1,19.7,12.2,0,Plat,1,1098,35.29,58.09,2,46,34,21428290.0,13656973.0,38817638.0,40591458.0,0.956,124,307,183,627.79,651.69,-4.75,-27.76,23.01,12.42,9.5e-05,25,17,3,En_retard
PRJ-1033,Sarh,Rurale,14.22,16.996,Intersaison,33.5,44.3,12.1,4,Inondable,1,3704,27.24,39.93,2,92,18,13674082.0,42062163.0,57427313.0,42809067.0,1.341,95,211,116,994.09,945.27,3.18,-11.44,14.62,11.88,8.954e-05,9,1,7,En_retard
PRJ-1034,Moundou,Urbaine_Moyenne,10.2146,14.812,Saison_Pluies,26.6,71.9,41.8,17,Accidenté,0,2922,64.41,118.56,5,125,41,32906516.0,16721202.0,50647639.0,51202427.0,0.989,18,39,21,547.16,186.41,4.38,-22.75,27.13,10.11,7.29e-06,21,5,2,Réussi
PRJ-1035,N'Djamena_Sud,Urbaine_Dense,13.1712,14.6188,Saison_Pluies,31.0,81.2,52.0,13,Inondable,0,4305,9.02,12.83,1,62,16,3859562.0,60206399.0,68389458.0,51461715.0,1.329,116,131,15,447.95,319.72,3.1,-12.85,15.95,19.27,2.319e-05,8,2,10,Échoué
PRJ-1036,N'Djamena_Nord,Urbaine_Moyenne,15.4503,20.7278,Saison_Seche,43.1,12.2,14.5,1,Accidenté,0,1054,60.94,78.54,7,18,29,22901699.0,14801358.0,41313417.0,37274353.0,1.108,78,181,103,923.07,2211.88,4.52,-14.66,19.18,6.85,2.733e-05,15,2,8,En_retard
PRJ-1037,Kélo,Rurale,10.017,16.2278,Saison_Seche,37.4,21.8,11.5,0,Plat,0,2172,57.26,134.38,2,121,30,51961339.0,29863576.0,84158954.0,93586748.0,0.899,158,276,118,511.32,309.47,3.97,-25.94,29.91,9.47,3.832e-05,19,12,7,En_retard
PRJ-1038,Kélo,Urbaine_Dense,12.8921,16.1739,Saison_Seche,43.1,13.2,40.2,0,Inondable,0,4624,19.72,32.47,4,81,30,12147134.0,84683722.0,99272231.0,94064254.0,1.055,79,186,107,939.84,186.81,3.95,-22.36,26.31,3.47,7.07e-06,4,5,3,En_retard
PRJ-1039,Moundou,Urbaine_Dense,14.2545,23.981,Saison_Pluies,27.8,77.2,37.2,10,Plat,0,4031,7.12,8.6,9,86,20,1796319.0,66283799.0,69467148.0,60311732.0,1.152,138,263,125,752.91,1515.76,-2.55,-19.28,16.73,11.91,2.309e-05,16,11,11,Échoué
PRJ-1040,Sarh,Urbaine_Dense,14.8265,15.4732,Saison_Pluies,28.8,71.9,26.8,16,Plat,0,4532,67.43,95.92,8,37,47,20688979.0,81626234.0,102858192.0,110008308.0,0.935,40,89,49,176.21,987.7,-2.69,-23.28,20.59,2.87,7.161e-05,25,13,12,Échoué
PRJ-1041,Sarh,Urbaine_Dense,13.2435,15.0546,Saison_Seche,43.4,16.4,5.8,1,Accidenté,0,521,20.33,31.18,2,115,22,12327310.0,3069387.0,17468813.0,19987143.0,0.874,165,178,13,175.79,1044.53,3.09,-20.76,23.85,1.52,2.445e-05,21,18,14,En_retard
PRJ-1042,Abéché,Péri_Urbaine,9.7689,14.5362,Saison_Pluies,27.4,82.7,5.5,12,Inondable,0,3455,12.07,26.28,4,126,42,5496204.0,33761902.0,40425971.0,34473286.0,1.173,137,274,137,324.79,344.67,-0.09,-22.92,22.83,19.73,9.425e-05,27,14,2,Échoué
PRJ-1043,Bongor,Péri_Urbaine,10.1103,19.588,Saison_Pluies,29.3,84.6,46.6,23,Accidenté,0,358,29.04,32.85,4,88,34,12757949.0,3501483.0,18657203.0,16411621.0,1.137,140,173,33,76.99,158.21,4.42,-16.56,20.98,5.71,4.23e-05,28,5,12,Échoué
PRJ-1044,N'Djamena_Sud,Urbaine_Moyenne,7.6661,20.0926,Saison_Seche,41.3,11.4,27.1,2,Plat,0,2984,32.37,57.28,2,125,4,17896473.0,44329337.0,66478023.0,72073900.0,0.922,111,121,10,547.12,2171.04,3.97,-21.51,25.48,2.02,9.97e-06,7,11,3,Réussi
PRJ-1045,Sarh,Péri_Urbaine,13.5871,17.3349,Saison_Seche,46.4,12.0,51.5,1,Inondable,0,4846,26.42,44.14,2,63,31,7173958.0,56839828.0,65030181.0,83182313.0,0.782,125,222,97,861.14,1004.37,3.93,-21.77,25.7,2.98,8.427e-05,29,4,10,Échoué
PRJ-1046,N'Djamena_Nord,Urbaine_Moyenne,7.8419,19.1218,Saison_Pluies,32.7,82.2,34.5,14,Sableux,0,3097,78.13,191.87,5,36,14,44884494.0,51602490.0,97399875.0,80678549.0,1.207,177,323,146,406.02,319.76,-1.74,-23.11,21.37,6.78,9.155e-05,16,17,14,Échoué
PRJ-1047,Moundou,Rurale,14.4172,21.7782,Saison_Pluies,26.6,83.4,37.1,21,Accidenté,1,1971,70.53,95.36,4,24,8,25655513.0,21220690.0,51435663.0,56195961.0,0.915,13,21,8,651.83,540.62,-3.67,-13.57,9.9,21.91,9.281e-05,15,14,11,En_retard
PRJ-1048,Abéché,Rurale,8.4493,22.0901,Saison_Seche,35.8,25.7,56.1,1,Plat,1,3049,69.9,138.33,8,40,37,49559935.0,25380223.0,78793286.0,98015216.0,0.804,149,142,0,981.67,302.13,1.78,-16.37,18.15,1.34,4.939e-05,12,3,1,Réussi
PRJ-1049,Doba,Urbaine_Moyenne,8.875,23.5581,Saison_Seche,37.0,28.3,9.9,0,Accidenté,1,2067,32.2,44.54,4,109,5,10339799.0,19355938.0,30434551.0,29740036.0,1.023,131,159,28,201.8,1221.32,-0.59,-15.02,14.43,22.07,9.205e-05,9,2,14,En_retard
PRJ-1050,N'Djamena_Centre,Rurale,11.3122,22.1548,Saison_Pluies,26.1,74.4,32.6,18,Plat,1,4931,77.05,143.91,8,28,8,32760331.0,38151373.0,71769771.0,63882742.0,1.123,71,85,14,364.49,2018.59,4.34,-20.91,25.25,18.31,7.092e-05,9,8,5,En_retard
PRJ-1051,Doba,Péri_Urbaine,13.403,19.4308,Saison_Seche,41.5,15.3,3.5,1,Inondable,0,1528,54.88,103.01,5,118,11,39150580.0,12175700.0,54908439.0,60406017.0,0.909,80,107,27,34.74,1014.04,3.54,-12.89,16.43,15.9,1.956e-05,6,16,14,Réussi
PRJ-1052,Kélo,Urbaine_Dense,8.612,15.3864,Saison_Pluies,32.5,93.6,21.5,13,Inondable,0,2402,66.64,80.33,1,122,29,13636707.0,19822706.0,35625962.0,25610046.0,1.391,101,189,88,239.58,1568.74,4.29,-20.51,24.8,27.37,5.332e-05,17,6,12,Échoué
PRJ-1053,N'Djamena_Centre,Urbaine_Dense,11.0206,14.5475,Saison_Pluies,31.1,82.9,8.9,19,Plat,0,4247,40.32,70.12,9,85,21,20186167.0,22260314.0,46205261.0,42328470.0,1.092,144,222,78,781.63,1704.84,0.68,-24.82,25.5,25.06,4.328e-05,28,7,2,En_retard
PRJ-1054,N'Djamena_Sud,Urbaine_Moyenne,11.3628,14.0724,Saison_Seche,39.3,24.4,11.3,1,Plat,0,4920,13.27,23.16,8,17,39,6393545.0,77447297.0,86160885.0,73648982.0,1.17,65,159,94,660.02,1794.58,0.26,-18.81,19.07,13.14,4.511e-05,8,15,2,En_retard
PRJ-1055,N'Djamena_Nord,Péri_Urbaine,9.1983,20.4985,Saison_Seche,38.1,32.4,56.1,2,Plat,0,3509,71.01,109.84,1,113,13,18050413.0,38578069.0,61483522.0,51324785.0,1.198,76,63,0,785.97,1533.55,3.47,-19.99,23.46,1.19,4.133e-05,2,9,11,Échoué
PRJ-1056,N'Djamena_Centre,Rurale,8.4245,21.9791,Saison_Pluies,30.1,83.0,36.6,18,Accidenté,1,3804,39.17,58.29,3,94,49,10022371.0,20313626.0,33960872.0,27435479.0,1.238,150,175,25,431.06,1407.52,0.12,-26.35,26.47,21.61,1.753e-05,6,18,11,Échoué
PRJ-1057,Bongor,Péri_Urbaine,14.1914,18.8412,Saison_Seche,46.4,20.6,53.5,0,Plat,0,1281,77.5,109.59,3,110,19,26903453.0,13514695.0,41127919.0,46977871.0,0.875,72,128,56,738.28,1222.04,4.0,-16.07,20.07,2.38,3.9e-05,4,12,0,En_retard
PRJ-1058,Doba,Rurale,11.5197,14.0745,Saison_Seche,42.6,20.6,26.6,1,Accidenté,1,3170,20.76,23.01,5,46,3,4223262.0,58900254.0,65110774.0,82889914.0,0.786,50,115,65,603.56,1210.33,-4.66,-13.38,8.72,9.06,5.12e-05,14,6,7,En_retard
PRJ-1059,N'Djamena_Sud,Urbaine_Moyenne,7.615,19.1224,Saison_Pluies,34.8,83.3,35.9,11,Plat,1,621,79.39,87.53,7,85,34,23590908.0,7867241.0,34494377.0,32109518.0,1.074,160,137,0,335.13,865.68,-1.41,-21.59,20.18,15.3,2.857e-05,21,12,7,En_retard
PRJ-1060,Bongor,Péri_Urbaine,13.9239,23.3254,Saison_Seche,43.7,16.4,1.9,0,Plat,1,3639,18.18,35.01,1,54,38,10580800.0,72056859.0,83776090.0,61111473.0,1.371,74,170,96,418.28,1286.13,3.35,-14.33,17.68,3.88,1.769e-05,18,7,8,Échoué
PRJ-1061,Kélo,Péri_Urbaine,15.3464,19.7749,Saison_Pluies,27.0,87.7,28.2,23,Accidenté,0,197,29.77,44.89,1,93,19,14492699.0,2580580.0,17584620.0,19894309.0,0.884,168,279,111,545.92,1223.69,-2.9,-17.45,14.55,20.7,1.982e-05,2,15,12,En_retard
PRJ-1062,Bongor,Urbaine_Moyenne,12.3474,21.999,Saison_Seche,43.0,13.5,33.8,1,Accidenté,0,3493,47.72,63.71,6,59,32,18260402.0,67910854.0,87028143.0,89023054.0,0.978,106,226,120,956.87,832.59,-1.01,-23.09,22.08,10.32,1.93e-05,20,1,10,Échoué
PRJ-1063,Abéché,Urbaine_Moyenne,11.5297,21.9016,Saison_Pluies,31.1,72.5,1.0,19,Accidenté,0,646,55.62,114.5,5,48,47,28042768.0,5185449.0,36087403.0,40929855.0,0.882,45,109,64,932.05,787.81,-4.9,-21.81,16.91,11.49,4.468e-05,5,15,11,En_retard
PRJ-1064,Abéché,Péri_Urbaine,14.5273,23.2874,Saison_Seche,39.9,22.6,47.4,2,Plat,0,1120,57.76,106.31,3,99,36,19395160.0,10470905.0,33211213.0,36158459.0,0.918,23,27,4,986.61,1142.87,-1.98,-10.97,8.99,19.8,2.091e-05,14,14,4,Réussi
PRJ-1065,Moundou,Urbaine_Dense,15.1201,21.5874,Intersaison,37.5,43.7,17.7,6,Plat,1,3795,38.36,91.33,3,54,39,19350211.0,58820799.0,79089075.0,98328409.0,0.804,174,313,139,26.25,2017.47,-1.81,-24.12,22.31,12.55,7.173e-05,20,13,10,Échoué
PRJ-1066,N'Djamena_Sud,Péri_Urbaine,13.5363,21.3509,Saison_Pluies,33.5,93.8,27.1,13,Inondable,0,4300,6.61,14.96,4,80,14,3812637.0,85149994.0,92455835.0,72509794.0,1.275,169,389,220,720.01,656.88,2.33,-25.27,27.6,7.51,3.356e-05,19,14,3,Échoué
PRJ-1067,Kélo,Urbaine_Dense,11.0636,15.9581,Saison_Seche,42.9,26.5,32.1,2,Inondable,0,4375,39.94,84.57,2,94,7,32223590.0,76035143.0,111535792.0,89395615.0,1.248,165,369,204,895.71,2121.22,1.77,-26.64,28.41,6.13,9.394e-05,12,15,8,Échoué
PRJ-1068,Sarh,Urbaine_Moyenne,12.2378,14.1292,Saison_Seche,41.1,21.5,59.5,0,Inondable,1,3421,27.11,34.63,9,78,20,6948515.0,45518386.0,57196437.0,51759431.0,1.105,56,94,38,741.89,1823.7,-0.55,-12.24,11.69,22.0,6.27e-06,24,9,2,En_retard
PRJ-1069,Abéché,Péri_Urbaine,13.1075,18.9348,Saison_Seche,39.1,19.3,6.0,2,Plat,0,207,52.78,107.28,4,95,32,27177892.0,1299399.0,32760331.0,32591068.0,1.005,89,215,126,422.24,691.64,2.29,-15.9,18.19,22.77,3.1e-05,27,18,3,Réussi
PRJ-1070,N'Djamena_Sud,Urbaine_Dense,9.0542,14.8066,Saison_Pluies,32.9,89.3,33.3,13,Plat,1,972,14.99,31.05,3,50,46,10342048.0,10172647.0,25259283.0,31711218.0,0.797,169,339,170,727.54,83.87,-0.72,-25.9,25.18,6.68,7.384e-05,10,6,7,En_retard
PRJ-1071,Sarh,Urbaine_Dense,11.0776,23.6031,Intersaison,31.6,64.6,31.8,8,Accidenté,1,3368,31.82,69.01,7,44,31,22518021.0,21206226.0,48571731.0,60431905.0,0.804,161,272,111,449.69,238.21,-0.65,-14.22,13.57,10.25,6.848e-05,28,4,12,En_retard
PRJ-1072,Moundou,Urbaine_Moyenne,14.1386,16.5442,Saison_Pluies,26.0,92.7,4.1,12,Sableux,0,2396,77.31,113.52,9,80,22,44431518.0,23167452.0,70082608.0,85719669.0,0.818,23,21,0,717.05,2213.03,1.46,-16.67,18.13,28.74,4.206e-05,4,8,12,Réussi
PRJ-1073,Bongor,Rurale,12.7378,22.4559,Saison_Seche,37.4,17.8,38.0,2,Sableux,1,4100,7.56,15.09,2,71,5,2983675.0,36415714.0,42094987.0,35086852.0,1.2,88,143,55,782.55,2026.97,2.23,-10.25,12.48,29.54,8.702e-05,17,19,1,En_retard
PRJ-1074,Abéché,Urbaine_Dense,10.7896,17.5701,Saison_Pluies,25.8,92.5,17.2,10,Inondable,1,1296,48.39,95.11,6,109,31,14659295.0,14033515.0,30460109.0,34657689.0,0.879,125,190,65,844.76,979.96,3.47,-18.79,22.26,17.97,7.14e-06,26,11,2,Échoué
PRJ-1075,N'Djamena_Sud,Rurale,12.8069,16.8935,Saison_Seche,46.5,28.1,6.2,2,Plat,0,815,7.71,12.64,5,78,15,2914542.0,14310706.0,20013194.0,18614173.0,1.075,10,13,3,730.74,201.18,2.51,-18.7,21.21,22.95,5.091e-05,25,8,12,En_retard
PRJ-1076,N'Djamena_Centre,Urbaine_Dense,8.4458,23.3192,Saison_Pluies,29.2,91.8,10.7,21,Inondable,0,3701,12.98,26.34,1,67,44,4936726.0,26853161.0,32968103.0,41497273.0,0.794,28,67,39,168.42,2037.27,1.7,-23.51,25.21,22.7,2.004e-05,22,10,10,Échoué
PRJ-1077,Sarh,Rurale,10.712,17.3149,Saison_Pluies,30.6,75.4,49.4,14,Sableux,0,2662,48.59,59.35,7,94,17,17040410.0,25531133.0,46092982.0,38198245.0,1.207,130,309,179,936.92,675.34,0.61,-24.56,25.17,12.47,3.739e-05,28,5,12,Échoué
PRJ-1078,Bongor,Rurale,13.845,17.598,Saison_Seche,35.5,16.5,6.2,2,Plat,1,4612,35.8,71.63,1,32,37,26839386.0,41124091.0,68575673.0,53815087.0,1.274,67,92,25,221.26,2385.14,-1.92,-14.8,12.88,2.4,6.991e-05,29,2,2,En_retard
PRJ-1079,Abéché,Urbaine_Moyenne,9.2641,14.614,Saison_Seche,41.8,28.2,28.0,1,Accidenté,1,3878,44.11,85.94,9,126,19,27677554.0,36616560.0,65854439.0,79382989.0,0.83,144,222,78,363.99,1331.1,-2.39,-21.29,18.9,22.48,9.9e-06,23,12,10,En_retard
PRJ-1080,Kélo,Urbaine_Moyenne,8.9877,20.5397,Saison_Pluies,34.6,75.1,11.7,13,Accidenté,0,4631,70.45,98.27,4,117,10,18076738.0,48205710.0,67718771.0,76532000.0,0.885,86,179,93,434.82,1802.19,3.43,-14.96,18.39,4.94,4.38e-06,18,6,7,Réussi
PRJ-1081,Sarh,Urbaine_Moyenne,15.1065,16.5328,Saison_Pluies,29.6,77.7,9.7,13,Plat,0,493,65.47,147.01,8,122,44,26318099.0,4271685.0,35310285.0,42119980.0,0.838,124,275,151,715.29,1181.46,2.17,-14.06,16.23,9.42,4.208e-05,14,11,10,En_retard
PRJ-1082,Abéché,Urbaine_Moyenne,9.1792,19.6488,Saison_Seche,35.5,16.1,12.3,0,Accidenté,1,954,71.09,165.23,1,29,34,62434213.0,18258338.0,81844609.0,65047315.0,1.258,73,72,0,704.22,117.83,1.65,-11.74,13.39,10.15,2.714e-05,7,19,1,En_retard
PRJ-1083,Sarh,Urbaine_Dense,9.5873,19.7092,Saison_Seche,39.8,29.3,29.6,0,Sableux,0,2960,49.49,69.02,5,125,49,18766703.0,33452516.0,56727709.0,69824754.0,0.812,27,44,17,962.11,204.77,-2.41,-20.31,17.9,11.12,7.205e-05,26,18,7,Réussi
PRJ-1084,Bongor,Urbaine_Dense,15.2569,21.0516,Saison_Pluies,33.9,92.6,14.3,20,Sableux,1,3259,39.43,47.57,3,50,25,18120281.0,21873427.0,41053320.0,45428463.0,0.904,59,139,80,196.63,2441.16,4.7,-26.27,30.97,14.5,6.56e-06,8,7,6,En_retard
PRJ-1085,Abéché,Urbaine_Dense,13.3777,21.325,Saison_Seche,41.3,14.7,5.8,1,Sableux,1,1851,37.01,71.98,4,78,37,24045238.0,22239541.0,49712920.0,54233638.0,0.917,77,149,72,456.22,1060.0,-4.19,-27.61,23.42,15.55,9.665e-05,10,17,0,En_retard
PRJ-1086,Doba,Urbaine_Moyenne,13.0968,18.9018,Saison_Seche,41.6,19.0,48.1,2,Accidenté,0,975,59.31,105.09,4,77,28,41861247.0,7572317.0,51373051.0,53918602.0,0.953,100,172,72,211.7,498.78,3.38,-22.75,26.13,15.02,6.208e-05,22,4,13,Échoué
PRJ-1087,N'Djamena_Sud,Urbaine_Dense,14.3234,16.9754,Saison_Seche,36.2,10.2,32.4,2,Accidenté,1,3771,41.94,71.24,8,43,15,26202566.0,31080430.0,59205007.0,68614216.0,0.863,25,51,26,675.84,1814.72,-2.89,-11.22,8.33,5.72,5.013e-05,6,3,7,Réussi
PRJ-1088,Bongor,Urbaine_Moyenne,8.4266,22.2932,Saison_Seche,36.6,29.1,9.4,0,Inondable,0,4437,8.91,19.29,3,53,20,4891038.0,41155932.0,51039190.0,48454820.0,1.053,151,291,140,220.9,2211.37,-1.08,-14.54,13.46,19.82,4.125e-05,6,4,10,En_retard
PRJ-1089,Sarh,Rurale,13.1476,16.7536,Saison_Pluies,26.5,73.5,28.3,17,Accidenté,1,801,11.78,28.95,1,29,13,9830174.0,5503990.0,16851357.0,13138881.0,1.283,87,209,122,869.21,704.11,-0.72,-17.94,17.22,23.92,7.49e-05,23,14,0,En_retard
PRJ-1090,Kélo,Urbaine_Moyenne,11.5295,18.8288,Intersaison,30.6,40.1,4.1,4,Plat,0,1284,28.89,51.1,5,42,20,13684940.0,20308751.0,35405211.0,36239320.0,0.977,144,339,195,982.91,1449.25,1.63,-23.69,25.32,14.39,3.563e-05,16,9,14,Échoué
PRJ-1091,N'Djamena_Centre,Urbaine_Moyenne,14.1332,17.7132,Saison_Pluies,30.4,83.3,34.8,11,Inondable,0,2972,5.89,6.53,2,120,43,1359991.0,50164974.0,54676971.0,62816249.0,0.87,65,96,31,323.67,651.2,0.47,-15.17,15.64,25.31,7.769e-05,5,18,13,Échoué
PRJ-1092,Sarh,Urbaine_Moyenne,11.5651,22.4783,Saison_Seche,43.5,16.8,20.4,2,Plat,0,712,19.52,37.77,6,54,31,7941419.0,7770963.0,19545768.0,15483932.0,1.262,23,20,0,741.97,2065.25,-3.14,-14.66,11.52,13.88,7.107e-05,11,18,8,En_retard
PRJ-1093,N'Djamena_Sud,Péri_Urbaine,12.4619,18.0351,Saison_Pluies,33.0,77.3,6.2,13,Plat,1,3245,52.68,106.18,4,40,18,26473916.0,49761712.0,81156898.0,67718322.0,1.198,179,244,65,537.47,262.66,-4.7,-23.85,19.15,17.48,5.513e-05,10,16,0,En_retard
PRJ-1094,Abéché,Rurale,11.3219,17.554,Saison_Pluies,31.7,81.4,11.0,14,Plat,0,1634,1.49,3.37,9,92,41,599410.0,17703270.0,21959042.0,24548614.0,0.895,118,135,17,365.69,962.69,2.17,-15.25,17.42,3.02,8.887e-05,8,12,4,Réussi
PRJ-1095,N'Djamena_Centre,Rurale,11.3253,20.7431,Saison_Seche,36.3,16.1,20.7,1,Sableux,0,969,48.53,66.93,7,82,48,13013974.0,7229864.0,23272258.0,20055812.0,1.16,79,81,2,199.31,980.75,0.05,-25.84,25.89,5.26,3.46e-05,16,8,7,En_retard
PRJ-1096,N'Djamena_Nord,Rurale,13.6438,19.8256,Intersaison,38.7,43.0,48.4,2,Plat,0,4269,61.9,113.53,2,20,28,31238026.0,46777657.0,80356776.0,64443283.0,1.247,71,164,93,722.02,1610.46,-1.38,-26.17,24.79,23.25,5.79e-06,20,9,3,Échoué
PRJ-1097,Sarh,Urbaine_Dense,12.5285,14.6261,Saison_Seche,38.4,29.8,10.4,0,Accidenté,0,117,14.03,24.22,7,63,47,9409001.0,1562513.0,14149522.0,17455349.0,0.811,52,104,52,167.16,486.61,-2.15,-27.01,24.86,8.23,3.762e-05,11,18,5,En_retard
PRJ-1098,Moundou,Péri_Urbaine,12.5661,18.8358,Intersaison,35.7,50.1,6.6,7,Sableux,1,4620,14.89,30.23,8,74,4,8900365.0,25940906.0,38045028.0,30304281.0,1.255,66,56,0,287.83,1213.77,3.23,-13.42,16.65,3.72,8.753e-05,8,6,0,En_retard
PRJ-1099,N'Djamena_Nord,Péri_Urbaine,11.1023,21.2225,Saison_Seche,44.2,27.9,31.0,1,Accidenté,0,4503,2.79,3.32,3,20,24,837052.0,66722148.0,69038902.0,62583015.0,1.103,111,262,151,920.42,1402.51,2.96,-23.13,26.09,17.48,7.73e-06,28,14,14,Échoué
PRJ-1100,Sarh,Urbaine_Dense,11.7489,23.9168,Saison_Pluies,26.2,87.7,33.5,23,Plat,1,1816,41.24,96.4,3,57,44,20309078.0,29308641.0,53138158.0,50856309.0,1.045,84,196,112,513.28,2232.66,3.26,-17.12,20.38,3.74,7.632e-05,4,6,2,En_retard
PRJ-1101,Doba,Rurale,13.4657,20.106,Saison_Seche,41.7,33.7,5.4,1,Accidenté,1,2003,52.54,95.39,2,127,45,18980256.0,35852806.0,56252969.0,55447651.0,1.015,168,406,238,855.54,1340.3,-2.81,-25.4,22.59,20.84,8.253e-05,4,7,11,Échoué
PRJ-1102,Moundou,Urbaine_Dense,14.1075,17.3881,Saison_Pluies,33.5,72.5,17.1,20,Plat,1,2618,36.82,85.71,1,112,9,26964517.0,17125800.0,46795114.0,42901103.0,1.091,60,133,73,769.87,373.21,3.52,-20.04,23.56,20.99,4.28e-05,21,5,4,En_retard
PRJ-1103,N'Djamena_Centre,Péri_Urbaine,13.0725,15.8746,Saison_Seche,40.5,10.8,15.8,2,Plat,1,3758,31.46,49.59,3,64,47,17955613.0,18795276.0,38420302.0,47930214.0,0.802,76,71,0,382.48,298.27,4.86,-27.5,32.36,14.14,1.945e-05,29,3,1,En_retard
PRJ-1104,Kélo,Urbaine_Dense,14.8926,22.6647,Intersaison,31.8,68.3,11.2,8,Sableux,0,4978,36.63,73.81,7,105,32,18431389.0,30360800.0,50699794.0,55525154.0,0.913,138,257,119,225.84,2314.14,0.99,-12.52,13.51,20.89,3.555e-05,19,10,0,Réussi
PRJ-1105,Doba,Urbaine_Moyenne,14.0626,22.0529,Saison_Pluies,32.8,94.5,18.9,13,Plat,0,2721,62.63,152.78,9,35,32,43949422.0,51322827.0,98534696.0,90227905.0,1.092,89,84,0,108.91,2450.19,-4.53,-18.28,13.75,24.18,3.985e-05,25,16,8,Réussi
PRJ-1106,N'Djamena_Nord,Péri_Urbaine,11.9949,15.9562,Intersaison,31.5,58.7,2.2,8,Inondable,1,3449,3.16,7.65,9,111,39,2499115.0,56851025.0,60140323.0,55006254.0,1.093,69,139,70,961.02,459.23,2.02,-11.97,13.99,6.73,9.323e-05,14,11,12,En_retard
PRJ-1107,Abéché,Urbaine_Moyenne,12.8712,15.6066,Saison_Pluies,33.5,92.2,39.1,12,Accidenté,1,1403,62.81,152.11,6,105,21,25033335.0,24596743.0,50184235.0,50273136.0,0.998,12,14,2,331.45,1890.82,0.38,-19.58,19.96,19.84,2.846e-05,13,3,7,Réussi
PRJ-1108,N'Djamena_Sud,Urbaine_Moyenne,14.9105,21.0089,Intersaison,39.1,51.6,59.3,2,Plat,0,492,53.47,62.03,6,103,44,14746036.0,6275562.0,22109388.0,15923135.0,1.389,81,194,113,676.38,664.25,2.12,-22.31,24.43,21.08,9.726e-05,18,15,2,Échoué
PRJ-1109,Kélo,Urbaine_Dense,12.4533,16.807,Saison_Seche,37.5,25.0,38.0,0,Accidenté,1,650,19.69,32.77,5,94,42,10894001.0,8385519.0,20538701.0,25796315.0,0.796,123,294,171,733.0,2090.64,-3.12,-20.79,17.67,6.64,1.088e-05,27,12,14,En_retard
PRJ-1110,Doba,Péri_Urbaine,14.0985,16.7172,Saison_Pluies,30.3,71.1,21.7,20,Plat,1,3216,42.22,50.03,2,95,39,16067372.0,30479910.0,47937710.0,39979361.0,1.199,89,161,72,205.71,286.69,1.06,-23.61,24.67,22.08,9.74e-05,18,1,5,Échoué
PRJ-1111,Abéché,Urbaine_Dense,13.0105,15.099,Saison_Pluies,33.3,83.9,40.1,17,Plat,1,3992,4.42,6.78,7,72,46,1107424.0,70424053.0,75514167.0,84466790.0,0.894,120,250,130,696.86,1120.95,0.39,-12.06,12.45,21.87,2.233e-05,12,13,7,En_retard
PRJ-1112,Abéché,Urbaine_Moyenne,11.9155,16.2717,Saison_Pluies,29.3,71.8,34.3,19,Accidenté,1,2859,30.68,41.25,1,31,27,8640003.0,49879669.0,61030533.0,71200273.0,0.857,63,142,79,19.22,1510.37,1.02,-22.68,23.7,5.56,1.678e-05,18,16,13,Échoué
PRJ-1113,Sarh,Rurale,9.4347,17.9888,Saison_Pluies,25.6,76.7,50.8,21,Plat,1,3438,14.34,28.22,6,74,47,9030098.0,37414276.0,49059087.0,58695754.0,0.836,11,16,5,424.02,2138.63,2.28,-22.74,25.02,10.21,1.201e-05,21,7,5,En_retard
PRJ-1114,Doba,Péri_Urbaine,10.908,21.1948,Saison_Seche,47.0,14.8,37.3,1,Inondable,1,4632,2.27,4.98,4,88,36,1084913.0,46037476.0,50521893.0,40386463.0,1.251,38,68,30,356.9,2148.98,0.44,-16.63,17.07,28.29,3.163e-05,18,7,7,En_retard
PRJ-1115,N'Djamena_Centre,Urbaine_Moyenne,15.2419,17.0312,Saison_Seche,46.9,29.3,38.0,2,Plat,0,2836,28.89,52.54,3,14,8,18578279.0,45590399.0,67949667.0,69445636.0,0.978,25,27,2,933.49,501.52,-1.78,-25.79,24.01,3.06,6.166e-05,20,6,2,En_retard
PRJ-1116,Moundou,Péri_Urbaine,12.7621,16.9503,Intersaison,38.6,39.4,13.3,9,Accidenté,1,2745,58.23,128.9,1,81,19,20285794.0,14802473.0,35604055.0,26710326.0,1.333,104,257,153,986.16,2419.44,-1.91,-24.05,22.14,7.64,6.663e-05,8,3,14,Échoué
PRJ-1117,Moundou,Péri_Urbaine,12.0152,16.4916,Saison_Pluies,30.3,93.4,24.9,19,Inondable,0,3698,73.72,82.41,6,90,29,16283125.0,66191365.0,86829754.0,102708781.0,0.845,68,162,94,295.06,1614.45,1.95,-20.26,22.21,17.79,3.7e-05,20,12,14,Échoué
PRJ-1118,N'Djamena_Nord,Rurale,14.9637,18.522,Saison_Seche,38.0,14.0,20.7,0,Accidenté,0,2102,53.15,119.52,7,31,19,26333632.0,24580199.0,55861788.0,55407683.0,1.008,148,240,92,613.9,1663.99,1.64,-24.71,26.35,29.09,2.308e-05,29,9,11,Échoué
PRJ-1119,N'Djamena_Nord,Urbaine_Moyenne,12.1921,15.3967,Saison_Pluies,34.1,73.9,0.7,17,Sableux,1,681,32.46,43.81,1,16,5,16705737.0,7913331.0,25667201.0,20407823.0,1.258,33,57,24,747.77,2228.03,-0.78,-23.37,22.59,8.46,9.95e-05,3,11,3,En_retard
PRJ-1120,Moundou,Urbaine_Dense,11.7087,18.5991,Intersaison,28.2,45.5,18.8,2,Accidenté,1,3492,79.96,139.56,1,121,22,48717568.0,52506298.0,104653729.0,118385069.0,0.884,92,142,50,199.19,834.73,-1.46,-15.4,13.94,24.69,2.706e-05,11,6,7,En_retard
PRJ-1121,N'Djamena_Centre,Urbaine_Dense,13.5745,20.8938,Saison_Seche,46.5,26.7,29.2,2,Sableux,1,1804,22.99,39.53,7,22,35,14667064.0,26493978.0,41671904.0,37450620.0,1.113,169,136,0,689.74,1067.28,1.2,-22.96,24.16,11.65,3.783e-05,7,12,10,Échoué
PRJ-1122,N'Djamena_Sud,Urbaine_Dense,13.2013,13.8128,Intersaison,35.2,49.8,36.0,7,Plat,0,3083,15.38,35.72,6,120,10,9291479.0,27714971.0,37727083.0,29000958.0,1.301,83,99,16,265.12,2463.22,-1.88,-16.53,14.65,11.22,4.81e-05,17,16,9,En_retard
PRJ-1123,Bongor,Urbaine_Moyenne,9.0453,13.6027,Intersaison,32.1,43.0,56.1,9,Sableux,0,1628,37.36,91.62,7,63,15,32583785.0,31174864.0,65541154.0,64010394.0,1.024,105,102,0,177.17,90.52,4.63,-19.1,23.73,29.89,7.396e-05,9,6,10,En_retard
PRJ-1124,N'Djamena_Sud,Urbaine_Dense,11.2705,14.2888,Intersaison,31.4,50.1,14.3,4,Accidenté,0,75,40.64,59.22,8,93,2,21518972.0,1484621.0,27312411.0,22973779.0,1.189,96,129,33,852.17,2174.54,0.96,-14.18,15.14,24.7,1.521e-05,5,12,9,Échoué
PRJ-1125,Sarh,Urbaine_Moyenne,11.2801,19.1244,Intersaison,28.9,65.5,9.1,3,Inondable,0,2259,28.71,34.29,8,24,42,8572130.0,29118138.0,41126522.0,52236157.0,0.787,106,127,21,507.45,2114.14,0.92,-14.49,15.41,8.21,2.661e-05,29,4,14,Réussi
PRJ-1126,Bongor,Urbaine_Moyenne,10.5258,22.4718,Saison_Pluies,34.6,88.9,52.2,23,Sableux,1,2952,55.79,112.18,9,26,22,44716683.0,39617942.0,86840819.0,79617139.0,1.091,103,216,113,303.99,692.91,-3.64,-24.44,20.8,6.38,9.969e-05,21,18,12,Échoué
PRJ-1127,Bongor,Urbaine_Dense,11.6383,13.5513,Saison_Seche,42.1,29.3,56.5,1,Accidenté,0,1179,15.12,27.28,9,16,48,9897447.0,15698113.0,28069253.0,29289472.0,0.958,103,171,68,410.65,2063.15,1.1,-11.02,12.12,3.44,8.252e-05,12,17,7,En_retard
PRJ-1128,Doba,Rurale,10.8049,23.3349,Saison_Seche,44.1,14.4,29.3,0,Sableux,0,4154,41.07,77.7,7,71,35,30576834.0,51039413.0,84213488.0,106868314.0,0.788,80,175,95,419.04,859.1,-2.05,-13.56,11.51,15.0,4.439e-05,19,8,5,En_retard
PRJ-1129,N'Djamena_Centre,Urbaine_Moyenne,9.0948,14.6159,Saison_Seche,42.7,16.3,6.9,0,Accidenté,0,4195,40.26,46.89,9,64,39,17191012.0,80450895.0,99541556.0,93194061.0,1.068,62,117,55,772.33,1590.99,-0.48,-18.41,17.93,10.7,1.087e-05,22,13,9,En_retard
PRJ-1130,N'Djamena_Centre,Urbaine_Dense,10.7989,22.3408,Saison_Seche,37.8,12.5,29.1,0,Accidenté,1,491,65.99,144.22,6,45,19,49619022.0,4257602.0,58326339.0,53361375.0,1.093,123,236,113,887.89,1144.85,0.38,-17.92,18.3,12.04,8.667e-05,16,5,14,En_retard
PRJ-1131,Bongor,Péri_Urbaine,8.0782,18.57,Saison_Seche,43.8,16.7,6.6,0,Accidenté,0,3945,74.19,105.74,9,90,47,40811513.0,26113425.0,69980349.0,55805366.0,1.254,138,316,178,480.91,298.26,-0.22,-13.08,12.86,13.51,7.83e-05,27,3,13,Échoué
PRJ-1132,Doba,Urbaine_Dense,12.1063,20.4233,Saison_Seche,38.1,20.3,53.0,2,Plat,1,4847,53.23,83.51,2,15,12,21291276.0,91817735.0,115786786.0,146236643.0,0.792,103,231,128,329.66,2243.63,3.09,-19.29,22.38,29.74,5.807e-05,17,19,12,Échoué
PRJ-1133,Bongor,Péri_Urbaine,14.3292,18.8622,Saison_Seche,37.1,11.6,42.5,2,Accidenté,0,4899,24.78,35.18,2,13,34,12166418.0,40150121.0,54909384.0,64817610.0,0.847,107,97,0,729.99,1385.89,-4.01,-19.39,15.38,1.08,4.045e-05,9,5,13,Réussi
PRJ-1134,Kélo,Péri_Urbaine,13.3023,18.509,Saison_Seche,43.3,31.8,14.5,1,Sableux,0,1878,55.32,134.11,6,56,45,27254210.0,30493706.0,62459135.0,52003888.0,1.201,127,226,99,906.26,1230.44,-3.33,-16.66,13.33,13.36,9.356e-05,18,18,5,En_retard
PRJ-1135,N'Djamena_Nord,Urbaine_Moyenne,10.3832,22.2664,Intersaison,33.8,41.0,53.2,4,Inondable,1,1585,20.48,27.37,3,109,20,9119642.0,12772088.0,25648209.0,23073248.0,1.112,43,65,22,122.94,2204.77,-3.43,-26.41,22.98,2.88,2.957e-05,3,6,8,En_retard
PRJ-1136,N'Djamena_Nord,Péri_Urbaine,8.1966,21.4368,Saison_Seche,40.8,24.7,38.3,2,Inondable,0,4375,77.34,164.37,2,52,7,56927630.0,84887207.0,142966502.0,178557593.0,0.801,70,127,57,798.84,853.65,3.17,-17.52,20.69,20.52,3.209e-05,18,9,7,En_retard
PRJ-1137,N'Djamena_Sud,Urbaine_Moyenne,9.1172,18.5757,Saison_Pluies,29.3,85.5,57.2,15,Accidenté,1,609,65.88,95.13,8,28,24,31310242.0,10271897.0,44048505.0,45033771.0,0.978,111,252,141,561.6,1447.34,-3.82,-23.97,20.15,2.46,8.755e-05,16,17,2,En_retard
PRJ-1138,Sarh,Urbaine_Moyenne,11.8639,14.6722,Saison_Pluies,29.3,84.6,58.8,14,Plat,1,1223,34.78,58.95,7,127,3,21366620.0,22968885.0,46133180.0,47692508.0,0.967,70,57,0,868.93,2211.57,4.71,-25.9,30.61,23.24,6.263e-05,21,11,6,En_retard
PRJ-1139,N'Djamena_Nord,Urbaine_Dense,9.1565,14.7117,Saison_Seche,40.9,20.8,0.2,2,Plat,1,1928,62.86,156.8,8,100,6,39722750.0,37142481.0,81806140.0,89077617.0,0.918,17,14,0,518.96,890.06,4.69,-13.32,18.01,26.17,9.509e-05,8,15,11,En_retard
PRJ-1140,Abéché,Urbaine_Dense,11.8518,21.9162,Intersaison,35.0,63.7,7.2,3,Plat,1,2305,32.99,40.93,6,41,33,11713840.0,14443973.0,28527094.0,33014357.0,0.864,63,57,0,863.95,1994.16,4.92,-21.13,26.05,29.15,6.45e-05,12,19,8,En_retard
PRJ-1141,N'Djamena_Sud,Rurale,9.3528,19.0586,Saison_Pluies,28.3,91.2,32.8,16,Plat,1,1134,6.43,15.01,9,19,34,2291529.0,13041944.0,16138888.0,20392636.0,0.791,157,359,202,558.94,1310.21,4.8,-18.95,23.75,4.51,3.3e-06,20,16,11,Échoué
PRJ-1142,N'Djamena_Nord,Urbaine_Moyenne,14.2914,18.5567,Saison_Seche,44.6,26.8,57.4,1,Inondable,1,3964,56.69,137.44,9,46,33,25634387.0,58356046.0,86340887.0,101997516.0,0.846,55,77,22,153.43,436.53,-3.51,-22.72,19.21,29.39,1.768e-05,25,1,9,En_retard
PRJ-1143,Sarh,Urbaine_Moyenne,10.6782,20.646,Saison_Seche,43.0,22.3,59.7,2,Inondable,0,288,32.67,67.87,2,103,29,21110860.0,4906610.0,27963546.0,35254468.0,0.793,127,182,55,14.9,149.45,1.57,-27.44,29.01,12.96,2.818e-05,7,15,10,Échoué
PRJ-1144,N'Djamena_Centre,Urbaine_Moyenne,9.4644,22.5178,Saison_Seche,41.5,29.6,34.0,0,Plat,0,2964,74.46,82.94,5,13,23,24100647.0,25555834.0,52854603.0,63022024.0,0.839,102,141,39,623.81,1830.48,-1.0,-20.04,19.04,19.34,8.673e-05,19,5,2,Réussi
PRJ-1145,N'Djamena_Centre,Urbaine_Moyenne,13.9986,20.1032,Saison_Seche,44.5,22.4,10.4,0,Plat,1,2145,24.87,55.94,9,88,4,11150695.0,40152411.0,52820458.0,38445922.0,1.374,40,48,8,596.19,691.59,2.32,-14.5,16.82,1.0,8.309e-05,10,5,10,Échoué
PRJ-1146,Bongor,Urbaine_Dense,10.2427,21.5099,Saison_Seche,40.9,12.8,9.8,0,Plat,1,1521,67.54,157.72,3,39,5,33257817.0,12646575.0,46566273.0,35880281.0,1.298,163,141,0,218.12,2048.54,-0.94,-14.35,13.41,11.74,7.903e-05,26,16,8,En_retard
PRJ-1147,Kélo,Urbaine_Moyenne,8.3919,21.5353,Saison_Pluies,27.8,76.6,45.8,10,Plat,0,2095,54.59,135.02,5,67,34,31867495.0,37694593.0,70493550.0,86773031.0,0.812,157,368,211,852.13,512.87,-1.17,-11.4,10.23,11.23,5.535e-05,17,8,4,Réussi
PRJ-1148,N'Djamena_Centre,Péri_Urbaine,12.0633,17.2407,Intersaison,31.5,66.0,35.5,3,Accidenté,0,4662,68.34,155.48,8,15,16,51169040.0,59163991.0,112107195.0,80338019.0,1.395,31,37,6,869.08,1441.25,4.04,-12.87,16.91,15.61,1.39e-05,14,6,9,En_retard
PRJ-1149,Doba,Urbaine_Dense,12.1525,16.3779,Saison_Pluies,32.9,91.9,32.9,18,Plat,0,3733,23.7,40.85,2,45,40,12354231.0,47526065.0,61947748.0,72881822.0,0.85,66,153,87,806.14,279.0,-0.05,-10.32,10.27,4.85,1.312e-05,24,12,8,Réussi
PRJ-1150,N'Djamena_Nord,Urbaine_Dense,13.2176,21.9122,Saison_Seche,46.2,30.4,27.9,0,Plat,1,254,37.18,76.74,6,100,47,12845725.0,2694961.0,19795713.0,23950957.0,0.827,113,274,161,937.22,1852.63,2.4,-17.71,20.11,21.02,1.261e-05,27,4,0,Échoué
PRJ-1151,Doba,Urbaine_Dense,9.4218,17.4604,Saison_Seche,36.8,16.2,43.5,1,Sableux,0,3650,65.94,117.32,4,102,43,39887015.0,23916911.0,65519240.0,62196021.0,1.053,163,290,127,511.6,1925.97,1.5,-27.08,28.58,18.28,8.546e-05,9,16,12,Échoué
PRJ-1152,Sarh,Urbaine_Moyenne,11.0502,22.985,Saison_Seche,37.2,20.8,51.5,1,Plat,1,2187,51.68,82.39,6,26,42,17768630.0,22321290.0,40731639.0,37184437.0,1.095,26,37,11,705.28,2295.54,1.58,-12.46,14.04,7.16,1.416e-05,27,11,3,Réussi
PRJ-1153,N'Djamena_Centre,Rurale,9.7589,14.2318,Saison_Seche,40.2,26.4,18.2,2,Inondable,1,1263,29.11,57.55,3,124,3,18297442.0,14399527.0,36710270.0,29979168.0,1.225,98,206,108,905.42,1425.33,-1.51,-10.86,9.35,29.53,8.085e-05,18,13,11,Échoué
PRJ-1154,Kélo,Urbaine_Dense,8.1476,14.1113,Saison_Seche,44.7,14.0,13.3,0,Accidenté,1,3884,41.2,89.72,6,62,43,16225029.0,47327767.0,67962925.0,49568849.0,1.371,110,93,0,461.69,310.78,-2.48,-19.64,17.16,1.16,8.447e-05,15,15,10,Échoué
PRJ-1155,Sarh,Urbaine_Dense,14.5129,23.2335,Intersaison,39.1,38.7,40.2,8,Plat,0,3141,79.69,158.6,7,16,49,63357579.0,50527475.0,116600432.0,133767487.0,0.872,164,390,226,622.24,2078.02,3.85,-25.95,29.8,10.74,1.05e-05,23,5,8,En_retard
PRJ-1156,Abéché,Urbaine_Dense,13.331,20.3088,Saison_Seche,38.0,27.2,54.9,0,Inondable,1,1432,59.48,134.26,3,59,42,22835450.0,14722466.0,39340089.0,29278320.0,1.344,76,114,38,517.66,819.04,-4.75,-27.56,22.81,8.59,9.02e-05,10,13,12,Échoué
PRJ-1157,Abéché,Péri_Urbaine,9.9117,17.4858,Intersaison,37.4,61.3,20.9,8,Accidenté,1,3730,49.35,66.47,5,35,49,22296265.0,41398871.0,67669765.0,85724179.0,0.789,65,86,21,983.42,2254.0,-3.27,-16.96,13.69,17.24,8.975e-05,7,2,14,En_retard
PRJ-1158,Doba,Urbaine_Moyenne,12.295,21.4281,Saison_Seche,41.4,24.1,16.3,2,Plat,0,1729,66.32,107.65,8,69,14,30716053.0,32144667.0,63400763.0,55668791.0,1.139,33,34,1,443.25,2445.69,-3.67,-15.98,12.31,26.76,6.382e-05,17,12,12,Réussi
PRJ-1159,Bongor,Urbaine_Moyenne,9.1101,20.5594,Intersaison,36.0,46.6,13.6,3,Plat,0,56,35.64,54.8,2,55,33,9397367.0,912157.0,14967651.0,17610139.0,0.85,34,82,48,323.86,374.6,4.49,-27.71,32.2,20.08,5.13e-05,4,6,11,Échoué
PRJ-1160,N'Djamena_Sud,Péri_Urbaine,14.6219,19.0776,Saison_Pluies,30.3,89.1,15.3,11,Inondable,1,1935,76.03,104.3,7,121,28,16344083.0,10338389.0,31077364.0,22867022.0,1.359,123,268,145,633.33,253.25,-4.95,-10.91,5.96,2.38,6.473e-05,3,3,12,Échoué
PRJ-1161,Bongor,Urbaine_Moyenne,8.4193,14.5382,Saison_Pluies,34.4,74.9,8.1,11,Accidenté,1,3548,44.39,76.37,1,122,41,18379695.0,60959364.0,82290808.0,84082049.0,0.979,19,39,20,287.89,2249.13,-4.92,-18.24,13.32,26.04,4.048e-05,9,10,11,En_retard
PRJ-1162,Bongor,Rurale,7.5307,22.0279,Saison_Seche,40.6,17.7,35.8,1,Accidenté,0,345,26.49,64.29,7,46,15,22537244.0,6847960.0,31134319.0,28315409.0,1.1,45,107,62,858.99,2252.25,-2.73,-16.98,14.25,8.69,5.887e-05,28,4,11,En_retard
PRJ-1163,Kélo,Péri_Urbaine,11.5161,22.5932,Intersaison,35.1,38.6,16.8,7,Plat,0,313,7.34,13.6,1,111,4,2179914.0,5977210.0,8804926.0,6321943.0,1.393,134,326,192,893.31,1483.73,-2.21,-17.85,15.64,4.2,9.695e-05,5,10,14,Échoué
PRJ-1164,N'Djamena_Centre,Urbaine_Dense,12.165,15.3078,Intersaison,34.9,51.2,36.9,2,Plat,0,2187,30.37,45.58,4,60,20,14863623.0,38358533.0,58221363.0,63663873.0,0.915,127,160,33,351.62,2225.9,0.6,-22.3,22.9,13.54,1.133e-05,13,7,13,Échoué
PRJ-1165,Kélo,Urbaine_Dense,12.1317,22.4304,Saison_Pluies,34.2,81.7,5.0,16,Inondable,1,4998,45.71,72.94,4,102,25,22891786.0,72159156.0,98980274.0,125298895.0,0.79,154,329,175,364.79,2329.78,4.61,-11.79,16.4,27.06,2.338e-05,2,18,8,En_retard
PRJ-1166,Sarh,Urbaine_Dense,7.9361,22.7174,Saison_Pluies,27.5,92.4,6.9,19,Inondable,1,3915,56.41,110.47,5,70,35,23903987.0,35911832.0,61840013.0,43686980.0,1.416,67,141,74,95.76,1410.7,-0.35,-27.93,27.58,2.0,5.241e-05,25,14,5,Échoué
PRJ-1167,Abéché,Urbaine_Dense,10.0124,19.269,Saison_Pluies,31.1,82.7,32.2,24,Accidenté,0,4546,70.07,111.68,2,26,39,18915578.0,67355623.0,86857925.0,74894302.0,1.16,92,161,69,263.33,1731.99,-2.11,-14.55,12.44,19.14,2.586e-05,18,18,9,Échoué
PRJ-1168,Kélo,Rurale,11.4936,20.3899,Saison_Seche,36.3,24.9,30.7,1,Plat,0,4502,75.54,140.03,6,40,22,53047634.0,69483360.0,125907807.0,141289139.0,0.891,91,96,5,77.22,1553.25,3.17,-21.51,24.68,10.64,9.928e-05,19,1,5,Réussi
PRJ-1169,Sarh,Urbaine_Moyenne,9.2326,17.5135,Saison_Pluies,25.1,94.5,16.3,18,Sableux,1,2596,8.65,12.84,6,71,35,2890123.0,23943875.0,31775066.0,38853033.0,0.818,32,77,45,759.66,477.77,-1.14,-24.58,23.44,19.05,7.203e-05,18,17,2,En_retard
PRJ-1170,Kélo,Urbaine_Dense,14.481,16.4588,Intersaison,30.8,45.6,49.6,6,Accidenté,1,4979,48.27,76.47,8,33,47,13599869.0,43964293.0,61245989.0,49882868.0,1.228,145,194,49,188.52,1118.78,-3.58,-20.15,16.57,8.72,4.34e-05,25,3,9,Échoué
PRJ-1171,Bongor,Péri_Urbaine,8.1969,21.0808,Saison_Seche,37.8,30.4,11.2,0,Inondable,1,4580,53.49,111.69,1,52,28,35783161.0,50168669.0,86828545.0,64464123.0,1.347,59,105,46,88.15,1719.39,2.95,-24.44,27.39,29.05,9.027e-05,17,15,14,Échoué
PRJ-1172,N'Djamena_Nord,Urbaine_Moyenne,11.3991,22.5497,Saison_Seche,38.1,23.9,21.6,2,Plat,1,168,14.18,27.2,4,8,10,5553432.0,2455690.0,10319375.0,7277067.0,1.418,153,127,0,172.68,1545.16,-4.98,-12.36,7.38,4.3,1.444e-05,4,14,4,En_retard
PRJ-1173,Doba,Urbaine_Dense,13.0313,20.3678,Saison_Seche,35.4,10.1,33.3,0,Accidenté,0,2445,43.88,54.01,2,82,16,14523704.0,22973059.0,38488089.0,31911393.0,1.206,98,150,52,383.56,576.99,-2.95,-13.68,10.73,5.58,2.879e-05,10,7,13,Échoué
PRJ-1174,N'Djamena_Sud,Urbaine_Moyenne,9.594,18.8717,Saison_Pluies,32.9,77.1,52.0,13,Sableux,1,3417,27.12,66.78,8,73,49,10858521.0,45565688.0,61028931.0,45331703.0,1.346,52,96,44,428.27,2278.91,1.35,-12.57,13.92,2.32,9.559e-05,28,10,7,En_retard
PRJ-1175,Kélo,Urbaine_Moyenne,12.4939,15.1687,Saison_Seche,42.0,19.9,25.1,1,Plat,0,1752,6.65,7.77,4,124,23,3094371.0,32391959.0,37473195.0,34311554.0,1.092,105,152,47,899.59,1970.97,-3.98,-12.95,8.97,24.05,5.57e-05,13,8,1,Réussi
PRJ-1176,N'Djamena_Sud,Péri_Urbaine,14.1351,14.0613,Saison_Seche,40.1,17.4,23.9,2,Inondable,1,579,5.74,6.98,8,42,19,1828099.0,5457946.0,11086239.0,10687971.0,1.037,122,197,75,286.81,217.72,-2.44,-13.15,10.71,3.72,9.207e-05,8,11,1,En_retard
PRJ-1177,Moundou,Urbaine_Dense,9.0227,18.1798,Saison_Seche,46.6,29.3,34.8,2,Inondable,1,3724,60.86,126.71,2,84,1,50655806.0,72579293.0,124116206.0,122621137.0,1.012,123,139,16,720.55,892.99,-1.07,-17.53,16.46,9.02,9.842e-05,7,5,3,Réussi
PRJ-1178,Kélo,Urbaine_Dense,14.8378,14.0182,Saison_Pluies,28.7,79.2,19.0,15,Plat,1,352,49.43,103.37,4,110,1,25472303.0,4259277.0,30809446.0,24197665.0,1.273,91,127,36,895.96,2489.07,-1.04,-11.76,10.72,6.96,3.602e-05,12,3,8,En_retard
PRJ-1179,N'Djamena_Nord,Urbaine_Moyenne,11.9285,19.478,Saison_Seche,42.1,29.1,42.6,2,Inondable,1,4117,57.35,64.61,9,105,46,15310188.0,26816594.0,45684476.0,44697364.0,1.022,105,213,108,858.13,1005.03,4.73,-26.94,31.67,11.25,5.765e-05,7,9,4,Échoué
PRJ-1180,N'Djamena_Sud,Urbaine_Dense,9.8939,17.5187,Saison_Pluies,25.6,81.2,14.9,15,Plat,0,4301,54.98,109.95,5,105,26,41631807.0,25055866.0,70983333.0,50073843.0,1.418,55,135,80,206.98,1675.4,1.76,-22.85,24.61,23.21,8.467e-05,27,19,2,Échoué
PRJ-1181,Kélo,Urbaine_Moyenne,10.9469,21.4505,Saison_Seche,40.8,32.7,49.4,2,Inondable,0,4018,11.18,12.82,6,106,34,2978938.0,40501913.0,44887376.0,37869354.0,1.185,113,180,67,286.92,296.66,-4.63,-24.17,19.54,28.56,2.727e-05,18,7,14,Échoué
PRJ-1182,N'Djamena_Centre,Urbaine_Moyenne,9.9975,16.7093,Saison_Pluies,34.0,73.5,16.3,18,Sableux,0,63,12.55,30.69,9,103,2,7918063.0,559527.0,10860108.0,10007064.0,1.085,24,47,23,63.9,811.76,-2.79,-25.82,23.03,26.49,4.468e-05,25,1,7,Réussi
PRJ-1183,Doba,Urbaine_Moyenne,13.3009,19.7263,Intersaison,30.7,54.8,59.6,5,Sableux,1,2853,20.57,42.67,9,52,28,7233743.0,50371712.0,60892832.0,46949040.0,1.297,58,143,85,488.46,2211.03,1.16,-27.89,29.05,25.39,1.533e-05,11,10,14,Échoué
PRJ-1184,N'Djamena_Nord,Rurale,13.8704,19.1457,Saison_Seche,38.9,21.4,19.0,2,Inondable,1,938,32.23,43.87,7,83,20,17059534.0,15068573.0,36211351.0,43033669.0,0.841,158,335,177,411.23,1300.82,2.13,-20.75,22.88,13.11,6.525e-05,28,12,14,Échoué
PRJ-1185,N'Djamena_Sud,Urbaine_Moyenne,14.1635,13.5495,Saison_Seche,46.6,10.0,52.7,2,Accidenté,1,3578,75.16,99.31,2,40,42,17010592.0,65363599.0,85701076.0,70337224.0,1.218,84,69,0,549.85,2071.52,-1.19,-14.97,13.78,24.25,4.2e-07,4,15,11,Échoué
PRJ-1186,N'Djamena_Nord,Urbaine_Dense,15.3861,14.2601,Intersaison,36.7,53.1,23.8,6,Inondable,1,1246,54.07,102.6,7,89,47,35170894.0,17243148.0,53343459.0,61501478.0,0.867,15,36,21,463.3,68.77,3.57,-16.39,19.96,23.54,4.493e-05,20,11,10,En_retard
PRJ-1187,Sarh,Urbaine_Moyenne,13.8303,16.5489,Saison_Seche,46.4,33.1,14.8,0,Inondable,0,4590,20.79,41.31,9,76,27,11759050.0,52931231.0,67632968.0,66573553.0,1.016,64,145,81,738.44,1682.04,4.43,-16.28,20.71,8.18,9.291e-05,4,6,6,En_retard
PRJ-1188,Doba,Péri_Urbaine,12.3111,22.7635,Saison_Seche,44.9,15.0,13.6,2,Plat,0,2219,4.95,11.21,2,90,28,1853588.0,20100853.0,26435171.0,26113874.0,1.012,92,116,24,673.14,784.82,1.14,-12.01,13.15,8.61,8.973e-05,28,3,8,Réussi
PRJ-1189,Kélo,Péri_Urbaine,10.2138,15.0437,Intersaison,34.1,53.1,51.0,8,Plat,0,3618,54.9,129.82,7,38,31,19528298.0,49735316.0,73669721.0,80087577.0,0.92,85,94,9,434.32,2158.9,0.62,-10.77,11.39,15.47,8.038e-05,26,9,9,Réussi
PRJ-1190,Kélo,Urbaine_Dense,11.8568,20.9644,Intersaison,35.5,69.8,18.5,8,Accidenté,1,2281,50.21,82.82,7,98,47,31793638.0,32550718.0,67476926.0,49026483.0,1.376,24,56,32,47.46,2362.91,2.51,-15.75,18.26,28.94,1.412e-05,22,17,5,En_retard
PRJ-1191,Kélo,Rurale,7.8285,23.7203,Saison_Pluies,26.9,94.1,20.3,22,Plat,1,1893,54.22,123.71,3,71,7,41510068.0,20622746.0,67113447.0,50150899.0,1.338,20,39,19,350.37,1734.67,2.82,-26.47,29.29,4.13,5.203e-05,3,19,1,En_retard
PRJ-1192,Doba,Urbaine_Moyenne,13.4586,21.801,Saison_Seche,39.2,16.0,11.8,2,Sableux,0,3701,21.26,39.53,6,113,8,12713206.0,70500095.0,84186358.0,75439908.0,1.116,136,164,28,330.94,407.89,-2.85,-15.82,12.97,29.66,7.191e-05,21,2,0,Réussi
PRJ-1193,N'Djamena_Centre,Urbaine_Dense,11.0676,16.0509,Saison_Seche,38.1,21.6,57.7,0,Accidenté,1,3926,41.6,73.17,8,109,32,18997795.0,57316926.0,78968400.0,75027364.0,1.053,176,354,178,98.46,1196.86,-0.16,-18.01,17.85,5.61,1.012e-05,24,5,4,En_retard
PRJ-1194,Moundou,Urbaine_Dense,7.6602,23.0378,Saison_Seche,41.6,14.7,14.7,2,Plat,0,2768,29.26,60.82,8,121,11,12751123.0,48612219.0,65351398.0,62604318.0,1.044,129,235,106,311.19,1188.01,-0.53,-26.84,26.31,15.08,1.47e-05,29,18,11,Échoué
PRJ-1195,Abéché,Urbaine_Dense,8.0001,14.4776,Saison_Pluies,28.1,87.9,14.8,15,Plat,0,98,65.51,81.53,3,22,48,26086809.0,1401974.0,28623455.0,31661327.0,0.904,83,110,27,987.49,2084.23,4.41,-23.37,27.78,9.82,4.01e-06,27,12,6,Réussi
PRJ-1196,Bongor,Péri_Urbaine,10.5997,18.4155,Saison_Pluies,29.4,83.1,56.6,16,Sableux,0,230,6.02,8.86,6,53,26,2676387.0,2242052.0,9795813.0,6861213.0,1.428,60,105,45,823.04,1178.51,-3.88,-23.72,19.84,13.17,3.231e-05,2,15,6,En_retard
PRJ-1197,N'Djamena_Sud,Urbaine_Dense,12.1674,22.8192,Intersaison,38.5,44.1,54.1,9,Sableux,0,3928,22.4,50.25,2,127,25,16662174.0,63041601.0,81796984.0,104329031.0,0.784,174,295,121,803.62,864.96,4.43,-14.09,18.52,28.78,8.773e-05,19,14,1,Réussi
PRJ-1198,N'Djamena_Centre,Urbaine_Dense,11.2136,20.2333,Saison_Seche,46.1,13.4,14.9,2,Plat,1,1467,48.43,87.45,2,55,7,21114639.0,12401751.0,35592019.0,28640629.0,1.243,97,162,65,844.87,1547.81,0.73,-21.79,22.52,19.32,5.075e-05,9,2,5,Échoué
PRJ-1199,N'Djamena_Sud,Rurale,12.4536,17.8433,Saison_Pluies,32.3,82.0,51.9,24,Inondable,0,3514,16.82,39.88,8,75,20,15821630.0,49017280.0,66298284.0,56299111.0,1.178,109,183,74,866.4,1635.35,-2.12,-18.99,16.87,9.63,8.533e-05,25,10,0,Échoué
PRJ-1200,Kélo,Urbaine_Dense,11.3424,16.5745,Saison_Seche,39.9,11.2,15.0,1,Accidenté,0,3469,53.98,66.08,5,90,41,11018983.0,38282133.0,51097195.0,63533042.0,0.804,74,59,0,332.1,2034.37,3.69,-13.86,17.55,19.22,8.37e-06,20,3,11,Réussi
PRJ-1201,N'Djamena_Nord,Urbaine_Dense,12.7936,17.4385,Saison_Seche,45.0,32.0,5.1,1,Accidenté,1,579,11.37,17.5,5,92,30,2973695.0,4196750.0,10269595.0,7222553.0,1.422,26,33,7,329.04,2256.08,-4.5,-11.14,6.64,14.11,5.61e-06,6,9,11,Échoué
PRJ-1202,N'Djamena_Sud,Urbaine_Dense,9.253,18.8439,Saison_Pluies,29.5,82.4,49.2,24,Inondable,1,4729,2.31,3.69,4,47,1,1399318.0,52958220.0,56789632.0,73530287.0,0.772,151,231,80,343.08,2230.39,-1.81,-18.31,16.5,28.36,8.039e-05,25,15,0,En_retard
PRJ-1203,Kélo,Urbaine_Dense,8.4027,16.85,Saison_Seche,39.7,31.4,46.3,1,Plat,1,1336,69.15,116.99,4,8,18,36492294.0,12898028.0,50760524.0,36627495.0,1.386,47,48,1,820.36,1585.47,2.53,-18.0,20.53,11.23,4.978e-05,11,3,1,En_retard
PRJ-1204,N'Djamena_Sud,Urbaine_Dense,12.2715,23.6742,Saison_Pluies,25.5,84.6,17.7,17,Accidenté,0,2240,27.01,67.03,8,27,8,15523043.0,14970662.0,34634835.0,26749429.0,1.295,127,263,136,799.34,1334.48,3.28,-26.27,29.55,17.95,4.709e-05,10,19,4,Échoué
PRJ-1205,N'Djamena_Nord,Péri_Urbaine,11.3775,23.2973,Saison_Pluies,26.8,81.2,5.4,16,Plat,0,756,12.97,19.91,3,29,29,6779120.0,13122212.0,20681409.0,17456433.0,1.185,162,363,201,26.73,2012.99,-3.33,-19.1,15.77,25.63,4.756e-05,28,6,9,Échoué
PRJ-1206,Kélo,Urbaine_Dense,7.7149,22.6421,Intersaison,35.3,66.5,12.4,4,Plat,0,3267,14.23,25.99,3,61,40,6840395.0,40768038.0,51864370.0,49957472.0,1.038,133,291,158,949.69,801.63,4.42,-15.64,20.06,28.81,3.811e-05,19,4,9,Échoué
PRJ-1207,Moundou,Urbaine_Dense,10.5439,17.9292,Saison_Pluies,26.4,77.7,46.3,20,Plat,0,343,70.93,131.26,8,84,22,20382102.0,3497003.0,25616329.0,25899925.0,0.989,46,73,27,292.71,1906.93,-4.46,-24.6,20.14,24.18,8.864e-05,27,11,1,Réussi
PRJ-1208,N'Djamena_Centre,Péri_Urbaine,8.349,20.7587,Intersaison,34.0,66.8,57.9,4,Plat,1,1611,52.53,114.47,3,112,32,35803459.0,20257461.0,58792485.0,44848735.0,1.311,95,188,93,629.88,1289.95,-0.66,-26.0,25.34,28.13,5.21e-05,25,8,13,Échoué
PRJ-1209,Sarh,Péri_Urbaine,11.7509,22.9797,Saison_Pluies,30.7,75.6,15.5,19,Accidenté,0,4567,76.53,139.67,2,72,40,29439361.0,74527716.0,106181867.0,79021006.0,1.344,120,112,0,643.52,352.94,-4.03,-12.46,8.43,14.45,9.739e-05,20,18,9,En_retard
PRJ-1210,Bongor,Urbaine_Moyenne,10.6662,22.4295,Saison_Seche,36.1,33.0,49.1,1,Plat,0,2661,64.1,124.87,5,22,14,22330974.0,14035261.0,39433945.0,28357558.0,1.391,144,164,20,122.25,1894.52,-4.02,-25.93,21.91,23.17,8.465e-05,26,13,13,Échoué
PRJ-1211,Doba,Urbaine_Moyenne,12.4052,17.8504,Saison_Seche,43.7,19.7,13.7,1,Accidenté,1,710,61.52,132.55,3,68,2,27347490.0,9372906.0,40802351.0,34847265.0,1.171,20,18,0,698.79,1638.75,4.14,-11.56,15.7,3.74,7.376e-05,6,15,13,Échoué
PRJ-1212,Bongor,Urbaine_Dense,13.9448,14.6801,Saison_Pluies,34.5,94.3,40.8,24,Accidenté,1,3228,40.24,49.96,6,86,35,13441212.0,39340481.0,57733632.0,72335610.0,0.798,87,212,125,538.24,251.94,4.04,-23.07,27.11,18.22,6.362e-05,22,16,2,En_retard
PRJ-1213,Bongor,Urbaine_Moyenne,9.8973,14.2941,Saison_Pluies,26.1,71.5,5.0,12,Sableux,0,3439,65.75,161.01,7,21,7,26158346.0,63264026.0,91299638.0,85265235.0,1.071,172,306,134,614.8,1153.4,1.15,-22.06,23.21,1.39,8.352e-05,12,3,8,En_retard
PRJ-1214,Kélo,Urbaine_Moyenne,15.1968,19.5592,Saison_Pluies,33.7,72.7,35.1,24,Accidenté,0,2156,33.31,76.11,3,76,3,28220682.0,28760123.0,59972925.0,69472902.0,0.863,122,134,12,452.46,1241.91,4.66,-18.54,23.2,8.54,8.817e-05,21,5,4,Réussi
PRJ-1215,Moundou,Urbaine_Moyenne,11.7851,20.2476,Saison_Seche,36.9,26.5,16.2,2,Sableux,0,3113,66.25,108.93,9,56,15,31587467.0,21977290.0,56161791.0,45722039.0,1.228,173,346,173,806.32,1651.1,-0.09,-24.61,24.52,20.3,1.332e-05,25,7,13,Échoué
PRJ-1216,Sarh,Rurale,12.4463,22.4233,Saison_Seche,46.1,16.8,55.6,1,Plat,0,2890,60.74,128.76,1,13,43,28745547.0,31299417.0,65040141.0,48052146.0,1.354,61,100,39,638.81,1712.3,2.83,-15.61,18.44,5.98,3.597e-05,2,1,12,Échoué
PRJ-1217,N'Djamena_Centre,Urbaine_Dense,12.9454,16.5714,Saison_Seche,35.0,16.1,17.4,1,Inondable,0,3546,54.44,117.99,7,48,34,37963426.0,50764680.0,92868217.0,95892737.0,0.968,78,120,42,201.0,516.79,-4.03,-18.57,14.54,6.8,8.054e-05,13,8,2,Réussi
PRJ-1218,N'Djamena_Centre,Péri_Urbaine,12.8339,15.2584,Saison_Pluies,26.6,90.6,23.9,17,Plat,1,2628,26.71,61.18,4,38,22,21477797.0,14950711.0,38715385.0,46197344.0,0.838,179,421,242,755.2,132.56,-1.04,-10.97,9.93,2.79,2.213e-05,7,6,4,En_retard
PRJ-1219,N'Djamena_Nord,Urbaine_Dense,11.5878,17.4796,Saison_Pluies,31.3,82.4,50.4,15,Inondable,0,2101,50.64,69.05,7,123,18,20955374.0,38384716.0,61986046.0,76805419.0,0.807,80,160,80,507.54,1995.48,0.15,-11.6,11.75,22.67,5.862e-05,24,4,2,En_retard
PRJ-1220,Doba,Péri_Urbaine,10.9301,17.2125,Saison_Pluies,25.5,78.7,26.3,20,Plat,0,2459,40.79,85.05,9,97,46,17063043.0,14795152.0,33465000.0,34392742.0,0.973,24,47,23,46.9,2454.91,2.78,-14.15,16.93,13.99,7.805e-05,25,11,10,Réussi
PRJ-1221,N'Djamena_Sud,Urbaine_Moyenne,7.9303,14.8909,Saison_Seche,43.5,26.7,14.3,1,Accidenté,0,3003,37.19,42.64,9,71,18,7571675.0,16392977.0,27863265.0,24419905.0,1.141,158,153,0,400.9,2354.68,-1.66,-24.67,23.01,26.75,2.239e-05,21,6,13,En_retard
PRJ-1222,Moundou,Péri_Urbaine,7.6767,20.559,Saison_Seche,38.0,17.0,32.9,2,Plat,1,418,79.22,99.96,1,96,34,36482893.0,2102638.0,42888984.0,32840397.0,1.306,91,87,0,407.71,1276.96,4.8,-24.15,28.95,11.51,4.02e-05,13,18,4,En_retard
PRJ-1223,N'Djamena_Sud,Urbaine_Dense,10.3637,18.8413,Saison_Pluies,26.7,74.9,50.4,15,Plat,1,588,40.6,88.77,4,58,36,18523800.0,8970626.0,32336867.0,35592986.0,0.909,10,19,9,803.42,1345.89,2.35,-23.17,25.52,13.62,9.151e-05,26,2,12,En_retard
PRJ-1224,Sarh,Urbaine_Moyenne,10.1693,21.0718,Saison_Pluies,25.7,74.0,26.0,24,Inondable,1,2977,3.04,6.8,7,66,46,1054140.0,35244111.0,39344481.0,34161321.0,1.152,148,158,10,241.63,2329.91,0.33,-12.99,13.32,15.35,3.56e-05,13,19,14,Échoué
PRJ-1225,Bongor,Urbaine_Moyenne,10.6016,17.2033,Saison_Pluies,29.4,75.3,8.0,16,Sableux,0,2443,50.3,97.05,6,62,39,30155912.0,15982754.0,49656740.0,59904772.0,0.829,19,30,11,458.01,1383.16,-1.69,-16.34,14.65,25.97,6.047e-05,4,19,9,Réussi
PRJ-1226,N'Djamena_Centre,Péri_Urbaine,8.6069,16.9199,Saison_Pluies,33.5,85.6,23.0,20,Plat,1,780,58.38,111.76,9,124,47,21035616.0,13917640.0,37460521.0,39823256.0,0.941,156,276,120,63.86,730.28,1.42,-24.84,26.26,9.47,4.338e-05,25,18,5,En_retard
PRJ-1227,Sarh,Urbaine_Moyenne,13.4053,18.462,Saison_Seche,43.3,20.2,57.3,0,Sableux,0,946,70.87,152.32,7,56,38,60584131.0,7606601.0,71431810.0,86813017.0,0.823,127,185,58,882.63,1710.1,1.73,-19.75,21.48,2.5,8.77e-05,27,11,10,Échoué
PRJ-1228,Bongor,Urbaine_Moyenne,14.3557,22.7128,Saison_Pluies,28.6,78.3,4.3,10,Plat,0,4709,50.8,120.32,3,110,37,44209503.0,46594907.0,92873781.0,96587971.0,0.962,51,48,0,449.39,1219.14,1.79,-10.45,12.24,19.19,4.241e-05,16,3,11,Réussi
PRJ-1229,N'Djamena_Centre,Urbaine_Moyenne,15.0097,13.923,Intersaison,31.8,60.5,24.5,5,Inondable,1,2418,2.05,3.46,7,47,18,1045306.0,18535958.0,23400865.0,27216269.0,0.86,103,213,110,858.03,1973.25,0.86,-14.82,15.68,24.95,3.592e-05,12,11,8,En_retard
PRJ-1230,Bongor,Urbaine_Dense,11.4389,21.9507,Saison_Pluies,26.2,75.2,38.9,12,Sableux,1,4609,10.02,12.63,5,22,43,4527431.0,87116297.0,92245880.0,80861179.0,1.141,123,283,160,680.46,1969.1,-1.0,-11.18,10.18,17.13,1.733e-05,11,1,1,En_retard
PRJ-1231,Doba,Urbaine_Moyenne,13.1069,17.3744,Saison_Pluies,28.1,85.5,4.7,20,Plat,1,2730,13.32,30.3,2,77,40,8109308.0,44692835.0,53430199.0,53528258.0,0.998,50,54,4,326.65,2343.1,3.17,-13.44,16.61,10.29,3.492e-05,22,2,14,En_retard
PRJ-1232,Moundou,Urbaine_Dense,14.3444,22.4735,Saison_Pluies,32.8,76.2,20.7,12,Accidenté,1,2430,17.3,27.3,3,72,29,9476419.0,38538101.0,51737064.0,36818362.0,1.405,135,304,169,715.58,387.66,-2.42,-14.95,12.53,19.28,6.696e-05,29,1,13,Échoué
PRJ-1233,Sarh,Rurale,10.8463,21.9231,Saison_Pluies,30.4,91.9,56.4,17,Plat,0,64,64.08,82.49,6,112,12,25706638.0,362236.0,30756947.0,32746892.0,0.939,157,336,179,474.16,1327.26,1.25,-13.06,14.31,29.74,1.758e-05,22,1,2,Réussi
PRJ-1234,Sarh,Péri_Urbaine,9.9753,17.162,Saison_Pluies,33.3,72.6,1.8,16,Plat,0,3178,25.13,49.27,6,14,18,7743330.0,40807190.0,51895640.0,52946195.0,0.98,133,234,101,347.82,1975.36,-0.28,-15.53,15.25,17.65,7.054e-05,24,13,5,Réussi
PRJ-1235,Abéché,Rurale,14.9938,20.7857,Saison_Pluies,26.1,70.8,45.1,24,Inondable,0,1403,25.33,48.36,7,69,31,18724480.0,19125397.0,41619254.0,47994050.0,0.867,164,297,133,671.25,1115.36,3.93,-17.79,21.72,10.14,1.06e-06,22,1,1,Échoué
PRJ-1236,Kélo,Urbaine_Dense,11.6254,15.1761,Saison_Pluies,34.2,72.2,50.5,19,Inondable,0,3185,60.57,106.84,6,61,15,39021162.0,34199933.0,77428799.0,88065470.0,0.879,21,40,19,776.59,1585.87,0.91,-14.75,15.66,8.06,3.67e-05,24,10,7,Réussi
PRJ-1237,Doba,Rurale,11.478,22.911,Saison_Seche,45.0,27.4,16.6,2,Sableux,1,2327,33.29,76.69,9,59,40,29782703.0,22865902.0,54776139.0,58970359.0,0.929,135,228,93,691.73,2051.73,3.56,-23.87,27.43,29.95,4.659e-05,17,13,9,Échoué
PRJ-1238,Doba,Péri_Urbaine,8.9273,17.7472,Intersaison,34.8,48.5,12.9,5,Plat,0,60,5.64,8.35,5,58,30,2779226.0,1066749.0,4832486.0,3547099.0,1.362,107,239,132,468.23,1209.75,4.53,-19.17,23.7,25.66,9.61e-06,26,8,13,Échoué
PRJ-1239,N'Djamena_Sud,Péri_Urbaine,8.3652,18.2841,Saison_Pluies,25.3,93.9,54.9,13,Accidenté,1,1706,47.02,52.59,5,11,36,13306071.0,9118995.0,27123981.0,33682718.0,0.805,115,185,70,266.72,1050.29,-3.73,-10.87,7.14,9.11,6.841e-05,13,7,6,En_retard
PRJ-1240,Bongor,Urbaine_Moyenne,14.2369,20.9105,Saison_Seche,41.2,26.2,45.8,2,Accidenté,1,1297,10.84,16.83,8,8,28,3395390.0,18651279.0,26770237.0,19028593.0,1.407,123,213,90,812.29,492.36,0.55,-13.44,13.99,8.61,1.028e-05,17,12,13,Échoué
PRJ-1241,Kélo,Urbaine_Dense,12.4131,22.1188,Saison_Pluies,29.8,75.3,6.8,19,Sableux,0,1710,45.95,51.17,8,112,15,9978103.0,18662433.0,31128819.0,36793037.0,0.846,175,151,0,353.18,2070.15,3.84,-11.33,15.17,24.31,9e-06,6,8,0,Réussi
PRJ-1242,Moundou,Péri_Urbaine,10.1066,15.9816,Saison_Seche,42.1,19.8,12.7,0,Plat,0,1813,62.48,116.28,1,73,43,21654715.0,27175529.0,50307507.0,49684087.0,1.013,122,135,13,616.83,1999.66,3.72,-10.59,14.31,29.78,3.679e-05,19,13,4,Réussi
PRJ-1243,Moundou,Urbaine_Moyenne,9.0339,20.4442,Saison_Seche,46.0,23.8,37.3,2,Sableux,0,591,74.39,121.22,3,119,33,24868575.0,4709539.0,34093709.0,40598657.0,0.84,67,157,90,124.2,1870.72,-3.04,-17.43,14.39,14.5,7.383e-05,11,2,4,En_retard
PRJ-1244,Doba,Urbaine_Dense,11.944,17.616,Saison_Seche,41.6,29.4,25.2,0,Accidenté,1,1579,5.83,13.06,6,105,2,3756827.0,13547647.0,20992394.0,20552434.0,1.021,123,124,1,742.88,1013.62,-0.19,-24.47,24.28,7.59,9.637e-05,7,9,13,En_retard
PRJ-1245,Moundou,Urbaine_Dense,12.1714,17.3714,Saison_Pluies,33.1,78.7,30.3,23,Accidenté,1,1230,24.67,54.68,6,42,8,17548795.0,16977453.0,35063276.0,38154548.0,0.919,119,278,159,953.38,1478.82,-2.77,-14.66,11.89,7.68,7.76e-05,26,17,0,En_retard
PRJ-1246,Abéché,Rurale,9.1559,20.7453,Intersaison,33.3,66.6,57.1,5,Plat,0,2738,52.37,89.47,1,117,48,20445160.0,53936076.0,75365975.0,69182898.0,1.089,20,38,18,454.8,353.77,3.97,-27.87,31.84,24.12,4.66e-05,15,18,5,Réussi
PRJ-1247,Sarh,Rurale,14.3112,17.5654,Saison_Pluies,27.4,70.9,25.2,16,Sableux,1,2667,25.58,35.89,2,84,33,10307132.0,52327217.0,67558747.0,77436325.0,0.872,167,395,228,552.87,832.82,-4.97,-26.4,21.43,18.55,2.726e-05,15,16,1,En_retard
PRJ-1248,N'Djamena_Nord,Rurale,8.1741,17.1341,Saison_Pluies,33.8,86.6,52.9,21,Accidenté,1,2804,36.36,61.5,7,88,35,14471760.0,24492140.0,39635477.0,33789470.0,1.173,136,297,161,900.5,1117.04,-2.82,-22.85,20.03,19.38,3.014e-05,10,9,2,Échoué
PRJ-1249,N'Djamena_Sud,Urbaine_Moyenne,10.3487,22.2768,Saison_Seche,45.4,17.8,39.6,0,Inondable,1,978,2.1,4.2,1,17,18,1361335.0,6391490.0,9524323.0,10777853.0,0.884,92,209,117,797.35,156.67,-0.91,-27.73,26.82,6.64,2.837e-05,29,5,4,Échoué
PRJ-1250,Bongor,Urbaine_Dense,12.9431,14.5634,Saison_Seche,43.1,18.2,7.3,1,Accidenté,0,1476,55.63,76.01,5,74,26,30185209.0,20450199.0,53603642.0,43742158.0,1.225,49,83,34,962.66,303.79,-2.79,-15.7,12.91,4.78,2.783e-05,17,16,14,Échoué
PRJ-1251,Bongor,Urbaine_Dense,9.693,20.5969,Saison_Seche,46.9,11.8,44.7,1,Plat,0,3709,70.72,154.33,1,75,48,49733497.0,41910732.0,92973829.0,105367297.0,0.882,123,271,148,273.4,2082.83,4.74,-13.3,18.04,1.31,6.91e-06,14,13,11,En_retard
PRJ-1252,N'Djamena_Centre,Urbaine_Dense,14.1214,16.1116,Saison_Pluies,32.4,90.4,31.2,10,Plat,0,2283,78.16,122.15,6,96,21,20125146.0,37498961.0,59168350.0,51843473.0,1.141,103,163,60,475.29,2429.45,-2.56,-14.43,11.87,27.54,2.204e-05,15,2,5,Réussi
PRJ-1253,N'Djamena_Nord,Urbaine_Dense,13.4189,13.6627,Intersaison,35.2,43.9,13.5,9,Inondable,0,3959,66.53,160.01,7,108,28,43092091.0,51149314.0,96329759.0,83535150.0,1.153,108,95,0,461.09,838.88,-1.38,-25.4,24.02,11.29,1.079e-05,22,12,13,Échoué
PRJ-1254,Doba,Urbaine_Moyenne,13.8122,15.251,Saison_Pluies,33.5,72.4,17.4,20,Plat,0,2111,3.03,5.5,8,114,20,1884283.0,26722731.0,30320008.0,35986707.0,0.843,77,147,70,478.37,311.51,-3.26,-13.53,10.27,22.98,7.4e-07,12,9,10,En_retard
PRJ-1255,Abéché,Urbaine_Dense,8.4529,19.8699,Saison_Pluies,29.1,94.4,33.4,21,Inondable,0,4147,52.32,119.6,3,109,45,34153024.0,60948036.0,99216163.0,117890191.0,0.842,158,322,164,913.99,2341.71,4.27,-13.09,17.36,26.65,2.856e-05,3,2,1,En_retard
PRJ-1256,Sarh,Urbaine_Moyenne,8.6244,20.9458,Intersaison,28.7,40.6,36.1,8,Accidenté,1,2613,39.9,78.29,3,100,20,30358181.0,18019971.0,51129387.0,57001158.0,0.897,14,14,0,213.46,2290.06,-0.89,-26.26,25.37,18.36,3.522e-05,23,12,3,En_retard
PRJ-1257,Sarh,Rurale,9.7918,13.7211,Saison_Seche,45.3,34.6,58.1,2,Plat,0,2853,75.06,140.85,1,72,4,23056148.0,43244136.0,68054075.0,85363301.0,0.797,173,378,205,895.95,1653.91,-2.38,-19.14,16.76,13.3,9.274e-05,29,6,2,En_retard
PRJ-1258,Abéché,Urbaine_Moyenne,11.6446,13.8825,Saison_Pluies,32.6,86.8,51.3,16,Accidenté,1,2343,72.22,148.41,3,58,36,33064099.0,28884025.0,63857056.0,50684381.0,1.26,144,134,0,575.42,879.55,-2.54,-15.61,13.07,2.12,9.948e-05,21,13,0,En_retard
PRJ-1259,Kélo,Rurale,13.4841,22.9767,Saison_Pluies,34.6,79.1,12.4,17,Accidenté,1,1675,79.05,176.76,5,37,34,36267533.0,28981195.0,65928120.0,56803193.0,1.161,134,208,74,541.47,325.8,0.86,-20.68,21.54,10.78,5.794e-05,21,16,3,Échoué
PRJ-1260,N'Djamena_Centre,Urbaine_Moyenne,14.1922,14.2697,Saison_Pluies,27.8,88.7,46.4,12,Inondable,1,621,69.02,138.2,6,46,45,47251347.0,4397054.0,52370665.0,45898093.0,1.141,40,65,25,422.33,2351.76,4.78,-11.99,16.77,10.33,9.01e-05,20,8,5,En_retard
PRJ-1261,Bongor,Urbaine_Dense,13.1347,22.8889,Saison_Seche,35.4,16.1,0.5,1,Inondable,0,4581,43.98,97.47,3,126,13,27384028.0,43570833.0,74685445.0,65960079.0,1.132,34,29,0,544.25,2304.93,4.74,-18.48,23.22,17.42,6.182e-05,13,7,9,En_retard
PRJ-1262,N'Djamena_Nord,Urbaine_Moyenne,14.9288,15.8957,Saison_Pluies,30.6,79.7,7.8,10,Plat,0,2450,57.33,78.35,4,17,31,14462317.0,47171554.0,62641970.0,56178521.0,1.115,111,101,0,805.26,1870.85,4.82,-25.8,30.62,23.16,4.976e-05,18,15,6,Réussi
PRJ-1263,Moundou,Urbaine_Dense,13.4099,21.2702,Saison_Pluies,33.1,86.4,12.0,12,Sableux,0,1761,77.19,114.9,5,100,39,25438666.0,23414420.0,51494171.0,57581066.0,0.894,90,141,51,497.31,2338.02,-1.13,-18.45,17.32,21.62,4.27e-06,10,5,5,Réussi
PRJ-1264,N'Djamena_Centre,Urbaine_Dense,9.9501,16.7522,Saison_Seche,43.0,32.9,35.8,0,Accidenté,0,432,46.46,66.05,5,51,7,18537912.0,8181870.0,31010427.0,26745094.0,1.159,88,117,29,778.26,392.41,4.14,-17.61,21.75,26.23,4.46e-06,23,18,11,Échoué
PRJ-1265,N'Djamena_Nord,Péri_Urbaine,9.6207,22.5169,Saison_Pluies,30.6,74.8,11.7,15,Sableux,1,1133,67.28,149.2,9,39,17,59535611.0,17375152.0,79068804.0,68912676.0,1.147,128,280,152,422.47,317.66,-0.56,-10.83,10.27,2.36,3.08e-06,27,19,0,En_retard
PRJ-1266,N'Djamena_Sud,Urbaine_Dense,13.0695,20.8548,Saison_Seche,43.5,14.8,21.9,2,Plat,0,1999,75.41,92.04,8,51,42,22188367.0,37774044.0,62018296.0,64638491.0,0.959,171,257,86,191.07,520.5,0.11,-20.4,20.51,18.55,1.501e-05,12,13,4,En_retard
PRJ-1267,N'Djamena_Sud,Urbaine_Dense,9.043,17.719,Intersaison,34.5,66.4,14.6,7,Plat,0,2567,45.86,101.54,1,70,12,19212030.0,25072901.0,48713648.0,39751083.0,1.225,116,114,0,420.52,577.96,0.2,-11.93,12.13,6.48,7.69e-06,13,16,4,Réussi
PRJ-1268,N'Djamena_Centre,Urbaine_Moyenne,8.2417,14.3012,Saison_Pluies,29.3,85.1,20.2,18,Accidenté,0,4219,13.15,21.63,2,68,30,5932387.0,26824429.0,37148643.0,34137096.0,1.088,16,17,1,726.11,2076.56,-4.36,-22.24,17.88,29.2,1.947e-05,4,13,5,Réussi
PRJ-1269,Doba,Rurale,11.7578,21.1934,Intersaison,31.3,47.5,56.5,7,Plat,0,3547,12.87,15.59,5,72,48,3547451.0,60418273.0,68426340.0,50277227.0,1.361,112,218,106,853.23,2308.25,-3.23,-19.86,16.63,12.86,5.192e-05,18,14,14,Échoué
PRJ-1270,N'Djamena_Nord,Péri_Urbaine,14.0731,19.9773,Saison_Seche,36.1,22.9,59.8,2,Sableux,1,3364,9.67,16.38,3,48,34,4774634.0,57413493.0,65261740.0,82982147.0,0.786,60,145,85,773.91,578.2,3.86,-15.85,19.71,19.09,5.032e-05,7,16,4,En_retard
PRJ-1271,N'Djamena_Nord,Péri_Urbaine,8.311,13.5306,Saison_Seche,43.5,16.6,41.1,1,Plat,1,4980,38.37,58.35,7,88,22,15560637.0,71126362.0,91472368.0,81445588.0,1.123,162,369,207,380.71,1183.6,3.96,-12.06,16.02,11.2,3.442e-05,5,12,8,En_retard
PRJ-1272,Abéché,Urbaine_Dense,13.8351,13.5989,Saison_Seche,40.9,26.6,34.3,2,Plat,1,2725,38.67,74.58,6,126,21,24042540.0,37314932.0,65542810.0,79308457.0,0.826,165,168,3,583.36,1163.49,-2.98,-14.07,11.09,7.39,6.66e-05,14,12,5,Réussi
PRJ-1273,Doba,Péri_Urbaine,13.9926,21.9923,Saison_Seche,37.3,33.6,42.5,2,Plat,0,3444,49.58,87.34,2,19,9,33064538.0,64484156.0,99919049.0,101714330.0,0.982,179,148,0,366.85,485.78,-1.97,-25.2,23.23,20.95,3.919e-05,18,11,14,En_retard
PRJ-1274,Bongor,Péri_Urbaine,11.3582,16.2237,Saison_Seche,35.2,21.3,46.3,2,Plat,1,1253,38.89,58.94,8,9,12,11795579.0,9582289.0,24710866.0,20681198.0,1.195,164,139,0,707.45,2140.7,3.3,-24.51,27.81,28.24,2.202e-05,11,7,10,Échoué
PRJ-1275,Bongor,Urbaine_Moyenne,7.9585,20.1794,Saison_Pluies,28.0,90.8,44.3,20,Accidenté,1,823,77.86,179.64,5,80,17,63825197.0,11726161.0,76599409.0,62509449.0,1.225,174,303,129,442.09,1330.11,-2.96,-26.77,23.81,2.72,6.922e-05,21,4,8,Échoué
PRJ-1276,Moundou,Rurale,8.8967,18.2693,Saison_Seche,36.0,26.2,4.9,2,Accidenté,1,3106,23.66,39.5,6,83,16,15298999.0,17848813.0,36128807.0,40355026.0,0.895,64,104,40,767.19,1437.28,3.81,-16.81,20.62,24.93,9.802e-05,19,6,3,En_retard
PRJ-1277,Sarh,Urbaine_Dense,13.1594,22.566,Saison_Pluies,27.6,70.5,18.6,13,Plat,0,2363,69.97,123.07,8,67,5,29955536.0,16807958.0,48447665.0,61960750.0,0.782,47,39,0,22.67,683.15,3.23,-20.07,23.3,10.91,8.107e-05,15,14,2,Réussi
PRJ-1278,N'Djamena_Sud,Rurale,13.1942,23.1281,Saison_Seche,38.2,11.2,20.6,2,Plat,0,2647,8.48,19.38,6,32,19,3457696.0,30596899.0,35830558.0,29017085.0,1.235,65,58,0,346.75,1419.94,3.08,-12.23,15.31,4.51,4.141e-05,17,14,12,En_retard
PRJ-1279,Bongor,Rurale,14.6868,23.9665,Saison_Pluies,28.7,83.6,22.2,23,Plat,0,1453,48.35,59.21,3,107,28,21047840.0,25163215.0,47276787.0,36367797.0,1.3,101,252,151,879.44,1991.72,3.92,-10.19,14.11,21.68,3.757e-05,20,12,5,En_retard
PRJ-1280,Doba,Urbaine_Dense,12.1615,15.1137,Saison_Pluies,32.3,87.9,20.7,23,Plat,1,4222,52.04,85.65,7,125,17,27859714.0,67539293.0,97510904.0,90905477.0,1.073,171,417,246,330.31,797.08,3.87,-12.19,16.06,3.39,3.86e-06,27,15,0,En_retard
PRJ-1281,N'Djamena_Nord,Urbaine_Moyenne,8.4929,22.5611,Saison_Pluies,29.6,92.0,47.2,14,Inondable,1,3111,61.89,102.98,4,68,22,20923276.0,61009715.0,84599247.0,79209118.0,1.068,166,169,3,400.82,327.57,4.17,-27.16,31.33,22.1,6.571e-05,16,11,9,Échoué
PRJ-1282,Bongor,Rurale,8.4713,16.2932,Intersaison,39.7,57.4,44.9,4,Inondable,0,3375,40.49,72.65,6,115,35,18983874.0,19145463.0,41330932.0,48925564.0,0.845,81,87,6,792.82,1480.9,3.8,-11.0,14.8,13.64,2.226e-05,27,4,4,Réussi
PRJ-1283,N'Djamena_Nord,Urbaine_Dense,13.2691,19.7036,Saison_Seche,45.6,29.3,0.3,1,Inondable,0,1453,16.18,20.2,6,121,49,5948861.0,15576572.0,23397345.0,22960600.0,1.019,86,200,114,103.67,1607.78,1.07,-26.15,27.22,5.78,6.835e-05,24,11,1,En_retard
PRJ-1284,Bongor,Urbaine_Moyenne,8.9703,18.8106,Saison_Seche,38.1,34.1,17.8,0,Sableux,1,3370,29.84,37.11,5,106,15,7142321.0,24876875.0,36084313.0,26611341.0,1.356,55,91,36,318.77,545.06,-3.42,-19.95,16.53,5.56,7.602e-05,24,12,5,En_retard
PRJ-1285,N'Djamena_Sud,Rurale,10.1271,13.6889,Saison_Seche,36.5,16.4,37.4,2,Sableux,1,919,22.14,37.26,1,29,19,12248413.0,5104511.0,20197244.0,25295041.0,0.798,46,112,66,776.72,658.35,1.09,-22.65,23.74,22.7,8.798e-05,22,8,2,En_retard
PRJ-1286,Bongor,Urbaine_Moyenne,11.3977,23.2941,Saison_Seche,46.3,30.9,7.2,2,Accidenté,1,1133,33.82,38.77,8,104,47,12502188.0,10158436.0,26031858.0,24051165.0,1.082,12,20,8,957.45,425.02,4.42,-25.18,29.6,25.02,5.483e-05,27,18,12,Échoué
PRJ-1287,Doba,Urbaine_Dense,7.6981,14.3224,Saison_Pluies,34.1,87.4,4.3,18,Accidenté,1,1023,42.63,62.11,2,126,26,23091358.0,8866420.0,33709424.0,37118089.0,0.908,87,155,68,785.01,2307.38,4.68,-24.92,29.6,20.88,8.3e-05,14,6,13,Échoué
PRJ-1288,Bongor,Urbaine_Moyenne,9.4906,20.7263,Saison_Pluies,26.7,74.5,49.7,23,Sableux,0,1275,50.19,69.34,4,121,44,20234677.0,14408030.0,38806318.0,42706080.0,0.909,86,101,15,180.69,571.88,2.28,-21.77,24.05,21.9,7.232e-05,3,9,8,Réussi
PRJ-1289,Sarh,Urbaine_Dense,10.7631,21.7426,Saison_Pluies,33.3,72.3,27.2,15,Accidenté,0,1852,67.69,120.84,3,63,44,35475997.0,13151456.0,51936688.0,38111414.0,1.363,59,135,76,836.67,76.06,1.94,-27.54,29.48,25.6,3.53e-05,10,17,1,Échoué
PRJ-1290,N'Djamena_Sud,Urbaine_Moyenne,9.7371,21.8505,Saison_Seche,44.3,34.3,51.3,2,Plat,1,3014,72.85,81.27,6,28,35,24774903.0,37158140.0,66313612.0,46562951.0,1.424,158,348,190,481.02,2108.37,4.38,-26.84,31.22,13.43,1.064e-05,14,5,0,Échoué
PRJ-1291,Doba,Urbaine_Dense,8.591,14.9227,Intersaison,37.2,35.7,49.4,4,Accidenté,1,1238,37.28,76.28,1,62,43,16663047.0,23276226.0,41159055.0,30985451.0,1.328,116,159,43,785.18,2017.91,-2.09,-15.14,13.05,5.86,2.422e-05,26,16,6,En_retard
PRJ-1292,Abéché,Urbaine_Moyenne,13.3241,18.1995,Intersaison,33.4,37.0,53.6,5,Sableux,0,3493,7.55,17.35,9,47,23,5892953.0,56666359.0,64772297.0,82514639.0,0.785,40,74,34,246.96,1168.51,-3.49,-16.73,13.24,11.94,8.446e-05,26,13,4,Réussi
PRJ-1293,Doba,Urbaine_Moyenne,14.0052,22.209,Saison_Seche,44.0,28.5,2.9,0,Inondable,0,3984,63.87,133.45,5,58,10,42120132.0,70248517.0,113377222.0,133376484.0,0.85,16,22,6,347.72,2003.05,-2.1,-26.21,24.11,29.4,5.344e-05,23,13,0,En_retard
PRJ-1294,Sarh,Péri_Urbaine,9.5598,16.6781,Saison_Seche,41.5,16.8,11.2,1,Plat,1,4459,38.43,86.29,5,29,22,31045969.0,76119272.0,108635114.0,84649281.0,1.283,66,105,39,902.62,1151.56,4.49,-20.22,24.71,14.01,6.656e-05,13,9,4,Échoué
PRJ-1295,N'Djamena_Sud,Urbaine_Moyenne,13.6954,18.4114,Intersaison,28.6,56.7,17.8,2,Sableux,0,1371,43.94,87.91,4,35,47,30078099.0,14867666.0,47221229.0,50475807.0,0.936,45,101,56,911.69,600.06,-2.88,-17.06,14.18,27.79,8.061e-05,2,2,3,Réussi
PRJ-1296,Abéché,Urbaine_Moyenne,10.5844,16.3643,Intersaison,36.9,56.7,8.2,8,Sableux,1,2073,47.87,86.66,4,11,11,26833667.0,32410143.0,63769429.0,68053730.0,0.937,95,143,48,292.32,1093.83,-2.75,-26.24,23.49,21.38,6.67e-05,29,16,0,En_retard
PRJ-1297,Sarh,Péri_Urbaine,11.5535,18.3673,Saison_Seche,42.1,11.0,29.1,0,Plat,1,4781,53.6,75.4,1,33,26,14342817.0,77996486.0,95345986.0,66774175.0,1.428,33,74,41,92.72,1242.84,-3.07,-10.5,7.43,22.39,8.561e-05,14,1,7,Échoué
PRJ-1298,Sarh,Urbaine_Dense,14.348,22.8223,Saison_Seche,40.4,24.2,47.9,0,Sableux,1,4562,71.26,106.28,9,94,1,40363744.0,36882500.0,79232946.0,75860678.0,1.044,33,80,47,929.72,72.06,-0.15,-12.73,12.58,6.52,8.64e-06,23,8,3,En_retard
PRJ-1299,N'Djamena_Centre,Urbaine_Moyenne,13.4996,18.2788,Intersaison,33.4,50.2,57.1,8,Sableux,1,488,76.2,117.71,9,119,36,28462636.0,8737121.0,41060803.0,46278206.0,0.887,65,98,33,307.4,327.66,2.96,-23.91,26.87,11.69,9.036e-05,28,2,9,Échoué
PRJ-1300,N'Djamena_Sud,Urbaine_Dense,13.9409,19.3371,Saison_Pluies,27.5,94.8,53.4,21,Plat,0,214,75.24,86.77,4,120,21,33933547.0,2539369.0,37061488.0,30096734.0,1.231,86,197,111,128.92,2193.17,-1.18,-18.66,17.48,22.24,8.126e-05,9,10,6,En_retard
PRJ-1301,Doba,Rurale,8.5948,17.7418,Saison_Seche,39.5,15.6,27.4,1,Inondable,0,3387,64.85,154.23,4,67,8,38629633.0,17766157.0,58561205.0,70890816.0,0.826,133,175,42,354.63,1011.44,-4.0,-18.86,14.86,20.01,9.03e-05,5,13,5,Réussi
PRJ-1302,N'Djamena_Nord,Urbaine_Dense,8.0578,18.3312,Saison_Pluies,29.2,70.9,38.2,10,Plat,0,3400,71.19,168.04,7,30,20,31336868.0,49812590.0,84353201.0,92466540.0,0.912,37,30,0,289.18,862.09,2.4,-21.98,24.38,26.02,7.309e-05,23,1,8,Réussi
PRJ-1303,N'Djamena_Nord,Urbaine_Moyenne,14.6472,13.6593,Intersaison,29.3,38.0,13.8,7,Inondable,1,1037,4.45,5.57,4,48,45,2067639.0,15712050.0,20904257.0,14719828.0,1.42,169,159,0,89.75,2226.47,1.1,-14.33,15.43,7.09,2.744e-05,12,3,0,En_retard
PRJ-1304,Doba,Péri_Urbaine,10.6027,16.4793,Intersaison,32.4,69.1,24.2,9,Sableux,1,2579,68.0,127.8,1,65,17,44572127.0,34239924.0,82046061.0,99517647.0,0.824,86,177,91,983.9,428.7,-0.21,-16.15,15.94,22.7,1.139e-05,25,9,9,En_retard
PRJ-1305,Doba,Urbaine_Moyenne,9.803,18.0841,Saison_Pluies,32.1,70.6,52.3,13,Accidenté,0,4662,6.25,10.97,9,15,15,3801917.0,38164202.0,43417872.0,30897895.0,1.405,87,84,0,300.83,581.62,4.64,-12.44,17.08,2.14,1.296e-05,7,4,8,Réussi
PRJ-1306,N'Djamena_Sud,Urbaine_Dense,13.2976,20.1549,Saison_Pluies,34.7,93.1,1.8,20,Accidenté,0,4227,59.82,123.04,2,123,21,21206275.0,51713838.0,74936969.0,92379094.0,0.811,105,252,147,279.66,2078.48,-0.3,-27.91,27.61,9.69,4.989e-05,14,5,7,En_retard
PRJ-1307,Doba,Urbaine_Moyenne,14.1913,18.2255,Saison_Seche,42.8,34.2,32.0,2,Sableux,0,4264,13.96,27.14,5,103,1,10036914.0,46912152.0,61641111.0,55491258.0,1.111,54,123,69,425.73,735.15,2.33,-17.13,19.46,19.28,3.909e-05,21,2,14,En_retard
PRJ-1308,N'Djamena_Centre,Urbaine_Moyenne,14.3999,17.0471,Intersaison,37.0,49.1,52.4,9,Sableux,1,3895,29.13,37.11,4,58,3,11099607.0,76421034.0,92403531.0,103417122.0,0.894,78,131,53,420.67,1601.42,-3.41,-10.13,6.72,29.42,6.542e-05,24,15,12,En_retard
PRJ-1309,Abéché,Péri_Urbaine,10.028,17.575,Saison_Seche,36.0,22.9,7.3,2,Plat,0,1376,15.14,30.65,8,110,31,8201601.0,23901363.0,34007137.0,39871960.0,0.853,108,193,85,439.49,1861.95,-0.83,-13.79,12.96,29.69,5.033e-05,6,3,11,En_retard
PRJ-1310,Doba,Urbaine_Moyenne,14.3177,16.0441,Intersaison,33.8,44.7,59.0,7,Sableux,1,3336,35.76,69.82,6,68,31,26412411.0,54805456.0,84618134.0,73512959.0,1.151,129,255,126,907.56,595.66,-2.88,-21.8,18.92,13.74,1.253e-05,28,19,10,Échoué
PRJ-1311,N'Djamena_Nord,Urbaine_Moyenne,7.8275,23.2072,Saison_Seche,37.7,26.5,0.7,1,Plat,1,77,33.23,61.27,7,115,21,19392588.0,594140.0,21572564.0,19714349.0,1.094,77,157,80,69.63,670.85,-1.52,-25.19,23.67,23.18,2.2e-07,14,11,4,En_retard
PRJ-1312,Doba,Urbaine_Moyenne,7.8973,18.9783,Intersaison,32.5,57.0,53.2,4,Plat,1,2074,4.32,7.19,2,8,23,1317623.0,20668655.0,24144657.0,24282886.0,0.994,87,142,55,942.23,1314.92,-0.2,-20.29,20.09,18.41,1.283e-05,28,7,2,En_retard
PRJ-1313,N'Djamena_Centre,Péri_Urbaine,12.4882,13.6408,Saison_Seche,39.3,27.6,21.2,1,Inondable,1,4643,66.52,162.1,4,127,17,45369244.0,49660031.0,99094781.0,104011361.0,0.953,155,207,52,669.26,1990.92,-3.26,-20.36,17.1,21.56,1.467e-05,18,7,9,En_retard
PRJ-1314,Bongor,Urbaine_Moyenne,8.0049,13.7042,Saison_Pluies,33.8,71.1,8.0,16,Inondable,0,243,68.41,156.61,4,37,22,48416631.0,3010627.0,54182562.0,47421941.0,1.143,84,197,113,700.54,1408.22,3.03,-17.47,20.5,22.23,7.199e-05,20,17,1,Échoué
PRJ-1315,Bongor,Urbaine_Moyenne,10.0969,23.7161,Saison_Seche,46.6,12.3,9.4,2,Inondable,1,641,63.11,121.12,2,99,22,45376115.0,3495609.0,53194879.0,68910626.0,0.772,92,81,0,166.27,214.97,-1.24,-26.81,25.57,16.87,2.853e-05,20,15,8,En_retard
PRJ-1316,Sarh,Urbaine_Dense,12.882,15.8252,Saison_Pluies,26.0,90.9,42.1,19,Plat,0,2539,67.88,75.27,4,24,36,16557407.0,35279756.0,55166494.0,63011324.0,0.876,11,15,4,335.83,909.55,3.97,-21.03,25.0,24.6,9.36e-06,2,8,12,En_retard
PRJ-1317,Moundou,Urbaine_Dense,10.1981,21.9589,Intersaison,30.7,62.1,52.2,6,Plat,0,1907,60.19,102.62,9,30,8,35769070.0,19771486.0,58870701.0,50893203.0,1.157,140,271,131,61.7,860.06,1.75,-12.61,14.36,17.95,7.554e-05,5,10,13,Échoué
PRJ-1318,Abéché,Urbaine_Dense,8.9368,14.1119,Saison_Pluies,34.8,78.8,38.5,19,Sableux,0,162,75.03,156.1,8,109,47,54627699.0,2174875.0,57455034.0,62296156.0,0.922,166,384,218,656.55,2028.62,-3.23,-16.41,13.18,3.92,9.405e-05,3,15,2,Réussi
PRJ-1319,Kélo,Urbaine_Dense,9.7508,23.1722,Saison_Pluies,27.7,90.5,55.7,18,Plat,1,1367,46.32,58.56,1,31,8,10658644.0,7019102.0,21551263.0,20715564.0,1.04,96,89,0,346.45,759.68,1.42,-20.18,21.6,29.69,1.005e-05,13,7,3,En_retard
PRJ-1320,Sarh,Urbaine_Moyenne,11.1606,22.6814,Saison_Seche,43.9,21.0,50.5,0,Plat,0,1787,46.82,78.15,8,93,14,12059193.0,17551015.0,34510607.0,41971708.0,0.822,57,109,52,555.74,2257.98,-4.77,-22.42,17.65,9.81,9.631e-05,27,17,5,En_retard
PRJ-1321,Bongor,Urbaine_Moyenne,11.3031,19.4965,Intersaison,30.0,43.3,0.5,3,Inondable,1,2111,68.86,94.23,9,76,38,27831059.0,34894811.0,65354499.0,58647170.0,1.114,74,120,46,755.2,870.71,3.07,-22.96,26.03,28.96,9.503e-05,2,13,4,En_retard
PRJ-1322,N'Djamena_Nord,Urbaine_Dense,13.764,13.5945,Saison_Pluies,28.6,80.9,40.2,17,Accidenté,0,1740,28.28,44.5,8,96,24,15457953.0,21778229.0,38449792.0,31248622.0,1.23,51,100,49,558.0,525.57,4.74,-14.53,19.27,9.49,5.231e-05,13,6,5,En_retard
PRJ-1323,Kélo,Rurale,13.5012,16.207,Saison_Pluies,26.9,71.6,18.3,11,Plat,1,3718,4.48,5.1,1,59,22,1471899.0,62586246.0,68954545.0,50176964.0,1.374,143,192,49,80.78,1372.85,1.78,-20.28,22.06,25.74,2.958e-05,14,5,1,Échoué
PRJ-1324,Sarh,Urbaine_Dense,11.1545,17.7716,Saison_Pluies,33.6,93.6,27.3,17,Plat,0,1444,60.11,76.79,8,78,15,27132738.0,22359482.0,51297786.0,66204181.0,0.775,68,137,69,71.02,996.65,4.26,-23.57,27.83,21.0,1.381e-05,7,16,4,En_retard
PRJ-1325,Kélo,Péri_Urbaine,14.2653,18.3307,Saison_Pluies,33.8,85.5,5.6,18,Sableux,1,3218,20.74,36.02,5,125,20,11006840.0,57357016.0,70705247.0,64732987.0,1.092,90,100,10,868.49,1636.6,-2.05,-13.37,11.32,11.35,8.239e-05,8,2,3,Réussi
PRJ-1326,N'Djamena_Sud,Urbaine_Moyenne,8.4139,16.6256,Saison_Seche,39.6,19.9,16.9,2,Sableux,1,3609,38.2,90.06,9,65,27,28217878.0,18447959.0,47513986.0,39546417.0,1.201,28,59,31,269.53,2293.5,-0.76,-23.22,22.46,28.2,6.047e-05,21,5,12,Échoué
PRJ-1327,Moundou,Urbaine_Moyenne,9.5428,13.846,Saison_Pluies,33.2,86.9,38.0,24,Plat,1,2286,19.61,35.04,9,29,28,5502633.0,20390851.0,26892250.0,26759431.0,1.005,117,243,126,368.59,2354.9,-0.75,-26.84,26.09,17.91,6.513e-05,6,5,0,En_retard
PRJ-1328,N'Djamena_Sud,Urbaine_Dense,14.1238,19.6963,Saison_Pluies,28.6,86.7,13.1,14,Accidenté,0,3933,66.25,114.9,6,66,22,19779983.0,52041558.0,73296087.0,64132874.0,1.143,70,169,99,226.21,607.04,-3.88,-18.13,14.25,25.06,8.609e-05,10,12,13,En_retard
PRJ-1329,Kélo,Urbaine_Moyenne,10.524,19.0036,Intersaison,29.5,35.8,38.9,2,Plat,0,3301,76.68,168.9,3,51,31,55949376.0,63099510.0,122016983.0,102462544.0,1.191,129,141,12,701.89,447.56,2.96,-22.98,25.94,24.11,4.439e-05,14,18,3,En_retard
PRJ-1330,N'Djamena_Sud,Urbaine_Moyenne,15.3495,16.4715,Intersaison,33.4,66.8,55.4,7,Inondable,1,3982,4.87,7.18,7,44,9,2446304.0,60513867.0,65970222.0,70576969.0,0.935,139,282,143,392.24,2352.89,-0.05,-27.91,27.86,2.35,3.681e-05,15,1,10,Échoué
PRJ-1331,N'Djamena_Centre,Rurale,11.23,13.8987,Saison_Seche,44.2,15.9,0.3,2,Plat,0,3064,19.05,23.49,3,41,23,6707440.0,36304821.0,46240358.0,34444861.0,1.342,88,119,31,461.76,2040.45,-0.1,-18.97,18.87,8.8,7.623e-05,9,13,1,En_retard
PRJ-1332,Bongor,Urbaine_Moyenne,13.8355,23.9432,Saison_Seche,43.3,14.2,47.1,1,Inondable,0,3536,15.57,21.7,7,107,5,6456646.0,24582696.0,34166518.0,34350873.0,0.995,160,205,45,677.72,691.11,1.68,-11.9,13.58,14.69,2.972e-05,17,12,14,En_retard
PRJ-1333,N'Djamena_Centre,Rurale,10.7185,18.5609,Saison_Seche,43.9,11.7,38.5,2,Accidenté,0,1178,54.02,119.27,8,120,45,36209353.0,14605115.0,53543034.0,49926672.0,1.072,28,42,14,626.83,2022.14,-3.29,-16.41,13.12,28.06,3.279e-05,15,8,6,Réussi
PRJ-1334,Doba,Urbaine_Dense,10.8996,21.438,Saison_Seche,43.8,32.4,2.8,0,Accidenté,1,1746,34.58,70.82,5,64,39,12481871.0,20282068.0,36873383.0,37593062.0,0.981,106,136,30,776.6,1865.58,3.1,-27.67,30.77,2.81,3.811e-05,19,1,6,En_retard
PRJ-1335,N'Djamena_Sud,Péri_Urbaine,10.5631,18.2493,Saison_Pluies,33.6,77.2,47.4,12,Sableux,0,182,36.77,45.16,5,64,17,14314688.0,3035150.0,22052387.0,19676559.0,1.121,79,97,18,751.33,671.23,-1.34,-21.18,19.84,6.38,8.564e-05,11,15,4,Réussi
PRJ-1336,Doba,Urbaine_Moyenne,13.2526,13.9533,Intersaison,33.9,39.1,13.5,7,Accidenté,0,4715,12.99,26.42,4,47,40,7123294.0,52809083.0,61646303.0,64247318.0,0.96,156,329,173,445.5,2269.17,-4.2,-23.55,19.35,19.11,7.791e-05,20,10,11,En_retard
PRJ-1337,N'Djamena_Nord,Péri_Urbaine,11.8801,16.7508,Saison_Seche,41.4,17.1,15.9,2,Inondable,0,4270,33.47,80.47,3,27,5,24191756.0,41771579.0,67049207.0,50225966.0,1.335,103,205,102,199.94,838.42,-3.1,-15.93,12.83,19.93,2.914e-05,17,1,0,En_retard
PRJ-1338,Abéché,Urbaine_Dense,15.0502,16.8612,Saison_Pluies,32.6,81.9,5.6,17,Plat,1,3589,24.61,28.62,8,108,7,8322280.0,22775059.0,33510232.0,31020267.0,1.08,159,157,0,230.99,1226.44,-2.47,-19.78,17.31,5.76,1.436e-05,10,14,0,Réussi
PRJ-1339,N'Djamena_Nord,Péri_Urbaine,9.5071,22.3027,Intersaison,39.5,56.2,32.1,8,Plat,1,3038,49.09,96.36,6,24,8,32834676.0,17309053.0,50762630.0,42767473.0,1.187,140,245,105,709.67,1542.69,-3.22,-24.89,21.67,28.5,3.928e-05,22,13,14,Échoué
PRJ-1340,Kélo,Urbaine_Moyenne,8.3045,20.3694,Intersaison,38.3,42.3,29.9,4,Accidenté,1,4352,17.77,28.98,6,59,7,6655027.0,50426695.0,61556657.0,59270063.0,1.039,133,181,48,268.68,518.59,-2.58,-19.79,17.21,6.13,6.246e-05,2,10,10,En_retard
PRJ-1341,Bongor,Péri_Urbaine,10.6461,16.392,Saison_Pluies,25.5,85.8,20.8,19,Accidenté,0,3343,49.38,88.96,2,11,22,21651224.0,34108394.0,57338296.0,53840755.0,1.065,142,348,206,446.05,1547.66,4.96,-11.23,16.19,6.29,6.762e-05,10,5,6,Réussi
PRJ-1342,N'Djamena_Sud,Urbaine_Dense,12.4337,23.6613,Saison_Pluies,28.5,73.5,10.1,15,Accidenté,1,361,30.53,56.16,4,70,44,13922153.0,4812080.0,21706068.0,23414557.0,0.927,76,116,40,116.83,1780.37,0.38,-20.61,20.99,19.43,2.004e-05,25,9,9,Échoué
PRJ-1343,Sarh,Rurale,14.3864,16.8762,Saison_Pluies,29.3,71.0,50.3,15,Inondable,0,2479,28.03,61.09,5,124,38,20808111.0,38868059.0,60694097.0,65382997.0,0.928,48,42,0,131.04,298.79,1.03,-12.33,13.36,13.22,2.494e-05,27,14,14,En_retard
PRJ-1344,Abéché,Urbaine_Dense,10.2696,23.9815,Saison_Seche,35.6,20.8,52.6,1,Accidenté,0,1835,24.79,46.6,5,57,21,12012462.0,10276188.0,25278308.0,23964312.0,1.055,165,225,60,257.45,979.4,-3.34,-19.44,16.1,1.75,9.301e-05,15,1,0,Réussi
PRJ-1345,Moundou,Péri_Urbaine,12.7303,23.9597,Saison_Seche,39.2,33.2,32.4,0,Sableux,1,4441,54.07,104.37,3,89,4,20275823.0,55260503.0,76211797.0,61653354.0,1.236,138,184,46,93.98,1549.55,-4.56,-14.36,9.8,27.69,3.851e-05,8,15,1,En_retard
PRJ-1346,Moundou,Rurale,10.3016,15.5077,Saison_Seche,46.6,22.6,14.7,0,Accidenté,1,451,45.21,70.8,5,99,32,28019825.0,8086240.0,40065695.0,42034851.0,0.953,159,129,0,281.81,2319.23,-1.9,-13.85,11.95,3.18,3.141e-05,24,19,14,En_retard
PRJ-1347,Moundou,Péri_Urbaine,12.4378,16.7838,Saison_Seche,38.8,18.7,5.8,2,Plat,1,1646,68.21,87.06,5,57,29,23797456.0,19468063.0,48064916.0,61518729.0,0.781,118,192,74,572.51,2232.91,2.7,-14.31,17.01,5.53,6.957e-05,25,7,3,En_retard
PRJ-1348,N'Djamena_Sud,Urbaine_Moyenne,14.5785,18.6035,Intersaison,34.3,50.8,52.1,9,Plat,1,171,19.71,40.52,2,23,30,7184683.0,2191986.0,11258061.0,9133278.0,1.233,60,140,80,747.32,465.68,0.59,-16.51,17.1,27.02,4.679e-05,12,18,4,En_retard
PRJ-1349,Moundou,Urbaine_Moyenne,9.3509,20.4731,Saison_Pluies,25.2,71.0,5.8,24,Sableux,0,800,3.69,4.06,5,114,3,1289329.0,9841502.0,12792797.0,9485034.0,1.349,112,242,130,42.38,1545.74,-4.89,-10.86,5.97,8.98,2.468e-05,21,4,10,Échoué
PRJ-1350,N'Djamena_Centre,Rurale,10.7339,19.0445,Saison_Seche,35.3,15.8,0.8,1,Plat,0,155,14.97,23.36,3,79,5,7820708.0,1681269.0,12017954.0,10320258.0,1.165,90,177,87,604.61,290.14,2.89,-11.29,14.18,24.71,4.093e-05,8,6,0,En_retard
PRJ-1351,Abéché,Urbaine_Dense,15.4461,23.6791,Saison_Pluies,34.5,72.3,28.2,19,Plat,0,1109,27.8,39.07,3,68,19,10746427.0,7376838.0,21413146.0,20294356.0,1.055,115,159,44,369.55,770.0,-3.96,-22.55,18.59,5.95,1.442e-05,25,3,12,En_retard
PRJ-1352,N'Djamena_Centre,Urbaine_Moyenne,14.4485,21.1019,Saison_Seche,41.2,34.9,43.9,2,Plat,1,4217,14.78,24.3,5,51,8,7572228.0,29077662.0,38000221.0,33581291.0,1.132,60,72,12,234.37,1513.31,-0.6,-15.5,14.9,2.4,2.796e-05,28,4,0,Réussi
PRJ-1353,Abéché,Péri_Urbaine,12.0171,15.7265,Saison_Pluies,25.5,70.2,27.5,24,Accidenté,1,4713,7.14,10.97,9,25,37,2119061.0,36225714.0,42459661.0,50986657.0,0.833,37,51,14,41.54,249.34,4.99,-16.03,21.02,7.81,4.185e-05,11,2,2,En_retard
PRJ-1354,N'Djamena_Centre,Péri_Urbaine,11.633,14.6035,Intersaison,33.8,42.5,3.1,5,Accidenté,0,3288,35.9,74.88,2,125,31,18119507.0,55529288.0,75042202.0,74728271.0,1.004,39,39,0,332.68,2227.71,-3.79,-24.4,20.61,22.52,5.18e-05,20,3,0,Réussi
PRJ-1355,Abéché,Urbaine_Dense,9.7768,20.7282,Saison_Seche,46.4,30.7,41.4,0,Plat,1,1294,54.32,79.54,9,57,27,15148962.0,11814200.0,27487796.0,23300765.0,1.18,17,16,0,791.78,2081.02,3.15,-23.23,26.38,20.22,7.417e-05,3,18,2,Échoué
PRJ-1356,Doba,Péri_Urbaine,11.6377,15.1638,Saison_Seche,40.1,23.7,38.5,2,Accidenté,0,125,60.25,113.57,3,100,13,28030077.0,2402732.0,33291937.0,42284736.0,0.787,50,89,39,534.72,1209.81,2.99,-22.41,25.4,10.01,3.849e-05,3,2,4,En_retard
PRJ-1357,N'Djamena_Sud,Péri_Urbaine,14.2855,21.7706,Saison_Pluies,32.3,88.0,40.9,11,Plat,0,1059,32.2,55.97,7,111,42,16270486.0,18164553.0,35453213.0,27477576.0,1.29,162,354,192,777.89,1254.8,-0.55,-22.03,21.48,19.37,5.457e-05,24,8,11,Échoué
PRJ-1358,N'Djamena_Sud,Urbaine_Dense,12.9814,16.7659,Saison_Pluies,30.7,76.3,12.7,15,Inondable,0,3332,38.5,85.53,1,87,6,22292099.0,50873343.0,76807516.0,59429575.0,1.292,68,66,0,418.23,2209.34,4.88,-12.62,17.5,20.28,9.51e-05,26,7,2,En_retard
PRJ-1359,Moundou,Rurale,9.8204,16.9324,Saison_Seche,39.8,28.6,47.7,1,Inondable,1,2325,60.56,102.91,1,37,1,30698435.0,36748728.0,68700778.0,58201301.0,1.18,43,59,16,844.82,173.57,-1.92,-14.37,12.45,17.38,8.183e-05,17,9,11,En_retard
PRJ-1360,N'Djamena_Nord,Urbaine_Dense,9.1117,13.6134,Saison_Pluies,31.5,77.0,28.8,22,Inondable,1,3858,28.54,65.91,8,56,30,18154237.0,22046476.0,44378925.0,33109486.0,1.34,176,178,2,158.85,402.51,-1.84,-13.46,11.62,28.13,2.37e-05,13,9,9,Échoué
PRJ-1361,Moundou,Urbaine_Moyenne,9.6217,20.8606,Saison_Pluies,31.8,70.0,32.2,24,Accidenté,1,502,62.89,69.19,9,105,11,15875894.0,6789972.0,25282523.0,29099972.0,0.869,80,106,26,821.83,804.61,-3.48,-11.57,8.09,24.02,2.135e-05,9,2,7,Réussi
PRJ-1362,Kélo,Urbaine_Dense,8.8581,14.6893,Saison_Seche,36.4,11.9,32.7,1,Plat,1,815,77.41,150.7,3,101,41,28008198.0,15579421.0,46635870.0,41398032.0,1.127,125,276,151,481.24,942.74,-1.3,-18.74,17.44,24.66,6.627e-05,27,7,4,En_retard
PRJ-1363,N'Djamena_Centre,Urbaine_Dense,8.2651,21.6152,Saison_Seche,46.5,29.7,17.2,1,Inondable,1,4632,70.5,78.52,6,28,31,16737968.0,25877376.0,43954977.0,50016491.0,0.879,47,40,0,748.54,2469.24,-2.04,-12.96,10.92,13.35,5.953e-05,11,13,14,En_retard
PRJ-1364,Abéché,Rurale,10.8531,18.6646,Saison_Seche,39.4,30.6,15.0,1,Plat,1,2765,36.56,76.76,3,29,16,15365687.0,25894910.0,42420693.0,49107996.0,0.864,118,224,106,248.02,411.28,1.04,-15.48,16.52,20.83,5.469e-05,24,8,10,En_retard
PRJ-1365,N'Djamena_Nord,Urbaine_Moyenne,8.4064,21.7349,Intersaison,33.3,45.8,0.3,8,Plat,0,1547,46.57,66.54,6,54,15,21748970.0,8930324.0,34020110.0,28662321.0,1.187,170,153,0,491.3,792.6,-4.59,-19.63,15.04,6.32,1.542e-05,16,1,14,En_retard
PRJ-1366,Kélo,Urbaine_Moyenne,8.8753,19.6312,Intersaison,32.2,37.0,23.8,3,Sableux,1,3996,57.46,93.77,7,32,5,33287573.0,54130310.0,89067456.0,90048818.0,0.989,126,192,66,735.46,2078.48,-1.9,-24.51,22.61,9.58,3.626e-05,17,3,4,En_retard
PRJ-1367,N'Djamena_Sud,Urbaine_Dense,11.8786,14.3655,Intersaison,30.7,52.0,29.1,8,Sableux,0,3782,28.27,46.15,5,93,15,15233984.0,25502062.0,42972711.0,43477868.0,0.988,31,50,19,488.92,1971.67,-4.95,-20.26,15.31,15.57,7.594e-05,26,8,5,Réussi
PRJ-1368,N'Djamena_Sud,Urbaine_Moyenne,8.8168,21.5393,Saison_Pluies,26.7,87.6,44.6,15,Sableux,1,4975,64.04,146.33,3,63,1,45498904.0,60639043.0,108795468.0,133037127.0,0.818,164,243,79,463.52,1654.3,-4.94,-24.28,19.34,24.67,7.236e-05,5,19,11,En_retard
PRJ-1369,Moundou,Urbaine_Moyenne,8.011,14.2329,Saison_Pluies,33.7,78.1,4.0,19,Sableux,1,2888,35.23,43.79,8,71,15,9938703.0,45628210.0,57100264.0,40848302.0,1.398,164,309,145,812.55,854.95,3.2,-22.83,26.03,10.77,1.652e-05,27,4,3,Échoué
PRJ-1370,N'Djamena_Centre,Urbaine_Moyenne,10.0391,18.5264,Saison_Pluies,28.9,78.3,55.4,16,Sableux,1,539,67.82,137.92,5,35,36,45202782.0,4024486.0,53306675.0,47447216.0,1.123,30,74,44,170.73,338.55,2.5,-22.9,25.4,13.75,4.269e-05,24,10,4,En_retard
PRJ-1371,N'Djamena_Nord,Urbaine_Dense,9.2626,15.3097,Intersaison,36.5,41.1,15.8,6,Inondable,0,2473,20.75,51.33,1,110,48,15464234.0,40385244.0,60576888.0,74478898.0,0.813,172,216,44,480.35,2459.69,2.44,-14.3,16.74,28.76,4.427e-05,6,18,12,En_retard
PRJ-1372,Bongor,Rurale,11.6224,21.3995,Saison_Seche,39.9,17.4,22.0,0,Plat,0,1985,1.4,1.58,9,40,39,255523.0,11717588.0,14416630.0,12139984.0,1.188,56,103,47,824.15,665.99,-1.46,-18.86,17.4,9.24,5.086e-05,18,19,5,En_retard
PRJ-1373,Kélo,Urbaine_Moyenne,8.3189,23.0717,Saison_Pluies,28.8,79.7,2.9,17,Sableux,0,2799,50.8,124.57,3,73,8,46950810.0,20276984.0,71856762.0,56201185.0,1.279,59,83,24,846.8,2119.36,1.99,-13.72,15.71,18.92,4.612e-05,11,12,11,En_retard
PRJ-1374,Kélo,Urbaine_Moyenne,13.5142,19.3183,Saison_Pluies,30.7,71.5,39.2,17,Sableux,0,3346,36.43,41.01,2,11,22,6971227.0,30788739.0,42232039.0,44161345.0,0.956,128,320,192,127.09,2242.77,-2.43,-12.21,9.78,3.92,5.017e-05,5,11,5,Réussi
PRJ-1375,Moundou,Urbaine_Dense,14.7499,19.035,Saison_Pluies,25.3,79.4,42.5,19,Plat,0,4620,5.26,11.98,3,87,27,3302610.0,78269665.0,82819488.0,73173176.0,1.132,147,355,208,851.65,1130.2,-1.91,-16.99,15.08,12.94,8.131e-05,2,6,13,En_retard
PRJ-1376,N'Djamena_Sud,Péri_Urbaine,13.4475,21.5216,Saison_Seche,46.3,33.5,55.7,1,Accidenté,0,3741,39.27,96.04,7,19,34,26724790.0,66410432.0,94415441.0,92562698.0,1.02,120,115,0,22.03,2134.54,0.62,-20.67,21.29,10.57,3.895e-05,2,6,4,En_retard
PRJ-1377,Moundou,Urbaine_Moyenne,11.7626,13.5533,Saison_Pluies,32.1,93.5,20.2,21,Plat,1,1153,13.9,34.61,8,24,30,12433705.0,9576469.0,24658497.0,29393117.0,0.839,37,91,54,857.0,733.64,2.0,-12.58,14.58,1.38,5.52e-05,8,8,13,En_retard
PRJ-1378,Abéché,Urbaine_Moyenne,14.3853,23.1365,Saison_Pluies,31.8,87.4,15.4,15,Sableux,0,1649,50.57,88.13,2,127,12,33336660.0,10614213.0,46817230.0,47398615.0,0.988,46,95,49,272.12,2230.28,-2.34,-17.78,15.44,17.97,6.068e-05,4,10,11,En_retard
PRJ-1379,N'Djamena_Nord,Urbaine_Dense,13.0593,15.5732,Saison_Pluies,28.5,71.3,43.6,10,Accidenté,1,3331,35.88,83.02,7,43,2,31955971.0,59023011.0,93014066.0,93900850.0,0.991,178,443,265,582.39,1608.12,1.79,-12.58,14.37,10.61,9.423e-05,17,2,9,En_retard
PRJ-1380,N'Djamena_Centre,Rurale,7.5844,23.8332,Saison_Pluies,33.1,77.3,42.4,18,Plat,1,3210,14.1,17.92,5,23,46,5240131.0,47317042.0,54465317.0,47216506.0,1.154,60,127,67,19.53,526.21,4.62,-23.22,27.84,8.3,6.547e-05,26,13,11,Échoué
PRJ-1381,Doba,Urbaine_Dense,10.6527,21.2307,Saison_Seche,39.4,19.6,56.2,2,Plat,0,3995,33.25,56.38,9,110,38,18028100.0,29434487.0,49903740.0,58672792.0,0.851,17,17,0,734.18,1977.04,-0.06,-17.82,17.76,26.89,1.307e-05,28,19,5,Réussi
PRJ-1382,Sarh,Péri_Urbaine,14.3076,21.6296,Intersaison,37.5,66.3,12.3,3,Sableux,0,275,19.0,29.09,7,30,22,5007261.0,3675582.0,12290000.0,14058393.0,0.874,123,255,132,437.25,2288.55,-0.93,-24.19,23.26,7.66,5.825e-05,17,6,8,En_retard
PRJ-1383,Sarh,Urbaine_Moyenne,10.2669,20.3901,Saison_Pluies,29.7,92.7,42.3,16,Accidenté,1,4853,52.42,86.66,1,79,17,23569700.0,87769278.0,112218749.0,94316751.0,1.19,170,346,176,847.34,1447.55,-2.68,-15.43,12.75,12.76,6.619e-05,16,4,7,En_retard
PRJ-1384,Moundou,Urbaine_Dense,7.7817,18.4525,Saison_Pluies,28.4,72.8,4.0,23,Accidenté,1,1764,23.96,49.9,1,16,35,18685762.0,10659365.0,33042746.0,29474219.0,1.121,28,30,2,559.96,1912.91,-1.44,-17.44,16.0,28.53,9.5e-07,24,11,3,Réussi
PRJ-1385,Abéché,Péri_Urbaine,13.4694,19.5021,Saison_Seche,37.5,18.3,28.8,0,Accidenté,0,4199,65.85,80.5,6,85,42,21245905.0,26268182.0,52182168.0,61218915.0,0.852,39,81,42,836.31,1997.25,0.29,-17.99,18.28,3.33,7.53e-06,12,18,1,Réussi
PRJ-1386,N'Djamena_Nord,Urbaine_Dense,13.9163,13.9872,Saison_Seche,36.0,10.3,7.2,1,Plat,0,2293,1.63,4.07,9,62,45,681312.0,20875739.0,25492831.0,23316525.0,1.093,151,294,143,615.55,1979.14,4.44,-16.5,20.94,28.21,1.9e-06,23,2,3,En_retard
PRJ-1387,Bongor,Rurale,8.7847,20.0516,Saison_Pluies,30.4,73.6,39.2,12,Plat,1,2942,32.57,64.78,1,80,23,12966383.0,43494336.0,57823265.0,54477366.0,1.061,45,112,67,748.41,1163.33,-2.39,-21.24,18.85,12.32,4.83e-06,19,3,12,En_retard
PRJ-1388,Sarh,Rurale,11.7987,20.074,Saison_Seche,36.8,22.3,36.1,2,Accidenté,0,2395,49.56,115.12,3,71,29,29629209.0,18369956.0,48892830.0,44915269.0,1.089,144,267,123,750.5,1862.86,-2.69,-24.54,21.85,23.94,8.97e-06,22,17,5,En_retard
PRJ-1389,N'Djamena_Nord,Rurale,9.0356,22.8576,Saison_Pluies,26.6,77.6,2.9,23,Accidenté,0,628,2.3,5.2,5,54,29,1088787.0,10830179.0,14625678.0,11656366.0,1.255,125,188,63,254.19,1393.9,4.61,-13.48,18.09,11.32,9.578e-05,25,9,9,Échoué
PRJ-1390,N'Djamena_Centre,Urbaine_Dense,13.2539,18.8094,Saison_Seche,35.2,23.7,19.2,0,Plat,1,1748,17.66,38.36,4,124,19,9516086.0,28416279.0,42736192.0,38656506.0,1.106,116,281,165,581.48,1065.92,1.06,-21.08,22.14,13.05,2.067e-05,21,19,6,En_retard
PRJ-1391,Abéché,Péri_Urbaine,9.6724,14.31,Intersaison,32.5,52.4,23.7,3,Accidenté,1,4645,26.53,30.64,1,97,17,7146488.0,62313013.0,73645268.0,87031119.0,0.846,43,80,37,875.12,456.24,2.35,-10.2,12.55,13.7,2.046e-05,9,18,10,En_retard
PRJ-1392,N'Djamena_Sud,Urbaine_Moyenne,10.0297,16.7151,Saison_Pluies,34.2,93.8,14.9,16,Plat,0,2721,2.24,4.08,4,107,8,937308.0,18342303.0,22311912.0,22192436.0,1.005,41,57,16,880.09,2277.14,3.3,-19.34,22.64,28.46,8.574e-05,26,6,3,Réussi
PRJ-1393,N'Djamena_Nord,Rurale,14.2598,20.3841,Saison_Seche,36.9,18.0,2.3,0,Sableux,1,4351,43.96,68.55,4,74,7,11844833.0,86251167.0,99239416.0,96751532.0,1.026,51,43,0,390.86,1066.53,-4.18,-19.18,15.0,16.96,7.528e-05,25,4,12,En_retard
PRJ-1394,N'Djamena_Centre,Urbaine_Moyenne,11.3106,16.0122,Saison_Pluies,28.0,77.7,19.1,20,Plat,1,2977,50.65,63.72,4,125,11,23619645.0,36767452.0,64099363.0,50882761.0,1.26,170,355,185,331.65,636.94,-0.15,-15.8,15.65,7.29,6.758e-05,7,17,10,Échoué
PRJ-1395,Bongor,Péri_Urbaine,12.858,16.4455,Intersaison,32.5,36.2,47.6,3,Plat,1,328,18.59,29.38,3,17,3,9494927.0,3864200.0,17517619.0,14128694.0,1.24,128,128,0,657.43,643.62,-3.6,-16.0,12.4,18.73,4.217e-05,19,19,10,En_retard
PRJ-1396,Doba,Urbaine_Moyenne,10.719,22.1149,Saison_Pluies,25.8,87.9,21.6,19,Plat,0,1518,43.71,87.54,7,96,2,26773713.0,30259108.0,61740632.0,44809505.0,1.378,23,55,32,780.71,643.12,1.24,-24.75,25.99,26.79,3.12e-06,9,11,2,Échoué
PRJ-1397,N'Djamena_Sud,Urbaine_Moyenne,9.8841,19.6354,Saison_Seche,42.5,30.9,19.4,2,Plat,0,4822,79.93,113.73,1,11,19,34302941.0,86593591.0,124151055.0,87945295.0,1.412,165,402,237,45.11,56.06,4.54,-23.1,27.64,7.22,8.265e-05,21,18,0,Échoué
PRJ-1398,Doba,Urbaine_Dense,12.5038,18.8395,Saison_Pluies,29.7,75.7,56.5,21,Plat,0,990,71.01,122.31,2,37,28,30470547.0,11727061.0,45012704.0,44688992.0,1.007,123,148,25,102.5,1123.64,-4.44,-23.83,19.39,10.79,8.608e-05,18,16,13,Réussi
PRJ-1399,Bongor,Péri_Urbaine,8.7389,16.8437,Saison_Seche,44.1,25.3,2.5,0,Accidenté,0,2368,5.16,8.6,1,121,28,3060128.0,26715882.0,33062329.0,31261735.0,1.058,176,175,0,780.94,2232.18,-2.26,-27.04,24.78,17.57,4.818e-05,6,19,12,En_retard
PRJ-1400,N'Djamena_Centre,Urbaine_Moyenne,10.484,21.1747,Saison_Seche,35.6,11.3,46.0,0,Inondable,1,4586,10.67,12.52,4,18,25,4789025.0,29527606.0,39061267.0,33796845.0,1.156,103,187,84,442.43,111.61,5.0,-27.6,32.6,29.63,6.449e-05,4,9,6,Échoué
PRJ-1401,Sarh,Urbaine_Moyenne,9.1723,16.521,Saison_Seche,46.5,12.6,29.0,2,Plat,1,1833,39.81,78.8,5,58,11,11930660.0,34639440.0,49896672.0,64567687.0,0.773,40,47,7,670.97,2393.66,-4.95,-16.39,11.44,14.5,4.777e-05,20,17,0,Réussi
PRJ-1402,Doba,Péri_Urbaine,13.0664,21.2392,Saison_Pluies,32.0,71.7,56.7,19,Accidenté,1,1925,19.99,39.31,5,26,40,6674823.0,33988999.0,42322985.0,39732722.0,1.065,161,277,116,822.16,488.85,-3.6,-19.03,15.43,17.95,2.962e-05,8,16,12,En_retard
PRJ-1403,N'Djamena_Sud,Urbaine_Moyenne,15.0537,14.2361,Saison_Seche,42.0,11.8,23.6,1,Sableux,0,4693,6.94,17.02,2,121,43,5425021.0,45287625.0,54075327.0,63447021.0,0.852,141,212,71,759.23,1811.24,-4.19,-11.9,7.71,4.92,5.403e-05,13,6,7,Réussi
PRJ-1404,Moundou,Urbaine_Dense,15.4641,22.5777,Intersaison,36.8,42.6,42.5,4,Plat,1,3276,20.74,31.47,3,20,2,6577755.0,53398208.0,64434814.0,53244249.0,1.21,18,39,21,811.62,1974.05,2.64,-22.59,25.23,22.99,6.886e-05,2,19,4,En_retard
PRJ-1405,Kélo,Urbaine_Moyenne,11.1022,18.7454,Saison_Seche,35.1,15.5,4.2,0,Inondable,1,3778,5.36,9.04,4,64,12,3416453.0,62113877.0,68581839.0,58172812.0,1.179,109,272,163,518.74,1851.03,2.51,-13.82,16.33,7.38,1.546e-05,4,4,7,En_retard
PRJ-1406,N'Djamena_Nord,Urbaine_Moyenne,9.5202,18.1043,Saison_Seche,41.0,17.6,55.7,0,Plat,0,1035,42.63,70.98,6,107,41,22490245.0,8713314.0,33965704.0,35359481.0,0.961,79,125,46,166.19,880.98,2.78,-26.14,28.92,10.51,5.307e-05,11,11,13,Échoué
PRJ-1407,Sarh,Urbaine_Moyenne,11.0426,19.9157,Saison_Pluies,33.0,73.8,20.7,21,Plat,0,2869,39.47,94.24,6,10,38,22812942.0,40753663.0,67366767.0,47319560.0,1.424,33,65,32,478.77,1774.34,2.75,-13.3,16.05,21.58,7.76e-05,7,15,1,En_retard
PRJ-1408,Doba,Urbaine_Dense,14.2782,20.054,Saison_Seche,42.0,16.2,31.4,1,Accidenté,1,4020,1.0,1.67,2,119,12,423880.0,35478237.0,39376566.0,27975289.0,1.408,107,148,41,963.66,1208.79,3.35,-11.42,14.77,21.67,4.756e-05,17,9,2,En_retard
PRJ-1409,N'Djamena_Nord,Urbaine_Dense,9.148,14.8864,Saison_Pluies,34.1,84.2,8.3,21,Plat,0,2116,38.86,66.83,2,85,25,21567419.0,35650983.0,57973496.0,45528397.0,1.273,74,168,94,312.4,422.88,2.73,-16.71,19.44,10.25,1.569e-05,15,11,3,En_retard
PRJ-1410,Moundou,Urbaine_Dense,15.1168,21.4405,Saison_Seche,35.8,26.0,56.7,0,Sableux,0,474,41.82,60.78,9,81,37,11258950.0,3463587.0,18486437.0,15415334.0,1.199,154,133,0,425.08,542.28,-0.16,-14.75,14.59,25.66,8.697e-05,9,10,1,Réussi
PRJ-1411,Bongor,Péri_Urbaine,10.2349,16.3972,Saison_Seche,42.5,33.7,40.4,2,Plat,0,2155,48.65,53.59,2,45,31,19874011.0,32397386.0,54605369.0,55517809.0,0.984,109,179,70,767.78,113.77,2.45,-10.22,12.67,24.05,6.739e-05,7,10,3,En_retard
PRJ-1412,Kélo,Urbaine_Dense,15.3864,23.0021,Saison_Seche,40.0,11.2,3.2,1,Accidenté,1,2520,77.62,97.38,2,111,17,14723167.0,24923243.0,44380452.0,49339420.0,0.899,174,191,17,85.21,863.33,0.98,-21.19,22.17,18.86,6.325e-05,12,19,14,En_retard
PRJ-1413,N'Djamena_Centre,Urbaine_Moyenne,14.2089,22.0874,Saison_Seche,42.5,29.8,9.3,0,Accidenté,0,3844,78.62,163.96,3,34,48,64721036.0,21306257.0,90895906.0,80636230.0,1.127,59,65,6,759.48,1833.57,-1.33,-27.47,26.14,6.18,6.517e-05,5,1,5,En_retard
PRJ-1414,Moundou,Rurale,13.9686,17.1358,Saison_Seche,37.5,27.5,24.0,0,Plat,1,2941,42.39,87.13,9,95,12,16721238.0,20162230.0,39402793.0,33233993.0,1.186,29,49,20,281.47,2424.17,3.37,-15.71,19.08,27.24,2.451e-05,9,17,10,En_retard
PRJ-1415,Moundou,Urbaine_Dense,10.0432,21.9813,Saison_Pluies,32.3,79.8,13.0,10,Inondable,0,1733,67.69,105.02,6,87,30,35237134.0,25689103.0,65785814.0,78527652.0,0.838,68,90,22,274.65,377.22,2.88,-27.76,30.64,16.3,4.923e-05,27,19,12,Échoué
PRJ-1416,Bongor,Urbaine_Moyenne,7.5702,17.2421,Saison_Pluies,32.9,80.0,18.3,12,Accidenté,0,3223,7.27,12.81,6,17,2,2049359.0,27713657.0,31661708.0,25255474.0,1.254,68,107,39,586.6,915.54,-3.27,-17.77,14.5,11.92,3.26e-05,6,18,6,En_retard
PRJ-1417,Abéché,Péri_Urbaine,10.5571,14.56,Saison_Pluies,27.9,86.6,59.8,23,Inondable,1,3197,42.73,64.79,5,125,16,16706570.0,46246301.0,66524771.0,73642651.0,0.903,99,131,32,262.73,494.67,-4.76,-17.25,12.49,27.89,8.335e-05,11,17,5,En_retard
PRJ-1418,Bongor,Rurale,9.9145,23.5998,Saison_Pluies,28.9,90.2,39.5,24,Inondable,0,4111,54.47,115.66,7,60,1,35574520.0,46135009.0,82547275.0,103910370.0,0.794,148,233,85,644.74,1914.17,-1.84,-17.48,15.64,29.18,5.888e-05,23,19,6,En_retard
PRJ-1419,Abéché,Péri_Urbaine,7.7992,20.3523,Saison_Pluies,31.3,85.7,55.3,11,Plat,0,4101,45.4,103.49,4,34,34,17340460.0,63117269.0,81610181.0,68497591.0,1.191,93,120,27,909.76,2302.98,-0.96,-25.01,24.05,21.8,7.173e-05,13,3,1,En_retard
PRJ-1420,Abéché,Péri_Urbaine,11.5429,18.289,Intersaison,37.2,52.7,26.1,5,Accidenté,1,3701,18.84,44.44,3,14,45,11590991.0,45871043.0,61852401.0,46524091.0,1.329,74,160,86,410.59,329.3,-3.26,-26.62,23.36,23.95,6.603e-05,18,13,0,Échoué
PRJ-1421,Sarh,Péri_Urbaine,10.7243,17.6766,Saison_Seche,37.1,18.4,42.6,0,Plat,0,4211,5.48,7.36,7,122,48,1661771.0,40544377.0,46728176.0,60179131.0,0.776,86,150,64,944.12,2263.79,3.55,-11.66,15.21,8.16,4.837e-05,21,2,12,En_retard
PRJ-1422,Sarh,Urbaine_Moyenne,12.5765,16.9094,Saison_Seche,38.9,21.7,27.6,1,Plat,1,4960,31.24,64.76,1,99,1,17780564.0,35648947.0,56326261.0,48579388.0,1.159,67,72,5,942.84,715.16,-4.66,-18.25,13.59,8.51,8.049e-05,12,9,13,En_retard
PRJ-1423,N'Djamena_Sud,Péri_Urbaine,12.4695,23.8052,Saison_Seche,37.4,32.4,19.7,2,Plat,0,1224,51.99,127.28,6,97,36,35147625.0,12382564.0,49559169.0,42888402.0,1.156,109,89,0,215.49,596.51,-0.16,-22.18,22.02,17.51,6.154e-05,21,13,14,Échoué
PRJ-1424,Doba,Urbaine_Dense,8.466,14.9148,Saison_Seche,42.6,19.6,31.2,2,Sableux,0,2999,79.34,159.54,2,89,3,55249963.0,43555710.0,101335281.0,100348617.0,1.01,132,110,0,437.47,188.75,-4.45,-14.11,9.66,29.51,2.268e-05,29,1,8,Réussi
PRJ-1425,Doba,Rurale,15.3157,16.8055,Saison_Seche,41.8,20.1,25.6,0,Accidenté,1,1859,19.3,30.71,2,20,34,5554706.0,29943104.0,39911120.0,33470846.0,1.192,53,80,27,990.21,247.15,0.37,-11.41,11.78,22.55,2.907e-05,13,10,6,En_retard
PRJ-1426,N'Djamena_Centre,Urbaine_Moyenne,8.9955,18.5977,Saison_Pluies,34.3,70.0,58.8,12,Plat,0,486,73.46,146.21,8,79,12,24955108.0,3598876.0,30003454.0,38876178.0,0.772,151,201,50,137.21,219.6,-0.36,-20.72,20.36,22.63,8.27e-05,22,3,12,Échoué
PRJ-1427,Doba,Urbaine_Moyenne,11.0622,18.519,Saison_Pluies,28.4,93.3,29.8,23,Plat,0,4935,5.93,12.24,3,98,45,3065784.0,73847765.0,78740465.0,57148218.0,1.378,134,167,33,480.6,1143.71,2.8,-26.23,29.03,8.47,9.412e-05,13,10,12,Échoué
PRJ-1428,Sarh,Urbaine_Dense,11.4049,18.4493,Intersaison,29.1,57.3,48.7,2,Plat,0,284,74.51,123.38,9,67,27,45882552.0,2183731.0,52100776.0,50583802.0,1.03,61,113,52,437.56,1663.68,1.9,-15.53,17.43,13.17,5.48e-05,18,19,10,En_retard
PRJ-1429,N'Djamena_Sud,Péri_Urbaine,14.0045,15.3457,Saison_Seche,41.4,10.5,40.0,0,Plat,0,4820,66.67,83.04,4,21,37,30211395.0,40137539.0,75057647.0,77234922.0,0.972,171,373,202,811.89,501.83,3.44,-11.66,15.1,10.93,3.855e-05,21,7,1,Réussi
PRJ-1430,N'Djamena_Sud,Urbaine_Dense,8.2938,15.0218,Saison_Seche,46.0,27.2,28.8,1,Plat,1,2195,2.17,4.23,6,112,25,1226693.0,28468620.0,30613486.0,30006436.0,1.02,131,119,0,170.46,583.22,0.44,-10.35,10.79,9.77,6.25e-05,28,17,13,En_retard
PRJ-1431,Abéché,Rurale,10.9292,16.1751,Intersaison,36.6,65.2,28.4,3,Plat,1,3625,24.21,53.82,1,51,12,20031452.0,33850375.0,57998802.0,58712987.0,0.988,164,162,0,229.29,473.6,3.22,-13.36,16.58,22.2,4.835e-05,24,12,13,En_retard
PRJ-1432,Bongor,Péri_Urbaine,12.528,23.1025,Intersaison,28.6,62.0,20.5,5,Plat,1,4906,4.55,11.36,3,77,33,3991176.0,73216809.0,80610792.0,104193277.0,0.774,21,30,9,183.8,2026.07,2.19,-23.17,25.36,3.9,8.417e-05,23,8,13,En_retard
PRJ-1433,N'Djamena_Centre,Urbaine_Dense,9.2212,14.6871,Saison_Pluies,28.1,71.7,6.4,23,Inondable,0,3611,79.64,112.47,4,91,9,24685463.0,69824641.0,96048576.0,117769092.0,0.816,47,73,26,174.96,386.09,2.8,-21.55,24.35,5.8,8.33e-05,27,18,6,En_retard
PRJ-1434,Abéché,Péri_Urbaine,12.5197,21.453,Saison_Pluies,28.7,71.3,45.7,11,Sableux,1,2524,34.51,71.8,5,125,1,13823408.0,18257059.0,35981644.0,31846137.0,1.13,99,146,47,265.21,229.84,1.01,-25.54,26.55,12.96,4.562e-05,6,3,3,En_retard
PRJ-1435,Bongor,Péri_Urbaine,14.8893,21.4543,Intersaison,31.9,61.0,55.1,6,Accidenté,0,276,53.14,60.54,1,35,23,13639004.0,3741915.0,21156541.0,21809987.0,0.97,177,334,157,532.94,139.96,2.2,-15.17,17.37,9.78,8.046e-05,28,4,2,Réussi
PRJ-1436,Doba,Urbaine_Moyenne,15.4801,22.0026,Saison_Pluies,33.2,77.4,13.1,10,Inondable,1,2660,19.12,46.99,4,30,28,9716567.0,50139637.0,60995338.0,42708119.0,1.428,113,107,0,709.82,148.37,-0.98,-24.95,23.97,27.2,1.93e-05,18,8,3,Échoué
PRJ-1437,Abéché,Urbaine_Moyenne,7.7596,22.8095,Saison_Seche,37.3,24.1,55.5,2,Plat,1,2325,74.73,83.52,5,19,3,25530368.0,17781448.0,46071946.0,43572147.0,1.057,158,259,101,386.51,1389.35,-4.15,-20.22,16.07,6.81,3.739e-05,25,5,4,En_retard
PRJ-1438,N'Djamena_Nord,Urbaine_Dense,9.3847,16.2619,Intersaison,38.7,40.7,13.9,9,Inondable,0,4851,22.3,35.73,4,31,38,10584111.0,50948906.0,65445327.0,52246610.0,1.253,169,368,199,451.77,280.26,-0.83,-18.43,17.6,8.22,7.96e-06,29,11,8,En_retard
PRJ-1439,Doba,Urbaine_Dense,9.9825,15.8579,Saison_Pluies,34.7,77.1,31.8,15,Plat,1,1865,21.19,25.58,7,58,36,7664007.0,12783181.0,21809137.0,24574892.0,0.887,98,233,135,794.47,594.95,-3.27,-21.11,17.84,6.16,8.078e-05,6,2,3,En_retard
PRJ-1440,Bongor,Urbaine_Dense,10.693,18.3878,Saison_Seche,44.4,34.0,20.6,0,Inondable,1,3904,25.51,50.24,8,115,44,9913652.0,57117729.0,69613828.0,57964215.0,1.201,21,37,16,529.97,2090.06,1.29,-25.31,26.6,25.89,9.752e-05,14,19,8,Échoué
PRJ-1441,N'Djamena_Centre,Rurale,9.4381,16.2834,Saison_Pluies,32.4,92.1,6.9,10,Sableux,1,4045,37.27,58.71,8,29,44,20429065.0,60825247.0,82297647.0,94587763.0,0.87,98,101,3,593.88,2421.86,-2.37,-22.78,20.41,6.86,5.768e-05,15,3,14,En_retard
PRJ-1442,Bongor,Urbaine_Dense,9.1279,21.2103,Saison_Seche,41.1,24.2,3.2,0,Inondable,1,1460,1.97,4.19,3,69,5,1082723.0,21845593.0,24809073.0,22027874.0,1.126,163,332,169,522.79,2159.1,4.58,-16.61,21.19,11.21,7.665e-05,9,12,3,En_retard
PRJ-1443,Abéché,Péri_Urbaine,15.1364,20.1774,Intersaison,28.1,43.4,21.9,7,Inondable,1,4814,48.03,85.54,5,33,29,22934384.0,63216994.0,87632130.0,110021891.0,0.796,45,97,52,791.83,2401.03,-2.29,-14.92,12.63,20.41,4.016e-05,15,7,0,En_retard
PRJ-1444,Abéché,Urbaine_Dense,14.8482,22.6874,Saison_Seche,44.8,11.7,2.8,0,Accidenté,1,3429,3.02,5.1,8,93,13,2036126.0,55528928.0,60337874.0,58361806.0,1.034,25,28,3,191.65,1692.61,-4.02,-16.94,12.92,3.25,5.616e-05,28,6,10,En_retard
PRJ-1445,Moundou,Urbaine_Moyenne,7.8759,14.3688,Intersaison,32.9,49.3,6.3,2,Plat,1,1895,43.37,68.87,7,65,44,15190514.0,10494812.0,26820795.0,32284476.0,0.831,171,334,163,981.44,2468.68,3.81,-10.62,14.43,24.68,3.474e-05,7,8,11,En_retard
PRJ-1446,N'Djamena_Centre,Péri_Urbaine,10.2105,23.1084,Saison_Pluies,30.0,85.8,8.5,16,Accidenté,0,1387,36.9,45.04,9,78,4,11193994.0,26856068.0,40274240.0,43371313.0,0.929,122,291,169,880.63,1266.04,-0.86,-16.95,16.09,21.48,6.968e-05,8,5,10,En_retard
PRJ-1447,Doba,Rurale,10.7412,16.5802,Saison_Seche,35.1,29.4,0.1,1,Accidenté,1,167,19.78,27.43,7,22,6,8753346.0,1391351.0,11882930.0,15286664.0,0.777,161,326,165,406.26,1996.99,-1.44,-23.94,22.5,8.57,2.462e-05,27,13,10,Échoué
PRJ-1448,N'Djamena_Sud,Urbaine_Dense,9.4121,18.6523,Saison_Seche,40.2,10.5,9.2,0,Plat,0,1918,26.72,53.3,2,119,38,19726503.0,13087338.0,36671061.0,42011601.0,0.873,176,265,89,420.94,2430.57,3.85,-19.16,23.01,12.36,1.532e-05,11,13,0,En_retard
PRJ-1449,N'Djamena_Centre,Urbaine_Moyenne,12.531,18.1054,Saison_Pluies,27.2,85.5,34.6,19,Accidenté,1,2147,56.6,101.62,4,101,6,18463871.0,41044286.0,63156671.0,71785261.0,0.88,166,258,92,850.5,1787.76,1.53,-12.95,14.48,18.98,8.986e-05,18,1,3,En_retard
PRJ-1450,N'Djamena_Sud,Urbaine_Moyenne,12.623,21.4833,Intersaison,30.1,61.6,49.2,8,Inondable,1,1863,1.26,1.51,8,75,11,503980.0,32521560.0,33952727.0,29162662.0,1.164,168,157,0,451.11,2393.96,0.32,-22.14,22.46,28.45,8.643e-05,7,14,3,En_retard
PRJ-1451,N'Djamena_Centre,Urbaine_Dense,14.304,17.9135,Saison_Seche,45.9,23.8,11.6,2,Plat,1,1637,25.67,47.79,9,13,27,18139657.0,26966393.0,49896727.0,50042218.0,0.997,72,122,50,513.08,671.43,-1.73,-14.73,13.0,19.25,8.35e-05,4,4,9,Échoué
PRJ-1452,N'Djamena_Centre,Urbaine_Dense,13.427,23.4073,Saison_Seche,47.0,28.0,4.9,0,Accidenté,1,3302,54.58,64.18,7,119,46,16412825.0,21698055.0,41961953.0,36677609.0,1.144,52,113,61,748.52,785.67,-2.08,-13.87,11.79,8.34,8.215e-05,20,1,6,En_retard
PRJ-1453,Bongor,Urbaine_Moyenne,11.8406,22.9766,Saison_Pluies,27.2,79.4,43.8,17,Inondable,1,592,12.61,22.91,5,118,35,5078728.0,10130859.0,18481401.0,13150923.0,1.405,28,69,41,394.11,1023.24,0.8,-11.19,11.99,14.99,7.295e-05,20,14,0,Échoué
PRJ-1454,N'Djamena_Centre,Urbaine_Moyenne,12.7287,22.6577,Saison_Pluies,33.4,73.4,0.5,16,Plat,0,2424,45.05,110.42,1,9,40,35271934.0,34264095.0,72185686.0,81306434.0,0.888,147,217,70,459.48,1188.24,0.01,-20.78,20.79,14.04,8.748e-05,23,19,11,Échoué
PRJ-1455,Moundou,Péri_Urbaine,9.6919,14.2482,Saison_Seche,38.3,21.2,44.0,0,Accidenté,1,1576,13.93,21.32,9,38,4,4509573.0,25182320.0,30992544.0,26080285.0,1.188,65,100,35,46.75,2248.64,-2.24,-23.33,21.09,16.45,2.102e-05,25,19,4,Échoué
PRJ-1456,Abéché,Urbaine_Moyenne,12.2444,22.4697,Saison_Pluies,25.8,88.8,7.9,16,Sableux,0,3617,12.8,27.05,6,31,27,6656259.0,71150203.0,82635534.0,77544724.0,1.066,52,46,0,141.85,2225.26,-3.16,-18.86,15.7,16.05,8.704e-05,29,3,9,Réussi
PRJ-1457,Kélo,Urbaine_Moyenne,11.4138,21.7072,Saison_Pluies,29.9,76.0,13.7,24,Sableux,1,1319,61.9,132.7,2,42,16,49660101.0,10442019.0,60637483.0,52802106.0,1.148,57,121,64,464.07,1662.0,3.18,-10.11,13.29,11.56,9.178e-05,4,11,7,En_retard
PRJ-1458,N'Djamena_Sud,Urbaine_Moyenne,8.5668,14.5869,Saison_Seche,35.7,18.4,7.2,1,Accidenté,0,651,21.69,36.15,2,54,18,10757630.0,8180290.0,22554085.0,18489422.0,1.22,49,99,50,55.21,619.14,1.88,-11.76,13.64,26.28,7.16e-05,4,9,7,En_retard
PRJ-1459,Abéché,Péri_Urbaine,9.4404,14.6279,Saison_Pluies,27.0,91.8,14.8,12,Plat,1,3664,30.37,58.63,1,38,7,10186629.0,59724223.0,72694351.0,53813563.0,1.351,43,64,21,313.94,638.92,4.93,-22.89,27.82,10.57,5.994e-05,6,19,6,En_retard
PRJ-1460,Kélo,Rurale,9.8335,14.5622,Saison_Seche,40.1,32.4,47.9,1,Plat,0,2199,58.54,103.08,4,96,11,23958305.0,25299155.0,53819079.0,48584310.0,1.108,119,239,120,442.87,1597.77,0.16,-24.46,24.62,16.37,2.361e-05,7,2,3,En_retard
PRJ-1461,N'Djamena_Sud,Urbaine_Moyenne,14.8945,13.619,Saison_Pluies,32.6,76.0,8.0,16,Plat,0,3351,14.77,22.11,2,79,8,6783708.0,19502137.0,28498983.0,21347076.0,1.335,122,227,105,110.6,1283.3,4.94,-19.41,24.35,8.57,8.662e-05,7,13,6,Échoué
PRJ-1462,N'Djamena_Sud,Péri_Urbaine,9.3431,19.2607,Saison_Pluies,32.0,76.6,59.6,18,Plat,0,437,42.77,92.24,9,83,6,24939336.0,2915482.0,30688718.0,31431124.0,0.976,122,257,135,74.67,683.41,-0.39,-25.02,24.63,13.61,5.768e-05,24,3,0,En_retard
PRJ-1463,Kélo,Urbaine_Dense,9.814,23.7206,Saison_Pluies,27.4,76.0,19.6,14,Sableux,0,3730,73.47,153.11,2,125,48,48242638.0,52337046.0,104420211.0,74323640.0,1.405,138,184,46,26.12,462.18,0.35,-14.36,14.71,20.76,6.107e-05,24,11,14,Échoué
PRJ-1464,N'Djamena_Centre,Urbaine_Moyenne,10.4548,18.1062,Saison_Seche,36.2,19.1,55.3,2,Sableux,0,1652,44.53,105.13,9,9,5,35782084.0,15322403.0,51818536.0,65499248.0,0.791,28,53,25,490.47,1820.43,-2.91,-27.34,24.43,22.98,6.066e-05,14,14,5,Réussi
PRJ-1465,Doba,Urbaine_Dense,12.8099,19.178,Saison_Seche,40.9,31.2,11.4,0,Inondable,0,3332,4.38,8.61,1,86,6,2326024.0,23549276.0,26620439.0,34071101.0,0.781,10,19,9,155.37,2042.42,-3.5,-23.95,20.45,24.38,8.668e-05,28,15,14,En_retard
PRJ-1466,N'Djamena_Nord,Urbaine_Moyenne,8.4459,23.6637,Intersaison,33.6,36.0,11.3,9,Plat,1,2746,47.38,77.9,7,111,38,30905884.0,27730151.0,60088562.0,53045720.0,1.133,129,123,0,691.71,690.2,4.4,-27.67,32.07,22.37,1.37e-05,20,5,12,En_retard
PRJ-1467,Abéché,Péri_Urbaine,15.1316,16.1794,Saison_Pluies,28.9,84.0,33.9,17,Plat,0,4484,7.67,16.1,6,66,2,6096562.0,35937977.0,43193450.0,36978638.0,1.168,97,124,27,498.01,1091.06,4.81,-23.92,28.73,14.54,6.17e-06,6,7,6,En_retard
PRJ-1468,Bongor,Rurale,14.4246,22.5139,Saison_Pluies,27.8,71.9,3.0,10,Accidenté,1,4201,22.93,45.1,6,103,31,7440456.0,22513545.0,30482997.0,23247648.0,1.311,162,366,204,28.75,1798.06,0.48,-27.06,27.54,2.09,2.24e-05,2,2,11,Échoué
PRJ-1469,Abéché,Urbaine_Dense,12.1177,19.2371,Saison_Pluies,30.7,93.7,48.1,23,Accidenté,1,3883,68.05,133.6,2,70,39,28938800.0,28257406.0,60499660.0,75198134.0,0.805,112,119,7,68.44,1199.59,-2.28,-15.88,13.6,16.21,4.918e-05,18,6,2,Réussi
PRJ-1470,Bongor,Urbaine_Moyenne,12.8923,19.4795,Saison_Seche,35.1,33.9,26.4,0,Accidenté,0,1355,1.38,3.16,1,125,32,711429.0,24723560.0,29516710.0,31055072.0,0.95,93,134,41,918.61,2405.08,4.51,-17.74,22.25,2.6,4.694e-05,3,11,7,En_retard
PRJ-1471,Kélo,Urbaine_Moyenne,7.6333,17.1033,Saison_Seche,42.6,25.0,42.0,1,Inondable,0,766,6.62,15.72,8,82,9,3082261.0,3968308.0,11857586.0,12641075.0,0.938,37,44,7,133.09,367.52,2.97,-24.15,27.12,29.03,5.12e-05,13,2,7,En_retard
PRJ-1472,Bongor,Urbaine_Dense,10.2116,19.3966,Saison_Seche,39.7,28.9,10.5,2,Inondable,1,3705,29.39,39.75,8,24,15,9063164.0,61531731.0,73078946.0,90436210.0,0.808,116,120,4,759.75,2143.15,-3.2,-24.31,21.11,11.96,1.143e-05,29,13,7,En_retard
PRJ-1473,N'Djamena_Sud,Urbaine_Dense,13.8653,14.268,Saison_Seche,38.6,27.8,38.5,0,Inondable,0,3041,79.95,123.1,2,61,21,31538855.0,49574128.0,82871726.0,103297292.0,0.802,54,56,2,253.81,799.88,-2.02,-22.76,20.74,15.61,7.929e-05,19,1,10,En_retard
PRJ-1474,Doba,Urbaine_Dense,8.1199,21.5288,Saison_Pluies,26.5,91.3,35.6,24,Accidenté,0,363,23.7,47.65,4,28,46,7761601.0,4887274.0,17036436.0,20392699.0,0.835,33,46,13,328.35,1733.26,-4.96,-13.63,8.67,4.76,3.021e-05,8,3,14,Réussi
PRJ-1475,Doba,Urbaine_Dense,9.7585,16.4892,Saison_Seche,45.0,33.7,45.3,1,Inondable,1,2330,13.0,24.44,4,29,28,4443804.0,18935249.0,27678833.0,32219959.0,0.859,53,115,62,34.54,671.55,0.82,-25.29,26.11,29.88,9.132e-05,6,2,4,Échoué
PRJ-1476,N'Djamena_Sud,Urbaine_Dense,12.1824,22.8199,Saison_Seche,41.7,10.8,17.8,2,Plat,1,2672,44.18,88.95,2,104,45,15482768.0,48552614.0,67347176.0,82590855.0,0.815,139,340,201,560.59,2417.85,0.26,-25.81,26.07,15.27,8.4e-05,20,19,12,Échoué
PRJ-1477,Moundou,Urbaine_Dense,9.5513,17.3624,Saison_Pluies,29.3,70.4,56.0,18,Inondable,0,937,41.78,71.29,9,123,27,11518984.0,11362187.0,24610342.0,30162001.0,0.816,160,284,124,472.37,172.83,-3.36,-18.86,15.5,9.65,6.35e-06,17,9,6,En_retard
PRJ-1478,Kélo,Urbaine_Dense,14.9718,14.9997,Saison_Seche,40.5,31.8,57.7,1,Plat,1,4392,36.24,60.79,4,62,5,16436051.0,33370826.0,54395206.0,50108152.0,1.086,87,164,77,747.5,1308.25,-1.61,-12.43,10.82,6.6,5.36e-06,24,18,4,En_retard
PRJ-1479,Moundou,Péri_Urbaine,8.5485,20.8068,Saison_Pluies,27.7,73.0,52.1,13,Plat,1,2539,75.76,95.81,4,36,17,22366918.0,29034325.0,52704049.0,67673829.0,0.779,71,151,80,906.63,2280.76,4.39,-23.97,28.36,19.85,6.29e-05,13,1,12,Échoué
PRJ-1480,Moundou,Urbaine_Moyenne,13.8792,15.2281,Saison_Seche,41.5,30.9,34.3,1,Plat,1,1972,22.77,44.93,4,86,37,17246911.0,15625652.0,33568972.0,37781184.0,0.889,152,293,141,552.23,1201.11,1.49,-26.09,27.58,13.65,7.73e-06,20,14,7,En_retard
PRJ-1481,Abéché,Rurale,11.5636,21.4136,Saison_Seche,43.1,28.4,25.2,2,Plat,0,4079,23.82,32.06,5,28,24,5632626.0,43401040.0,53118448.0,48981884.0,1.084,169,379,210,952.74,2108.85,3.63,-19.15,22.78,10.2,5.718e-05,20,14,8,En_retard
PRJ-1482,Abéché,Urbaine_Moyenne,13.5026,23.6652,Saison_Seche,35.2,29.8,3.5,2,Sableux,0,3113,11.65,23.76,8,125,31,9064650.0,38757835.0,50858951.0,49090571.0,1.036,13,30,17,156.67,2377.08,3.38,-14.82,18.2,1.28,7.92e-06,21,18,10,Réussi
PRJ-1483,N'Djamena_Nord,Péri_Urbaine,9.9857,21.6853,Saison_Seche,41.0,15.5,56.8,1,Accidenté,1,210,55.93,137.25,4,9,35,23557096.0,2183688.0,27349889.0,30420697.0,0.899,135,252,117,351.2,216.2,4.21,-16.87,21.08,2.06,4.793e-05,22,13,3,En_retard
PRJ-1484,Bongor,Rurale,11.6159,13.7357,Intersaison,37.4,62.2,57.1,6,Sableux,0,2237,26.05,38.01,3,127,41,11585613.0,33232121.0,48336764.0,44308346.0,1.091,40,68,28,831.54,1247.58,-4.58,-20.47,15.89,21.11,4.191e-05,16,4,3,Réussi
PRJ-1485,N'Djamena_Sud,Péri_Urbaine,14.3547,19.7988,Saison_Pluies,28.4,75.2,1.1,17,Plat,1,2401,64.32,83.55,1,49,41,17706967.0,45712080.0,67369271.0,80569244.0,0.836,68,100,32,557.78,1731.74,-2.38,-27.27,24.89,14.94,5.909e-05,25,18,10,Échoué
PRJ-1486,Abéché,Urbaine_Moyenne,11.235,20.8018,Saison_Seche,43.0,31.2,21.4,0,Plat,0,1533,77.75,88.16,2,59,4,31446796.0,15670694.0,51417947.0,40560439.0,1.268,10,16,6,551.5,2088.83,-0.84,-22.59,21.75,25.62,3.562e-05,10,19,6,En_retard
PRJ-1487,Kélo,Péri_Urbaine,10.3778,22.1673,Saison_Seche,37.7,33.8,52.8,2,Accidenté,0,3942,3.97,6.47,4,45,20,1069936.0,40744877.0,43584380.0,54243227.0,0.803,78,108,30,465.78,449.73,1.4,-11.45,12.85,22.85,1.4e-05,22,4,6,Réussi
PRJ-1488,Bongor,Urbaine_Dense,11.7892,14.088,Saison_Seche,38.8,26.6,4.9,2,Plat,1,1787,79.45,111.27,9,10,43,43186896.0,28725198.0,72527238.0,63876081.0,1.135,23,35,12,28.48,1438.62,1.08,-23.99,25.07,17.63,8.421e-05,9,6,11,En_retard
PRJ-1489,N'Djamena_Nord,Urbaine_Dense,13.2389,18.5411,Saison_Seche,46.6,22.8,11.8,2,Accidenté,0,4270,20.7,37.02,1,32,17,5990365.0,55334349.0,64119889.0,50759078.0,1.263,32,75,43,89.54,449.16,-2.54,-16.95,14.41,17.27,2.993e-05,20,12,13,Échoué
PRJ-1490,N'Djamena_Nord,Urbaine_Moyenne,11.0485,19.1214,Saison_Seche,39.2,28.1,58.7,0,Accidenté,0,1958,33.9,62.17,6,84,46,13073003.0,22385014.0,39810371.0,48362219.0,0.823,117,287,170,98.62,1900.72,-3.07,-11.67,8.6,22.62,6.75e-06,28,9,10,En_retard
PRJ-1491,Kélo,Urbaine_Moyenne,15.011,15.2758,Saison_Pluies,27.7,92.1,50.8,12,Inondable,1,1420,62.33,99.05,6,95,10,26351874.0,24434114.0,52221184.0,44057861.0,1.185,123,174,51,197.56,747.36,-0.63,-19.21,18.58,22.49,5.006e-05,8,13,7,Échoué
PRJ-1492,Moundou,Urbaine_Dense,9.8596,16.8857,Intersaison,29.8,65.9,54.7,6,Accidenté,0,2027,53.39,114.78,3,69,37,38912081.0,37226952.0,78534098.0,94715063.0,0.829,127,149,22,103.33,708.6,-2.49,-19.97,17.48,10.7,8.777e-05,20,14,6,Réussi
PRJ-1493,Doba,Rurale,11.3037,18.1223,Saison_Seche,46.7,28.0,8.5,0,Accidenté,1,3445,62.39,147.66,9,102,21,57259326.0,47743563.0,106656782.0,93618912.0,1.139,153,143,0,115.54,1936.01,4.65,-25.46,30.11,4.05,2.807e-05,29,15,6,En_retard
PRJ-1494,Kélo,Péri_Urbaine,13.5554,22.2487,Saison_Pluies,34.9,72.4,12.7,15,Plat,0,2504,37.57,52.45,3,22,21,13480206.0,19472479.0,33512817.0,42236826.0,0.793,146,325,179,640.52,2112.92,4.65,-10.35,15.0,23.38,4.508e-05,13,14,5,Réussi
PRJ-1495,Sarh,Urbaine_Moyenne,13.013,23.2588,Intersaison,31.8,55.8,36.3,9,Inondable,0,4309,73.33,166.52,1,77,49,56504819.0,51683388.0,112731565.0,93730275.0,1.203,128,292,164,127.16,891.17,-3.87,-24.82,20.95,7.47,4.026e-05,27,18,14,Échoué
PRJ-1496,Kélo,Rurale,14.4091,20.0984,Saison_Seche,35.0,27.9,30.1,1,Inondable,0,2337,63.3,81.26,2,112,16,26961307.0,29365714.0,57434761.0,42604531.0,1.348,107,168,61,470.38,1277.7,2.05,-19.33,21.38,23.95,4.84e-06,4,2,5,Échoué
PRJ-1497,N'Djamena_Nord,Urbaine_Moyenne,15.4745,17.6469,Intersaison,39.6,40.5,17.9,9,Plat,1,1286,25.08,35.62,4,17,33,10429259.0,14767280.0,29146991.0,36781133.0,0.792,168,289,121,72.5,1748.98,-2.72,-24.92,22.2,18.92,8.683e-05,5,3,9,Échoué
PRJ-1498,N'Djamena_Sud,Rurale,10.9149,16.1673,Saison_Pluies,33.4,75.0,53.0,15,Plat,0,3224,75.9,143.15,4,80,10,46198770.0,28811206.0,77069691.0,61607619.0,1.251,54,111,57,276.71,1875.67,2.17,-21.73,23.9,11.38,7.589e-05,3,18,2,Échoué
PRJ-1499,Abéché,Urbaine_Moyenne,8.3892,23.8124,Saison_Seche,39.4,17.8,54.1,1,Accidenté,0,1256,76.9,117.6,2,121,44,18759160.0,15178543.0,35687272.0,45197199.0,0.79,135,194,59,925.11,1936.79,2.67,-12.09,14.76,25.72,9.58e-06,8,19,3,Réussi
PRJ-1500,N'Djamena_Sud,Urbaine_Dense,7.7433,23.8217,Intersaison,39.2,61.3,17.5,8,Sableux,1,554,33.5,38.81,6,112,18,10105905.0,6480799.0,21321334.0,25465912.0,0.837,144,165,21,40.7,1006.45,-4.52,-16.42,11.9,21.04,1.322e-05,23,18,14,En_retard
PRJ-1501,N'Djamena_Nord,Péri_Urbaine,13.315,23.2123,Saison_Seche,39.8,26.2,9.3,2,Plat,1,3817,52.33,79.17,6,127,33,27429648.0,31079552.0,61966598.0,46422601.0,1.335,66,66,0,878.19,1364.04,1.95,-27.82,29.77,16.81,1.06e-06,28,15,9,Échoué
PRJ-1502,Abéché,Péri_Urbaine,14.4921,21.7495,Saison_Seche,35.4,27.1,8.9,1,Inondable,1,4670,65.27,154.48,3,121,29,41486421.0,86635317.0,131712890.0,127377049.0,1.034,73,88,15,762.01,318.39,3.97,-10.6,14.57,9.73,9.857e-05,4,6,3,Réussi
PRJ-1503,Sarh,Péri_Urbaine,9.2657,16.9207,Saison_Pluies,29.1,90.9,29.1,24,Accidenté,0,1453,65.48,88.0,1,112,31,32417101.0,26561006.0,62896545.0,46797532.0,1.344,11,21,10,921.71,2373.95,-2.84,-13.89,11.05,29.6,4.162e-05,2,4,8,Réussi
PRJ-1504,Doba,Rurale,8.7676,22.0785,Saison_Seche,41.6,27.1,8.0,2,Accidenté,1,1817,1.62,3.51,9,76,24,1258017.0,29788346.0,33080563.0,29702109.0,1.114,15,21,6,789.0,1768.47,-3.84,-10.04,6.2,25.32,9.304e-05,13,10,5,Réussi
PRJ-1505,Bongor,Péri_Urbaine,7.9976,17.7923,Saison_Seche,39.1,23.1,28.4,0,Sableux,1,3783,50.51,106.64,4,116,12,39015471.0,41666714.0,83718675.0,76259496.0,1.098,117,266,149,827.92,970.1,0.67,-14.27,14.94,4.96,4.201e-05,27,12,11,En_retard
PRJ-1506,N'Djamena_Nord,Urbaine_Moyenne,14.0816,16.9311,Saison_Seche,38.0,27.3,27.7,0,Accidenté,1,750,77.91,97.29,9,51,20,17755344.0,7916346.0,27387695.0,29024931.0,0.944,70,66,0,116.65,1004.55,0.17,-14.23,14.4,24.38,1.038e-05,20,5,9,En_retard
PRJ-1507,N'Djamena_Nord,Rurale,9.9911,21.3211,Saison_Pluies,27.5,90.1,53.0,17,Inondable,1,3254,18.89,29.49,5,48,6,6223430.0,51240675.0,61719542.0,79342776.0,0.778,171,258,87,837.19,271.69,3.86,-15.41,19.27,4.49,3.433e-05,21,5,2,En_retard
PRJ-1508,N'Djamena_Nord,Péri_Urbaine,10.7136,14.3364,Saison_Pluies,31.8,86.0,17.8,14,Accidenté,1,4195,63.75,87.03,7,90,8,13698463.0,59240903.0,76136249.0,61050465.0,1.247,26,32,6,482.35,1169.46,-0.49,-20.38,19.89,8.18,4.182e-05,27,16,11,En_retard
PRJ-1509,Abéché,Urbaine_Moyenne,11.522,14.0099,Saison_Pluies,26.9,71.6,33.6,21,Plat,1,3055,42.97,48.66,3,27,14,19254771.0,42797418.0,63647520.0,57123050.0,1.114,35,81,46,358.06,1698.91,-0.86,-22.33,21.47,28.77,1.766e-05,18,18,10,Échoué
PRJ-1510,N'Djamena_Centre,Rurale,14.2156,18.2035,Intersaison,36.9,55.4,44.6,8,Inondable,0,4840,18.11,24.31,3,104,5,5081630.0,33210497.0,42841040.0,45079977.0,0.95,85,184,99,162.32,2383.76,2.14,-18.55,20.69,26.23,5.35e-06,25,15,3,En_retard
PRJ-1511,Kélo,Urbaine_Dense,12.7067,18.1792,Saison_Seche,45.6,15.9,35.8,1,Sableux,1,4171,4.56,6.3,8,114,36,1523172.0,59537925.0,64174877.0,51522961.0,1.246,157,388,231,10.66,1636.59,-4.23,-24.79,20.56,18.57,3.165e-05,19,8,12,Échoué
PRJ-1512,N'Djamena_Centre,Péri_Urbaine,12.4205,22.9043,Saison_Seche,41.4,14.8,57.2,1,Inondable,1,4132,60.91,81.15,1,44,48,17750070.0,76557469.0,97035176.0,109302925.0,0.888,50,50,0,646.2,1644.24,-4.43,-15.0,10.57,21.27,5.393e-05,4,1,5,Réussi
PRJ-1513,Sarh,Rurale,8.9054,14.8246,Saison_Pluies,31.4,84.7,36.1,14,Plat,1,60,25.66,31.5,8,102,38,5038375.0,377235.0,6070804.0,5719886.0,1.061,119,253,134,728.76,1976.71,0.05,-10.05,10.1,3.6,2.553e-05,14,9,11,En_retard
PRJ-1514,Doba,Péri_Urbaine,11.6055,14.7945,Saison_Pluies,34.7,91.1,54.1,15,Plat,1,4953,30.36,55.77,8,46,3,12008090.0,49963732.0,66565931.0,84521650.0,0.788,108,110,2,394.21,1299.02,-4.11,-17.18,13.07,10.64,9.587e-05,6,12,5,Réussi
PRJ-1515,Moundou,Péri_Urbaine,13.223,15.0483,Saison_Seche,43.0,15.8,14.7,0,Accidenté,0,2108,39.08,60.64,3,84,36,10584646.0,26635032.0,42004911.0,45278041.0,0.928,108,115,7,172.6,128.74,4.39,-12.58,16.97,10.35,4.814e-05,26,1,12,En_retard
PRJ-1516,Sarh,Péri_Urbaine,15.2861,13.8122,Saison_Seche,38.0,30.9,33.6,0,Accidenté,1,3727,40.82,96.81,1,126,22,24064136.0,56986361.0,84082191.0,77174707.0,1.09,63,55,0,153.12,2230.15,1.54,-24.9,26.44,1.95,1.303e-05,23,5,11,En_retard
PRJ-1517,Moundou,Urbaine_Moyenne,9.1113,14.2532,Intersaison,37.4,36.8,32.6,4,Plat,0,2869,16.89,23.01,9,109,8,9013156.0,18202439.0,29706905.0,33618825.0,0.884,166,264,98,176.56,1036.05,2.54,-13.15,15.69,21.42,4.135e-05,20,9,11,En_retard
PRJ-1518,Moundou,Rurale,7.5763,20.4286,Intersaison,35.5,51.7,59.4,3,Plat,1,1022,53.82,104.63,4,116,14,33959298.0,18490119.0,54567460.0,65658446.0,0.831,57,58,1,65.65,2462.43,-2.71,-11.67,8.96,9.92,7.077e-05,20,1,4,Réussi
PRJ-1519,Doba,Urbaine_Dense,8.1024,18.0316,Saison_Pluies,31.0,74.6,12.3,14,Inondable,0,3842,55.56,131.17,7,77,7,42856544.0,21546644.0,66109404.0,78028127.0,0.847,104,145,41,366.05,1045.63,-0.06,-12.9,12.84,19.36,4.871e-05,9,14,13,Échoué
PRJ-1520,N'Djamena_Sud,Urbaine_Dense,10.5068,21.5178,Saison_Seche,37.9,20.4,8.5,1,Inondable,1,2504,11.81,13.77,9,118,4,3625558.0,44734824.0,51445764.0,44122904.0,1.166,99,126,27,620.0,1687.42,-3.66,-16.71,13.05,1.79,3.312e-05,21,17,13,En_retard
PRJ-1521,N'Djamena_Centre,Urbaine_Dense,14.0644,23.9223,Intersaison,30.1,44.3,36.7,4,Inondable,1,891,42.87,78.14,3,15,19,27569824.0,4824566.0,33470818.0,31803637.0,1.052,159,391,232,452.64,1176.69,-2.97,-11.33,8.36,1.05,1.063e-05,17,3,0,En_retard
PRJ-1522,N'Djamena_Nord,Urbaine_Moyenne,7.5571,20.4199,Intersaison,31.5,63.0,13.4,9,Sableux,1,4504,48.94,84.71,5,50,43,31941688.0,32892034.0,69470003.0,67476672.0,1.03,81,155,74,134.23,619.43,0.68,-10.69,11.37,5.93,4.596e-05,6,16,10,En_retard
PRJ-1523,Bongor,Urbaine_Moyenne,11.1538,14.0298,Saison_Pluies,28.5,80.9,38.3,17,Plat,0,334,15.31,36.75,3,17,47,14346741.0,5679622.0,21318177.0,19890499.0,1.072,113,169,56,817.99,2330.39,-2.2,-13.32,11.12,21.38,9.74e-06,5,8,9,En_retard
PRJ-1524,Moundou,Péri_Urbaine,10.1338,14.5979,Intersaison,32.5,35.4,58.3,2,Sableux,0,2485,71.61,145.32,5,48,24,25394315.0,44487629.0,73736754.0,65368971.0,1.128,142,326,184,294.19,1586.62,4.17,-18.15,22.32,18.52,3.709e-05,28,19,5,En_retard
PRJ-1525,Sarh,Urbaine_Moyenne,7.9199,22.7505,Intersaison,32.7,56.4,56.8,4,Inondable,1,2881,38.88,61.77,2,11,16,22849403.0,56853618.0,81584016.0,93956124.0,0.868,61,55,0,606.65,1153.78,4.95,-12.96,17.91,6.83,1.162e-05,26,15,13,En_retard
PRJ-1526,N'Djamena_Sud,Urbaine_Moyenne,11.1019,19.0387,Intersaison,34.5,62.6,13.9,9,Sableux,0,4570,9.64,20.21,4,85,6,4168731.0,30782251.0,36468302.0,25795290.0,1.414,10,14,4,253.23,403.21,-4.96,-21.31,16.35,16.18,6.762e-05,17,2,3,Réussi
PRJ-1527,Moundou,Urbaine_Dense,9.538,22.1608,Intersaison,29.0,62.2,10.3,7,Plat,0,1079,27.08,51.88,2,11,44,12934552.0,13915611.0,29860574.0,26161641.0,1.141,54,90,36,599.04,2497.81,2.59,-21.76,24.35,18.96,7.726e-05,25,6,7,En_retard
PRJ-1528,N'Djamena_Sud,Urbaine_Moyenne,10.3151,22.4944,Saison_Pluies,32.2,81.5,33.6,23,Plat,1,4501,38.42,60.94,3,31,8,14404345.0,27714176.0,46061583.0,36156977.0,1.274,127,113,0,138.36,2243.11,-3.85,-21.74,17.89,28.23,2.435e-05,15,10,9,En_retard
PRJ-1529,N'Djamena_Sud,Urbaine_Moyenne,13.1449,23.2406,Saison_Pluies,25.2,80.8,35.2,16,Inondable,0,3016,1.31,2.88,5,118,25,918094.0,22155881.0,26844290.0,20865036.0,1.287,49,51,2,658.94,1085.82,0.75,-24.41,25.16,23.11,7.47e-06,14,13,0,Échoué
PRJ-1530,Moundou,Urbaine_Dense,11.6724,23.4732,Saison_Pluies,30.6,82.4,39.7,14,Sableux,0,603,3.04,6.19,9,28,32,1853788.0,4593297.0,7998989.0,6928526.0,1.155,20,46,26,577.43,470.07,-2.72,-16.79,14.07,4.94,3.47e-05,24,15,11,En_retard
PRJ-1531,Abéché,Urbaine_Dense,8.4972,19.3257,Saison_Pluies,32.5,94.7,44.5,21,Inondable,1,317,4.91,5.44,3,17,25,964383.0,1886411.0,4838055.0,5599042.0,0.864,135,149,14,524.1,122.73,4.65,-16.09,20.74,8.84,5.605e-05,21,11,12,Échoué
PRJ-1532,Kélo,Urbaine_Dense,15.1913,17.0807,Saison_Pluies,29.4,77.5,36.1,19,Inondable,1,1290,43.28,100.03,6,53,10,34580937.0,23729159.0,62719841.0,80385080.0,0.78,105,249,144,224.92,422.0,3.76,-12.53,16.29,12.7,7.679e-05,26,9,4,En_retard
PRJ-1533,N'Djamena_Nord,Urbaine_Dense,12.5873,23.5996,Intersaison,35.8,46.8,6.7,8,Plat,1,4209,27.22,45.07,4,96,43,11714205.0,29022456.0,44491258.0,44881494.0,0.991,144,139,0,533.87,1359.35,0.95,-15.5,16.45,4.05,4.029e-05,28,14,3,Réussi
PRJ-1534,N'Djamena_Nord,Urbaine_Moyenne,13.6269,19.2478,Saison_Pluies,33.2,76.0,47.4,14,Inondable,1,2539,71.5,143.26,4,77,41,21568575.0,36663446.0,61939144.0,55954775.0,1.107,158,365,207,898.13,2048.69,-3.24,-13.96,10.72,17.11,3.659e-05,9,3,4,En_retard
PRJ-1535,Abéché,Urbaine_Dense,8.1337,14.1747,Saison_Pluies,31.4,81.7,4.8,14,Inondable,1,2638,44.96,74.43,5,87,17,18877370.0,37950811.0,58538254.0,70099693.0,0.835,48,75,27,134.01,940.63,2.83,-15.6,18.43,27.31,9.083e-05,25,16,8,En_retard
PRJ-1536,N'Djamena_Nord,Péri_Urbaine,7.8765,20.2492,Saison_Seche,45.2,22.5,1.2,2,Inondable,0,519,60.91,142.16,7,51,46,39674424.0,4141453.0,47879896.0,35443670.0,1.351,53,94,41,706.69,1113.25,0.2,-15.45,15.65,9.88,4.497e-05,27,8,6,En_retard
PRJ-1537,N'Djamena_Sud,Péri_Urbaine,7.6556,19.6707,Saison_Pluies,31.5,84.0,46.2,22,Inondable,1,3337,55.13,110.88,4,99,3,18541206.0,66660476.0,87314562.0,66001144.0,1.323,66,84,18,122.58,1209.52,1.12,-21.87,22.99,29.55,4.472e-05,19,11,2,Échoué
PRJ-1538,Doba,Urbaine_Moyenne,9.0104,22.9058,Saison_Pluies,34.1,76.6,32.9,11,Plat,0,3986,41.87,80.02,8,107,9,15026461.0,40699119.0,58031837.0,52647631.0,1.102,50,63,13,344.77,93.06,2.18,-10.61,12.79,8.23,4.1e-05,6,2,2,Réussi
PRJ-1539,Sarh,Rurale,10.8153,20.3585,Saison_Seche,45.0,25.9,41.9,1,Inondable,0,2069,59.71,147.63,9,40,18,58814765.0,38434604.0,99043394.0,95977516.0,1.032,48,79,31,686.99,483.75,-0.84,-16.5,15.66,14.7,3.632e-05,7,5,6,En_retard
PRJ-1540,N'Djamena_Centre,Urbaine_Moyenne,14.9866,17.1651,Saison_Pluies,33.4,90.4,23.0,22,Accidenté,0,2073,43.8,65.39,9,101,49,24050367.0,39851914.0,64948537.0,76555017.0,0.848,157,221,64,564.63,1277.23,-4.92,-17.43,12.51,10.95,7.285e-05,7,12,0,Réussi
PRJ-1541,N'Djamena_Nord,Urbaine_Moyenne,11.1565,23.6454,Saison_Seche,39.9,16.5,0.7,0,Sableux,1,1639,31.14,37.1,9,43,30,6801612.0,31525890.0,40719273.0,51109136.0,0.797,31,29,0,681.48,734.51,-1.36,-12.75,11.39,9.94,2.818e-05,26,9,12,En_retard
PRJ-1542,Doba,Rurale,9.822,21.917,Saison_Seche,39.2,27.3,19.9,2,Accidenté,1,2110,35.15,64.06,2,32,5,18902655.0,34377310.0,53856193.0,54866854.0,0.982,166,233,67,963.72,1332.14,-0.86,-20.42,19.56,11.96,3.788e-05,21,11,7,En_retard
PRJ-1543,Moundou,Urbaine_Dense,11.9955,20.1194,Saison_Pluies,31.5,81.9,36.5,21,Accidenté,0,4367,67.16,113.74,3,20,32,27844783.0,38460497.0,68856876.0,68676939.0,1.003,55,68,13,969.91,314.85,-1.33,-26.27,24.94,1.94,2.823e-05,24,16,2,Réussi
PRJ-1544,Kélo,Rurale,8.3955,16.5757,Saison_Seche,35.5,20.4,13.5,2,Sableux,0,1469,45.28,78.61,5,46,27,22477358.0,10003641.0,36243528.0,30002632.0,1.208,12,27,15,915.72,2016.9,3.31,-23.68,26.99,16.43,5.703e-05,26,10,12,Échoué
PRJ-1545,N'Djamena_Sud,Urbaine_Dense,12.376,17.4222,Saison_Seche,43.7,17.0,41.3,1,Plat,1,930,30.5,60.03,1,86,21,16066057.0,12599895.0,33489305.0,32508367.0,1.03,142,316,174,499.88,1970.17,-1.68,-13.45,11.77,22.5,9.604e-05,22,11,7,En_retard
PRJ-1546,Kélo,Urbaine_Moyenne,12.0475,20.5347,Saison_Seche,42.7,25.6,47.7,2,Plat,0,888,14.79,29.01,4,45,24,4700700.0,9235721.0,14790180.0,18549645.0,0.797,65,68,3,347.63,1691.15,-0.84,-14.83,13.99,26.05,3.903e-05,28,1,7,Réussi
PRJ-1547,Sarh,Urbaine_Dense,13.8359,14.2558,Saison_Seche,38.4,19.0,27.3,1,Inondable,1,801,39.88,65.77,5,37,38,15051798.0,13989934.0,30807540.0,28827839.0,1.069,76,155,79,286.8,1352.03,-4.38,-25.89,21.51,10.41,9.682e-05,23,1,12,Échoué
PRJ-1548,Sarh,Péri_Urbaine,15.3935,16.1951,Saison_Pluies,32.0,71.3,52.5,16,Plat,0,319,20.57,47.48,9,21,3,8611929.0,5159777.0,16495296.0,13631869.0,1.21,98,154,56,579.93,1005.21,2.17,-26.75,28.92,16.96,6.567e-05,18,1,1,Échoué
PRJ-1549,Abéché,Urbaine_Moyenne,9.507,20.996,Saison_Pluies,26.8,89.2,51.3,14,Plat,0,3419,76.47,153.86,8,57,16,41887158.0,31273677.0,74427581.0,67161739.0,1.108,169,385,216,459.04,1722.5,-2.85,-16.81,13.96,26.89,7.954e-05,24,15,13,En_retard
PRJ-1550,Bongor,Péri_Urbaine,11.5773,18.5402,Intersaison,33.2,36.5,52.7,5,Sableux,0,4877,39.53,92.73,1,75,15,34943370.0,25629749.0,61598847.0,62138254.0,0.991,106,134,28,994.58,1965.46,-2.65,-11.1,8.45,24.2,3.33e-05,17,9,2,Réussi
PRJ-1551,Abéché,Urbaine_Moyenne,14.7709,17.7251,Saison_Seche,40.7,14.1,39.7,1,Accidenté,0,4761,1.21,2.88,3,8,25,1148784.0,40752905.0,44437120.0,47065621.0,0.944,118,112,0,540.22,2031.05,0.87,-24.85,25.72,14.46,2.244e-05,6,6,12,En_retard
PRJ-1552,Doba,Urbaine_Moyenne,13.7815,15.0903,Saison_Seche,44.6,10.4,18.3,2,Plat,1,3553,7.88,10.51,3,68,8,4057525.0,47989425.0,55160237.0,52923927.0,1.042,50,108,58,335.69,901.57,4.84,-18.12,22.96,5.78,5.768e-05,21,19,9,Échoué
PRJ-1553,Kélo,Urbaine_Dense,11.3993,18.1394,Saison_Seche,43.8,21.0,28.9,0,Plat,1,4010,23.1,47.42,6,10,41,18798439.0,24801698.0,47791072.0,55204505.0,0.866,38,86,48,639.6,525.17,-0.9,-13.38,12.48,17.19,9.908e-05,4,8,0,En_retard
PRJ-1554,Bongor,Urbaine_Dense,15.063,21.5923,Saison_Pluies,32.5,93.5,42.6,13,Plat,0,2125,7.83,12.09,4,116,4,1859582.0,31607439.0,38457136.0,40405837.0,0.952,112,250,138,53.28,887.49,-1.73,-18.48,16.75,29.7,7.102e-05,2,17,5,Réussi
PRJ-1555,Moundou,Rurale,7.9579,16.2721,Saison_Pluies,26.2,86.3,12.6,19,Accidenté,1,1362,71.57,162.54,4,57,32,54022078.0,20532755.0,78539052.0,86316686.0,0.91,120,163,43,119.68,68.93,-4.64,-21.68,17.04,22.97,6.816e-05,6,12,2,En_retard
PRJ-1556,N'Djamena_Sud,Urbaine_Moyenne,14.948,13.5567,Intersaison,31.3,63.2,44.3,2,Plat,1,2334,68.42,145.46,1,68,45,31744783.0,17600481.0,50841296.0,61912057.0,0.821,118,101,0,667.03,1086.91,2.87,-13.77,16.64,25.59,4.501e-05,4,2,8,Réussi
PRJ-1557,Kélo,Péri_Urbaine,7.9041,20.5193,Saison_Pluies,26.0,84.2,32.9,16,Sableux,0,433,77.68,107.06,4,43,35,39227265.0,6038087.0,49131253.0,59911296.0,0.82,20,21,1,132.11,720.03,-2.39,-14.12,11.73,6.47,8.795e-05,25,8,0,Réussi
PRJ-1558,Abéché,Péri_Urbaine,11.8784,23.7126,Saison_Pluies,29.3,83.6,5.8,16,Accidenté,1,4230,56.66,136.79,1,11,30,48346151.0,59662337.0,110925679.0,91192554.0,1.216,104,246,142,757.86,1985.6,2.69,-13.05,15.74,27.21,6.97e-05,29,1,13,Échoué
PRJ-1559,N'Djamena_Centre,Urbaine_Moyenne,14.6235,19.8717,Saison_Pluies,26.3,84.6,33.4,20,Plat,1,4391,51.81,106.57,5,50,39,27273250.0,53437031.0,83238924.0,89399174.0,0.931,141,200,59,71.29,1703.29,-2.18,-10.99,8.81,1.41,6.749e-05,17,13,14,En_retard
PRJ-1560,Bongor,Urbaine_Moyenne,9.6018,14.7592,Intersaison,32.6,42.2,4.0,8,Plat,0,2858,73.92,179.48,3,21,48,48157206.0,55155648.0,108023632.0,122065032.0,0.885,102,234,132,597.95,113.66,-4.7,-25.29,20.59,26.0,2.925e-05,17,11,7,En_retard
PRJ-1561,Bongor,Urbaine_Dense,11.278,16.8677,Saison_Seche,42.7,11.4,0.9,1,Accidenté,0,853,75.74,104.72,5,96,49,22648100.0,5648948.0,31956465.0,25166092.0,1.27,63,155,92,681.7,403.5,-0.02,-21.87,21.85,7.93,9.577e-05,5,19,13,Échoué
PRJ-1562,N'Djamena_Sud,Urbaine_Dense,10.0946,22.6102,Saison_Seche,44.3,31.3,53.4,1,Plat,1,4385,70.26,162.83,3,110,30,36180990.0,48670803.0,88419412.0,106603916.0,0.829,130,191,61,781.8,1378.37,4.06,-10.25,14.31,19.06,2.504e-05,4,2,6,En_retard
PRJ-1563,N'Djamena_Nord,Urbaine_Dense,15.1172,15.942,Saison_Pluies,27.8,70.4,29.4,14,Accidenté,1,1146,68.99,140.42,5,74,17,55507128.0,20907408.0,76967438.0,62211388.0,1.237,11,23,12,886.84,1564.34,-2.89,-17.3,14.41,9.5,5.237e-05,13,18,11,En_retard
PRJ-1564,Sarh,Urbaine_Moyenne,14.0892,19.8808,Saison_Pluies,31.7,85.6,32.6,16,Sableux,0,3792,53.9,100.97,4,14,19,37582369.0,40933541.0,82908732.0,97796458.0,0.848,109,119,10,319.11,1933.75,-3.46,-15.94,12.48,4.92,3.396e-05,18,4,6,Réussi
PRJ-1565,Sarh,Urbaine_Moyenne,13.172,17.728,Intersaison,30.6,55.4,16.8,6,Plat,0,4533,0.63,1.42,9,15,31,281113.0,51538370.0,55889335.0,44537063.0,1.255,87,126,39,721.97,2422.3,-3.15,-12.09,8.94,8.17,1.808e-05,13,7,10,Échoué
PRJ-1566,N'Djamena_Centre,Urbaine_Moyenne,12.201,15.6824,Saison_Pluies,28.5,89.3,32.6,23,Plat,0,3769,34.65,68.82,6,51,17,15063402.0,56625864.0,73534504.0,84201943.0,0.873,57,114,57,89.92,1769.7,1.9,-15.56,17.46,14.71,1.441e-05,11,5,7,Réussi
PRJ-1567,Doba,Urbaine_Moyenne,14.0647,22.0408,Saison_Seche,43.5,26.0,10.1,1,Inondable,0,4821,51.04,103.99,2,71,2,18423076.0,72235228.0,92472814.0,72950766.0,1.268,77,89,12,831.5,1385.0,-1.33,-15.7,14.37,27.67,2.929e-05,3,9,8,En_retard
PRJ-1568,Doba,Urbaine_Moyenne,10.6381,21.2997,Intersaison,28.2,63.6,44.7,2,Plat,0,2746,44.0,64.03,1,14,37,25433849.0,14673332.0,40847834.0,37878098.0,1.078,53,71,18,891.33,1065.34,-2.44,-26.12,23.68,12.28,6.89e-05,11,13,7,Réussi
PRJ-1569,Moundou,Péri_Urbaine,11.0804,20.4467,Intersaison,34.6,48.8,49.4,3,Plat,0,4316,65.78,147.6,1,127,48,55616043.0,51081851.0,107426748.0,84449207.0,1.272,137,241,104,751.17,1858.57,-1.62,-18.88,17.26,2.62,9.748e-05,3,18,5,En_retard
PRJ-1570,Kélo,Péri_Urbaine,13.34,15.9815,Saison_Seche,44.2,18.9,51.4,1,Plat,0,858,65.6,131.88,1,55,29,37984671.0,8582297.0,50075643.0,43186690.0,1.16,103,203,100,288.52,2340.14,-1.91,-15.88,13.97,1.69,8.533e-05,18,15,0,En_retard
PRJ-1571,N'Djamena_Nord,Urbaine_Dense,10.362,14.5275,Intersaison,31.3,59.8,6.4,7,Sableux,1,2201,48.1,109.77,9,69,30,35480219.0,31728359.0,68546647.0,88473765.0,0.775,92,129,37,71.72,1086.13,0.44,-13.47,13.91,7.09,2.18e-05,25,18,0,En_retard
PRJ-1572,Abéché,Urbaine_Dense,8.0112,19.5497,Saison_Seche,44.9,11.6,33.5,1,Sableux,0,3343,2.25,3.58,5,32,43,1206413.0,44580693.0,50443071.0,38569044.0,1.308,28,40,12,427.39,1482.35,-3.67,-20.56,16.89,2.51,7.84e-06,6,1,12,En_retard
PRJ-1573,Bongor,Péri_Urbaine,8.0947,19.3136,Saison_Seche,38.1,16.9,48.5,2,Plat,0,1355,29.86,46.71,4,88,22,9386506.0,20003763.0,33681089.0,31790869.0,1.059,168,166,0,277.93,557.23,0.09,-25.78,25.87,11.76,6.867e-05,3,4,10,En_retard
PRJ-1574,N'Djamena_Centre,Urbaine_Moyenne,8.4229,15.478,Intersaison,30.3,41.6,7.7,2,Accidenté,0,3509,18.69,21.18,5,97,38,8126058.0,51956046.0,62152087.0,68749631.0,0.904,71,176,105,534.89,2150.79,-1.88,-21.42,19.54,12.14,3e-06,25,13,6,Réussi
PRJ-1575,Sarh,Péri_Urbaine,14.4575,14.0906,Saison_Pluies,25.4,87.9,6.0,22,Plat,0,2469,27.43,59.69,9,125,11,16813818.0,21784179.0,40808305.0,30882058.0,1.321,152,280,128,399.92,1798.14,4.33,-20.26,24.59,29.19,8.591e-05,15,14,10,Échoué
PRJ-1576,Moundou,Urbaine_Dense,11.2778,14.3474,Saison_Seche,39.1,16.1,49.0,2,Inondable,0,4274,49.57,77.45,3,75,33,13407593.0,37170856.0,52551194.0,40223724.0,1.306,166,282,116,144.63,919.03,-0.78,-14.48,13.7,9.88,8.255e-05,11,8,2,En_retard
PRJ-1577,Doba,Urbaine_Moyenne,13.2031,23.9241,Saison_Seche,41.0,22.6,47.8,0,Plat,0,1246,5.78,9.01,3,71,19,2245929.0,13150578.0,16312284.0,12820766.0,1.272,76,88,12,838.32,2191.42,-4.0,-27.64,23.64,18.37,7.937e-05,16,5,2,En_retard
PRJ-1578,N'Djamena_Centre,Urbaine_Dense,10.6433,21.7276,Saison_Pluies,34.4,88.7,26.9,17,Plat,0,4617,2.27,4.69,2,120,3,1408931.0,39841833.0,41892200.0,45536479.0,0.92,95,155,60,866.02,2428.58,4.34,-21.06,25.4,24.75,5.524e-05,6,7,10,Échoué
PRJ-1579,Bongor,Urbaine_Dense,9.5697,23.1809,Saison_Seche,36.9,19.5,6.6,2,Inondable,0,3574,35.23,51.23,8,25,40,12203283.0,54475341.0,69213223.0,86212139.0,0.803,93,145,52,815.01,756.87,4.38,-19.94,24.32,15.88,9.735e-05,27,9,8,En_retard
PRJ-1580,Abéché,Urbaine_Moyenne,10.2775,15.5481,Saison_Pluies,34.2,76.1,31.0,14,Plat,1,1575,63.59,150.88,7,11,22,49005991.0,22117709.0,75867381.0,90706561.0,0.836,134,166,32,218.25,507.24,-3.25,-18.1,14.85,21.2,4.584e-05,15,6,14,En_retard
PRJ-1581,Moundou,Urbaine_Moyenne,13.8535,23.586,Saison_Pluies,28.1,70.4,23.7,15,Plat,0,1649,2.94,5.45,2,24,18,2019293.0,13597333.0,20244248.0,26111702.0,0.775,16,25,9,434.21,2088.14,3.16,-10.54,13.7,29.26,9.865e-05,22,12,9,Réussi
PRJ-1582,Bongor,Péri_Urbaine,12.5017,14.9979,Saison_Seche,46.0,25.0,31.1,0,Inondable,0,1094,68.0,167.09,4,54,45,57307364.0,19978160.0,81429798.0,85247449.0,0.955,138,158,20,179.75,1476.95,3.62,-14.67,18.29,10.4,8.819e-05,19,11,3,Réussi
PRJ-1583,Sarh,Rurale,15.0011,18.8454,Saison_Pluies,28.8,85.4,26.4,22,Inondable,0,2203,31.02,37.45,7,125,30,11634386.0,26237596.0,41200659.0,52608560.0,0.783,31,62,31,668.55,2216.7,-1.44,-24.0,22.56,3.15,1.265e-05,25,15,2,Échoué
PRJ-1584,Sarh,Urbaine_Moyenne,12.9376,22.2118,Intersaison,28.4,46.6,34.1,8,Inondable,1,1917,9.9,15.56,1,88,1,4326293.0,13238415.0,21917709.0,19352471.0,1.133,66,155,89,806.93,901.42,-3.4,-16.59,13.19,13.48,8.949e-05,14,17,12,En_retard
PRJ-1585,Sarh,Péri_Urbaine,12.0615,17.1729,Saison_Pluies,33.1,75.4,43.6,22,Sableux,1,1425,45.62,74.55,1,52,20,15925063.0,11677139.0,30420010.0,28987311.0,1.049,103,83,0,585.72,1474.07,2.98,-21.77,24.75,16.68,3.049e-05,14,3,1,En_retard
PRJ-1586,N'Djamena_Centre,Urbaine_Dense,12.3816,17.9607,Saison_Seche,44.6,33.8,46.5,1,Accidenté,0,661,76.21,161.76,8,96,49,42662023.0,8657618.0,52630362.0,49347534.0,1.067,134,234,100,550.65,1464.17,-4.72,-13.39,8.67,17.82,7.683e-05,4,17,4,En_retard
PRJ-1587,N'Djamena_Centre,Urbaine_Moyenne,15.039,14.8459,Saison_Seche,40.9,20.2,38.9,0,Plat,0,3366,43.63,61.0,6,65,5,13617532.0,33917029.0,51113328.0,37231689.0,1.373,82,168,86,717.83,511.17,1.19,-24.92,26.11,22.42,2e-08,5,8,8,Échoué
PRJ-1588,Doba,Péri_Urbaine,13.8056,14.7907,Saison_Pluies,30.5,79.2,11.9,23,Plat,0,1648,55.09,89.55,2,10,12,34342948.0,29282206.0,68268061.0,81773065.0,0.835,36,84,48,122.42,2480.23,-1.58,-25.4,23.82,27.04,2.758e-05,6,12,13,Échoué
PRJ-1589,Doba,Urbaine_Moyenne,7.6923,20.0055,Intersaison,30.0,37.2,23.8,5,Plat,0,4999,65.41,155.34,1,19,11,58536429.0,62092735.0,121217387.0,86649935.0,1.399,47,66,19,255.18,1676.95,0.96,-26.17,27.13,15.5,7.584e-05,11,13,14,Échoué
PRJ-1590,Abéché,Urbaine_Moyenne,11.7731,20.5931,Saison_Seche,45.1,17.1,4.3,1,Plat,0,2027,64.05,80.73,3,98,24,15254466.0,37964538.0,54850502.0,62415799.0,0.879,137,321,184,320.54,1677.16,2.89,-18.21,21.1,5.16,9.723e-05,26,12,11,Échoué
PRJ-1591,Moundou,Urbaine_Dense,13.0067,21.662,Saison_Seche,42.2,15.4,27.1,1,Accidenté,0,4447,6.31,13.53,4,24,18,4812013.0,29027335.0,35533820.0,33552414.0,1.059,85,187,102,537.18,777.33,3.29,-25.78,29.07,12.7,1.71e-05,3,5,7,En_retard
PRJ-1592,N'Djamena_Sud,Urbaine_Moyenne,13.4896,19.3452,Saison_Seche,43.7,24.8,58.2,0,Plat,0,688,59.41,123.78,5,125,8,40318695.0,10339881.0,51604254.0,36316423.0,1.421,150,254,104,976.27,1643.44,4.98,-27.25,32.23,5.51,4.594e-05,25,1,7,Échoué
PRJ-1593,N'Djamena_Sud,Rurale,9.2051,20.2805,Saison_Pluies,29.5,74.5,38.5,23,Accidenté,0,4216,75.98,97.46,3,29,29,38380034.0,77097034.0,116991792.0,102247099.0,1.144,106,131,25,864.38,2090.79,1.4,-22.02,23.42,6.29,5.872e-05,22,17,0,Réussi
PRJ-1594,Bongor,Rurale,14.4374,13.6419,Saison_Seche,46.6,30.9,9.3,2,Plat,1,1972,56.2,115.99,5,46,22,30833232.0,18524883.0,51586034.0,46823437.0,1.102,152,290,138,254.57,2043.08,-2.77,-13.63,10.86,1.05,9.526e-05,28,5,8,En_retard
PRJ-1595,Sarh,Péri_Urbaine,15.1467,15.2028,Intersaison,29.7,61.2,16.1,6,Plat,1,695,67.0,127.15,7,46,45,42028618.0,4889543.0,51647420.0,66047830.0,0.782,89,111,22,240.65,2303.33,-2.24,-25.19,22.95,27.96,4.533e-05,10,8,7,En_retard
PRJ-1596,Moundou,Péri_Urbaine,9.3937,23.8416,Saison_Seche,42.8,29.1,3.9,0,Inondable,0,4319,39.1,58.75,9,114,2,16418920.0,51178729.0,71968845.0,78924451.0,0.912,107,149,42,441.29,414.26,-0.64,-21.56,20.92,22.61,9.335e-05,10,2,13,Échoué
PRJ-1597,N'Djamena_Centre,Urbaine_Moyenne,14.5609,14.2979,Saison_Pluies,26.3,81.7,10.9,11,Plat,1,2048,25.87,39.73,5,119,23,6648820.0,39772187.0,51178035.0,52515980.0,0.975,57,91,34,974.9,497.93,3.48,-20.16,23.64,3.91,9.782e-05,11,5,10,Échoué
PRJ-1598,Kélo,Urbaine_Moyenne,8.2758,20.6273,Saison_Pluies,31.8,92.0,29.3,21,Plat,0,139,54.26,122.96,4,107,16,19881548.0,2015768.0,22939889.0,17806638.0,1.288,24,40,16,160.93,1789.91,-1.33,-12.23,10.9,27.68,9.416e-05,13,14,13,En_retard
PRJ-1599,N'Djamena_Nord,Urbaine_Dense,7.9457,15.3489,Saison_Pluies,27.3,90.5,20.7,18,Sableux,0,3328,39.63,56.41,9,23,44,10183577.0,48787330.0,59597125.0,55703204.0,1.07,108,121,13,957.37,2028.96,1.88,-19.43,21.31,26.24,7.487e-05,16,2,13,En_retard
PRJ-1600,Abéché,Urbaine_Moyenne,8.5338,21.0255,Saison_Seche,46.6,32.8,12.2,0,Inondable,1,2416,71.68,130.31,8,108,8,29195664.0,36415205.0,66605343.0,48052998.0,1.386,49,97,48,198.51,1702.06,-4.55,-18.78,14.23,27.39,1.262e-05,4,12,12,Échoué
PRJ-1601,Sarh,Urbaine_Moyenne,7.9619,20.9129,Saison_Pluies,30.9,87.9,8.8,19,Accidenté,0,873,77.96,160.1,5,58,4,34386002.0,4885675.0,43886007.0,50776604.0,0.864,39,97,58,887.57,400.0,-0.7,-23.42,22.72,3.82,6.024e-05,29,14,2,En_retard
PRJ-1602,Sarh,Rurale,14.2601,15.9591,Saison_Seche,35.4,11.6,39.4,2,Accidenté,1,600,65.67,84.18,9,125,14,27954635.0,7010848.0,36174182.0,28854916.0,1.254,121,147,26,831.98,1507.62,-3.33,-15.97,12.64,3.32,7.535e-05,10,5,7,En_retard
PRJ-1603,Sarh,Urbaine_Moyenne,7.9724,16.3312,Saison_Seche,39.3,17.3,33.5,0,Accidenté,0,109,79.42,191.03,9,36,9,62845180.0,671830.0,66593875.0,70367179.0,0.946,32,56,24,883.5,1883.53,4.38,-27.54,31.92,2.96,9.549e-05,8,18,8,Réussi
PRJ-1604,N'Djamena_Centre,Urbaine_Moyenne,9.6733,20.3751,Saison_Pluies,29.1,82.2,50.6,11,Plat,0,4272,28.2,41.31,1,85,11,16228578.0,41600234.0,59352933.0,66453617.0,0.893,18,28,10,892.85,385.6,2.91,-10.64,13.55,29.04,7.78e-05,26,18,14,Réussi
PRJ-1605,N'Djamena_Centre,Urbaine_Moyenne,8.3301,17.5959,Saison_Pluies,33.7,77.9,11.0,23,Plat,1,4228,71.71,110.89,6,78,48,25238310.0,73245810.0,99076979.0,91141456.0,1.087,169,224,55,225.95,186.79,-3.61,-19.03,15.42,20.15,5.389e-05,24,16,11,En_retard
PRJ-1606,N'Djamena_Nord,Urbaine_Moyenne,9.8634,15.5428,Saison_Seche,44.0,13.0,50.9,2,Accidenté,0,1293,26.73,54.33,5,48,38,20896025.0,19193356.0,40970177.0,44229596.0,0.926,44,67,23,780.91,674.26,-0.98,-26.89,25.91,6.16,2.052e-05,17,5,1,En_retard
PRJ-1607,Moundou,Péri_Urbaine,8.2245,21.1826,Saison_Seche,46.2,20.4,34.7,0,Plat,0,3529,9.88,11.95,6,64,44,3623391.0,70345641.0,77663119.0,89975808.0,0.863,58,119,61,685.25,272.34,-4.19,-17.93,13.74,27.95,4.571e-05,25,2,14,En_retard
PRJ-1608,Sarh,Urbaine_Dense,12.844,15.1185,Intersaison,31.2,58.5,16.0,9,Plat,1,995,49.9,98.74,3,35,16,27037696.0,7544405.0,35902750.0,29098255.0,1.234,105,158,53,880.13,413.92,2.47,-18.75,21.22,13.85,6.383e-05,5,18,0,Échoué
PRJ-1609,N'Djamena_Sud,Urbaine_Moyenne,8.5666,22.4843,Intersaison,36.7,69.9,16.4,6,Plat,0,1690,36.67,87.36,3,84,13,27689656.0,18515325.0,47736107.0,50624915.0,0.943,25,42,17,495.41,548.27,-3.09,-23.67,20.58,23.78,3.246e-05,15,3,14,En_retard
PRJ-1610,Doba,Péri_Urbaine,14.3148,18.904,Saison_Seche,38.0,29.7,23.4,1,Plat,0,2002,73.78,106.89,5,87,36,34812883.0,34323496.0,71334033.0,81344329.0,0.877,41,66,25,419.32,1350.19,3.04,-24.24,27.28,19.45,4.565e-05,6,9,14,En_retard
PRJ-1611,N'Djamena_Sud,Urbaine_Moyenne,14.0375,14.6099,Saison_Pluies,31.3,88.3,27.6,12,Sableux,1,2683,39.63,63.67,7,28,44,12287180.0,22095509.0,37840276.0,34594672.0,1.094,34,59,25,728.96,431.85,-4.26,-23.13,18.87,19.84,1.74e-06,17,6,0,Réussi
PRJ-1612,Bongor,Urbaine_Dense,7.6093,20.7878,Saison_Seche,37.6,15.5,5.0,2,Plat,0,3551,74.25,105.83,4,11,36,35763013.0,25942994.0,64318183.0,51293410.0,1.254,103,133,30,277.15,1531.47,0.73,-25.66,26.39,13.75,8.79e-05,29,18,0,En_retard
PRJ-1613,N'Djamena_Sud,Péri_Urbaine,14.6658,18.9512,Saison_Pluies,30.4,79.2,50.5,16,Plat,1,939,6.75,15.16,6,110,17,5022405.0,10717923.0,20491074.0,17861447.0,1.147,46,77,31,821.85,762.12,1.08,-18.43,19.51,12.45,3.48e-06,23,1,4,En_retard
PRJ-1614,Bongor,Péri_Urbaine,7.7316,16.6296,Intersaison,37.5,49.6,7.3,7,Accidenté,1,623,66.53,88.79,5,106,14,35461223.0,6700924.0,44615967.0,56209194.0,0.794,46,47,1,293.12,810.86,-1.66,-12.18,10.52,5.7,4.093e-05,21,18,1,Réussi
PRJ-1615,Kélo,Urbaine_Dense,9.4172,17.9367,Saison_Seche,40.2,21.6,29.0,1,Accidenté,0,562,60.85,96.46,2,123,29,36460621.0,11073136.0,48929846.0,44744816.0,1.094,172,354,182,52.78,2420.13,-3.36,-11.38,8.02,3.05,5.11e-05,15,2,3,Réussi
PRJ-1616,Doba,Péri_Urbaine,7.7591,16.6325,Saison_Pluies,33.6,90.9,23.0,18,Accidenté,0,4210,57.74,112.1,1,22,17,36002603.0,49862284.0,88777530.0,67881106.0,1.308,54,53,0,555.96,2022.62,-1.76,-10.85,9.09,27.91,9.724e-05,14,17,0,Réussi
PRJ-1617,N'Djamena_Sud,Péri_Urbaine,10.1867,16.2618,Saison_Pluies,27.3,86.0,30.7,15,Accidenté,1,2014,28.73,47.87,6,60,1,15705713.0,36079189.0,54313905.0,40715653.0,1.334,145,309,164,837.61,1089.15,-0.04,-17.19,17.15,28.16,9.352e-05,25,12,1,En_retard
PRJ-1618,Kélo,Urbaine_Moyenne,11.6109,15.2179,Saison_Pluies,33.1,78.6,53.2,18,Accidenté,0,4101,62.81,74.85,5,97,20,28929256.0,75128199.0,108099578.0,87376569.0,1.237,45,99,54,693.56,1146.26,4.69,-16.81,21.5,19.6,6.464e-05,15,2,6,Échoué
PRJ-1619,Abéché,Rurale,13.8732,17.3091,Saison_Pluies,26.8,72.9,59.3,21,Inondable,1,2280,38.92,94.45,9,53,33,37004997.0,16799213.0,58512256.0,45435200.0,1.288,127,106,0,989.4,331.24,-0.53,-22.41,21.88,12.25,5.841e-05,6,1,14,Échoué
PRJ-1620,Moundou,Péri_Urbaine,10.2039,16.1354,Intersaison,39.1,44.3,1.2,6,Plat,0,2333,57.36,90.23,7,14,2,32188767.0,36697092.0,73149188.0,72931657.0,1.003,91,201,110,149.32,2119.13,-3.11,-12.06,8.95,1.73,3.666e-05,20,10,8,Réussi
PRJ-1621,Kélo,Péri_Urbaine,13.1439,20.6761,Saison_Seche,45.4,13.8,23.6,1,Plat,0,661,44.4,76.54,1,25,17,26165075.0,6057475.0,34473229.0,31319993.0,1.101,112,213,101,351.12,59.77,-4.74,-19.21,14.47,13.98,4.11e-06,18,2,5,En_retard
PRJ-1622,Moundou,Péri_Urbaine,9.0,20.6807,Saison_Seche,39.6,30.0,49.1,0,Sableux,0,487,13.02,17.38,6,96,23,3090885.0,3127068.0,7690476.0,9265819.0,0.83,147,142,0,386.14,403.98,-4.92,-22.97,18.05,20.11,2.677e-05,2,5,9,Réussi
PRJ-1623,N'Djamena_Sud,Urbaine_Dense,13.5048,18.7693,Saison_Seche,38.8,24.0,19.6,2,Plat,1,1509,5.63,13.01,7,108,22,4652123.0,27343946.0,36611269.0,44982330.0,0.814,10,25,15,67.57,1358.46,-0.83,-10.62,9.79,9.71,8.477e-05,25,17,9,En_retard
PRJ-1624,Kélo,Urbaine_Dense,9.388,21.6684,Intersaison,39.1,62.1,38.9,2,Plat,0,573,29.61,44.65,3,28,1,9523797.0,5378462.0,17138987.0,16864208.0,1.016,152,281,129,52.57,511.65,-2.04,-15.3,13.26,10.93,6.483e-05,20,1,12,En_retard
PRJ-1625,Doba,Urbaine_Moyenne,8.6484,22.3341,Saison_Pluies,25.8,84.9,59.5,11,Plat,1,3627,74.66,84.2,9,123,12,24497659.0,36924619.0,65388208.0,80631263.0,0.811,105,156,51,39.15,1600.31,-3.85,-19.64,15.79,14.7,8.144e-05,12,14,4,En_retard
PRJ-1626,N'Djamena_Sud,Urbaine_Dense,8.9833,19.5875,Saison_Pluies,29.9,73.6,38.8,22,Plat,1,4945,42.61,65.75,2,15,13,16525810.0,48756887.0,70235570.0,68147957.0,1.031,101,233,132,414.79,58.92,-3.28,-26.76,23.48,15.35,8.37e-05,11,6,9,Échoué
PRJ-1627,Sarh,Urbaine_Moyenne,8.9565,19.9988,Saison_Seche,39.2,11.3,6.7,1,Plat,0,3448,64.27,159.24,1,66,14,37644627.0,27599279.0,68342398.0,74163617.0,0.922,96,84,0,846.31,291.11,-1.5,-25.48,23.98,22.54,6.22e-06,5,11,10,En_retard
PRJ-1628,N'Djamena_Centre,Rurale,11.6029,16.4703,Intersaison,37.9,44.9,50.6,5,Plat,0,2311,46.29,60.44,9,27,10,13753878.0,26617060.0,43030400.0,34317643.0,1.254,140,283,143,712.55,1923.47,1.87,-24.46,26.33,15.49,3.371e-05,24,7,6,Échoué
PRJ-1629,Kélo,Péri_Urbaine,14.2584,22.8961,Intersaison,36.6,55.1,58.0,6,Plat,0,1073,76.65,87.66,7,89,12,31895684.0,12258373.0,47803476.0,34970611.0,1.367,124,129,5,452.3,1462.48,1.1,-11.75,12.85,25.51,6.76e-05,18,9,8,Réussi
PRJ-1630,Doba,Urbaine_Moyenne,8.1368,13.7542,Saison_Pluies,32.0,74.7,42.8,14,Plat,1,1629,29.87,57.04,1,124,22,19523881.0,18132846.0,39029416.0,31069410.0,1.256,41,71,30,271.38,97.67,-4.2,-10.51,6.31,15.0,8.531e-05,23,3,12,En_retard
PRJ-1631,Abéché,Rurale,13.1557,17.1603,Saison_Seche,46.8,18.0,25.1,2,Plat,1,371,5.04,8.17,4,90,18,2294644.0,6954197.0,11945920.0,10167258.0,1.175,157,151,0,25.41,554.24,-3.57,-23.19,19.62,1.93,8.014e-05,18,6,13,Échoué
PRJ-1632,Sarh,Péri_Urbaine,12.7348,21.0789,Saison_Seche,39.3,31.5,56.9,1,Inondable,0,3176,62.56,138.44,3,123,39,43763670.0,32065768.0,77734926.0,89440961.0,0.869,65,127,62,183.63,635.46,4.08,-19.03,23.11,5.1,4.221e-05,17,9,1,En_retard
PRJ-1633,Abéché,Urbaine_Moyenne,14.4802,14.3409,Saison_Pluies,28.7,84.6,58.1,14,Inondable,0,2881,56.58,120.21,7,74,19,47619026.0,15717825.0,64575876.0,51925665.0,1.244,87,138,51,393.32,2130.2,-4.29,-13.75,9.46,21.83,9.321e-05,20,6,5,Échoué
PRJ-1634,N'Djamena_Sud,Urbaine_Dense,9.4532,15.4233,Saison_Pluies,29.0,71.0,56.1,19,Accidenté,0,4325,42.44,57.7,5,62,30,14389444.0,33201101.0,50836159.0,39570501.0,1.285,108,88,0,376.75,1477.22,-3.01,-21.08,18.07,14.1,3.007e-05,21,10,2,Réussi
PRJ-1635,N'Djamena_Centre,Urbaine_Moyenne,11.1009,19.6875,Saison_Seche,46.9,30.2,24.7,1,Sableux,0,2477,26.45,50.0,9,69,15,14388758.0,39192224.0,56671659.0,71211659.0,0.796,113,104,0,266.77,1376.49,-1.82,-19.14,17.32,14.38,3.758e-05,28,8,9,En_retard
PRJ-1636,Kélo,Péri_Urbaine,14.9066,19.3799,Saison_Pluies,34.4,73.7,47.4,12,Inondable,0,3030,15.47,17.72,3,109,39,5021510.0,42004524.0,50951450.0,56723304.0,0.898,51,102,51,997.16,262.42,-2.7,-12.02,9.32,29.36,1.814e-05,15,16,11,Échoué
PRJ-1637,Kélo,Urbaine_Moyenne,12.7799,21.2587,Saison_Seche,42.6,24.3,39.3,0,Inondable,0,3807,38.84,66.62,6,25,14,25581620.0,73383816.0,103393802.0,101737780.0,1.016,82,121,39,452.91,1659.51,-2.09,-24.26,22.17,17.57,2.269e-05,24,7,9,Échoué
PRJ-1638,N'Djamena_Sud,Péri_Urbaine,10.6101,22.0324,Saison_Pluies,30.5,73.5,10.8,15,Plat,0,499,53.46,112.25,2,98,9,26703220.0,7692847.0,35887759.0,27166353.0,1.321,69,134,65,275.15,431.93,2.28,-10.11,12.39,4.39,8.7e-07,17,18,3,En_retard
PRJ-1639,N'Djamena_Sud,Urbaine_Dense,8.5513,14.8501,Saison_Pluies,32.7,80.9,32.1,12,Inondable,0,1334,46.52,78.2,3,86,5,31011280.0,10556776.0,45576718.0,55196803.0,0.826,161,236,75,412.99,1328.27,-4.05,-19.79,15.74,13.58,3.085e-05,3,18,4,En_retard
PRJ-1640,N'Djamena_Centre,Péri_Urbaine,9.5999,13.693,Saison_Seche,38.2,26.2,44.9,1,Sableux,0,3568,35.28,44.63,4,117,33,10094164.0,24296879.0,36544276.0,27954729.0,1.307,50,71,21,286.62,1501.96,-1.48,-23.35,21.87,17.28,3.066e-05,9,15,4,En_retard
PRJ-1641,Doba,Péri_Urbaine,12.1497,20.7412,Saison_Pluies,32.3,75.5,53.8,10,Plat,0,1710,43.41,51.49,6,63,48,9125406.0,21907488.0,34362519.0,36652022.0,0.938,13,29,16,358.57,2112.6,1.12,-11.94,13.06,2.09,6.73e-06,7,6,9,Réussi
PRJ-1642,Doba,Péri_Urbaine,13.2453,16.6646,Saison_Seche,45.6,24.2,51.8,0,Inondable,0,953,9.08,20.84,1,92,5,4123056.0,14274931.0,22724067.0,25010242.0,0.909,85,192,107,134.62,2025.8,-4.51,-26.62,22.11,11.57,3.405e-05,11,5,7,En_retard
PRJ-1643,N'Djamena_Centre,Rurale,8.4954,20.0728,Saison_Seche,46.6,15.8,9.3,0,Inondable,0,1227,55.82,131.06,6,29,24,33624142.0,9183544.0,44460519.0,41796591.0,1.064,10,24,14,10.84,515.76,-4.56,-16.44,11.88,29.07,3.014e-05,3,18,4,Réussi
PRJ-1644,Doba,Péri_Urbaine,12.2968,15.0807,Intersaison,34.0,43.6,29.3,4,Plat,0,379,58.87,93.03,4,15,8,29066199.0,5315625.0,37586150.0,46859782.0,0.802,23,51,28,496.71,2294.67,-0.01,-26.89,26.88,22.79,7.991e-05,20,8,1,Réussi
PRJ-1645,Bongor,Rurale,11.9028,18.4249,Saison_Seche,45.0,16.1,28.7,0,Accidenté,0,686,1.41,1.88,8,18,19,524908.0,12331145.0,15517488.0,11334289.0,1.369,147,149,2,494.25,56.75,4.0,-10.97,14.97,11.79,1.562e-05,5,3,13,En_retard
PRJ-1646,Moundou,Rurale,11.6116,18.7965,Saison_Seche,35.6,21.5,53.9,1,Plat,0,1939,22.01,54.37,9,114,12,13270061.0,30856342.0,48184001.0,57380888.0,0.84,106,97,0,165.39,858.81,-0.55,-16.49,15.94,8.6,7.251e-05,7,16,1,Réussi
PRJ-1647,N'Djamena_Centre,Péri_Urbaine,13.021,19.6433,Saison_Seche,45.2,22.0,0.1,2,Plat,0,1917,7.82,14.58,8,19,8,4235611.0,28683815.0,36557012.0,37736949.0,0.969,173,156,0,834.35,212.6,-0.93,-20.84,19.91,9.21,1.3e-05,14,17,11,En_retard
PRJ-1648,N'Djamena_Centre,Péri_Urbaine,14.1996,18.8883,Saison_Seche,42.6,14.4,44.3,2,Plat,0,2565,79.86,141.14,8,55,8,50768279.0,43194512.0,97926134.0,104459984.0,0.937,51,126,75,199.89,1816.36,-4.9,-20.36,15.46,25.02,4.962e-05,2,17,0,En_retard
PRJ-1649,N'Djamena_Nord,Urbaine_Dense,10.0839,18.7048,Saison_Seche,40.9,31.9,37.1,2,Accidenté,0,462,47.67,101.93,2,110,38,36667560.0,3031293.0,41494597.0,53614975.0,0.774,131,216,85,772.49,1275.55,2.33,-25.03,27.36,12.65,7.364e-05,6,12,1,En_retard
PRJ-1650,Sarh,Urbaine_Moyenne,14.6121,16.9937,Saison_Seche,45.7,23.1,55.3,1,Accidenté,0,3883,37.53,50.16,2,70,20,16630898.0,31287163.0,51587664.0,54145828.0,0.953,57,57,0,198.37,478.61,-3.36,-21.52,18.16,25.45,6.065e-05,25,7,0,Réussi
PRJ-1651,Sarh,Urbaine_Moyenne,8.7851,14.2474,Saison_Pluies,28.5,80.3,27.4,14,Sableux,0,2465,37.31,71.34,6,34,29,27687918.0,13733729.0,44647773.0,52604756.0,0.849,27,47,20,288.45,258.57,1.98,-11.73,13.71,27.35,6.459e-05,29,6,14,Réussi
PRJ-1652,Bongor,Urbaine_Dense,8.8842,14.44,Saison_Seche,38.6,16.6,39.5,2,Accidenté,0,2636,77.2,181.13,5,42,41,53895443.0,18912428.0,75362933.0,59696370.0,1.262,98,197,99,277.19,603.91,-1.51,-13.5,11.99,14.46,2.064e-05,8,2,2,En_retard
PRJ-1653,N'Djamena_Sud,Urbaine_Dense,9.6342,18.0547,Saison_Pluies,31.4,83.2,58.4,11,Plat,0,1614,52.96,59.97,6,9,34,9110307.0,30178145.0,41490999.0,49190639.0,0.843,85,82,0,237.29,2305.84,-4.55,-16.09,11.54,28.41,8.274e-05,15,5,4,Réussi
PRJ-1654,N'Djamena_Sud,Rurale,8.4562,17.2358,Saison_Seche,36.2,10.5,44.6,2,Plat,1,4660,13.91,28.41,9,106,18,6327828.0,38827930.0,47147958.0,54533391.0,0.865,69,96,27,953.05,1710.25,-1.72,-10.58,8.86,9.7,9.521e-05,28,2,2,Réussi
PRJ-1655,Abéché,Rurale,9.3426,18.9194,Saison_Seche,44.9,12.3,4.0,0,Sableux,0,530,36.13,67.64,7,102,1,15696246.0,7913673.0,24153454.0,30937339.0,0.781,165,185,20,270.83,643.49,1.6,-17.68,19.28,8.54,1.544e-05,20,3,10,En_retard
PRJ-1656,Bongor,Péri_Urbaine,8.3513,16.7008,Saison_Seche,43.1,13.7,10.1,1,Accidenté,0,2325,62.05,150.85,5,15,11,43268535.0,35743408.0,80274956.0,101260947.0,0.793,18,44,26,490.12,2239.67,2.68,-24.83,27.51,4.11,8.883e-05,12,5,6,En_retard
PRJ-1657,N'Djamena_Centre,Urbaine_Moyenne,14.074,20.7231,Intersaison,29.2,60.4,49.3,9,Inondable,0,3890,34.16,49.95,7,27,47,18792307.0,57104741.0,76662450.0,63506555.0,1.207,161,216,55,737.82,384.41,1.36,-15.15,16.51,8.13,3.977e-05,19,17,9,Échoué
PRJ-1658,Bongor,Urbaine_Dense,8.6118,22.5715,Saison_Pluies,32.3,79.7,20.1,15,Plat,0,3361,25.11,57.81,8,15,44,20784357.0,44730930.0,69832896.0,68363603.0,1.021,157,310,153,325.94,1736.68,2.11,-17.35,19.46,23.41,6.988e-05,19,19,10,En_retard
PRJ-1659,Bongor,Urbaine_Dense,13.4784,16.6381,Saison_Pluies,30.1,81.2,42.4,24,Accidenté,0,2932,79.3,121.53,1,70,35,25283496.0,36040013.0,65693909.0,81913072.0,0.802,36,85,49,21.58,1090.87,-2.64,-20.14,17.5,12.71,5.067e-05,27,10,1,Réussi
PRJ-1660,Bongor,Urbaine_Dense,7.8833,15.5263,Saison_Seche,42.1,33.4,42.0,2,Plat,0,3793,74.88,127.43,7,75,32,35660974.0,42856396.0,82825240.0,89820580.0,0.922,110,249,139,764.07,707.37,4.65,-25.35,30.0,5.3,7.933e-05,22,12,4,En_retard
PRJ-1661,Sarh,Urbaine_Dense,15.0882,14.7199,Intersaison,29.6,61.0,59.6,7,Plat,0,2569,75.35,105.38,4,38,42,33172271.0,48177691.0,85530601.0,83667765.0,1.022,177,260,83,291.19,692.65,-2.73,-15.8,13.07,4.1,4.53e-06,25,18,12,En_retard
PRJ-1662,Bongor,Urbaine_Dense,13.1893,19.9707,Saison_Seche,38.2,22.3,28.2,2,Inondable,1,4663,10.97,25.33,5,126,16,10052917.0,23980482.0,35529386.0,27192887.0,1.307,92,122,30,874.45,1276.97,-3.3,-20.01,16.71,15.22,3.237e-05,7,19,2,En_retard
PRJ-1663,Moundou,Rurale,7.5544,18.1605,Saison_Seche,44.2,23.3,44.3,2,Accidenté,0,4450,19.12,26.26,2,39,6,4144503.0,25820433.0,32677974.0,29771417.0,1.098,63,137,74,496.24,2332.16,-2.5,-17.58,15.08,16.64,4.75e-06,7,13,1,En_retard
PRJ-1664,N'Djamena_Sud,Péri_Urbaine,13.6109,15.4742,Saison_Pluies,32.3,71.6,2.9,17,Plat,1,704,35.64,82.07,5,20,9,21828103.0,8720932.0,35134332.0,38617689.0,0.91,95,109,14,628.16,1868.69,4.72,-22.32,27.04,24.04,9.417e-05,8,8,3,En_retard
PRJ-1665,Abéché,Urbaine_Dense,11.6127,20.3579,Saison_Seche,40.4,13.4,27.8,2,Inondable,1,2027,66.65,115.83,9,93,40,45987656.0,20184159.0,70090833.0,81736333.0,0.858,91,184,93,951.45,1672.19,-4.35,-25.2,20.85,21.73,1.702e-05,18,3,11,Échoué
PRJ-1666,Moundou,Urbaine_Dense,13.7349,15.0591,Intersaison,29.1,42.4,11.2,3,Accidenté,1,230,59.08,134.06,1,33,22,52860052.0,2558394.0,55926637.0,54153771.0,1.033,152,337,185,871.26,2195.03,2.73,-21.52,24.25,5.85,4.246e-05,20,12,8,En_retard
PRJ-1667,Abéché,Urbaine_Moyenne,11.68,19.3202,Saison_Seche,36.0,31.4,50.4,2,Plat,1,4175,68.05,100.05,3,88,48,23279797.0,83365264.0,109212481.0,80108086.0,1.363,106,238,132,794.71,1447.32,-3.95,-12.66,8.71,9.03,6.414e-05,28,4,8,En_retard
PRJ-1668,N'Djamena_Nord,Urbaine_Dense,12.6282,19.0351,Intersaison,30.0,68.3,50.4,4,Sableux,0,3069,73.7,94.77,4,36,8,14215897.0,51028326.0,65792239.0,71049257.0,0.926,112,91,0,535.42,520.24,2.73,-25.13,27.86,21.12,4.615e-05,6,14,5,Réussi
PRJ-1669,Abéché,Rurale,13.7907,21.2094,Saison_Pluies,26.4,73.4,14.2,22,Plat,0,814,62.57,117.44,9,98,32,34842527.0,14783151.0,51388653.0,64387507.0,0.798,49,81,32,177.6,2444.06,-2.23,-19.52,17.29,6.24,5.365e-05,8,7,6,Réussi
PRJ-1670,N'Djamena_Sud,Urbaine_Moyenne,10.7409,14.0787,Saison_Pluies,27.0,87.7,19.1,15,Inondable,0,4185,21.31,38.64,2,127,26,14170629.0,44062268.0,60693828.0,60563121.0,1.002,73,103,30,842.64,1360.12,2.27,-22.64,24.91,24.29,2.04e-05,7,13,0,En_retard
PRJ-1671,N'Djamena_Sud,Urbaine_Moyenne,7.5217,22.8227,Saison_Seche,39.4,21.7,42.1,0,Inondable,0,2416,23.19,37.09,7,93,18,8570546.0,20761670.0,33850263.0,42551636.0,0.796,144,355,211,103.01,822.47,-4.51,-10.68,6.17,20.06,6.7e-06,18,12,2,Réussi
PRJ-1672,Bongor,Urbaine_Moyenne,14.2996,20.8814,Saison_Seche,40.4,21.5,44.3,2,Plat,0,3348,28.52,57.84,9,25,37,22185544.0,55308481.0,80938754.0,73853411.0,1.096,11,19,8,888.58,1956.52,-1.65,-26.48,24.83,16.55,2.574e-05,26,15,14,En_retard
PRJ-1673,Kélo,Urbaine_Dense,10.5471,15.7693,Intersaison,28.5,56.0,39.5,9,Accidenté,1,2829,24.59,30.32,4,76,12,7069884.0,48414492.0,57615557.0,70971964.0,0.812,39,60,21,768.59,1186.79,-0.35,-23.58,23.23,19.68,3.172e-05,20,2,1,En_retard
PRJ-1674,N'Djamena_Nord,Urbaine_Moyenne,11.4683,15.4258,Saison_Seche,44.7,33.7,59.8,0,Plat,0,2421,20.3,40.01,5,19,38,12105039.0,32074562.0,46887548.0,54943009.0,0.853,61,74,13,805.42,80.53,-4.79,-19.91,15.12,3.89,4.158e-05,13,1,14,En_retard
PRJ-1675,N'Djamena_Centre,Péri_Urbaine,7.5621,18.0324,Saison_Pluies,27.8,91.6,52.1,19,Plat,0,3440,60.32,84.23,4,9,34,27838985.0,63430582.0,95447820.0,121891155.0,0.783,110,246,136,383.42,833.87,-3.19,-23.55,20.36,16.89,2.96e-05,8,6,8,En_retard
PRJ-1676,Doba,Péri_Urbaine,11.4367,22.0844,Intersaison,38.4,55.9,25.0,6,Inondable,1,1832,3.2,4.1,7,49,4,969051.0,35742098.0,38559599.0,45292596.0,0.851,112,150,38,94.11,1170.13,-3.31,-15.28,11.97,14.09,3.58e-06,13,1,9,En_retard
PRJ-1677,Abéché,Urbaine_Dense,15.3919,22.351,Saison_Seche,42.6,16.5,19.6,2,Plat,0,4830,58.41,138.63,8,14,16,33001094.0,58275448.0,94544198.0,84417366.0,1.12,42,93,51,729.68,962.92,-0.19,-21.32,21.13,15.88,9.46e-06,18,19,7,En_retard
PRJ-1678,Kélo,Urbaine_Moyenne,9.7261,18.9648,Saison_Pluies,28.9,90.2,35.8,17,Plat,0,1114,65.97,115.03,8,54,24,30770376.0,9290760.0,41741247.0,51773360.0,0.806,18,42,24,978.29,1401.78,-3.67,-13.95,10.28,10.79,6.738e-05,16,10,2,Réussi
PRJ-1679,Bongor,Urbaine_Moyenne,10.6633,22.5385,Saison_Pluies,29.9,88.8,49.1,22,Accidenté,0,2506,5.75,12.47,3,97,14,4474309.0,31968282.0,39102426.0,43084564.0,0.908,20,18,0,859.82,499.23,4.77,-18.08,22.85,14.58,6.32e-06,17,14,9,En_retard
PRJ-1680,Sarh,Rurale,12.9975,13.5572,Saison_Seche,39.0,14.3,28.5,2,Accidenté,1,1396,5.42,6.64,2,61,17,1163412.0,27700826.0,29475201.0,23498856.0,1.254,133,222,89,842.97,1452.47,3.87,-20.32,24.19,26.61,4.62e-06,2,2,13,Échoué
PRJ-1681,N'Djamena_Centre,Urbaine_Moyenne,14.0183,13.8693,Saison_Seche,45.8,15.5,44.3,0,Inondable,0,2277,23.19,27.37,6,110,31,8426398.0,21389917.0,34151554.0,24847955.0,1.374,85,129,44,635.98,2466.98,-2.76,-21.43,18.67,11.0,8.118e-05,12,9,7,En_retard
PRJ-1682,Kélo,Urbaine_Moyenne,10.8391,23.0741,Saison_Pluies,28.9,82.2,1.1,23,Inondable,1,1232,17.06,30.59,1,22,4,9768518.0,17573236.0,28059324.0,25800755.0,1.088,147,216,69,125.11,1896.84,-2.66,-24.0,21.34,2.3,4.12e-06,2,3,9,Échoué
PRJ-1683,Sarh,Urbaine_Moyenne,9.9774,21.641,Saison_Seche,36.4,33.2,55.6,2,Inondable,0,4182,46.7,72.0,9,119,44,20841710.0,64443595.0,86794927.0,101733939.0,0.853,63,90,27,864.64,1727.15,4.47,-23.45,27.92,8.44,6.87e-06,14,19,7,Réussi
PRJ-1684,N'Djamena_Nord,Urbaine_Moyenne,15.0026,18.2324,Saison_Pluies,27.1,90.6,46.4,11,Inondable,1,2503,54.2,59.99,7,125,34,23033736.0,20546957.0,45581496.0,48814535.0,0.934,84,143,59,229.82,541.49,-2.0,-24.83,22.83,14.18,5.495e-05,29,14,10,Échoué
PRJ-1685,Bongor,Urbaine_Moyenne,12.9172,21.4129,Saison_Seche,46.5,26.2,23.7,1,Plat,0,588,50.91,69.07,8,65,38,20755375.0,8130209.0,32198809.0,32722886.0,0.984,106,108,2,271.85,1475.35,-0.77,-12.67,11.9,16.47,4.428e-05,21,16,13,En_retard
PRJ-1686,N'Djamena_Centre,Urbaine_Moyenne,8.4522,23.5342,Intersaison,38.0,62.8,23.0,6,Accidenté,1,2473,28.91,40.66,7,40,38,12549473.0,24031637.0,40321261.0,28315064.0,1.424,157,358,201,758.3,2058.2,2.01,-18.13,20.14,13.39,9.645e-05,18,7,7,Échoué
PRJ-1687,N'Djamena_Centre,Urbaine_Moyenne,8.0514,21.6069,Saison_Seche,41.7,14.7,6.2,1,Plat,1,2353,40.12,60.34,5,118,3,18098380.0,41914328.0,60874738.0,58518911.0,1.04,14,24,10,719.74,639.56,-1.56,-19.31,17.75,24.97,9.368e-05,17,1,3,Réussi
PRJ-1688,N'Djamena_Centre,Rurale,11.3684,22.3449,Saison_Pluies,31.3,89.5,49.0,16,Sableux,0,298,51.38,119.64,5,74,8,39541582.0,4684948.0,44922125.0,35696649.0,1.258,33,46,13,81.84,262.62,4.02,-22.2,26.22,27.54,6.602e-05,18,5,6,En_retard
PRJ-1689,N'Djamena_Nord,Urbaine_Moyenne,9.2607,21.4864,Saison_Pluies,33.2,87.2,46.1,23,Accidenté,0,4838,9.99,16.87,7,70,12,3101589.0,84152155.0,91349198.0,88859059.0,1.028,169,205,36,259.44,1671.32,0.89,-18.7,19.59,15.12,7.19e-06,26,3,9,En_retard
PRJ-1690,Abéché,Rurale,9.5319,15.2662,Saison_Seche,44.1,32.3,37.8,0,Sableux,0,1090,18.75,38.46,7,113,35,14367467.0,8714807.0,26787023.0,34690861.0,0.772,40,74,34,819.51,1700.29,0.67,-12.11,12.78,3.2,5.032e-05,15,17,14,En_retard
PRJ-1691,N'Djamena_Nord,Urbaine_Moyenne,14.5215,22.2525,Saison_Seche,39.7,22.3,6.1,1,Inondable,0,1441,71.29,80.26,2,55,2,12891608.0,7952332.0,25085917.0,30798565.0,0.815,115,246,131,950.09,2020.75,0.54,-12.59,13.13,13.21,4.51e-06,25,14,7,Réussi
PRJ-1692,Doba,Rurale,8.2165,15.5486,Saison_Pluies,31.5,71.8,15.7,18,Inondable,1,2222,27.71,62.06,2,73,29,19250143.0,39458021.0,62252586.0,55179345.0,1.128,53,82,29,273.65,1592.43,-3.88,-17.22,13.34,6.26,9.079e-05,6,16,9,En_retard
PRJ-1693,N'Djamena_Sud,Péri_Urbaine,13.2229,22.8724,Intersaison,39.9,53.8,27.5,4,Accidenté,0,1385,64.19,92.21,7,88,23,28019874.0,14959819.0,46859248.0,49488260.0,0.947,156,386,230,763.04,2127.77,2.9,-18.46,21.36,9.22,6.6e-05,14,7,14,Échoué
PRJ-1694,Bongor,Urbaine_Moyenne,9.6691,18.3158,Saison_Seche,38.3,26.8,16.0,1,Accidenté,1,2309,20.45,31.34,5,72,33,6331629.0,17769686.0,26306988.0,26340060.0,0.999,33,56,23,510.58,701.94,0.72,-23.94,24.66,25.15,5.739e-05,19,9,12,En_retard
PRJ-1695,N'Djamena_Nord,Rurale,13.5826,20.6083,Saison_Seche,41.3,11.0,26.0,1,Accidenté,1,549,3.81,4.43,2,43,18,709587.0,3501758.0,7367174.0,5731869.0,1.285,127,313,186,386.26,136.44,-4.46,-15.53,11.07,16.52,4.279e-05,8,7,4,En_retard
PRJ-1696,Sarh,Urbaine_Dense,13.2793,18.721,Saison_Seche,40.2,18.8,13.6,2,Plat,0,860,40.28,67.41,1,114,40,12451224.0,10962860.0,27538350.0,35631428.0,0.773,21,51,30,899.14,1845.34,3.5,-12.64,16.14,25.03,5.097e-05,29,15,13,Réussi
PRJ-1697,Doba,Rurale,7.5591,14.4869,Saison_Seche,42.8,27.1,21.0,0,Sableux,0,3763,71.45,163.88,9,24,22,35712404.0,27288972.0,64275905.0,61390244.0,1.047,94,171,77,552.72,995.55,2.29,-22.5,24.79,29.58,4.003e-05,18,3,8,En_retard
PRJ-1698,N'Djamena_Sud,Urbaine_Moyenne,11.5731,16.5526,Saison_Pluies,32.1,93.4,39.1,15,Inondable,0,3754,65.63,106.99,8,9,14,39642622.0,50680428.0,92725753.0,93040596.0,0.997,124,222,98,694.84,563.59,-2.11,-20.16,18.05,16.81,9.96e-06,12,16,14,Échoué
PRJ-1699,Abéché,Urbaine_Dense,8.6146,23.8292,Intersaison,30.3,42.7,53.5,6,Inondable,0,1260,20.61,48.89,2,40,29,17792714.0,20046094.0,41671012.0,45361380.0,0.919,34,33,0,596.52,176.51,-2.14,-26.08,23.94,27.46,6.61e-05,26,18,8,Réussi
PRJ-1700,Sarh,Urbaine_Moyenne,14.4298,23.5875,Saison_Seche,40.6,31.7,23.1,0,Accidenté,0,3795,72.84,168.58,2,100,45,27978193.0,49433186.0,80308244.0,65445334.0,1.227,126,300,174,647.14,1900.67,0.05,-12.55,12.6,20.82,9.964e-05,18,7,2,En_retard
PRJ-1701,Bongor,Rurale,14.4727,16.8651,Intersaison,39.0,37.4,41.5,4,Plat,0,2036,38.64,45.86,3,13,15,10195458.0,37778991.0,51541908.0,42951725.0,1.2,151,327,176,522.11,2074.49,-4.93,-26.24,21.31,3.95,1.125e-05,20,17,2,Échoué
PRJ-1702,Sarh,Urbaine_Dense,10.8468,23.9611,Saison_Seche,36.7,28.1,8.1,1,Inondable,1,1541,4.4,6.72,4,50,15,2502051.0,11300992.0,15620954.0,12739436.0,1.226,81,134,53,538.11,1003.11,3.1,-15.32,18.42,13.12,9.942e-05,7,18,12,Échoué
PRJ-1703,N'Djamena_Sud,Urbaine_Moyenne,11.0552,22.3783,Saison_Pluies,25.3,82.5,32.4,17,Plat,0,4320,2.72,6.46,9,107,45,1351204.0,53608185.0,55604930.0,51750359.0,1.074,38,50,12,853.65,2218.48,4.42,-24.63,29.05,20.11,8.996e-05,21,3,7,Réussi
PRJ-1704,Sarh,Péri_Urbaine,9.9263,19.9151,Saison_Seche,38.8,27.1,55.3,2,Sableux,0,3098,39.07,44.61,6,95,4,17799003.0,23073461.0,41503620.0,34024924.0,1.22,34,76,42,309.63,1068.11,-0.53,-14.79,14.26,21.45,8.942e-05,19,11,12,Échoué
PRJ-1705,Moundou,Péri_Urbaine,13.2329,13.9213,Saison_Seche,39.7,25.4,1.7,0,Inondable,0,4969,43.93,95.42,3,18,36,20439923.0,90130350.0,115312788.0,144814133.0,0.796,96,124,28,739.01,2381.29,0.37,-16.43,16.8,25.96,8.312e-05,22,14,6,Réussi
PRJ-1706,Kélo,Urbaine_Moyenne,10.3693,22.9652,Saison_Pluies,28.2,73.4,16.1,16,Plat,1,2984,6.85,16.23,8,12,5,5433452.0,56647030.0,66830912.0,75424594.0,0.886,109,188,79,275.89,2458.86,3.1,-15.57,18.67,19.48,9.236e-05,11,17,8,En_retard
PRJ-1707,Abéché,Urbaine_Dense,9.6423,19.353,Saison_Seche,46.2,31.3,7.9,2,Accidenté,1,4414,73.82,160.83,6,37,3,40893407.0,48553727.0,90897905.0,112595357.0,0.807,149,170,21,80.02,2053.18,-2.22,-16.56,14.34,3.61,2.464e-05,2,19,12,En_retard
PRJ-1708,N'Djamena_Sud,Urbaine_Dense,10.9578,22.619,Saison_Pluies,27.1,79.4,32.0,14,Inondable,0,1867,57.6,123.34,8,17,12,22702101.0,17897480.0,41763176.0,50495458.0,0.827,149,323,174,904.2,677.77,-0.08,-20.86,20.78,5.13,4.372e-05,2,5,1,Échoué
PRJ-1709,Sarh,Urbaine_Moyenne,8.2319,22.2615,Saison_Pluies,29.5,94.0,40.8,20,Accidenté,1,4369,64.2,146.42,2,108,20,31302935.0,40149980.0,72034544.0,80814919.0,0.891,91,189,98,416.55,947.5,-3.89,-16.84,12.95,10.52,4.798e-05,16,3,14,En_retard
PRJ-1710,Kélo,Urbaine_Moyenne,13.4728,22.2466,Saison_Seche,42.7,17.0,3.5,1,Accidenté,1,1325,46.93,95.37,8,98,44,30402003.0,23712081.0,55654740.0,47064304.0,1.183,109,141,32,686.35,1355.0,2.02,-23.78,25.8,9.53,6.8e-06,28,16,1,Échoué
PRJ-1711,Kélo,Rurale,7.6008,20.8308,Intersaison,38.9,61.1,4.2,3,Plat,1,3072,53.25,90.12,5,98,20,21111881.0,46806924.0,69923386.0,74761477.0,0.935,28,28,0,760.31,855.27,2.93,-23.07,26.0,7.43,9.81e-05,7,1,6,En_retard
PRJ-1712,Sarh,Urbaine_Dense,12.6559,16.5599,Saison_Seche,39.8,25.5,52.2,1,Plat,1,2927,31.33,37.22,4,31,39,11204413.0,53297438.0,66087443.0,53648419.0,1.232,121,133,12,799.04,2056.38,-4.33,-26.83,22.5,18.9,6.894e-05,28,11,12,Échoué
PRJ-1713,Bongor,Péri_Urbaine,8.9629,17.0297,Saison_Pluies,29.7,72.6,27.4,22,Inondable,1,4064,54.5,120.07,3,66,39,24180028.0,27483826.0,55752083.0,43457947.0,1.283,62,115,53,234.06,2322.49,3.82,-16.97,20.79,13.46,4.516e-05,26,10,7,Échoué
PRJ-1714,Moundou,Urbaine_Dense,9.3592,16.7389,Saison_Seche,36.9,19.3,27.8,0,Plat,1,4137,78.27,185.29,9,125,1,48572892.0,50224913.0,102670242.0,110837161.0,0.926,44,46,2,659.12,2465.18,-1.25,-12.87,11.62,20.86,9.923e-05,27,7,2,Réussi
PRJ-1715,N'Djamena_Nord,Urbaine_Dense,12.5851,13.7105,Saison_Seche,44.9,10.8,56.7,2,Inondable,0,1197,51.99,94.43,7,125,44,26257342.0,18125796.0,45247702.0,48631115.0,0.93,122,164,42,762.64,873.93,4.22,-21.19,25.41,12.22,2.722e-05,8,16,0,En_retard
PRJ-1716,Moundou,Urbaine_Moyenne,15.4435,19.617,Saison_Seche,41.5,21.1,19.2,0,Accidenté,0,287,27.66,51.05,7,74,3,12925663.0,5296976.0,21860586.0,17356721.0,1.259,164,365,201,128.59,712.1,4.0,-24.24,28.24,8.95,3.37e-05,11,2,9,Échoué
PRJ-1717,Sarh,Urbaine_Moyenne,13.7217,20.8378,Saison_Pluies,30.0,73.4,53.8,23,Sableux,1,2172,23.18,38.59,6,68,47,7697914.0,23306186.0,33846733.0,30849829.0,1.097,76,71,0,149.89,444.62,2.91,-13.17,16.08,16.96,1.909e-05,5,8,6,Réussi
PRJ-1718,Abéché,Péri_Urbaine,9.3067,22.4656,Saison_Pluies,26.9,75.1,58.5,18,Sableux,0,4645,77.09,177.28,9,109,9,47048052.0,45039551.0,93182350.0,68933386.0,1.352,60,107,47,370.26,166.28,3.3,-16.41,19.71,3.81,1.865e-05,15,15,13,Échoué
PRJ-1719,N'Djamena_Nord,Rurale,8.9082,14.9717,Saison_Seche,46.9,28.2,14.5,0,Inondable,0,1595,15.21,17.05,3,33,20,5510989.0,29817705.0,39156603.0,44225029.0,0.885,114,169,55,308.65,483.69,-2.11,-11.92,9.81,29.67,1.885e-05,9,16,10,En_retard
PRJ-1720,N'Djamena_Sud,Urbaine_Moyenne,14.4299,19.2139,Saison_Seche,44.4,34.1,30.8,0,Accidenté,0,4033,64.59,127.52,1,116,9,49889193.0,23040525.0,73816923.0,95408180.0,0.774,156,157,1,799.26,747.05,-1.33,-27.89,26.56,20.01,6.108e-05,2,3,5,En_retard
PRJ-1721,Moundou,Rurale,11.0535,13.5841,Saison_Seche,41.9,29.6,32.1,0,Accidenté,0,4413,37.49,88.87,7,119,31,30871697.0,53811823.0,85980698.0,98357077.0,0.874,52,87,35,646.27,1008.1,-2.6,-20.78,18.18,4.54,2.941e-05,22,2,12,En_retard
PRJ-1722,Sarh,Rurale,8.5964,14.4985,Saison_Pluies,32.9,88.7,52.0,24,Plat,0,1036,35.78,44.53,9,46,46,8477070.0,12307057.0,21955646.0,26489296.0,0.829,44,74,30,502.99,318.79,-1.45,-11.78,10.33,19.05,9.517e-05,3,15,14,Réussi
PRJ-1723,Moundou,Urbaine_Moyenne,14.3977,14.0692,Saison_Pluies,25.3,85.4,18.2,11,Plat,1,1673,59.93,146.4,6,89,28,31940888.0,12030286.0,48696824.0,48005619.0,1.014,24,35,11,115.34,2059.58,0.62,-15.84,16.46,3.16,8.167e-05,28,14,13,En_retard
PRJ-1724,N'Djamena_Nord,Péri_Urbaine,14.0287,21.1175,Saison_Seche,38.2,26.8,47.9,1,Accidenté,1,3171,12.27,30.12,2,10,35,5111544.0,34640802.0,43394048.0,32864502.0,1.32,153,137,0,121.44,1566.64,3.64,-19.56,23.2,15.68,1.612e-05,20,9,0,En_retard
PRJ-1725,Doba,Urbaine_Moyenne,15.3713,14.3511,Saison_Seche,35.9,35.0,58.3,2,Inondable,0,3776,37.57,90.23,8,45,40,16594414.0,59808049.0,78753250.0,89460850.0,0.88,108,124,16,521.85,1428.45,0.47,-20.54,21.01,9.44,8.34e-05,11,4,8,Réussi
PRJ-1726,Moundou,Urbaine_Dense,14.7779,21.0228,Saison_Pluies,30.8,78.3,50.4,24,Plat,1,3951,3.35,5.85,9,49,38,1244124.0,41497458.0,46941501.0,40083917.0,1.171,78,116,38,884.05,1385.93,1.97,-11.89,13.86,21.32,3.457e-05,5,8,10,Échoué
PRJ-1727,N'Djamena_Sud,Péri_Urbaine,14.3143,16.1211,Saison_Seche,45.7,14.8,54.5,2,Accidenté,0,772,53.8,88.03,8,55,44,17595599.0,7445868.0,26513284.0,24736268.0,1.072,94,120,26,777.32,760.4,-3.64,-13.03,9.39,15.13,2.278e-05,18,10,10,En_retard
PRJ-1728,N'Djamena_Sud,Urbaine_Dense,7.9206,22.716,Saison_Seche,43.1,13.9,42.5,2,Accidenté,0,1145,5.14,10.73,9,96,2,2182614.0,19154055.0,26026589.0,29198177.0,0.891,178,191,13,882.75,2346.98,4.4,-27.78,32.18,23.79,7.821e-05,17,17,10,En_retard
PRJ-1729,N'Djamena_Centre,Urbaine_Moyenne,8.3353,22.0381,Saison_Seche,38.0,24.7,54.2,2,Sableux,1,3877,7.44,11.5,1,20,3,2388464.0,76883745.0,82908697.0,103044792.0,0.805,39,63,24,569.5,617.75,0.83,-25.82,26.65,7.66,8.57e-05,6,6,5,En_retard
PRJ-1730,Moundou,Péri_Urbaine,12.0519,23.5572,Saison_Seche,41.9,13.4,9.9,1,Plat,1,4335,67.66,80.9,3,96,14,18216227.0,72352388.0,93586728.0,92814584.0,1.008,156,230,74,229.16,1688.26,2.76,-18.78,21.54,20.03,9.604e-05,11,5,12,Échoué
PRJ-1731,Bongor,Urbaine_Dense,11.7518,22.7795,Saison_Pluies,30.0,72.2,42.7,24,Plat,0,1045,35.71,84.35,3,95,17,15300796.0,18491431.0,37868145.0,48356233.0,0.783,97,187,90,41.49,670.11,4.99,-25.94,30.93,20.95,4.202e-05,23,10,4,En_retard
PRJ-1732,Kélo,Urbaine_Dense,11.1637,23.3,Saison_Pluies,34.4,79.7,43.9,18,Sableux,0,4711,16.48,32.78,9,63,35,7193858.0,89944820.0,100540192.0,101740855.0,0.988,55,96,41,940.87,2474.57,3.6,-23.05,26.65,14.85,5.621e-05,12,17,2,En_retard
PRJ-1733,Kélo,Rurale,10.6743,22.5168,Saison_Seche,43.3,20.8,26.4,1,Plat,0,1042,47.61,66.18,3,112,4,21316774.0,17741704.0,43550470.0,33686562.0,1.293,69,75,6,480.48,2283.58,0.04,-12.97,13.01,25.89,6.149e-05,2,16,12,En_retard
PRJ-1734,Kélo,Urbaine_Moyenne,10.9497,20.7805,Saison_Pluies,31.6,73.5,4.8,19,Inondable,1,2833,41.78,47.03,1,66,47,9833985.0,55825156.0,69890328.0,70663332.0,0.989,88,173,85,860.43,698.16,3.68,-21.05,24.73,5.25,6.277e-05,14,17,8,Échoué
PRJ-1735,Doba,Urbaine_Dense,12.0544,15.2877,Saison_Seche,44.6,32.8,37.3,0,Accidenté,0,205,33.17,70.09,3,70,30,13524539.0,3322899.0,18237675.0,22183882.0,0.822,33,53,20,735.65,2469.3,1.59,-19.88,21.47,22.99,4.022e-05,21,18,6,En_retard
PRJ-1736,N'Djamena_Centre,Péri_Urbaine,7.5166,16.3529,Intersaison,35.4,60.5,3.1,6,Plat,0,1945,72.48,166.26,2,87,39,27752770.0,29024920.0,58356177.0,59688278.0,0.978,173,172,0,833.85,1583.6,2.3,-24.86,27.16,4.83,1.524e-05,3,9,3,Réussi
PRJ-1737,Doba,Urbaine_Moyenne,9.5857,15.7336,Saison_Pluies,25.3,79.5,22.9,11,Accidenté,1,1826,60.08,100.21,9,50,14,27557036.0,28120817.0,56470791.0,64865355.0,0.871,23,19,0,218.55,1834.96,1.37,-17.16,18.53,5.55,7.04e-06,2,11,12,En_retard
PRJ-1738,Moundou,Urbaine_Moyenne,11.6462,19.8377,Saison_Pluies,29.0,90.2,23.6,14,Sableux,1,4818,12.55,15.23,1,112,48,5490349.0,89138914.0,96120158.0,98885974.0,0.972,48,90,42,682.65,743.14,-2.12,-25.83,23.71,6.84,9.06e-05,15,2,0,En_retard
PRJ-1739,Moundou,Rurale,13.2777,18.788,Saison_Seche,40.9,23.2,59.9,1,Plat,1,2166,45.88,92.13,2,113,27,15178801.0,33020935.0,50245436.0,51633855.0,0.973,17,31,14,725.47,579.12,-1.66,-16.66,15.0,20.17,3.666e-05,22,14,11,En_retard
PRJ-1740,Moundou,Péri_Urbaine,8.8933,22.6043,Saison_Seche,36.3,13.9,18.0,0,Plat,1,2470,7.56,11.46,1,82,13,3272764.0,40552652.0,44455139.0,38714049.0,1.148,89,195,106,557.09,2152.27,0.58,-14.56,15.14,19.53,1.807e-05,13,15,3,En_retard
PRJ-1741,Abéché,Urbaine_Moyenne,11.875,23.5031,Saison_Pluies,34.3,83.0,49.2,10,Accidenté,0,104,19.95,25.97,9,64,20,8119643.0,856975.0,10893949.0,8941277.0,1.218,90,189,99,836.88,724.22,3.74,-12.28,16.02,13.93,9.836e-05,12,1,2,En_retard
PRJ-1742,Kélo,Péri_Urbaine,13.2157,17.751,Saison_Pluies,32.0,90.5,3.2,22,Accidenté,1,134,72.83,132.15,7,28,49,39395952.0,2504426.0,45872334.0,39787427.0,1.153,50,115,65,988.32,2297.95,-0.47,-17.52,17.05,10.12,8.029e-05,2,1,5,En_retard
PRJ-1743,Abéché,Rurale,11.057,18.8167,Saison_Seche,47.0,26.3,31.8,0,Accidenté,0,2938,37.24,66.09,1,102,49,24414029.0,34398688.0,63094191.0,60854520.0,1.037,44,57,13,20.43,948.28,0.41,-22.02,22.43,18.77,9.812e-05,15,9,10,En_retard
PRJ-1744,N'Djamena_Centre,Urbaine_Dense,7.7166,23.7009,Intersaison,28.9,64.4,32.2,2,Sableux,1,4737,71.42,130.23,6,61,24,47742174.0,35129639.0,83411743.0,98905813.0,0.843,63,95,32,460.45,72.41,-1.31,-12.67,11.36,5.18,2.788e-05,9,12,0,En_retard
PRJ-1745,Doba,Urbaine_Dense,11.0941,16.4005,Intersaison,35.1,59.4,37.7,8,Sableux,0,2829,13.7,30.87,5,86,10,5072771.0,48083969.0,53688902.0,64286805.0,0.835,174,158,0,756.36,1500.8,-4.82,-17.26,12.44,19.23,4.632e-05,19,17,10,Réussi
PRJ-1746,Kélo,Urbaine_Dense,9.8716,21.8201,Saison_Pluies,31.5,74.6,48.6,24,Plat,1,2719,16.82,29.91,5,60,7,7185459.0,28130489.0,36474330.0,29107489.0,1.253,27,40,13,728.4,916.38,1.44,-21.55,22.99,1.35,8.087e-05,6,15,14,Échoué
PRJ-1747,Abéché,Péri_Urbaine,14.9372,15.865,Intersaison,32.4,52.3,45.7,6,Plat,0,3886,28.55,67.4,4,52,17,21413483.0,30162305.0,56002385.0,57778386.0,0.969,30,35,5,473.17,2441.14,0.66,-22.19,22.85,5.19,5.519e-05,4,4,3,Réussi
PRJ-1748,Abéché,Urbaine_Moyenne,8.4969,20.6553,Saison_Seche,36.3,21.8,45.7,1,Plat,0,1058,29.62,67.49,3,120,22,26193622.0,9356706.0,38162079.0,36239345.0,1.053,51,111,60,843.73,997.46,4.78,-22.23,27.01,21.53,3.55e-05,23,5,0,En_retard
PRJ-1749,Sarh,Urbaine_Moyenne,12.7198,16.163,Saison_Seche,46.4,18.8,25.9,2,Sableux,0,2414,59.75,120.19,8,43,44,42207266.0,13335503.0,60465828.0,63039340.0,0.959,74,142,68,678.29,820.45,0.08,-26.99,27.07,26.35,1.584e-05,7,14,0,En_retard
PRJ-1750,Abéché,Rurale,7.9218,22.7792,Saison_Seche,40.9,27.8,43.6,1,Plat,1,3736,48.15,56.8,7,70,11,11027568.0,23758512.0,39279072.0,42758178.0,0.919,145,309,164,552.87,1437.67,0.35,-26.18,26.53,3.19,5.618e-05,25,6,5,En_retard
PRJ-1751,Bongor,Péri_Urbaine,11.0694,19.3955,Saison_Pluies,28.2,72.2,29.5,20,Accidenté,0,4397,44.48,102.79,5,114,42,22593469.0,61071564.0,88170610.0,76511563.0,1.152,123,222,99,280.16,1838.22,-2.18,-26.39,24.21,19.52,5.984e-05,28,6,5,Échoué
PRJ-1752,Bongor,Urbaine_Dense,11.9318,15.4523,Saison_Seche,42.5,13.0,4.0,2,Inondable,0,2249,48.39,114.58,9,8,23,39060146.0,40466858.0,80605148.0,100881005.0,0.799,110,200,90,373.67,2417.97,-4.0,-22.38,18.38,2.8,7.207e-05,22,19,8,En_retard
PRJ-1753,Doba,Urbaine_Dense,9.8836,15.8559,Intersaison,29.3,41.7,53.4,5,Accidenté,0,1409,58.71,95.41,7,99,22,25557354.0,16524690.0,44720576.0,56404671.0,0.793,176,211,35,989.16,220.56,2.08,-19.47,21.55,26.49,7.905e-05,6,1,13,Échoué
PRJ-1754,Bongor,Urbaine_Moyenne,11.1406,18.6854,Saison_Seche,46.2,20.9,53.4,0,Plat,0,959,71.48,131.28,2,104,40,37654466.0,13800846.0,56426470.0,43065508.0,1.31,70,136,66,907.06,1077.8,3.08,-25.34,28.42,12.36,1.181e-05,22,9,13,Échoué
PRJ-1755,Doba,Urbaine_Moyenne,8.8084,23.5968,Saison_Seche,39.3,16.4,19.4,1,Accidenté,0,3489,33.47,49.99,7,74,47,15109225.0,59822382.0,76102306.0,85372411.0,0.891,19,20,1,698.69,1676.01,3.7,-13.1,16.8,22.49,6.28e-05,26,1,10,Réussi
PRJ-1756,Doba,Péri_Urbaine,9.933,21.5812,Intersaison,28.4,40.0,54.8,9,Accidenté,0,2963,64.33,72.09,7,126,18,12675071.0,30671594.0,46430716.0,33427294.0,1.389,16,20,4,860.32,62.17,-0.96,-26.82,25.86,6.01,7.814e-05,3,4,6,En_retard
PRJ-1757,N'Djamena_Centre,Rurale,12.4689,18.6273,Saison_Seche,37.1,10.2,45.5,0,Inondable,0,4745,39.86,70.6,4,86,45,25697730.0,70295804.0,98042794.0,71369103.0,1.374,44,49,5,144.62,1248.13,2.04,-10.98,13.02,25.98,3.89e-05,4,16,5,Réussi
PRJ-1758,Sarh,Urbaine_Dense,9.9144,17.0461,Saison_Seche,39.5,25.8,24.0,0,Accidenté,0,1056,57.91,74.19,8,40,26,27137486.0,10830850.0,40213698.0,51259594.0,0.785,100,241,141,274.9,2026.0,-2.37,-26.66,24.29,13.45,2.756e-05,5,5,2,En_retard
PRJ-1759,Moundou,Urbaine_Moyenne,14.6979,19.2673,Saison_Pluies,34.4,81.0,19.9,16,Plat,1,3102,70.05,95.03,4,39,48,25378699.0,45415545.0,75302810.0,84106603.0,0.895,51,119,68,886.3,174.64,-2.47,-11.9,9.43,7.06,4.797e-05,24,16,2,En_retard
PRJ-1760,N'Djamena_Sud,Péri_Urbaine,12.5273,21.3578,Saison_Seche,44.6,14.7,58.5,1,Plat,1,1193,3.06,5.43,7,94,30,1665442.0,9859090.0,14670094.0,13125700.0,1.118,97,222,125,476.15,884.34,4.96,-23.31,28.27,17.6,3.101e-05,27,14,4,Échoué
PRJ-1761,Doba,Urbaine_Moyenne,11.0092,21.7313,Saison_Seche,46.2,33.6,42.8,1,Inondable,1,4448,43.96,101.72,4,65,13,32039362.0,87481462.0,123435318.0,136016660.0,0.908,38,92,54,595.03,1032.25,3.49,-10.24,13.73,9.36,5.099e-05,29,9,5,En_retard
PRJ-1762,N'Djamena_Nord,Urbaine_Dense,7.8101,16.9084,Saison_Seche,39.8,20.2,22.7,0,Sableux,0,3270,79.16,180.68,8,33,4,35671769.0,20086520.0,59287844.0,71590133.0,0.828,164,302,138,884.83,1804.9,-2.44,-18.62,16.18,9.32,3.085e-05,2,14,5,Réussi
PRJ-1763,Moundou,Urbaine_Moyenne,11.4964,21.0722,Saison_Pluies,34.5,87.5,38.5,15,Plat,1,1274,39.95,97.92,3,68,43,17444077.0,16025000.0,36349648.0,44438974.0,0.818,47,109,62,409.97,774.51,-0.67,-27.67,27.0,4.32,4.227e-05,17,16,7,En_retard
PRJ-1764,Kélo,Urbaine_Dense,13.6182,20.4068,Intersaison,36.5,40.1,34.3,2,Plat,0,3928,69.21,122.9,2,119,27,19070176.0,36508585.0,59641461.0,42483320.0,1.404,11,14,3,486.99,653.36,0.65,-22.91,23.56,7.2,9.151e-05,20,6,7,En_retard
PRJ-1765,Bongor,Rurale,9.6245,23.5707,Intersaison,28.7,61.8,31.5,6,Accidenté,0,4545,15.28,28.62,6,24,40,10824669.0,63687119.0,79380086.0,94536666.0,0.84,34,49,15,121.05,332.98,-4.87,-11.08,6.21,24.14,9.166e-05,27,17,12,Réussi
PRJ-1766,N'Djamena_Sud,Urbaine_Dense,13.9542,23.2764,Saison_Seche,43.6,15.0,38.7,2,Accidenté,0,117,48.54,109.26,7,80,10,25832158.0,1336679.0,32019525.0,38805155.0,0.825,47,75,28,991.5,2489.9,4.59,-22.61,27.2,16.18,9.922e-05,24,1,12,En_retard
PRJ-1767,N'Djamena_Nord,Urbaine_Moyenne,9.5145,21.7885,Saison_Seche,39.4,11.3,32.3,1,Plat,0,4299,69.69,144.92,7,76,44,24847655.0,41270330.0,70170519.0,74194246.0,0.946,68,65,0,973.64,1205.58,-3.91,-21.53,17.62,11.29,4.861e-05,9,18,0,Réussi
PRJ-1768,Moundou,Urbaine_Moyenne,14.09,21.0956,Saison_Pluies,26.2,74.8,39.3,10,Accidenté,0,1064,34.81,47.2,6,36,28,12576440.0,9310601.0,24580025.0,24283647.0,1.012,115,253,138,303.57,168.12,3.17,-27.21,30.38,27.95,1.68e-05,3,11,2,En_retard
PRJ-1769,N'Djamena_Centre,Rurale,8.1821,16.3774,Intersaison,32.7,42.3,54.5,4,Sableux,1,231,39.19,64.96,8,70,21,10972152.0,1787358.0,13993725.0,10727580.0,1.304,16,16,0,853.95,237.51,4.76,-23.44,28.2,24.12,8.89e-05,28,11,4,En_retard
PRJ-1770,Kélo,Urbaine_Dense,14.4295,22.3826,Saison_Seche,41.9,29.0,59.6,1,Accidenté,0,4670,7.02,16.85,6,13,11,2886619.0,78190696.0,81777432.0,69001205.0,1.185,117,253,136,739.7,363.49,2.04,-23.33,25.37,10.0,5.968e-05,4,12,8,Échoué
PRJ-1771,N'Djamena_Sud,Urbaine_Dense,11.4935,17.9888,Saison_Seche,46.6,29.3,42.6,1,Accidenté,1,4165,3.85,5.02,6,118,20,1366551.0,34706941.0,37614994.0,37400253.0,1.006,50,118,68,155.12,568.77,4.67,-15.11,19.78,4.21,7.477e-05,15,2,3,En_retard
PRJ-1772,Sarh,Urbaine_Dense,9.8723,16.3585,Saison_Pluies,34.9,89.7,55.7,12,Inondable,1,4996,37.76,52.6,3,112,36,14581202.0,82948053.0,99560416.0,121368909.0,0.82,114,201,87,33.65,1864.04,-4.8,-18.9,14.1,6.35,1.626e-05,8,16,4,En_retard
PRJ-1773,N'Djamena_Centre,Urbaine_Dense,9.6209,17.5337,Intersaison,39.2,65.7,51.5,2,Plat,0,2995,67.56,112.21,2,66,19,33105964.0,36765360.0,70955647.0,83861104.0,0.846,103,111,8,23.93,1418.79,-1.45,-25.1,23.65,20.58,3.197e-05,14,10,0,Réussi
PRJ-1774,N'Djamena_Nord,Urbaine_Dense,10.9561,22.2773,Saison_Seche,36.4,11.0,17.7,1,Accidenté,0,2107,74.54,180.08,7,106,10,56559143.0,12817767.0,70888354.0,70715227.0,1.002,33,51,18,75.06,1952.82,-0.24,-13.68,13.44,17.33,2.752e-05,8,14,6,Réussi
PRJ-1775,N'Djamena_Sud,Urbaine_Moyenne,15.4924,15.0606,Saison_Seche,44.4,34.7,56.0,1,Accidenté,0,2797,52.86,66.57,6,122,15,21107140.0,20926148.0,42909243.0,50262867.0,0.854,45,47,2,631.12,98.55,2.83,-16.99,19.82,29.44,5.598e-05,17,7,1,Réussi
PRJ-1776,N'Djamena_Centre,Urbaine_Dense,9.2626,18.2897,Saison_Seche,39.2,26.1,4.2,2,Accidenté,0,1930,66.2,135.19,1,28,45,34912706.0,35499589.0,73268841.0,84950827.0,0.862,89,89,0,497.25,699.53,1.55,-23.17,24.72,1.39,9.972e-05,4,8,12,En_retard
PRJ-1777,Kélo,Urbaine_Dense,8.3257,18.6698,Saison_Seche,37.7,27.9,19.8,2,Sableux,0,3652,58.92,75.71,2,52,45,23536972.0,51282251.0,75887655.0,79485429.0,0.955,147,307,160,996.79,1043.54,2.36,-23.97,26.33,26.43,6.123e-05,27,10,11,Échoué
PRJ-1778,Sarh,Péri_Urbaine,12.1803,13.8846,Saison_Pluies,33.6,82.3,38.4,16,Plat,0,704,56.27,103.22,2,52,18,23346809.0,5466558.0,32655826.0,27176024.0,1.202,30,44,14,293.67,1101.08,-3.55,-11.35,7.8,1.41,5.729e-05,6,10,0,Réussi
PRJ-1779,N'Djamena_Centre,Urbaine_Moyenne,11.4083,15.5553,Saison_Pluies,28.9,87.4,31.6,15,Plat,0,3736,61.64,114.11,1,94,7,29705919.0,58118986.0,89821829.0,81630281.0,1.1,36,29,0,728.44,181.22,3.45,-16.53,19.98,13.32,7.591e-05,24,10,13,Réussi
PRJ-1780,Abéché,Urbaine_Moyenne,11.6936,22.1808,Saison_Pluies,28.8,93.8,32.5,24,Sableux,0,2338,40.67,47.16,3,42,30,11711326.0,40561789.0,55797397.0,44550803.0,1.252,64,56,0,393.23,1303.22,3.22,-13.47,16.69,27.58,3.288e-05,4,14,13,En_retard
PRJ-1781,Sarh,Urbaine_Dense,12.8355,22.2231,Saison_Seche,43.9,20.7,47.7,0,Plat,0,2249,36.91,89.9,5,59,14,20881747.0,22399584.0,47752668.0,33631741.0,1.42,94,206,112,107.34,752.23,2.69,-23.94,26.63,20.09,2.532e-05,25,19,12,Échoué
PRJ-1782,N'Djamena_Nord,Rurale,9.6372,16.5704,Saison_Seche,39.1,12.8,11.7,2,Plat,1,2881,13.15,29.31,4,53,37,6144628.0,38458262.0,45489964.0,34040834.0,1.336,142,263,121,878.37,519.11,3.18,-17.4,20.58,17.92,8.38e-05,29,9,12,Échoué
PRJ-1783,Kélo,Urbaine_Dense,14.7853,22.6864,Saison_Seche,40.4,21.2,58.9,0,Accidenté,1,3458,67.58,102.99,2,73,41,17468623.0,32511250.0,54930377.0,63487177.0,0.865,126,282,156,406.0,1694.35,-2.86,-27.04,24.18,10.09,9.606e-05,16,17,1,En_retard
PRJ-1784,Bongor,Rurale,10.9854,21.6037,Saison_Seche,36.2,24.0,26.2,1,Sableux,0,2285,4.05,5.2,8,64,30,1437684.0,14169115.0,19010394.0,13689227.0,1.389,68,86,18,917.75,255.43,-3.6,-17.3,13.7,29.02,4.214e-05,21,19,7,Réussi
PRJ-1785,Bongor,Péri_Urbaine,8.5327,17.888,Saison_Pluies,34.2,84.6,57.0,15,Accidenté,0,2561,21.76,34.47,9,49,27,9800581.0,28152141.0,38692869.0,36367876.0,1.064,173,231,58,937.56,2174.17,3.95,-24.34,28.29,5.88,4.13e-06,12,2,0,En_retard
PRJ-1786,Bongor,Urbaine_Dense,13.4384,21.3583,Saison_Seche,40.5,12.9,23.0,0,Accidenté,0,771,41.83,98.38,8,80,49,23024733.0,12545311.0,37483054.0,48408172.0,0.774,83,153,70,821.94,2254.57,4.57,-15.96,20.53,8.83,1.792e-05,24,15,14,Échoué
PRJ-1787,N'Djamena_Sud,Rurale,12.6448,23.594,Saison_Seche,38.6,19.4,36.1,1,Accidenté,0,3298,77.74,99.95,7,84,37,39376399.0,39180913.0,83045415.0,97756373.0,0.85,43,83,40,37.4,847.56,-0.76,-11.22,10.46,14.14,8.57e-05,19,6,0,Réussi
PRJ-1788,N'Djamena_Nord,Urbaine_Dense,10.0259,18.3192,Saison_Seche,42.4,11.3,27.0,0,Sableux,0,1250,62.98,100.08,2,114,48,28947169.0,13848794.0,45979014.0,52892904.0,0.869,61,52,0,966.37,2467.9,-0.53,-19.74,19.21,4.66,1.216e-05,6,16,0,Réussi
PRJ-1789,Kélo,Urbaine_Dense,12.4721,16.0035,Saison_Seche,35.5,13.3,40.6,2,Inondable,0,2512,29.81,53.42,6,105,41,19885735.0,26351151.0,48029387.0,41537027.0,1.156,143,335,192,132.92,1033.1,2.41,-22.5,24.91,13.28,7.63e-05,23,17,10,Échoué
PRJ-1790,Sarh,Péri_Urbaine,9.2589,23.3891,Saison_Pluies,34.4,75.2,11.0,14,Plat,0,4723,57.26,65.62,4,23,17,19195250.0,56126962.0,80054438.0,86862118.0,0.922,151,326,175,932.0,2407.67,-0.05,-25.78,25.73,2.14,6.202e-05,14,10,13,Échoué
PRJ-1791,N'Djamena_Sud,Péri_Urbaine,11.0587,19.8393,Intersaison,30.9,62.3,24.0,8,Inondable,1,359,74.54,109.96,5,12,30,21714787.0,3508663.0,29266087.0,29243467.0,1.001,68,70,2,610.48,2467.85,-1.86,-15.93,14.07,27.8,7.267e-05,2,12,1,Réussi
PRJ-1792,N'Djamena_Nord,Urbaine_Moyenne,14.6953,14.6053,Saison_Seche,41.8,27.9,4.1,1,Inondable,1,1075,43.34,83.81,9,8,18,32992279.0,15246470.0,52048672.0,55915609.0,0.931,66,54,0,383.69,2075.93,-3.1,-17.48,14.38,10.34,2.566e-05,28,12,13,En_retard
PRJ-1793,Abéché,Urbaine_Dense,8.5683,19.5132,Saison_Pluies,26.1,86.9,35.9,13,Inondable,1,4462,37.22,57.82,9,111,3,21470518.0,26564471.0,52532911.0,50509851.0,1.04,129,272,143,724.1,355.84,-4.77,-18.2,13.43,19.38,1.83e-06,15,19,0,En_retard
PRJ-1794,Kélo,Urbaine_Moyenne,10.5936,18.7561,Saison_Seche,45.1,28.4,57.8,0,Inondable,0,1582,44.46,103.09,4,29,28,27609401.0,27069321.0,58642732.0,59732186.0,0.982,46,107,61,511.79,1481.83,0.88,-11.15,12.03,26.25,3.98e-06,10,6,1,En_retard
PRJ-1795,Bongor,Péri_Urbaine,14.0691,22.4837,Saison_Seche,40.6,31.4,2.8,1,Accidenté,1,3693,25.27,60.94,8,55,37,12843987.0,28057583.0,42691893.0,55202229.0,0.773,41,55,14,796.54,1843.2,-3.58,-10.39,6.81,24.73,7.248e-05,10,2,10,En_retard
PRJ-1796,N'Djamena_Centre,Urbaine_Dense,15.2559,19.0723,Intersaison,33.1,69.0,39.6,7,Accidenté,0,417,72.63,124.79,5,117,30,25665235.0,6047197.0,34839919.0,31271883.0,1.114,29,39,10,518.64,239.79,3.58,-15.09,18.67,26.33,6.134e-05,5,18,6,Réussi
PRJ-1797,Kélo,Urbaine_Dense,11.1314,16.1799,Saison_Seche,41.3,11.1,46.5,1,Inondable,1,4700,63.88,117.85,9,33,21,41424877.0,55216718.0,100931883.0,83760510.0,1.205,135,226,91,375.22,2239.42,4.83,-24.47,29.3,21.89,8.405e-05,22,7,0,Échoué
PRJ-1798,Doba,Urbaine_Dense,11.556,20.5943,Saison_Pluies,26.4,89.3,12.8,14,Plat,1,2702,56.59,112.23,2,41,49,18773795.0,44859693.0,64947304.0,62940216.0,1.032,90,175,85,367.23,2136.92,-0.42,-10.96,10.54,6.62,3.992e-05,26,5,9,En_retard
PRJ-1799,N'Djamena_Nord,Urbaine_Dense,12.0774,19.197,Saison_Seche,39.1,26.5,16.4,1,Plat,1,1299,47.33,96.1,4,121,20,29744401.0,22592338.0,53570344.0,54352059.0,0.986,118,224,106,360.57,2337.95,-3.84,-21.79,17.95,11.63,5.556e-05,27,8,1,En_retard
PRJ-1800,Moundou,Rurale,14.9588,15.947,Saison_Pluies,31.2,90.7,12.1,15,Plat,1,3033,77.57,92.2,3,65,22,28585110.0,24455096.0,54255599.0,40766426.0,1.331,61,127,66,478.17,1310.03,0.83,-26.58,27.41,15.85,7.835e-05,28,12,2,Échoué
PRJ-1801,Abéché,Urbaine_Moyenne,14.3657,19.5231,Saison_Pluies,25.3,83.5,17.8,14,Inondable,0,4625,24.17,28.4,7,92,36,5555427.0,70104303.0,77033879.0,91176006.0,0.845,97,96,0,119.02,844.55,0.74,-23.66,24.4,10.77,4.967e-05,3,1,1,En_retard
PRJ-1802,Kélo,Rurale,8.8648,22.1261,Intersaison,30.4,42.7,6.6,2,Inondable,0,3078,23.01,53.2,2,14,36,17355335.0,24158030.0,42477904.0,40491283.0,1.049,94,158,64,665.09,1290.54,-3.67,-13.05,9.38,28.7,9.933e-05,17,15,2,Réussi
PRJ-1803,Moundou,Urbaine_Moyenne,10.9941,13.8,Intersaison,31.7,45.5,22.2,4,Accidenté,1,3184,19.75,27.8,3,32,21,9072574.0,21842157.0,35184062.0,33351398.0,1.055,88,146,58,347.96,1836.92,1.47,-24.33,25.8,24.4,7.429e-05,6,13,12,Échoué
PRJ-1804,Doba,Péri_Urbaine,11.212,20.1239,Saison_Pluies,32.4,91.5,22.1,23,Inondable,1,4145,59.47,114.05,9,64,24,27087755.0,78566160.0,109836347.0,120304180.0,0.913,148,357,209,565.93,1069.7,-1.84,-20.89,19.05,24.17,6.833e-05,21,10,6,En_retard
PRJ-1805,Sarh,Urbaine_Dense,13.8128,17.1706,Saison_Seche,36.0,30.8,48.4,2,Inondable,1,989,63.88,126.13,8,19,21,34161551.0,7383712.0,42726423.0,49731275.0,0.859,110,260,150,531.25,911.82,3.45,-23.08,26.53,11.47,8.015e-05,19,18,1,En_retard
PRJ-1806,N'Djamena_Centre,Urbaine_Moyenne,12.3231,16.5731,Saison_Pluies,29.8,83.6,48.1,23,Sableux,0,4159,47.97,63.81,2,38,7,22856161.0,35027011.0,61558089.0,79506222.0,0.774,167,347,180,858.56,238.79,0.88,-27.14,28.02,22.89,7.772e-05,3,18,2,En_retard
PRJ-1807,Moundou,Urbaine_Dense,12.7338,17.6222,Saison_Pluies,33.1,73.8,47.8,13,Plat,0,4287,52.33,113.36,6,118,8,31830164.0,29815485.0,64967039.0,52240764.0,1.244,69,158,89,863.07,1145.73,-0.67,-17.89,17.22,18.81,2.197e-05,15,7,5,En_retard
PRJ-1808,N'Djamena_Nord,Urbaine_Dense,15.4856,17.0912,Saison_Seche,39.1,13.4,34.0,2,Accidenté,0,4073,28.24,65.3,3,34,22,19886415.0,49097483.0,70726772.0,64172763.0,1.102,155,320,165,989.29,1012.58,4.63,-16.68,21.31,11.88,2.104e-05,16,15,3,En_retard
PRJ-1809,Bongor,Urbaine_Moyenne,8.0997,22.2385,Saison_Seche,42.1,22.2,19.6,0,Inondable,1,3741,3.66,5.49,6,93,22,1390026.0,70308765.0,73221949.0,58647439.0,1.249,129,261,132,249.16,1675.07,-0.09,-13.76,13.67,9.94,6.061e-05,26,5,0,Échoué
PRJ-1810,Doba,Rurale,9.2841,16.3854,Intersaison,39.5,56.8,24.7,5,Plat,0,639,20.66,48.12,5,41,30,9017677.0,5725974.0,16371287.0,20112339.0,0.814,135,158,23,44.11,1124.93,3.87,-20.54,24.41,23.88,4.36e-05,11,5,7,Réussi
PRJ-1811,N'Djamena_Centre,Péri_Urbaine,10.7632,21.1981,Saison_Pluies,34.4,87.0,19.1,24,Plat,1,1832,46.95,56.97,4,125,34,22760464.0,24050097.0,50598399.0,52070607.0,0.972,21,39,18,430.66,59.89,-2.36,-25.46,23.1,18.31,8.716e-05,29,1,6,En_retard
PRJ-1812,Abéché,Urbaine_Dense,10.2823,14.4876,Saison_Seche,44.7,31.5,34.9,0,Accidenté,1,4618,65.13,144.63,7,88,29,40913532.0,51591747.0,94442206.0,114413338.0,0.825,111,262,151,897.67,1236.67,-0.58,-16.26,15.68,2.07,2.901e-05,17,6,7,En_retard
PRJ-1813,Bongor,Urbaine_Dense,7.6732,23.4897,Intersaison,28.9,59.8,56.3,7,Inondable,0,1257,62.29,124.34,7,82,10,29109438.0,12620457.0,43480712.0,56139477.0,0.775,121,251,130,604.25,1945.6,-4.16,-11.98,7.82,1.63,3.309e-05,9,16,8,Réussi
PRJ-1814,Kélo,Urbaine_Dense,8.2342,20.0343,Saison_Seche,43.7,28.0,17.1,1,Accidenté,1,4462,14.77,28.3,4,100,5,9295045.0,60604180.0,70500390.0,72624144.0,0.971,49,90,41,379.79,2366.0,-0.77,-25.84,25.07,25.42,1.663e-05,27,8,8,Échoué
PRJ-1815,Moundou,Urbaine_Moyenne,12.9476,20.9205,Saison_Seche,39.4,17.2,27.5,0,Accidenté,1,4590,4.59,6.53,3,41,49,1992992.0,61429776.0,68009832.0,52428174.0,1.297,28,35,7,774.4,522.74,3.94,-24.71,28.65,3.6,9.817e-05,27,4,2,En_retard
PRJ-1816,N'Djamena_Centre,Péri_Urbaine,14.5346,16.6294,Saison_Pluies,31.5,73.1,39.3,21,Accidenté,0,2393,68.12,109.44,4,122,39,22788371.0,24864464.0,51540004.0,47249847.0,1.091,96,188,92,715.22,1085.21,3.29,-22.07,25.36,16.06,1.16e-05,25,13,14,Échoué
PRJ-1817,N'Djamena_Sud,Rurale,11.6138,17.827,Saison_Seche,45.9,26.6,50.7,1,Plat,0,896,6.51,15.46,2,44,34,5708317.0,15911571.0,24247415.0,17499689.0,1.386,109,152,43,716.43,2126.28,4.76,-16.29,21.05,18.65,9.829e-05,25,19,10,Échoué
PRJ-1818,Sarh,Urbaine_Dense,11.8135,15.8497,Saison_Pluies,30.9,81.2,15.2,15,Sableux,1,2474,31.77,55.66,4,65,38,9335614.0,14343217.0,28422002.0,34378701.0,0.827,164,149,0,519.44,154.97,2.5,-18.57,21.07,27.56,7.064e-05,22,10,8,En_retard
PRJ-1819,Sarh,Urbaine_Moyenne,9.5407,23.2916,Saison_Seche,46.4,15.9,16.8,2,Plat,0,4730,7.99,15.44,4,120,10,4653995.0,29697664.0,36172554.0,25708998.0,1.407,89,107,18,535.18,907.24,-2.29,-15.18,12.89,15.92,8.92e-06,15,17,10,En_retard
PRJ-1820,Doba,Urbaine_Moyenne,13.643,18.6251,Saison_Seche,41.9,12.6,53.1,0,Accidenté,0,848,45.34,109.28,5,119,9,29447914.0,16842738.0,49826825.0,52582796.0,0.948,16,23,7,560.26,1498.15,-3.39,-27.44,24.05,6.63,1.52e-05,21,18,5,Réussi
PRJ-1821,Abéché,Péri_Urbaine,13.5144,20.1197,Saison_Seche,38.7,11.3,4.8,0,Plat,1,520,29.39,51.52,1,67,32,11826396.0,8431927.0,22131500.0,16901383.0,1.309,86,215,129,557.1,889.16,-3.2,-13.41,10.21,8.56,3.27e-05,11,5,9,Échoué
PRJ-1822,Doba,Urbaine_Moyenne,12.2069,21.2099,Intersaison,31.0,69.9,36.3,6,Accidenté,0,3959,16.6,27.28,2,33,5,9727912.0,67536318.0,79179806.0,55784921.0,1.419,64,134,70,214.25,1249.0,1.61,-10.23,11.84,2.42,2.603e-05,14,12,9,Échoué
PRJ-1823,N'Djamena_Sud,Péri_Urbaine,9.2013,17.3966,Saison_Seche,41.0,11.2,51.6,2,Sableux,0,4877,47.82,112.4,8,116,35,35301386.0,68475597.0,108078174.0,92265285.0,1.171,100,128,28,253.33,2350.81,-1.18,-27.16,25.98,7.44,9.731e-05,20,1,1,En_retard
PRJ-1824,N'Djamena_Nord,Péri_Urbaine,8.2761,21.0611,Saison_Seche,35.3,12.2,55.3,2,Sableux,0,2144,29.39,69.81,8,52,11,23726665.0,24222711.0,51990975.0,53608483.0,0.97,168,352,184,380.28,108.62,-0.86,-19.08,18.22,24.64,6.133e-05,3,1,12,En_retard
PRJ-1825,Abéché,Urbaine_Dense,8.0139,20.5979,Saison_Seche,39.3,16.0,0.8,1,Plat,0,3044,13.76,21.97,8,52,42,5573013.0,43950499.0,51346995.0,38256220.0,1.342,148,208,60,856.91,240.89,3.61,-14.68,18.29,22.95,7.44e-06,27,3,0,En_retard
PRJ-1826,N'Djamena_Nord,Péri_Urbaine,12.2416,20.9094,Saison_Seche,43.9,32.2,22.2,2,Plat,0,3179,56.16,108.32,5,39,16,41768147.0,20309902.0,62944302.0,67283225.0,0.936,154,282,128,467.77,532.56,2.27,-19.42,21.69,3.38,5.254e-05,6,7,3,En_retard
PRJ-1827,Abéché,Urbaine_Dense,14.1003,18.6369,Saison_Seche,41.1,18.3,15.4,2,Plat,1,1363,67.03,164.17,8,108,27,38773811.0,22307591.0,63190531.0,69711499.0,0.906,75,157,82,927.06,993.0,-2.91,-17.33,14.42,14.91,8.971e-05,15,11,8,En_retard
PRJ-1828,Abéché,Péri_Urbaine,14.3666,17.5208,Saison_Seche,37.9,14.8,34.1,0,Plat,0,2928,22.26,26.21,9,76,20,7411172.0,38389435.0,49720866.0,63733144.0,0.78,76,157,81,795.45,1203.44,-3.29,-11.42,8.13,9.75,4.162e-05,25,15,1,Réussi
PRJ-1829,N'Djamena_Sud,Urbaine_Moyenne,11.209,15.8319,Saison_Pluies,34.1,74.1,38.0,13,Accidenté,1,3565,15.32,17.71,4,91,1,6790236.0,68986238.0,76728924.0,95122554.0,0.807,107,111,4,862.89,139.85,3.22,-18.28,21.5,19.85,6.661e-05,22,3,0,En_retard
PRJ-1830,Kélo,Urbaine_Moyenne,13.7742,22.1586,Saison_Pluies,26.6,93.3,60.0,10,Accidenté,0,1097,6.48,11.81,4,122,26,2017115.0,15974655.0,21516224.0,22378479.0,0.961,123,271,148,142.81,2212.29,4.54,-23.74,28.28,28.88,7.732e-05,24,8,12,Échoué
PRJ-1831,N'Djamena_Sud,Rurale,15.075,19.8877,Saison_Pluies,25.3,93.7,30.8,14,Inondable,1,1137,42.47,64.03,7,78,11,11346283.0,8272116.0,24122334.0,28368320.0,0.85,169,400,231,157.3,1908.55,-3.15,-14.7,11.55,19.29,1.85e-05,22,3,1,En_retard
PRJ-1832,Abéché,Rurale,9.7014,18.1657,Saison_Pluies,34.1,91.8,33.1,19,Inondable,0,3731,66.59,127.49,5,114,15,50810750.0,45381092.0,97498364.0,89521501.0,1.089,161,193,32,244.26,706.63,4.52,-21.24,25.76,22.63,8.555e-05,27,13,6,Échoué
PRJ-1833,N'Djamena_Centre,Péri_Urbaine,10.6837,23.412,Saison_Seche,46.5,16.3,24.9,0,Plat,0,332,20.44,43.21,1,30,39,16974953.0,1947955.0,23302827.0,24501229.0,0.951,22,30,8,665.99,679.08,-0.7,-22.87,22.17,12.55,4.488e-05,26,2,12,En_retard
PRJ-1834,N'Djamena_Nord,Urbaine_Moyenne,14.9518,14.0023,Saison_Seche,38.9,32.4,8.9,2,Inondable,1,3698,37.12,44.42,8,72,40,15232746.0,59838978.0,75802861.0,71407243.0,1.062,159,381,222,481.52,112.68,4.06,-23.53,27.59,1.95,5.67e-06,25,3,4,En_retard
PRJ-1835,N'Djamena_Sud,Péri_Urbaine,10.2058,22.4268,Saison_Pluies,25.6,82.4,18.2,16,Inondable,1,1448,13.28,31.01,4,46,48,8405170.0,18139781.0,30045912.0,27108175.0,1.108,156,386,230,178.12,1027.87,2.51,-26.57,29.08,13.12,8.789e-05,9,19,14,Échoué
PRJ-1836,Kélo,Urbaine_Moyenne,14.811,23.9746,Saison_Pluies,26.6,84.9,14.8,24,Accidenté,0,2783,32.63,48.54,8,74,18,13422048.0,29346180.0,46827903.0,53223831.0,0.88,176,276,100,748.32,673.48,4.05,-11.21,15.26,15.81,5.644e-05,2,15,4,Réussi
PRJ-1837,Moundou,Rurale,15.3484,22.8129,Saison_Seche,44.1,16.6,48.1,2,Sableux,0,4117,1.73,2.83,2,52,24,606478.0,80397767.0,83505693.0,73318193.0,1.139,30,26,0,522.3,1565.13,1.45,-17.86,19.31,15.29,1.983e-05,6,15,9,En_retard
PRJ-1838,Doba,Urbaine_Moyenne,12.7945,22.0096,Intersaison,29.5,44.9,32.7,5,Inondable,0,2407,72.9,114.59,4,74,28,29585162.0,45995310.0,76997251.0,71478963.0,1.077,153,365,212,733.69,1392.31,-3.43,-10.81,7.38,7.77,3.175e-05,26,7,14,En_retard
PRJ-1839,Abéché,Rurale,14.0351,17.4302,Saison_Seche,36.8,24.3,17.8,1,Accidenté,0,2985,54.29,123.55,2,70,25,31855804.0,57588053.0,94105140.0,86605237.0,1.087,144,121,0,910.38,2394.98,-4.4,-12.49,8.09,14.77,5.694e-05,12,3,12,Réussi
PRJ-1840,Moundou,Rurale,13.4964,15.9288,Saison_Seche,43.4,13.9,29.3,1,Sableux,0,3868,26.96,36.1,5,77,23,5740712.0,32160693.0,38491265.0,47045643.0,0.818,93,127,34,915.6,1998.35,1.27,-27.46,28.73,21.82,3.742e-05,9,17,12,Échoué
PRJ-1841,Sarh,Péri_Urbaine,13.0963,21.2159,Saison_Seche,38.1,15.2,13.1,2,Accidenté,0,3288,70.56,80.45,8,102,11,21181644.0,52373052.0,76552517.0,61413697.0,1.247,121,115,0,308.11,248.12,-4.42,-23.55,19.13,10.03,2.334e-05,18,2,3,Réussi
PRJ-1842,Bongor,Urbaine_Dense,9.9554,16.698,Intersaison,33.5,53.7,11.1,4,Accidenté,1,1822,15.04,37.01,7,61,33,9990798.0,34947294.0,47115914.0,43765288.0,1.077,135,225,90,166.95,1775.5,-2.64,-22.32,19.68,19.39,4.793e-05,26,16,0,En_retard
PRJ-1843,Kélo,Urbaine_Dense,7.9568,15.3484,Saison_Pluies,30.7,74.2,51.6,22,Plat,1,4127,6.76,16.72,5,34,16,5290974.0,55974723.0,63840454.0,78697524.0,0.811,87,75,0,439.49,312.43,-2.94,-19.18,16.24,5.44,1.85e-05,11,11,7,Réussi
PRJ-1844,Bongor,Rurale,10.2444,21.7585,Saison_Pluies,26.1,87.6,56.7,14,Sableux,0,4152,75.44,110.2,7,100,36,30758278.0,34097906.0,67770727.0,48061824.0,1.41,163,193,30,93.04,841.57,-0.73,-15.11,14.38,9.06,2.454e-05,15,9,11,En_retard
PRJ-1845,Kélo,Urbaine_Dense,12.8355,16.7817,Saison_Seche,35.7,26.6,4.8,0,Plat,1,837,25.07,27.91,5,86,23,10198893.0,14452635.0,27557897.0,34963261.0,0.788,95,150,55,53.53,1409.79,0.97,-15.75,16.72,26.63,8.267e-05,2,11,0,En_retard
PRJ-1846,N'Djamena_Centre,Rurale,8.3202,23.1016,Saison_Pluies,27.0,89.6,45.9,13,Accidenté,0,3274,74.91,150.14,7,43,6,36317433.0,59582785.0,97316524.0,120608285.0,0.807,114,106,0,978.33,1264.51,4.11,-10.23,14.34,19.17,2.285e-05,6,5,9,Réussi
PRJ-1847,Doba,Urbaine_Moyenne,7.5953,22.3266,Saison_Seche,45.7,16.3,27.2,0,Accidenté,0,92,51.19,102.78,4,12,43,25944694.0,1430465.0,30933819.0,29409057.0,1.052,85,137,52,972.11,1748.67,4.36,-11.38,15.74,3.49,6.954e-05,16,13,11,En_retard
PRJ-1848,Moundou,Urbaine_Moyenne,8.6175,22.4002,Intersaison,36.5,67.4,23.3,8,Accidenté,1,4346,78.41,189.48,4,74,24,55493127.0,40866712.0,96946006.0,105847120.0,0.916,122,153,31,358.26,2034.57,4.82,-24.65,29.47,8.67,2.505e-05,11,19,2,En_retard
PRJ-1849,N'Djamena_Nord,Rurale,13.2259,21.6015,Saison_Seche,46.3,34.6,41.4,2,Inondable,0,2992,60.4,91.68,4,58,38,18398405.0,23518342.0,42512075.0,55037833.0,0.772,40,50,10,822.32,2081.99,2.64,-12.52,15.16,29.82,2.124e-05,16,13,1,Réussi
PRJ-1850,Kélo,Urbaine_Moyenne,15.2823,22.7493,Saison_Seche,36.5,21.9,16.0,1,Accidenté,0,4693,8.89,12.14,8,96,42,3015267.0,67410473.0,73078933.0,75488274.0,0.968,113,270,157,231.19,192.92,4.21,-12.83,17.04,8.83,2.512e-05,2,2,1,Réussi
PRJ-1851,N'Djamena_Nord,Urbaine_Moyenne,15.3645,21.9603,Saison_Seche,36.1,14.1,1.2,0,Plat,0,4371,68.25,133.97,1,39,6,43076964.0,53509816.0,99525343.0,75454065.0,1.319,77,152,75,423.12,1622.06,2.91,-17.65,20.56,17.83,4.683e-05,25,2,8,Échoué
PRJ-1852,Doba,Urbaine_Moyenne,11.4518,19.8264,Intersaison,39.8,53.3,12.8,9,Sableux,0,3955,12.26,23.16,5,28,10,5858373.0,59450535.0,67045911.0,81272021.0,0.825,177,421,244,729.19,2405.38,4.11,-21.91,26.02,16.96,1.463e-05,12,8,8,En_retard
PRJ-1853,Abéché,Urbaine_Moyenne,14.4548,16.6061,Saison_Pluies,28.0,79.2,11.1,19,Inondable,0,4778,55.53,116.88,2,119,22,44023334.0,31895515.0,78901389.0,61581822.0,1.281,36,64,28,555.04,1899.8,-3.96,-24.24,20.28,12.67,1.066e-05,19,5,4,Échoué
PRJ-1854,Sarh,Péri_Urbaine,13.3946,22.8262,Saison_Seche,45.0,24.2,2.0,2,Sableux,1,3460,40.28,94.22,4,24,23,28626404.0,24353913.0,55802809.0,47675855.0,1.17,146,342,196,822.91,1323.76,4.62,-24.18,28.8,1.98,7.567e-05,7,11,10,Échoué
PRJ-1855,Moundou,Urbaine_Dense,11.5083,22.3263,Saison_Seche,44.6,33.7,19.3,1,Plat,0,1408,56.76,106.92,5,80,5,20148212.0,14704227.0,36923931.0,45198924.0,0.817,102,227,125,980.24,2496.42,-2.65,-21.92,19.27,9.25,2.33e-06,3,2,13,En_retard
PRJ-1856,Doba,Rurale,12.0821,18.4652,Intersaison,40.0,45.3,28.5,3,Accidenté,0,1254,61.32,80.34,8,33,28,21841320.0,11137281.0,36411587.0,31081569.0,1.171,25,62,37,18.93,157.76,0.68,-18.93,19.61,28.65,3.855e-05,3,6,1,En_retard
PRJ-1857,Doba,Rurale,8.5978,13.9103,Intersaison,39.8,42.3,44.1,2,Inondable,0,3654,64.39,124.75,2,29,9,42564037.0,52215950.0,99590704.0,114235672.0,0.872,120,199,79,925.28,265.97,0.17,-17.49,17.66,1.56,3.96e-05,18,12,9,En_retard
PRJ-1858,N'Djamena_Centre,Urbaine_Dense,15.0013,20.2047,Saison_Pluies,33.3,90.8,19.5,18,Plat,1,3043,66.88,108.6,2,48,39,33756821.0,31991387.0,68456820.0,66307564.0,1.032,122,242,120,419.31,1931.95,0.64,-22.15,22.79,21.75,8.93e-05,23,6,6,En_retard
PRJ-1859,Bongor,Péri_Urbaine,10.3154,14.0313,Saison_Seche,38.7,33.0,11.7,0,Inondable,0,2291,67.85,117.64,2,117,49,43681602.0,34959656.0,82678486.0,95563876.0,0.865,22,24,2,413.87,1396.88,2.02,-21.58,23.6,26.89,7.745e-05,6,16,7,Réussi
PRJ-1860,Sarh,Urbaine_Moyenne,11.0692,23.2259,Saison_Seche,39.8,20.5,13.8,0,Plat,0,587,33.3,81.36,8,66,44,27458652.0,9704270.0,38777107.0,32549944.0,1.191,69,165,96,10.65,354.84,0.4,-27.76,28.16,23.11,5.107e-05,21,19,11,Échoué
PRJ-1861,Moundou,Urbaine_Dense,12.8733,23.5971,Intersaison,33.1,37.1,53.5,6,Accidenté,1,4061,71.19,133.62,3,94,28,22101208.0,31706313.0,57736299.0,54949906.0,1.051,88,130,42,836.01,969.52,1.89,-27.96,29.85,10.37,4.798e-05,15,18,8,En_retard
PRJ-1862,Abéché,Rurale,10.1712,15.4896,Saison_Seche,38.5,14.1,12.3,1,Accidenté,0,3918,57.71,75.57,5,82,25,13461145.0,73648047.0,90529269.0,80652236.0,1.122,146,344,198,761.4,207.51,0.34,-11.67,12.01,16.09,5.656e-05,13,9,3,Réussi
PRJ-1863,Abéché,Urbaine_Dense,9.5341,20.6021,Saison_Seche,44.8,21.4,52.8,1,Accidenté,0,4626,67.2,115.61,2,17,43,36120862.0,77751021.0,117250523.0,99595693.0,1.177,129,125,0,895.07,1339.73,-4.88,-27.75,22.87,26.16,3.578e-05,5,17,0,En_retard
PRJ-1864,N'Djamena_Sud,Urbaine_Dense,12.5484,14.4688,Saison_Pluies,33.5,93.3,26.8,18,Accidenté,1,4575,79.14,112.36,6,94,38,23550880.0,65887833.0,93957372.0,83495963.0,1.125,134,225,91,175.69,304.97,1.27,-27.4,28.67,29.29,7.008e-05,10,17,6,En_retard
PRJ-1865,Doba,Urbaine_Moyenne,7.6999,21.1599,Intersaison,33.9,58.3,56.1,3,Plat,0,3633,9.75,12.57,6,12,27,3732771.0,67697078.0,72979925.0,65229115.0,1.119,117,94,0,222.96,66.9,0.55,-24.3,24.85,3.81,6.861e-05,28,3,6,Réussi
PRJ-1866,Kélo,Urbaine_Moyenne,13.2658,17.1465,Saison_Seche,42.2,22.8,24.5,2,Inondable,0,1400,29.96,62.83,2,62,24,21868258.0,12583244.0,36609528.0,46612236.0,0.785,41,62,21,310.5,839.94,0.86,-14.62,15.48,4.61,5.747e-05,19,15,0,Réussi
PRJ-1867,N'Djamena_Centre,Urbaine_Moyenne,11.6122,20.651,Saison_Pluies,32.9,76.6,10.7,10,Plat,0,994,64.62,127.95,4,33,43,37647099.0,11257744.0,49778647.0,50771144.0,0.98,64,60,0,534.9,622.98,-4.98,-15.78,10.8,28.72,5.77e-06,11,10,3,Réussi
PRJ-1868,Sarh,Péri_Urbaine,12.346,17.4152,Intersaison,36.6,64.1,32.9,9,Accidenté,0,3906,7.36,13.23,2,11,43,3358728.0,24556259.0,31682527.0,30961157.0,1.023,162,253,91,351.67,937.14,-0.31,-16.35,16.04,26.31,1.268e-05,8,19,3,Réussi
PRJ-1869,Abéché,Urbaine_Moyenne,12.555,15.0285,Saison_Seche,38.3,14.8,35.3,1,Plat,1,1873,43.49,73.61,4,114,46,22934489.0,22181428.0,49413320.0,49511709.0,0.998,178,311,133,306.73,908.62,3.75,-17.65,21.4,7.12,3.93e-06,6,5,11,Échoué
PRJ-1870,Moundou,Urbaine_Moyenne,11.7164,17.7642,Saison_Seche,40.6,33.0,38.1,2,Accidenté,0,2675,68.74,106.62,7,34,16,19821176.0,33694329.0,55841756.0,72464651.0,0.771,35,79,44,190.87,1593.53,-1.67,-24.37,22.7,29.13,7.185e-05,16,13,13,Échoué
PRJ-1871,N'Djamena_Sud,Urbaine_Dense,12.1603,14.6831,Intersaison,34.0,57.0,24.7,4,Accidenté,0,3948,2.01,2.46,5,109,2,813773.0,56223483.0,59142977.0,64593207.0,0.916,118,154,36,167.61,1716.04,-0.55,-20.84,20.29,7.06,4.776e-05,27,4,0,En_retard
PRJ-1872,Moundou,Urbaine_Moyenne,12.9703,19.5573,Intersaison,32.4,63.4,2.9,4,Inondable,1,3537,75.19,114.21,4,105,2,37033310.0,21082600.0,61579843.0,69098248.0,0.891,166,293,127,478.21,362.03,-3.78,-19.39,15.61,3.57,9.55e-05,14,14,6,En_retard
PRJ-1873,N'Djamena_Centre,Urbaine_Dense,13.525,13.93,Intersaison,38.6,55.7,37.6,4,Accidenté,0,4256,78.26,177.94,3,65,5,49574234.0,23352631.0,73767022.0,65517884.0,1.126,137,125,0,451.44,1247.22,-0.5,-17.52,17.02,20.77,9.523e-05,15,7,2,Réussi
PRJ-1874,Kélo,Urbaine_Dense,13.3196,19.0369,Saison_Pluies,25.2,85.2,56.0,20,Plat,0,4357,26.12,57.39,6,10,46,12608777.0,49226922.0,63657988.0,62570877.0,1.017,91,214,123,787.28,2228.42,-1.04,-24.43,23.39,16.65,7.982e-05,26,6,11,Échoué
PRJ-1875,N'Djamena_Sud,Urbaine_Moyenne,14.4569,22.8069,Saison_Seche,36.7,21.4,57.5,2,Accidenté,0,900,61.46,151.27,2,57,21,52852369.0,7053300.0,62053627.0,50290694.0,1.234,45,71,26,825.59,413.61,3.83,-14.88,18.71,7.95,4.43e-05,5,11,0,Réussi
PRJ-1876,N'Djamena_Sud,Urbaine_Dense,9.0155,22.2977,Intersaison,30.3,56.7,35.8,9,Inondable,1,2975,10.61,21.42,4,103,10,5946997.0,48735930.0,57516583.0,63907462.0,0.9,106,130,24,703.61,2418.84,-4.65,-22.44,17.79,27.92,3.164e-05,7,11,11,En_retard
PRJ-1877,Bongor,Urbaine_Dense,10.7092,22.7692,Saison_Seche,35.3,19.0,1.2,0,Plat,1,1045,61.94,116.14,8,33,42,19139201.0,15707441.0,37491203.0,33993151.0,1.103,93,148,55,832.89,97.4,4.51,-16.12,20.63,12.72,2.01e-05,16,18,13,Échoué
PRJ-1878,Sarh,Urbaine_Dense,15.0824,23.1815,Intersaison,31.0,68.8,6.4,9,Accidenté,0,4811,38.78,58.73,2,25,18,22297029.0,47568304.0,71304395.0,81926826.0,0.87,140,227,87,117.76,294.31,0.76,-18.75,19.51,12.68,2.325e-05,14,7,6,Réussi
PRJ-1879,N'Djamena_Sud,Rurale,10.6727,14.5975,Intersaison,35.6,41.3,50.0,4,Accidenté,1,399,68.89,83.19,9,14,26,28445083.0,2269013.0,33647641.0,27856774.0,1.208,68,140,72,463.18,485.06,0.3,-17.34,17.64,19.32,9.903e-05,14,19,2,En_retard
PRJ-1880,Bongor,Rurale,8.499,14.8518,Saison_Pluies,27.6,71.2,49.8,14,Plat,0,1587,17.4,34.19,2,124,20,10127122.0,12278070.0,27071601.0,25504204.0,1.061,171,420,249,293.59,1200.99,3.86,-20.56,24.42,7.69,5.303e-05,19,3,2,En_retard
PRJ-1881,Bongor,Urbaine_Moyenne,11.7036,19.3486,Intersaison,32.9,41.6,56.8,8,Plat,0,3027,53.98,96.27,8,52,41,24953798.0,46540701.0,72116395.0,70869546.0,1.018,15,17,2,259.28,782.92,-3.09,-19.99,16.9,18.02,1.23e-06,18,9,12,Réussi
PRJ-1882,N'Djamena_Centre,Rurale,8.3759,22.8867,Saison_Pluies,31.7,75.1,33.8,14,Plat,0,2778,63.0,136.25,8,20,36,53134083.0,55150171.0,111845634.0,89467024.0,1.25,168,150,0,715.57,1074.52,-2.91,-12.37,9.46,11.56,4.43e-06,29,14,12,En_retard
PRJ-1883,N'Djamena_Nord,Péri_Urbaine,9.1228,23.7307,Saison_Seche,44.9,17.6,51.8,2,Plat,1,4396,16.6,27.83,7,13,49,9566706.0,43506799.0,56384696.0,41823611.0,1.348,169,324,155,832.92,2354.99,3.74,-19.43,23.17,21.16,4.588e-05,2,17,2,Échoué
PRJ-1884,Moundou,Urbaine_Moyenne,15.4866,13.9858,Saison_Pluies,29.5,73.7,49.5,12,Plat,1,2416,65.55,162.55,6,42,21,46123281.0,41144345.0,91927547.0,81837636.0,1.123,51,117,66,123.59,886.38,4.29,-13.71,18.0,8.18,4.435e-05,5,3,3,En_retard
PRJ-1885,Kélo,Urbaine_Dense,11.8309,17.2356,Saison_Seche,45.6,31.9,35.4,2,Accidenté,1,2286,76.66,127.0,1,102,2,39787636.0,41162739.0,84354427.0,86626538.0,0.974,66,116,50,132.86,2127.88,3.38,-20.89,24.27,6.38,4.056e-05,12,6,4,Échoué
PRJ-1886,Moundou,Péri_Urbaine,9.7725,15.7354,Saison_Pluies,28.8,79.0,47.0,17,Plat,1,3925,49.48,77.5,2,113,46,17064539.0,22461649.0,42837980.0,46762255.0,0.916,82,77,0,643.01,228.38,-4.59,-15.39,10.8,8.24,8.236e-05,26,11,13,En_retard
PRJ-1887,N'Djamena_Sud,Péri_Urbaine,15.4582,21.4376,Saison_Seche,35.3,24.3,7.5,2,Plat,0,3144,62.9,145.89,7,60,33,29021750.0,58929011.0,91914886.0,87793680.0,1.047,55,83,28,152.86,2039.27,1.52,-23.81,25.33,28.14,7.032e-05,20,13,0,Réussi
PRJ-1888,Kélo,Urbaine_Moyenne,15.2325,20.222,Saison_Seche,39.6,32.5,38.4,2,Plat,0,3651,42.84,70.84,4,108,23,15466489.0,43786591.0,60958207.0,60968361.0,1.0,121,231,110,770.7,2258.82,-0.49,-11.49,11.0,25.63,1.074e-05,29,14,2,Réussi
PRJ-1889,Abéché,Péri_Urbaine,11.0259,14.7588,Intersaison,35.2,40.4,57.2,9,Accidenté,0,4224,48.05,111.44,9,114,39,24882772.0,82214386.0,110277953.0,113135893.0,0.975,97,132,35,830.41,748.25,3.08,-10.59,13.67,25.04,3.627e-05,14,3,11,En_retard
PRJ-1890,N'Djamena_Nord,Urbaine_Moyenne,9.5832,18.577,Intersaison,35.7,56.6,9.7,7,Sableux,0,4691,1.56,1.78,3,75,31,596184.0,61350481.0,64784060.0,65247039.0,0.993,65,145,80,527.62,1390.39,-3.42,-11.78,8.36,23.64,5.967e-05,17,9,13,En_retard
PRJ-1891,Abéché,Péri_Urbaine,14.2072,20.6971,Saison_Seche,38.4,20.8,44.6,2,Accidenté,0,973,42.18,87.3,4,49,4,16151832.0,8296920.0,26921878.0,20304403.0,1.326,132,156,24,909.32,508.54,4.2,-21.76,25.96,19.47,3.825e-05,20,6,0,En_retard
PRJ-1892,Abéché,Rurale,13.225,21.6796,Saison_Pluies,34.7,90.1,19.2,11,Accidenté,1,668,46.26,55.54,3,11,41,19127798.0,13106176.0,33091666.0,31205462.0,1.06,167,237,70,30.15,272.6,-1.65,-23.02,21.37,3.85,2.083e-05,16,11,2,En_retard
PRJ-1893,Sarh,Urbaine_Moyenne,12.9955,13.7106,Saison_Pluies,26.4,77.1,49.0,20,Inondable,1,4450,53.77,70.31,7,67,3,19746481.0,38490603.0,60053914.0,49400281.0,1.216,173,408,235,234.15,1937.48,-1.77,-24.72,22.95,10.41,6.281e-05,29,8,2,Échoué
PRJ-1894,Moundou,Péri_Urbaine,14.6449,22.8499,Intersaison,37.2,56.8,41.8,9,Plat,0,3312,13.97,29.06,2,52,37,7152924.0,60401518.0,69314360.0,70717392.0,0.98,35,62,27,775.21,1593.08,-3.22,-12.29,9.07,17.29,6.022e-05,13,8,3,Réussi
PRJ-1895,N'Djamena_Centre,Urbaine_Moyenne,13.0153,19.4775,Saison_Pluies,27.8,73.7,55.6,12,Plat,1,3353,19.69,29.65,2,79,10,6674186.0,25472498.0,35905813.0,41465676.0,0.866,59,48,0,957.73,1893.0,-4.93,-25.86,20.93,4.07,9.746e-05,24,15,11,En_retard
PRJ-1896,Abéché,Péri_Urbaine,9.7704,22.025,Saison_Pluies,30.9,75.9,42.7,17,Plat,1,2651,60.6,84.51,2,109,42,23519146.0,40087133.0,68249232.0,71504159.0,0.954,139,169,30,960.97,1127.23,-1.87,-16.44,14.57,1.87,5.611e-05,9,15,9,En_retard
PRJ-1897,N'Djamena_Sud,Péri_Urbaine,13.0509,21.9833,Intersaison,30.4,65.9,24.6,4,Plat,0,1097,13.83,30.73,4,82,32,7048836.0,12252803.0,20840182.0,17361812.0,1.2,115,239,124,10.39,661.54,-3.52,-22.03,18.51,3.71,8.743e-05,28,8,11,Échoué
PRJ-1898,N'Djamena_Nord,Urbaine_Dense,9.9465,15.4935,Saison_Seche,35.7,16.4,0.7,1,Plat,0,1748,33.57,81.4,8,73,36,20949348.0,34226317.0,56011473.0,46190093.0,1.213,117,104,0,635.54,1095.78,2.38,-24.62,27.0,4.13,9.492e-05,23,13,0,En_retard
PRJ-1899,Doba,Urbaine_Moyenne,13.5739,14.6568,Intersaison,39.6,42.2,47.6,6,Accidenté,0,2280,20.41,29.09,8,89,49,9737989.0,17719224.0,32457019.0,23440423.0,1.385,16,40,24,37.06,208.74,2.57,-24.68,27.25,4.18,4.348e-05,2,15,4,En_retard
PRJ-1900,Abéché,Urbaine_Dense,12.458,21.0735,Intersaison,37.7,46.2,24.5,2,Plat,0,1918,43.84,67.69,8,89,27,20746960.0,21351023.0,45708407.0,43689399.0,1.046,164,382,218,703.32,744.64,3.28,-12.32,15.6,6.51,5.29e-06,23,16,11,En_retard
PRJ-1901,N'Djamena_Nord,Péri_Urbaine,8.1193,15.1425,Intersaison,32.3,62.6,40.2,3,Sableux,0,2704,78.96,165.79,8,29,49,55870500.0,39469328.0,99828947.0,95807530.0,1.042,89,105,16,770.36,778.93,-4.95,-12.52,7.57,15.47,1.435e-05,9,2,3,Réussi
PRJ-1902,Kélo,Urbaine_Moyenne,11.6027,22.4243,Saison_Seche,39.6,30.5,6.3,1,Sableux,1,132,68.24,152.95,7,19,19,50204831.0,2595688.0,53947976.0,45416741.0,1.188,58,135,77,859.09,1800.59,-1.49,-23.1,21.61,9.28,5.04e-05,6,3,12,Échoué
PRJ-1903,Moundou,Péri_Urbaine,10.2464,21.125,Saison_Seche,41.5,19.1,53.5,0,Sableux,0,142,21.92,54.77,6,88,38,19375880.0,1357228.0,24836564.0,28774527.0,0.863,55,109,54,534.15,180.18,-4.94,-27.39,22.45,25.94,8.93e-05,25,16,4,En_retard
PRJ-1904,Bongor,Urbaine_Dense,10.1286,22.3392,Intersaison,35.2,47.6,26.1,7,Plat,1,3206,29.8,44.19,7,58,1,8856670.0,35115529.0,48132156.0,44853972.0,1.073,163,248,85,851.61,650.92,0.08,-12.36,12.44,26.41,6.541e-05,29,10,5,En_retard
PRJ-1905,Sarh,Urbaine_Moyenne,12.3181,16.6396,Saison_Seche,46.0,29.5,55.2,2,Sableux,0,3098,73.53,138.18,5,24,26,55103524.0,36949474.0,93234698.0,102711151.0,0.908,74,84,10,924.6,727.7,4.09,-26.97,31.06,27.69,2.015e-05,2,1,2,En_retard
PRJ-1906,N'Djamena_Nord,Urbaine_Dense,10.0786,16.8243,Saison_Pluies,27.1,74.4,42.4,14,Inondable,0,1517,71.91,92.59,8,43,46,24901396.0,13335200.0,39462915.0,42779465.0,0.922,11,13,2,537.9,1400.83,-0.92,-26.48,25.56,14.66,7.01e-05,13,5,14,Échoué
PRJ-1907,N'Djamena_Sud,Rurale,13.7151,20.5478,Saison_Seche,35.5,32.1,7.3,2,Sableux,1,2074,13.26,20.73,2,100,13,6831742.0,35797905.0,44459177.0,47253182.0,0.941,88,159,71,528.87,649.5,3.74,-13.21,16.95,23.45,8.942e-05,5,3,2,En_retard
PRJ-1908,N'Djamena_Sud,Rurale,8.0663,13.8302,Saison_Seche,38.7,24.8,34.8,2,Accidenté,0,4919,66.43,77.26,5,56,35,24679744.0,31382896.0,57538184.0,71625815.0,0.803,73,110,37,510.8,374.45,4.48,-13.29,17.77,18.14,3.02e-06,16,7,12,En_retard
PRJ-1909,N'Djamena_Nord,Rurale,12.7831,21.1282,Saison_Seche,43.3,16.0,54.6,1,Inondable,1,3867,24.16,33.71,7,23,2,9827730.0,60216340.0,74933415.0,53167811.0,1.409,109,197,88,509.59,682.05,-2.62,-24.36,21.74,5.19,2.428e-05,29,18,4,Échoué
PRJ-1910,N'Djamena_Sud,Péri_Urbaine,13.9736,22.2757,Saison_Pluies,25.7,73.8,48.0,23,Plat,0,2748,43.73,79.11,9,112,22,31561255.0,35748552.0,69443054.0,51444969.0,1.35,69,94,25,776.79,1083.61,-4.9,-27.31,22.41,19.44,1.532e-05,10,14,4,En_retard
PRJ-1911,Moundou,Péri_Urbaine,12.8827,17.8592,Saison_Seche,35.9,10.1,25.1,0,Plat,1,841,0.91,1.21,1,82,39,247238.0,7256909.0,11430026.0,12953470.0,0.882,98,117,19,76.66,1337.42,2.4,-26.87,29.27,25.27,7.841e-05,11,14,8,En_retard
PRJ-1912,N'Djamena_Sud,Urbaine_Dense,11.4778,21.5312,Saison_Pluies,32.6,87.0,57.3,23,Plat,0,525,79.89,187.35,9,51,28,47855226.0,6506040.0,58483995.0,53344161.0,1.096,146,324,178,457.97,139.59,0.79,-19.84,20.63,11.09,8.915e-05,22,14,6,En_retard
PRJ-1913,Bongor,Urbaine_Dense,15.1025,15.3334,Saison_Pluies,35.0,83.6,16.1,18,Sableux,0,553,61.01,127.78,3,114,44,23247353.0,9649428.0,35133515.0,45389460.0,0.774,24,57,33,528.75,809.04,-1.53,-20.47,18.94,22.65,5.546e-05,14,1,14,En_retard
PRJ-1914,N'Djamena_Sud,Urbaine_Moyenne,9.8995,16.8837,Saison_Pluies,34.0,90.3,22.5,14,Plat,1,280,19.72,22.46,1,116,2,4390006.0,3270855.0,11232496.0,9321260.0,1.205,174,348,174,222.31,1922.21,-1.32,-24.72,23.4,23.46,8.482e-05,11,18,5,Échoué
PRJ-1915,Bongor,Péri_Urbaine,7.6533,23.7302,Saison_Pluies,34.3,86.2,45.0,24,Plat,1,1636,54.86,127.68,7,29,11,41909813.0,11171371.0,54066285.0,43796471.0,1.234,15,16,1,545.86,1514.16,-4.19,-11.64,7.45,19.66,6.569e-05,29,3,1,En_retard
PRJ-1916,Abéché,Rurale,10.9559,23.8564,Saison_Seche,39.8,17.3,14.0,2,Sableux,0,1824,23.82,58.79,3,101,48,8889675.0,10236342.0,21412346.0,22545768.0,0.95,54,52,0,461.1,1167.3,3.71,-18.06,21.77,26.61,6.567e-05,11,13,8,Réussi
PRJ-1917,N'Djamena_Centre,Urbaine_Dense,7.7641,18.8824,Saison_Seche,40.0,18.3,30.9,0,Plat,1,3140,7.61,13.72,8,15,37,5110085.0,52334205.0,62297188.0,54052477.0,1.153,85,146,61,740.21,1159.78,-2.58,-13.47,10.89,5.2,5.797e-05,15,15,9,Échoué
PRJ-1918,Moundou,Rurale,15.1315,23.3098,Saison_Seche,37.1,10.1,43.7,1,Sableux,1,2306,34.31,52.85,2,117,26,16293450.0,22959683.0,40511521.0,36634398.0,1.106,165,286,121,359.76,953.8,-4.03,-26.13,22.1,25.46,5e-06,20,18,14,Échoué
PRJ-1919,N'Djamena_Centre,Péri_Urbaine,9.1793,18.9887,Saison_Pluies,31.2,91.8,38.6,23,Inondable,0,4020,49.29,72.4,4,25,28,18840381.0,76254055.0,97330137.0,121917150.0,0.798,115,217,102,950.28,888.01,2.8,-10.48,13.28,18.71,9.37e-05,20,3,14,Échoué
PRJ-1920,Abéché,Urbaine_Moyenne,13.8114,16.5617,Saison_Pluies,25.6,75.4,9.3,10,Plat,0,4276,7.64,9.34,2,117,26,2174728.0,60963820.0,67195895.0,48095166.0,1.397,172,403,231,419.59,1031.56,-0.15,-13.42,13.27,25.81,3.558e-05,26,19,2,En_retard
PRJ-1921,Moundou,Urbaine_Dense,13.6966,16.3024,Saison_Pluies,33.9,82.1,37.8,24,Plat,0,4888,41.71,74.59,4,87,17,13543195.0,56428335.0,73465935.0,74843837.0,0.982,75,142,67,634.58,2179.56,2.63,-22.82,25.45,16.45,8.026e-05,2,15,6,En_retard
PRJ-1922,N'Djamena_Nord,Urbaine_Dense,9.2418,23.2598,Saison_Seche,36.0,12.9,34.4,0,Accidenté,0,433,41.43,48.48,1,118,3,18441339.0,5831200.0,27614373.0,24878884.0,1.11,163,384,221,229.46,1198.64,4.02,-27.63,31.65,10.51,8.1e-05,28,18,7,En_retard
PRJ-1923,N'Djamena_Nord,Urbaine_Moyenne,12.4698,15.3107,Saison_Pluies,32.0,81.8,33.5,22,Sableux,0,3213,50.48,91.14,5,125,14,29901264.0,38096508.0,72337431.0,65653104.0,1.102,157,157,0,691.77,1689.71,-1.18,-25.04,23.86,27.02,9.658e-05,23,1,12,En_retard
PRJ-1924,Bongor,Péri_Urbaine,7.8846,19.5861,Saison_Seche,37.4,30.9,49.6,2,Sableux,1,2459,19.95,29.0,3,91,16,6788849.0,45705842.0,53125613.0,45086926.0,1.178,138,277,139,518.71,2029.23,-4.46,-20.47,16.01,26.44,3.267e-05,23,18,8,En_retard
PRJ-1925,Abéché,Urbaine_Dense,11.3686,19.333,Intersaison,29.9,51.8,11.0,7,Plat,1,810,2.14,3.78,9,110,49,634035.0,9614966.0,14219241.0,11103948.0,1.281,101,240,139,348.81,1108.32,-2.47,-27.95,25.48,8.76,9.974e-05,27,5,13,Échoué
PRJ-1926,Bongor,Urbaine_Moyenne,7.6172,21.266,Saison_Seche,38.4,22.1,45.1,0,Plat,0,4002,26.33,44.39,4,79,36,10272765.0,26256992.0,41001228.0,29549134.0,1.388,39,62,23,354.43,2105.95,-4.49,-27.26,22.77,22.58,3.006e-05,25,12,4,En_retard
PRJ-1927,Sarh,Rurale,14.8692,18.7421,Intersaison,33.6,52.9,45.7,2,Plat,0,992,32.19,49.16,6,101,28,9643155.0,13844670.0,24060610.0,31101161.0,0.774,19,46,27,381.7,2482.07,-3.51,-26.22,22.71,3.65,4.514e-05,9,19,5,Réussi
PRJ-1928,N'Djamena_Sud,Péri_Urbaine,15.3087,16.359,Saison_Pluies,28.9,93.8,43.4,23,Inondable,1,2745,51.04,88.2,9,45,28,30567327.0,39376245.0,72958905.0,79978983.0,0.912,118,205,87,443.08,1285.19,3.49,-13.43,16.92,3.49,7.063e-05,18,19,14,Échoué
PRJ-1929,Doba,Rurale,9.2783,15.2787,Saison_Seche,44.1,18.6,30.4,0,Plat,0,1346,74.45,131.3,2,36,25,43315827.0,22182014.0,67566489.0,78804363.0,0.857,159,382,223,255.17,1036.73,4.41,-18.16,22.57,15.83,1.55e-05,24,1,5,En_retard
PRJ-1930,Sarh,Urbaine_Moyenne,9.1648,20.0186,Saison_Seche,36.2,30.6,23.7,2,Plat,0,2452,16.67,37.79,7,84,9,10374873.0,46586191.0,57689496.0,42632617.0,1.353,38,79,41,284.63,2024.2,1.77,-24.56,26.33,2.04,2.664e-05,11,3,4,Échoué
PRJ-1931,N'Djamena_Sud,Urbaine_Dense,13.5298,21.0494,Saison_Seche,40.4,25.7,23.7,2,Inondable,1,2197,55.14,112.05,3,88,11,41622124.0,25586757.0,69588748.0,49331634.0,1.411,78,123,45,958.78,1640.47,2.32,-23.24,25.56,13.58,7.281e-05,2,1,12,Échoué
PRJ-1932,Moundou,Péri_Urbaine,9.527,19.48,Saison_Seche,43.8,34.5,44.0,0,Accidenté,1,1689,8.24,14.06,1,111,37,2744093.0,17364861.0,23507090.0,24921587.0,0.943,145,124,0,308.25,1552.33,2.31,-16.44,18.75,23.93,9.744e-05,9,17,6,Réussi
PRJ-1933,Bongor,Urbaine_Moyenne,14.6606,21.2527,Saison_Seche,37.1,33.6,29.9,2,Plat,1,4446,15.65,37.05,9,114,43,9743831.0,54959519.0,69338911.0,78651046.0,0.882,148,284,136,630.64,2221.01,-3.77,-22.27,18.5,26.79,7.328e-05,6,9,0,En_retard
PRJ-1934,Moundou,Urbaine_Dense,12.0914,14.986,Saison_Pluies,28.6,70.4,20.3,17,Inondable,1,658,40.98,88.44,9,88,45,28977815.0,12174963.0,44445165.0,41641553.0,1.067,163,201,38,351.89,1641.16,-4.53,-15.72,11.19,8.39,8.623e-05,3,5,14,Échoué
PRJ-1935,Moundou,Urbaine_Dense,10.3062,22.7659,Saison_Seche,45.4,34.3,37.5,0,Accidenté,1,931,56.82,68.53,4,80,21,11441124.0,18340454.0,34136922.0,31837905.0,1.072,156,201,45,812.73,1621.86,1.98,-13.99,15.97,3.23,3.75e-06,20,5,4,En_retard
PRJ-1936,N'Djamena_Sud,Urbaine_Moyenne,14.1615,19.6152,Saison_Pluies,30.7,90.2,50.2,22,Accidenté,0,2300,68.76,90.44,9,9,2,21992235.0,45007608.0,68046915.0,63330428.0,1.074,156,130,0,698.99,556.91,-4.63,-22.48,17.85,19.29,5.77e-05,28,11,10,Réussi
PRJ-1937,Abéché,Urbaine_Dense,11.4473,14.8319,Saison_Seche,35.5,19.3,3.7,0,Inondable,0,3142,59.64,72.42,7,66,34,21212991.0,26535550.0,49195886.0,38946096.0,1.263,167,292,125,334.95,1736.16,3.12,-21.4,24.52,8.68,9.141e-05,26,17,9,Échoué
PRJ-1938,N'Djamena_Sud,Urbaine_Dense,14.7931,18.3502,Intersaison,35.3,61.8,58.3,6,Accidenté,1,2209,1.72,2.66,4,49,42,642924.0,27509628.0,33018870.0,38049232.0,0.868,45,58,13,719.46,2286.84,0.91,-27.1,28.01,1.68,6.824e-05,3,16,5,En_retard
PRJ-1939,Kélo,Urbaine_Dense,14.9241,22.3703,Saison_Pluies,33.1,93.8,5.8,23,Accidenté,0,2478,54.87,93.82,2,125,13,25336067.0,22034650.0,51864020.0,43001270.0,1.206,179,442,263,759.18,1462.04,-3.86,-13.24,9.38,4.8,6.765e-05,21,5,11,Échoué
PRJ-1940,N'Djamena_Nord,Urbaine_Dense,8.8234,22.9244,Saison_Seche,37.2,26.5,30.7,1,Sableux,0,4900,66.06,119.3,5,95,5,36032130.0,51546735.0,89137386.0,79746432.0,1.118,18,37,19,146.91,2263.26,1.59,-17.09,18.68,28.21,2.03e-05,24,12,2,Réussi
PRJ-1941,N'Djamena_Nord,Urbaine_Moyenne,7.5186,16.2788,Saison_Seche,46.6,16.7,33.6,2,Accidenté,0,3051,42.28,96.9,8,28,11,23459263.0,16705023.0,43458668.0,47924300.0,0.907,144,203,59,582.36,881.95,1.06,-12.01,13.07,26.38,8.611e-05,25,14,1,En_retard
PRJ-1942,Sarh,Urbaine_Moyenne,15.3714,20.9683,Saison_Seche,41.6,13.2,8.3,1,Inondable,0,4941,77.27,86.94,6,117,29,15345222.0,36607956.0,54085025.0,37862915.0,1.428,27,35,8,809.68,154.32,-1.24,-24.6,23.36,25.06,8.65e-05,12,10,3,En_retard
PRJ-1943,N'Djamena_Nord,Péri_Urbaine,14.7491,14.5498,Saison_Seche,40.6,24.4,54.9,0,Accidenté,0,2044,0.84,1.43,5,9,47,264351.0,22394349.0,25267393.0,29303968.0,0.862,146,294,148,59.85,1140.56,3.18,-10.71,13.89,10.84,6.14e-05,4,13,12,En_retard
PRJ-1944,N'Djamena_Sud,Urbaine_Dense,7.9436,13.8522,Saison_Pluies,33.7,73.9,28.3,19,Accidenté,0,1373,65.58,109.87,4,12,28,30955982.0,14376092.0,49706026.0,61608474.0,0.807,143,176,33,512.79,59.69,-1.95,-15.28,13.33,21.72,4.266e-05,27,15,2,Réussi
PRJ-1945,Bongor,Urbaine_Dense,14.1643,19.3842,Saison_Pluies,29.3,80.0,8.6,19,Plat,0,4367,27.12,65.81,6,24,28,12746410.0,40099926.0,56657043.0,41414623.0,1.368,54,84,30,841.44,429.3,-1.22,-24.46,23.24,28.75,8.243e-05,27,6,5,En_retard
PRJ-1946,N'Djamena_Sud,Urbaine_Moyenne,11.1624,20.7957,Intersaison,33.5,36.8,42.7,7,Plat,1,1061,52.21,75.05,3,31,5,27953004.0,8970377.0,38496373.0,40612684.0,0.948,159,171,12,953.24,516.95,1.97,-19.67,21.64,17.46,4.65e-05,10,5,5,En_retard
PRJ-1947,N'Djamena_Sud,Urbaine_Moyenne,9.5717,21.8558,Saison_Pluies,32.6,78.5,39.8,15,Inondable,1,4088,55.63,70.73,2,15,20,25359988.0,66365964.0,93647921.0,88504345.0,1.058,88,108,20,659.43,1357.9,2.52,-15.42,17.94,10.66,8.226e-05,9,16,3,En_retard
PRJ-1948,Doba,Urbaine_Moyenne,14.53,17.0723,Intersaison,29.3,61.6,57.8,4,Accidenté,1,738,24.85,32.28,1,37,37,7658689.0,6950665.0,16413051.0,12261830.0,1.339,96,93,0,334.53,2377.33,-2.26,-27.69,25.43,24.18,4.849e-05,7,6,11,Échoué
PRJ-1949,Bongor,Urbaine_Moyenne,9.0733,13.5685,Intersaison,39.4,42.6,26.5,6,Accidenté,0,4118,79.64,145.6,9,57,39,52087933.0,64233200.0,120334116.0,133491279.0,0.901,169,258,89,608.8,98.55,-4.83,-13.95,9.12,13.48,5.798e-05,15,11,3,Réussi
PRJ-1950,Kélo,Rurale,15.0784,18.535,Intersaison,29.3,51.9,16.1,8,Inondable,0,4263,8.71,14.35,1,29,10,4065311.0,44886733.0,51657442.0,55138698.0,0.937,130,309,179,37.09,629.89,-3.24,-10.94,7.7,17.74,7.48e-05,29,9,12,En_retard
PRJ-1951,N'Djamena_Nord,Urbaine_Dense,9.145,13.6665,Saison_Pluies,29.9,74.8,3.6,24,Plat,0,4319,12.98,27.98,4,66,32,5309561.0,73551225.0,83639045.0,90798229.0,0.921,153,149,0,461.3,2425.16,-2.37,-26.53,24.16,16.7,2.65e-05,9,5,9,En_retard
PRJ-1952,Bongor,Urbaine_Moyenne,12.4095,14.4658,Saison_Seche,37.4,25.3,44.0,2,Inondable,1,1292,71.43,110.89,6,31,29,33660988.0,9700982.0,47537062.0,56478651.0,0.842,139,215,76,730.05,2210.05,4.05,-11.83,15.88,7.31,2.468e-05,16,11,9,En_retard
PRJ-1953,N'Djamena_Nord,Péri_Urbaine,9.2847,16.9302,Saison_Seche,35.2,22.8,37.0,1,Accidenté,1,3497,9.97,12.75,9,33,2,4078250.0,25752112.0,31280737.0,27281538.0,1.147,50,65,15,45.85,2095.38,3.94,-19.64,23.58,1.02,6.678e-05,28,6,10,En_retard
PRJ-1954,Sarh,Urbaine_Moyenne,11.8653,18.0903,Saison_Pluies,33.9,76.1,58.4,20,Plat,0,2094,30.81,50.58,4,68,1,8647809.0,31818506.0,44503058.0,49231100.0,0.904,23,33,10,607.2,274.91,1.61,-18.72,20.33,29.97,9.539e-05,27,17,12,En_retard
PRJ-1955,Bongor,Urbaine_Dense,12.9718,16.4344,Saison_Seche,41.7,21.4,42.7,1,Plat,1,490,58.78,137.32,7,15,20,31393175.0,9174627.0,43345159.0,49673145.0,0.873,36,76,40,592.44,1628.04,2.09,-12.88,14.97,13.09,4.46e-05,25,9,9,En_retard
PRJ-1956,N'Djamena_Nord,Urbaine_Moyenne,9.0218,19.6096,Saison_Seche,39.6,34.7,56.0,1,Plat,0,1274,63.42,105.77,7,19,1,16007866.0,9102476.0,26752038.0,21436113.0,1.248,90,139,49,197.78,547.68,1.21,-17.39,18.6,9.23,8.982e-05,4,8,10,Échoué
PRJ-1957,Kélo,Péri_Urbaine,11.6671,14.0812,Saison_Pluies,27.3,80.9,59.5,23,Plat,0,2512,76.4,173.2,6,21,4,39681367.0,15337190.0,57153550.0,72827347.0,0.785,176,335,159,573.53,1645.01,2.79,-21.67,24.46,23.21,5.182e-05,24,7,1,En_retard
PRJ-1958,N'Djamena_Centre,Urbaine_Dense,11.2525,15.0181,Saison_Seche,42.8,20.8,25.7,2,Plat,1,4228,63.27,102.51,9,37,15,23973125.0,80414692.0,109262385.0,98771953.0,1.106,82,201,119,415.36,1097.45,-1.49,-14.81,13.32,18.18,9.739e-05,9,5,6,En_retard
PRJ-1959,Moundou,Urbaine_Dense,8.0683,20.8002,Saison_Pluies,27.1,89.3,9.0,10,Accidenté,0,2802,67.64,101.05,7,62,47,31078145.0,18941251.0,52697222.0,59454320.0,0.886,173,320,147,484.04,1607.39,0.47,-25.51,25.98,26.53,7.92e-05,29,17,8,En_retard
PRJ-1960,Moundou,Urbaine_Dense,14.0465,14.9925,Saison_Seche,41.2,22.5,11.8,2,Inondable,0,1802,75.98,166.0,3,106,30,33160296.0,15777418.0,52675940.0,60704389.0,0.868,19,26,7,332.15,1100.71,1.71,-16.01,17.72,23.65,8.596e-05,23,9,12,Réussi
PRJ-1961,Kélo,Péri_Urbaine,10.1855,20.2176,Saison_Pluies,34.0,76.5,19.1,18,Accidenté,0,4492,44.52,62.01,6,68,6,9767986.0,85089317.0,97504187.0,97740006.0,0.998,102,151,49,812.24,2273.88,-0.32,-14.06,13.74,9.17,6.796e-05,17,19,8,Réussi
PRJ-1962,Doba,Urbaine_Dense,12.0967,14.0742,Saison_Pluies,26.0,72.4,30.5,21,Inondable,1,4679,27.8,39.6,7,69,38,9064782.0,79747792.0,90984582.0,70715982.0,1.287,141,280,139,372.0,112.01,2.73,-21.97,24.7,18.18,8.685e-05,7,12,9,Échoué
PRJ-1963,N'Djamena_Centre,Rurale,11.6183,17.7775,Saison_Seche,44.0,27.2,7.3,2,Accidenté,1,3052,61.05,71.41,7,38,1,25450873.0,30951453.0,60486216.0,52344636.0,1.156,94,186,92,792.9,519.34,4.33,-10.54,14.87,15.58,5.928e-05,8,8,1,Échoué
PRJ-1964,Sarh,Urbaine_Moyenne,11.6061,15.3628,Saison_Pluies,33.6,89.8,18.1,19,Plat,0,4596,13.5,18.4,6,99,7,4596068.0,88785141.0,97698669.0,82120438.0,1.19,110,157,47,85.81,2090.84,1.64,-16.47,18.11,28.7,5.673e-05,14,16,14,Échoué
PRJ-1965,Kélo,Rurale,8.3578,14.6512,Saison_Pluies,29.0,80.9,18.5,12,Plat,1,3266,5.92,9.65,3,117,5,2448914.0,44158697.0,47431112.0,47961648.0,0.989,11,22,11,285.79,1855.03,-4.25,-26.28,22.03,7.95,8.737e-05,21,14,8,En_retard
PRJ-1966,Moundou,Rurale,10.8879,19.4538,Saison_Seche,35.2,31.6,0.2,1,Plat,0,3409,62.93,104.43,6,34,49,27909637.0,20739415.0,50404451.0,43184584.0,1.167,165,286,121,408.64,506.42,1.1,-10.61,11.71,9.23,1.51e-06,27,14,4,En_retard
PRJ-1967,Moundou,Urbaine_Moyenne,11.1189,23.2475,Saison_Seche,46.7,18.2,21.3,1,Sableux,0,3992,76.08,128.49,2,107,7,43422837.0,62059645.0,108267902.0,111306147.0,0.973,98,242,144,410.53,347.52,1.96,-14.61,16.57,27.69,4.788e-05,27,19,14,En_retard
PRJ-1968,Moundou,Urbaine_Dense,13.3691,14.0753,Saison_Seche,37.3,34.1,7.0,2,Sableux,0,3346,35.67,63.19,1,8,36,17061693.0,43695951.0,62681884.0,54716524.0,1.146,163,382,219,446.88,812.59,-2.17,-15.48,13.31,14.28,8.701e-05,10,3,10,En_retard
PRJ-1969,Abéché,Urbaine_Dense,14.2202,17.9263,Saison_Pluies,27.2,91.3,25.8,17,Plat,1,4359,13.31,25.3,8,48,3,4372363.0,59233670.0,67632157.0,47382242.0,1.427,130,286,156,655.87,1230.58,-1.78,-23.44,21.66,14.26,1.961e-05,20,7,11,Échoué
PRJ-1970,Kélo,Urbaine_Dense,11.8599,20.9291,Saison_Pluies,32.2,86.0,11.8,18,Accidenté,0,4064,40.01,54.62,3,21,12,11011389.0,80920595.0,92948284.0,85322253.0,1.089,39,33,0,578.31,165.0,0.95,-19.48,20.43,26.18,9.58e-05,8,6,5,Réussi
PRJ-1971,N'Djamena_Sud,Péri_Urbaine,8.1943,18.3582,Saison_Seche,38.2,21.6,49.3,2,Sableux,1,949,31.77,62.25,8,81,15,12261653.0,6916041.0,23267786.0,24759496.0,0.94,18,26,8,525.84,2121.69,2.07,-11.78,13.85,9.59,7.406e-05,17,5,0,Réussi
PRJ-1972,Sarh,Urbaine_Dense,9.3948,21.9682,Saison_Pluies,26.0,74.0,4.8,21,Inondable,1,1239,30.11,47.31,3,57,20,13103253.0,18401552.0,34785294.0,40497668.0,0.859,138,245,107,839.3,1326.33,3.71,-22.45,26.16,21.21,7.624e-05,26,16,13,Échoué
PRJ-1973,Moundou,Urbaine_Dense,8.8195,15.3863,Saison_Seche,41.0,28.3,51.9,1,Accidenté,1,702,50.43,107.3,2,49,41,16897858.0,8340544.0,27040557.0,19388584.0,1.395,65,110,45,204.21,2302.73,2.63,-20.38,23.01,21.92,6.655e-05,25,11,14,Échoué
PRJ-1974,N'Djamena_Nord,Urbaine_Moyenne,8.4969,23.5757,Intersaison,32.3,46.1,34.8,9,Plat,0,1032,14.39,27.05,8,78,21,5975457.0,9368906.0,17394409.0,14872007.0,1.17,65,136,71,861.64,847.98,-3.66,-23.38,19.72,13.83,4.475e-05,8,1,12,Échoué
PRJ-1975,Kélo,Rurale,10.4272,17.5442,Saison_Seche,43.4,15.9,27.5,0,Plat,1,625,30.75,57.69,3,47,32,17410769.0,9626982.0,28360797.0,36621653.0,0.774,70,164,94,813.32,169.63,-1.52,-24.11,22.59,10.68,4.61e-05,16,10,6,Échoué
PRJ-1976,Abéché,Urbaine_Dense,9.3351,17.0865,Intersaison,33.7,36.7,33.0,6,Inondable,1,382,69.56,143.27,8,21,12,34193201.0,5738859.0,41568640.0,35628034.0,1.167,54,115,61,203.74,2184.83,-3.51,-27.21,23.7,22.65,8.391e-05,6,17,14,Échoué
PRJ-1977,Kélo,Urbaine_Dense,9.2464,22.6834,Saison_Seche,44.7,17.4,22.6,2,Inondable,0,4357,58.51,91.64,2,107,37,29959686.0,77761238.0,111448634.0,129984614.0,0.857,150,176,26,627.82,416.56,2.57,-14.74,17.31,8.42,1.391e-05,3,7,7,Réussi
PRJ-1978,Sarh,Urbaine_Dense,7.9375,19.4206,Saison_Pluies,29.2,82.7,7.7,13,Accidenté,0,338,4.92,8.37,4,98,40,2074131.0,6145867.0,10411477.0,10470033.0,0.994,151,245,94,231.04,872.32,-2.34,-26.37,24.03,24.76,5.221e-05,3,3,4,En_retard
PRJ-1979,Abéché,Rurale,7.6414,18.9227,Saison_Pluies,26.4,87.7,46.0,17,Plat,1,2263,41.36,79.25,9,18,47,31289040.0,30385961.0,65268680.0,50472557.0,1.293,147,216,69,943.39,1187.63,-3.76,-18.44,14.68,13.08,3.099e-05,21,5,5,En_retard
PRJ-1980,Sarh,Urbaine_Moyenne,8.3221,21.1333,Saison_Pluies,29.2,84.2,55.7,24,Sableux,0,2223,7.76,13.12,1,70,7,5134369.0,21971217.0,29919070.0,32493309.0,0.921,154,324,170,498.02,1255.27,-4.04,-27.1,23.06,1.53,9.843e-05,6,12,3,En_retard
PRJ-1981,Kélo,Urbaine_Dense,8.8776,19.5883,Saison_Seche,46.1,16.3,57.0,2,Inondable,0,3883,76.62,131.94,2,113,45,46173746.0,50260413.0,97587999.0,124893561.0,0.781,154,358,204,211.69,107.53,-3.86,-10.29,6.43,17.51,3.7e-07,13,10,14,En_retard
PRJ-1982,N'Djamena_Sud,Urbaine_Dense,10.9479,15.2064,Saison_Pluies,31.6,85.7,40.2,16,Plat,1,1105,19.95,29.56,2,56,31,11486946.0,11479654.0,25712418.0,31680204.0,0.812,168,216,48,639.75,1340.52,-2.53,-15.23,12.7,6.64,6.37e-06,5,3,2,En_retard
PRJ-1983,Sarh,Urbaine_Dense,11.5842,20.5791,Saison_Seche,44.2,20.0,24.6,2,Plat,1,4419,74.64,112.13,9,44,1,22559946.0,40479548.0,66943608.0,74586939.0,0.898,58,95,37,710.14,238.73,2.82,-16.65,19.47,14.53,9.674e-05,28,16,2,En_retard
PRJ-1984,Abéché,Urbaine_Dense,8.6247,14.9014,Saison_Pluies,30.5,87.4,28.7,10,Accidenté,0,1374,66.8,138.85,5,113,11,46893920.0,18237969.0,66971429.0,67459581.0,0.993,99,202,103,608.92,850.76,-2.62,-24.64,22.02,24.44,5.438e-05,19,6,1,En_retard
PRJ-1985,Abéché,Rurale,10.8983,21.9615,Saison_Pluies,31.8,74.8,39.4,23,Plat,0,3645,44.33,49.03,4,17,45,11297231.0,54197551.0,68911149.0,61441167.0,1.122,109,96,0,249.27,2439.91,-2.19,-18.5,16.31,6.51,1.385e-05,21,16,9,Réussi
PRJ-1986,Sarh,Péri_Urbaine,10.234,23.8922,Intersaison,36.1,65.0,49.4,5,Plat,1,3877,27.24,33.6,4,61,34,11132472.0,53729673.0,66257792.0,60571547.0,1.094,102,249,147,737.86,736.91,3.81,-18.94,22.75,7.04,4.486e-05,12,8,5,En_retard
PRJ-1987,Kélo,Urbaine_Moyenne,8.9674,17.4626,Saison_Pluies,31.4,92.6,22.5,10,Plat,1,2712,68.71,166.85,7,14,19,40623531.0,52385786.0,94119962.0,85434953.0,1.102,27,58,31,930.27,2041.54,-0.58,-21.54,20.96,14.74,3.227e-05,22,9,8,En_retard
PRJ-1988,Doba,Rurale,7.5547,18.1699,Saison_Seche,36.9,12.8,55.0,2,Sableux,1,2373,12.65,17.23,3,88,11,3831179.0,22494953.0,28447150.0,35651368.0,0.798,20,34,14,952.61,1300.28,0.09,-25.19,25.28,14.82,9.112e-05,21,13,13,En_retard
PRJ-1989,Kélo,Urbaine_Dense,11.2361,13.9876,Saison_Pluies,29.5,88.2,19.5,13,Inondable,1,1932,14.81,24.96,9,123,33,9726881.0,20450462.0,32428759.0,26811692.0,1.21,105,223,118,682.68,545.92,-4.97,-21.39,16.42,14.16,6.876e-05,7,2,14,Échoué
PRJ-1990,Sarh,Péri_Urbaine,12.9852,13.6442,Saison_Pluies,33.6,88.1,31.9,19,Plat,1,3113,18.37,42.06,5,19,33,8515945.0,46740582.0,59181070.0,54850075.0,1.079,140,311,171,841.84,1818.74,-4.18,-17.04,12.86,21.14,1.305e-05,14,9,2,En_retard
PRJ-1991,N'Djamena_Centre,Rurale,9.3102,23.1749,Intersaison,30.7,45.3,57.7,3,Sableux,1,1203,48.02,52.83,9,108,8,17943295.0,16848471.0,37362120.0,35836921.0,1.043,113,185,72,978.85,1410.09,2.41,-19.23,21.64,8.8,5.364e-05,27,13,0,En_retard
PRJ-1992,Sarh,Urbaine_Moyenne,8.5545,14.8506,Intersaison,29.0,51.7,56.3,9,Inondable,0,3420,25.49,61.05,1,108,45,19454684.0,17195592.0,37515833.0,35465240.0,1.058,153,237,84,52.95,1355.93,-1.67,-17.74,16.07,8.56,1.345e-05,24,14,9,En_retard
PRJ-1993,N'Djamena_Sud,Péri_Urbaine,14.5963,18.1807,Saison_Pluies,30.8,94.8,41.7,14,Plat,0,146,79.14,92.98,8,62,8,21001338.0,1413905.0,25768241.0,18102678.0,1.423,146,325,179,482.22,123.26,-3.5,-17.7,14.2,1.65,6.652e-05,6,13,0,En_retard
PRJ-1994,Sarh,Urbaine_Dense,9.7002,22.0612,Saison_Seche,40.2,18.2,19.5,2,Sableux,1,326,16.01,21.44,2,43,34,5672719.0,2870895.0,11155254.0,9622345.0,1.159,77,174,97,298.49,867.92,-0.71,-23.6,22.89,12.07,7.272e-05,26,19,3,Échoué
PRJ-1995,Sarh,Urbaine_Dense,9.2889,22.8378,Saison_Pluies,32.6,77.6,13.1,14,Accidenté,0,2897,64.55,73.64,8,14,40,13677582.0,50983501.0,66653477.0,66596230.0,1.001,11,11,0,480.04,1850.03,-4.55,-26.0,21.45,6.68,5.622e-05,5,16,14,En_retard
PRJ-1996,N'Djamena_Sud,Urbaine_Dense,14.3568,18.9537,Saison_Pluies,28.2,77.5,4.8,20,Inondable,0,381,8.12,14.84,4,31,27,5643684.0,6855611.0,16609280.0,19205244.0,0.865,128,300,172,917.75,2000.41,2.09,-18.61,20.7,18.16,9.66e-05,28,18,13,Échoué
PRJ-1997,Sarh,Urbaine_Moyenne,14.0369,19.4328,Intersaison,29.8,41.3,42.5,5,Accidenté,0,2302,28.6,69.22,2,41,29,27136313.0,21312830.0,49643875.0,51713250.0,0.96,98,125,27,983.55,2046.28,-4.2,-11.94,7.74,6.25,9.443e-05,11,16,0,Réussi
PRJ-1998,Moundou,Péri_Urbaine,11.0868,20.5317,Saison_Seche,45.4,22.3,30.2,1,Accidenté,1,4248,19.88,45.22,2,72,14,15063495.0,27743974.0,47416925.0,44141231.0,1.074,129,250,121,905.88,141.61,-4.45,-10.08,5.63,26.94,2.059e-05,3,2,9,Échoué
PRJ-1999,N'Djamena_Centre,Rurale,11.4139,23.5945,Saison_Seche,39.0,17.8,34.3,1,Plat,1,3101,78.16,155.98,6,36,34,56520146.0,25049969.0,83573392.0,91854222.0,0.91,31,62,31,205.15,448.64,-0.8,-13.85,13.05,25.62,3e-08,28,1,1,En_retard
PRJ-2000,N'Djamena_Nord,Urbaine_Moyenne,9.242,19.828,Saison_Seche,36.0,19.2,28.3,2,Plat,0,3746,2.55,3.47,3,33,45,592171.0,28651378.0,31817786.0,34984799.0,0.909,130,166,36,804.84,2464.66,0.87,-24.02,24.89,23.19,6.627e-05,27,10,3,En_retard
